投资方,投资方全称,机构名称,机构全称,上级机构,上级机构全称,基金名称,基金全称,企业,融资主体,企业标签,行业(清科),地区,投资类型,投资阶段,投资时间,投资币种,投资金额(M),投资金额(RMB/M),投资金额(USD/M),股权%,轮次,投资人,企业估值(RMB/M),企业估值(USD/M),P/E,行业(国标),行业(证监会),上市交易所,数据来源文件,treatment,投资年份,省份,一级行业,二级行业,FC平均值,KZ平均值,SA平均值,WW平均值,group
西高投【西安高新区战略性新兴产业引导基金】,西安高新技术产业风险投资有限责任公司【西安高新新兴产业投资基金合伙企业（有限合伙）】,西高投,西安高新技术产业风险投资有限责任公司,--,--,西安高新区战略性新兴产业引导基金,西安高新新兴产业投资基金合伙企业（有限合伙）,华晨石油,陕西华晨石油科技有限公司,企业服务，石油,能源及矿产|石油和天然气开采,中国|陕西省|西安市,创业投资,成熟期,2019-03-01,RMB,3.00,3.00,0.42,--,A,张念,--,--,--,采矿业|石油和天然气开采业,采掘业|石油和天然气开采业,--,2019.xls,1,2019,陕西省,采矿业,石油和天然气开采业,0.1625437333333333,1.0532266,-3.2141527714285716,-1.0819587714285714,a
海达联石创投【兴石创投基金】,天津海达联石创业投资管理有限公司【河北兴石创业投资有限公司】,海达联石创投,天津海达联石创业投资管理有限公司,--,--,兴石创投基金,河北兴石创业投资有限公司,海王星,天津市海王星海上工程技术股份有限公司,生产制造，海洋工程，企业服务,能源及矿产|石油和天然气开采,中国|天津市,--,成熟期,2013-08-27,RMB,29.97,29.97,4.86,6.00,A,--,499.50,80.98,--,采矿业|石油和天然气开采业,采掘业|石油和天然气开采业,全国中小企业股份转让系统(新三板),2013-2014.xls,1,2013,天津市,采矿业,石油和天然气开采业,0.1625437333333333,1.0532266,-3.2141527714285716,-1.0819587714285714,a
国联基金【北京国联能源产业投资基金】,国联产业投资基金管理（北京）有限公司【北京国联能源产业投资基金（有限合伙）】,国联基金,国联产业投资基金管理（北京）有限公司,--,--,北京国联能源产业投资基金,北京国联能源产业投资基金（有限合伙）,长宁天然气,四川长宁天然气开发有限责任公司,天然气，油气,能源及矿产|石油和天然气开采,中国|四川省|宜宾市,--,种子期,2013-09-05,RMB,--,--,--,5.00,A,--,--,--,--,采矿业|石油和天然气开采业,采掘业|石油和天然气开采业,--,2013-2014.xls,0,2013,四川省,采矿业,石油和天然气开采业,0.1625437333333333,1.0532266,-3.2141527714285716,-1.0819587714285714,a
正赛联资本【正赛联基金】,上海正赛联创业投资管理有限公司【上海正赛联创业投资有限公司】,正赛联资本,上海正赛联创业投资管理有限公司,--,--,正赛联基金,上海正赛联创业投资有限公司,沃金,上海沃金石油天然气有限公司,石油，化工，天然气，油气，能源矿产,能源及矿产|石油和天然气开采,中国|上海市|浦东新区,--,扩张期,2011-12-19,RMB,35.00,35.00,5.53,--,B,--,--,--,--,采矿业|石油和天然气开采业,采掘业|石油和天然气开采业,--,2000-2012.xls,0,2011,上海市,采矿业,石油和天然气开采业,0.1625437333333333,1.0532266,-3.2141527714285716,-1.0819587714285714,a
海南发控【海南新创工业信息产业投资基金】,海南省发展控股有限公司【海南新创工业信息产业投资基金合伙企业（有限合伙）】,海控资本,海南海控资本创业投资有限公司,海南发控,海南省发展控股有限公司,海南新创工业信息产业投资基金,海南新创工业信息产业投资基金合伙企业（有限合伙）,汉地流体,海南汉地流体材料有限公司,材料，咨询服务,能源及矿产|石油和天然气开采,中国|海南省,创业投资,扩张期,2020-09-30,RMB,--,--,--,12.32,A,--,--,--,--,采矿业|石油和天然气开采业,采掘业|石油和天然气开采业,--,2020.xls,1,2020,海南省,采矿业,石油和天然气开采业,0.1625437333333333,1.0532266,-3.2141527714285716,-1.0819587714285714,a
陕投基金【陕西省民营经济高质量发展纾困基金】,陕西投资基金管理有限公司【陕西省民营经济高质量发展纾困基金合伙企业（有限合伙）】,陕投基金,陕西投资基金管理有限公司,--,--,陕西省民营经济高质量发展纾困基金,陕西省民营经济高质量发展纾困基金合伙企业（有限合伙）,通源石油,通源石油科技集团股份有限公司,石油，油气，石油开采，生产制造,能源及矿产|石油和天然气开采,中国|陕西省|西安市,上市定增,成熟期,2020-02-03,RMB,121.00,121.00,18.45,4.89,上市定增,张金峰,"2,475.33",359.39,--,采矿业|石油和天然气开采业,采掘业|石油和天然气开采业,深圳证券交易所创业板,2020.xls,0,2020,陕西省,采矿业,石油和天然气开采业,0.1625437333333333,1.0532266,-3.2141527714285716,-1.0819587714285714,a
力鼎资本【力鼎富盛基金】,上海力鼎投资管理有限公司【北京力鼎富盛创业投资有限公司】,力鼎君安,北京力鼎君安投资管理有限公司,力鼎资本,上海力鼎投资管理有限公司,力鼎富盛基金,北京力鼎富盛创业投资有限公司,波特光盛石油,北京波特光盛石油技术有限公司,生产制造，石油，西洋乐器制造,能源及矿产|石油和天然气开采,中国|北京市,--,扩张期,2014-12-19,--,--,--,--,--,D,--,--,--,--,采矿业|石油和天然气开采业,采掘业|石油和天然气开采业,--,2013-2014.xls,0,2014,北京市,采矿业,石油和天然气开采业,0.1625437333333333,1.0532266,-3.2141527714285716,-1.0819587714285714,a
中和资本【海河中和基金】,锦绣中和（北京）资本管理有限公司【天津圣金海河中和股权投资基金合伙企业（有限合伙）】,长和投资,长和（天津）投资管理有限公司,中和资本,锦绣中和（北京）资本管理有限公司,海河中和基金,天津圣金海河中和股权投资基金合伙企业（有限合伙）,博迈科,博迈科海洋工程股份有限公司,企业服务，天然气,能源及矿产|石油和天然气开采,中国|天津市|滨海新区,上市定增,成熟期,2021-07-20,RMB,30.00,30.00,4.63,0.71,上市定增,--,"4,220.54",650.77,32.07,采矿业|石油和天然气开采业,采掘业|石油和天然气开采业,上海证券交易所主板,2021.xls,0,2021,天津市,采矿业,石油和天然气开采业,0.1625437333333333,1.0532266,-3.2141527714285716,-1.0819587714285714,a
国投创新【先进制造产业投资基金】,国投创新投资管理有限公司【先进制造产业投资基金（有限合伙）】,国投创新,国投创新投资管理有限公司,--,--,先进制造产业投资基金,先进制造产业投资基金（有限合伙）,中集来福士,烟台中集来福士海洋工程有限公司,生产制造，海洋工程,能源及矿产|冶炼/加工,中国|山东省|烟台市|芝罘区,--,成熟期,2016-03-01,--,--,--,--,--,B,--,--,--,--,制造业|黑色金属冶炼及压延加工业|钢压延加工,制造业|金属、非金属|黑色金属冶炼及压延加工业|钢压延加工业,--,2016.xls,1,2016,山东省,制造业,黑色金属冶炼及压延加工业,0.1717120768115942,2.6142295884057973,-3.6098523289855073,-1.065629095652174,a
誉华投资【安徽省创投资本基金】,安徽誉华投资管理有限公司【安徽省创投资本基金有限公司】,誉华投资,安徽誉华投资管理有限公司,--,--,安徽省创投资本基金,安徽省创投资本基金有限公司,波林新材料,合肥波林新材料股份有限公司,新材料，生产制造，材料,能源及矿产|冶炼/加工,中国|安徽省|合肥市,--,成熟期,2010-12-28,RMB,36.00,36.00,5.43,--,A,--,--,--,--,制造业|黑色金属冶炼及压延加工业,制造业|金属、非金属|黑色金属冶炼及压延加工业|炼铁业,--,2000-2012.xls,0,2010,安徽省,制造业,黑色金属冶炼及压延加工业,0.1717120768115942,2.6142295884057973,-3.6098523289855073,-1.065629095652174,a
清控银杏【启迪银杏基金】,清控银杏创业投资管理（北京）有限公司【北京启迪银杏天使投资中心（有限合伙）】,启迪银杏,启迪银杏创业投资管理（北京）有限公司,清控银杏,清控银杏创业投资管理（北京）有限公司,启迪银杏基金,北京启迪银杏天使投资中心（有限合伙）,浩沃特,北京浩沃特工业技术有限公司,生产制造，托管，铅矿,能源及矿产|煤炭开采和洗选,中国|北京市|东城区,--,扩张期,2014-11-17,RMB,--,--,--,19.24,--,--,--,--,--,采矿业|煤炭开采和洗选业,采掘业|煤炭采选业,--,2013-2014.xls,0,2014,北京市,采矿业,煤炭开采和洗选业,0.2049686673267326,1.4278529742574255,-3.5951894871287124,-1.0400137801980198,a
河北瑞洲投资【沧州经济开发区产业投资基金】,河北瑞洲股权投资基金管理有限公司【沧州科鑫股权投资基金有限公司】,河北瑞洲投资,河北瑞洲股权投资基金管理有限公司,--,--,沧州经济开发区产业投资基金,沧州科鑫股权投资基金有限公司,亚超特,亚超特新材料技术有限公司,复合材料，金属材料，材料,能源及矿产|有色金属矿采选,中国|河北省|沧州市|沧县,创业投资,初创期,2021-12-02,RMB,--,--,--,4.76,A,--,--,--,--,采矿业|有色金属矿采选业,采掘业|有色金属矿采选业,--,2021.xls,1,2021,河北省,采矿业,有色金属矿采选业,0.3109965142857143,1.6028073904761904,-3.7772366952380954,-1.0475921714285714,a
招银国际资本【招银一号创投】,招银国际资本管理（深圳）有限公司【深圳市招银一号创新创业投资合伙企业（有限合伙）】,招银国际资本,招银国际资本管理（深圳）有限公司,--,--,招银一号创投,深圳市招银一号创新创业投资合伙企业（有限合伙）,腾远钴业,赣州腾远钴业新材料股份有限公司,新材料，生产制造，材料，有色金属,能源及矿产|有色金属矿采选,中国|江西省|赣州市,成长资本,成熟期,2020-03-12,RMB,46.15,46.15,6.55,1.32,Pre-IPO,王红波,"3,500.00",502.79,--,采矿业|有色金属矿采选业,采掘业|有色金属矿采选业,深圳证券交易所创业板,2020.xls,0,2020,江西省,采矿业,有色金属矿采选业,0.3109965142857143,1.6028073904761904,-3.7772366952380954,-1.0475921714285714,a
国新基金【国新央企运营投资基金】,中国国新基金管理有限公司【国新央企运营（广州）投资基金（有限合伙）】,国新央企运营投资基金管理（广州）,国新央企运营投资基金管理（广州）有限公司,国新基金,中国国新基金管理有限公司,国新央企运营投资基金,国新央企运营（广州）投资基金（有限合伙）,云南铜业,云南铜业股份有限公司,生产制造，硫酸,能源及矿产|有色金属矿采选,中国|云南省|昆明市,上市定增,成熟期,2019-01-31,RMB,500.00,500.00,70.24,3.93,上市定增,--,"12,711.05","1,896.46",--,采矿业|有色金属矿采选业,采掘业|有色金属矿采选业,深圳证券交易所主板,2019.xls,1,2019,云南省,采矿业,有色金属矿采选业,0.3109965142857143,1.6028073904761904,-3.7772366952380954,-1.0475921714285714,a
雷石投资【深圳市龙岗区雷石诚泰创业投资基金】,天津雷石泰合股权投资基金管理合伙企业（有限合伙）【深圳市龙岗区雷石诚泰创业投资基金合伙企业（有限合伙）】,雷石瑞鸿投资,深圳市龙岗区雷石瑞鸿股权投资管理合伙企业（有限合伙）,雷石投资,天津雷石泰合股权投资基金管理合伙企业（有限合伙）,深圳市龙岗区雷石诚泰创业投资基金,深圳市龙岗区雷石诚泰创业投资基金合伙企业（有限合伙）,四川黄金,四川容大黄金股份有限公司,贵金属，能源矿产，矿产，咨询服务，金融，投资,能源及矿产|有色金属矿采选,中国|四川省|凉山彝族自治州|木里藏族自治县,成长资本,成熟期,2021-01-29,RMB,40.00,40.00,5.81,2.02,老股权转让,--,"1,931.30",297.83,--,采矿业|有色金属矿采选业,采掘业|有色金属矿采选业,深圳证券交易所主板,2021.xls,0,2021,四川省,采矿业,有色金属矿采选业,0.3109965142857143,1.6028073904761904,-3.7772366952380954,-1.0475921714285714,a
长江资本【监利县丰利产业培育基金】,长江成长资本投资有限公司【监利县丰利产业培育基金合伙企业（有限合伙）】,长江资本,长江成长资本投资有限公司,--,--,监利县丰利产业培育基金,监利县丰利产业培育基金合伙企业（有限合伙）,龙涛铝业,湖北龙涛铝业有限公司,有色金属，铝制品,能源及矿产|有色金属矿采选,中国|湖北省|荆州市|监利市,创业投资,扩张期,2021-05-28,--,--,--,--,16.67,A,--,--,--,--,采矿业|有色金属矿采选业,采掘业|有色金属矿采选业,--,2021.xls,1,2021,湖北省,采矿业,有色金属矿采选业,0.3109965142857143,1.6028073904761904,-3.7772366952380954,-1.0475921714285714,a
国投创合【国投创合国家新兴产业引导基金】,国投创合基金管理有限公司【国投创合国家新兴产业创业投资引导基金（有限合伙）】,国投创合,国投创合基金管理有限公司,--,--,国投创合国家新兴产业引导基金,国投创合国家新兴产业创业投资引导基金（有限合伙）,好租网,北京好租科技发展有限公司,企业服务，金融O2O，商业地产租赁，互联网,房地产|房地产中介服务,中国|北京市|海淀区,--,初创期,2018-05-08,RMB,50.00(e),50.00(e),7.28(e),--,C,--,--,--,--,房地产业|房地产业|房地产中介服务,房地产业|房地产中介服务业,--,2018.xls,1,2018,北京市,房地产业,房地产业,0.3234676675279931,3.740665276485788,-3.7967123841515935,-1.3606459384151592,a
高瓴【智成长江人工智能基金】,高瓴集团【高瓴智成长江（湖北）人工智能股权投资基金合伙企业（有限合伙）】,珠海高瓴智成,珠海高瓴智成私募基金管理有限公司,高瓴投资,高瓴投资,智成长江人工智能基金,高瓴智成长江（湖北）人工智能股权投资基金合伙企业（有限合伙）,金科服务,金科智慧服务集团股份有限公司,物业管理，地产建筑，社区服务，消费生活,房地产|物业管理,中国|重庆市|江北区,成长资本,成熟期,2020-06-10,RMB,107.36,107.36,14.87,2.00,A,--,"5,368.27",757.53,--,房地产业|房地产业|物业管理,房地产业|房地产管理业,香港证券交易所主板,2020.xls,0,2020,重庆市,房地产业,房地产业,0.3234676675279931,3.740665276485788,-3.7967123841515935,-1.3606459384151592,a
北京君紫优创【北京市产融合创基金】,北京君紫优创基金管理有限公司【北京市产融合创投资基金中心（有限合伙）】,北京君紫优创,北京君紫优创基金管理有限公司,--,--,北京市产融合创基金,北京市产融合创投资基金中心（有限合伙）,办伴科技,上海办伴科技发展有限公司,企业服务，互联网，商业地产租赁,房地产|物业管理,中国|上海市|嘉定区,--,初创期,2017-10-25,RMB,15.00,15.00,2.21,--,A+,--,--,--,--,房地产业|房地产业|物业管理,房地产业|房地产管理业,--,2017.xls,1,2017,上海市,房地产业,房地产业,0.3234676675279931,3.740665276485788,-3.7967123841515935,-1.3606459384151592,a
云启资本【云周创投基金】,上海云畔投资管理有限公司【南京云周创业投资中心（有限合伙）】,云启资本,上海云畔投资管理有限公司,--,--,云周创投基金,南京云周创业投资中心（有限合伙）,品宅,上海品宅装饰科技有限公司,装修，房产家居，装修服务商,房地产|其他房地产,中国|上海市|徐汇区,创业投资,扩张期,2021-11-09,RMB,2.00,2.00,0.31,0.95,A+,--,210.08,32.88,--,房地产业|房地产业|其他房地产活动,房地产业|房地产中介服务业|其他房地产中介服务业,--,2021.xls,0,2021,上海市,房地产业,房地产业,0.3234676675279931,3.740665276485788,-3.7967123841515935,-1.3606459384151592,a
天创资本【天创保鑫基金】,天津创业投资管理有限公司【天津天创保鑫创业投资合伙企业（有限合伙）】,天创资本,天津创业投资管理有限公司,--,--,天创保鑫基金,天津天创保鑫创业投资合伙企业（有限合伙）,异乡好居,天津异乡好居网络科技股份有限公司,房产家居，房产中介，房屋租赁，留学生租房，留学服务，公寓预订,房地产|房地产中介服务,中国|天津市|和平区,--,初创期,2016-07-12,RMB,25.00(e),25.00(e),3.74(e),--,A,洪雷,--,--,--,房地产业|房地产业|房地产中介服务,房地产业|房地产中介服务业,--,2016.xls,0,2016,天津市,房地产业,房地产业,0.3234676675279931,3.740665276485788,-3.7967123841515935,-1.3606459384151592,a
越秀产业基金【立创五号实业基金】,广州越秀产业投资基金管理股份有限公司【广州立创五号实业投资合伙企业（有限合伙）】,越秀产业基金,广州越秀产业投资基金管理股份有限公司,--,--,立创五号实业基金,广州立创五号实业投资合伙企业（有限合伙）,东湖高新,武汉东湖高新集团股份有限公司,房地产开发，节能环保，投资,房地产|房地产开发经营,中国|湖北省|武汉市,上市定增,成熟期,2017-12-06,RMB,108.00,108.00,15.89,1.62,上市定增,--,"6,677.61",982.45,42.66,房地产业|房地产业|房地产开发经营,房地产业|房地产开发与经营业,上海证券交易所主板,2017.xls,0,2017,湖北省,房地产业,房地产业,0.3234676675279931,3.740665276485788,-3.7967123841515935,-1.3606459384151592,a
常春藤资本【常春藤五期基金】,上海常春藤投资有限公司【上海闵行科技成果转移转化创业投资合伙企业（有限合伙）】,常春藤资本,上海常春藤投资有限公司,--,--,常春藤五期基金,上海闵行科技成果转移转化创业投资合伙企业（有限合伙）,凹凸租车,上海乐享似锦科技股份有限公司,汽车交通,汽车|汽车租赁,中国|上海市|徐汇区,成长资本,扩张期,2020-09-24,RMB,--,--,--,0.12,D+,翁吉义,--,--,--,租赁和商务服务业|租赁业|机械设备租赁|汽车租赁,社会服务业|租赁服务业,--,2020.xls,0,2020,上海市,租赁和商务服务业,租赁业,0.3408013157894736,2.6430735263157894,-3.658018035087719,-1.0256547543859649,a
世欣荣和【北京生活服务基金】,世欣荣和投资管理股份有限公司【北京生活性服务业发展基金（有限合伙）】,世欣荣和,世欣荣和投资管理股份有限公司,--,--,北京生活服务基金,北京生活性服务业发展基金（有限合伙）,北京市汽车解体厂有限公司,北京市汽车解体厂有限公司,汽车交通，废品回收,清洁技术|环保,中国|北京市|昌平区,--,成熟期,2018-02-07,--,--,--,--,--,A,--,--,--,--,批发和零售业|批发业|其他批发|再生物资回收与批发,批发和零售贸易|能源、材料和机械电子设备批发业|再生物资回收批发业,--,2018.xls,1,2018,北京市,批发和零售业,批发业,0.3805080426195426,2.6639413555093556,-3.8535448856548857,-1.0330357162162165,a
华映资本【华映六期人民币基金】,华映资本管理有限公司【南京华映中小企业发展基金合伙企业（有限合伙）】,华映资本,华映资本管理有限公司,--,--,华映六期人民币基金,南京华映中小企业发展基金合伙企业（有限合伙）,宠幸宠物,上海宠幸宠物用品有限公司,消费生活，医药，宠物服务，宠物食品，宠物用品，营养品,连锁及零售|零售,中国|上海市|松江区,成长资本,成熟期,2021-05-26,RMB,--,--,--,--,B+,--,--,--,--,批发和零售业|零售业,批发和零售贸易,--,2021.xls,0,2021,上海市,批发和零售业,零售业,0.396599694159836,2.9514059544057374,-3.747512080430328,-0.9998635051229507,a
南宁厚润德【广西北部湾厚润德基金】,南宁厚润德基金管理有限公司【广西北部湾厚润德基金管理中心（有限合伙）】,南宁厚润德,南宁厚润德基金管理有限公司,--,--,广西北部湾厚润德基金,广西北部湾厚润德基金管理中心（有限合伙）,恒保防护,桂林恒保健康防护有限公司,消费生活，防护用品，医疗健康,连锁及零售|零售,中国|广西|桂林市,天使投资,扩张期,2018-04-15,RMB,--,--,--,--,天使轮,--,--,--,--,批发和零售业|零售业,批发和零售贸易,--,2018.xls,0,2018,广西,批发和零售业,零售业,0.396599694159836,2.9514059544057374,-3.747512080430328,-0.9998635051229507,a
易凯资本【易凯人民币投资基金】,天津易凯明天资产管理有限公司【湖北易凯长江股权投资中心（有限合伙）】,易凯资本,天津易凯明天资产管理有限公司,--,--,易凯人民币投资基金,湖北易凯长江股权投资中心（有限合伙）,茶里,广州茶里集团有限公司,消费生活，茶叶品牌,连锁及零售|零售,中国|广东省|广州市,成长资本,扩张期,2020-11-26,RMB,20.00,20.00,3.04,3.78,B,王湘民,--,--,--,批发和零售业|零售业,批发和零售贸易,--,2020.xls,0,2020,广东省,批发和零售业,零售业,0.396599694159836,2.9514059544057374,-3.747512080430328,-0.9998635051229507,a
北京君紫优创【北京市产融合创基金】,北京君紫优创基金管理有限公司【北京市产融合创投资基金中心（有限合伙）】,北京君紫优创,北京君紫优创基金管理有限公司,--,--,北京市产融合创基金,北京市产融合创投资基金中心（有限合伙）,小麦铺科技,北京小麦铺科技发展有限公司,医疗健康，消费生活，无人值守，便利店，互联网,连锁及零售|零售,中国|北京市|海淀区,--,种子期,2017-11-22,--,--,--,--,--,B,--,--,--,--,批发和零售业|零售业,批发和零售贸易,--,2017.xls,1,2017,北京市,批发和零售业,零售业,0.396599694159836,2.9514059544057374,-3.747512080430328,-0.9998635051229507,a
天图投资【天图唐人神基金】,深圳市天图投资管理股份有限公司【深圳福田区天图唐人神创新消费股权投资基金合伙企业（有限合伙）】,天图资本,深圳天图资本管理中心（有限合伙）,天图投资,深圳市天图投资管理股份有限公司,天图唐人神基金,深圳福田区天图唐人神创新消费股权投资基金合伙企业（有限合伙）,爱果乐,爱果乐科技股份有限公司,消费生活,连锁及零售|零售,中国|江苏省|苏州市|相城区,--,扩张期,2018-06-21,RMB,30.00,30.00,4.64,--,A,--,--,--,--,批发和零售业|零售业,批发和零售贸易,--,2018.xls,0,2018,江苏省,批发和零售业,零售业,0.396599694159836,2.9514059544057374,-3.747512080430328,-0.9998635051229507,a
协立投资【源兴协砺新材料创投基金】（领投）,南京协立投资管理有限公司【苏州源兴协砺新材料创业投资中心（有限合伙）】（领投）,苏州协立股权投资,苏州协立股权投资管理中心（有限合伙）,协立投资,南京协立投资管理有限公司,源兴协砺新材料创投基金,苏州源兴协砺新材料创业投资中心（有限合伙）,诺而为,苏州诺而为工业技术服务有限公司,企业服务，生产制造,连锁及零售|零售,中国|江苏省|苏州市,创业投资,初创期,2020-07-14,RMB,7.00,7.00,1.00,--,A,翟刚,--,--,--,批发和零售业|零售业,批发和零售贸易,--,2020.xls,0,2020,江苏省,批发和零售业,零售业,0.396599694159836,2.9514059544057374,-3.747512080430328,-0.9998635051229507,a
浙江联合基金【海盐联元股权投资基金】,浙江联合中小企业股权投资基金管理有限公司【海盐联元股权投资基金合伙企业（有限合伙）】,浙江联合基金,浙江联合中小企业股权投资基金管理有限公司,--,--,海盐联元股权投资基金,海盐联元股权投资基金合伙企业（有限合伙）,盒动力,上海球昕网络科技有限公司,消费生活，无人零售,连锁及零售|零售,中国|上海市,天使投资,初创期,2019-02-21,RMB,--,--,--,2.00,A,--,--,--,--,批发和零售业|零售业,批发和零售贸易,--,2019.xls,1,2019,上海市,批发和零售业,零售业,0.396599694159836,2.9514059544057374,-3.747512080430328,-0.9998635051229507,a
复朴投资【杭州德同基金】,北京复朴道和投资管理有限公司【杭州德同创业投资合伙企业（有限合伙）】,德同投资,杭州复朴共创私募管理有限公司,复朴投资,北京复朴道和投资管理有限公司,杭州德同基金,杭州德同创业投资合伙企业（有限合伙）,来伊份,上海来伊份股份有限公司,消费生活,连锁及零售|零售,中国|上海市|松江区,成长资本,扩张期,2010-10-26,RMB,28.37,28.37,4.16,0.89,A,邵俊,"3,196.92",478.85,--,批发和零售业|零售业,批发和零售贸易,上海证券交易所主板,2000-2012.xls,0,2010,上海市,批发和零售业,零售业,0.396599694159836,2.9514059544057374,-3.747512080430328,-0.9998635051229507,a
浙商创投【浙江浙商利海创业基金】,浙商创投股份有限公司【浙江浙商利海创业投资合伙企业（有限合伙）】,浙商创投,浙商创投股份有限公司,--,--,浙江浙商利海创业基金,浙江浙商利海创业投资合伙企业（有限合伙）,曼卡龙,曼卡龙珠宝股份有限公司,消费生活，生活消费品，贵金属，商务礼品，黄金珠宝,连锁及零售|零售,中国|浙江省|杭州市,创业投资,初创期,2012-09-04,RMB,17.33,17.33,2.68,2.22,B,--,758.93,119.68,--,批发和零售业|零售业,批发和零售贸易,深圳证券交易所创业板,2000-2012.xls,0,2012,浙江省,批发和零售业,零售业,0.396599694159836,2.9514059544057374,-3.747512080430328,-0.9998635051229507,a
宜都科华科技创投【宜都科技创投基金】,宜都科华科技创业投资基金管理中心（有限合伙）【科华（宜都）科技创业投资基金（有限合伙）】,宜都科华科技创投,宜都科华科技创业投资基金管理中心（有限合伙）,--,--,宜都科技创投基金,科华（宜都）科技创业投资基金（有限合伙）,百时尚,武汉百时尚文化创意股份有限公司,消费生活,连锁及零售|零售,中国|湖北省|武汉市,--,初创期,2016-02-24,RMB,8.00,8.00,1.23,16.33,A,岳蓉,48.99,7.51,--,批发和零售业|零售业,批发和零售贸易,全国中小企业股份转让系统(新三板),2016.xls,1,2016,湖北省,批发和零售业,零售业,0.396599694159836,2.9514059544057374,-3.747512080430328,-0.9998635051229507,a
苏州工业园钦辰浩海投资【启程金禾】（领投）,苏州工业园区钦辰浩海投资管理有限公司【苏州启程金禾创业投资合伙企业（有限合伙）】（领投）,苏州工业园钦辰浩海投资,苏州工业园区钦辰浩海投资管理有限公司,--,--,启程金禾,苏州启程金禾创业投资合伙企业（有限合伙）,Heylulu,深圳市呦呦鹿鸣文化传媒有限公司,消费生活,连锁及零售|零售,中国|广东省|深圳市|宝安区,天使投资,扩张期,2021-11-04,RMB,7.00,7.00,1.09,1.67,Pre-A,--,--,--,--,批发和零售业|零售业,批发和零售贸易,--,2021.xls,0,2021,广东省,批发和零售业,零售业,0.396599694159836,2.9514059544057374,-3.747512080430328,-0.9998635051229507,a
中鼎开源【河南科技风投基金】,中鼎开源创业投资管理有限公司【河南省中原科创风险投资基金（有限合伙）】,中鼎开源,中鼎开源创业投资管理有限公司,--,--,河南科技风投基金,河南省中原科创风险投资基金（有限合伙）,淘家智能,河南淘家智能科技有限公司,--,连锁及零售|零售,中国|河南省|郑州市|管城回族区,创业投资,扩张期,2017-08-04,--,--,--,--,25.00,A,--,--,--,--,批发和零售业|零售业,批发和零售贸易,--,2017.xls,1,2017,河南省,批发和零售业,零售业,0.396599694159836,2.9514059544057374,-3.747512080430328,-0.9998635051229507,a
兼固资本【深圳兼固股权投资基金】,深圳兼固股权投资基金管理有限公司【深圳兼固股权投资基金企业（有限合伙）】,兼固资本,深圳兼固股权投资基金管理有限公司,--,--,深圳兼固股权投资基金,深圳兼固股权投资基金企业（有限合伙）,钱大妈,广州市钱大妈农产品有限公司,农业，餐饮，生鲜配送，消费生活，农产品,连锁及零售|零售,中国|广东省|广州市,成长资本,扩张期,2019-12-23,RMB,--,--,--,3.80,D,桂昭宇,"7,383.00","1,052.95",--,批发和零售业|零售业,批发和零售贸易,--,2019.xls,0,2019,广东省,批发和零售业,零售业,0.396599694159836,2.9514059544057374,-3.747512080430328,-0.9998635051229507,a
峰瑞资本【泉州市峰睿股权投资】,上海自友投资管理有限公司【泉州市峰睿股权投资合伙企业（有限合伙）】,峰瑞资本,上海自友投资管理有限公司,--,--,泉州市峰睿股权投资,泉州市峰睿股权投资合伙企业（有限合伙）,米兰日记,深圳市米澜生物科技有限公司,消费生活，美业，VR·AR,连锁及零售|零售,中国|广东省|深圳市,创业投资,初创期,2021-11-01,RMB,--,--,--,5.20,A,李丰,250.00,39.22,--,批发和零售业|零售业,批发和零售贸易,--,2021.xls,0,2021,广东省,批发和零售业,零售业,0.396599694159836,2.9514059544057374,-3.747512080430328,-0.9998635051229507,a
国投创合【国投创合国家新兴产业引导基金】,国投创合基金管理有限公司【国投创合国家新兴产业创业投资引导基金（有限合伙）】,国投创合,国投创合基金管理有限公司,--,--,国投创合国家新兴产业引导基金,国投创合国家新兴产业创业投资引导基金（有限合伙）,易冲无线,四川易冲科技有限公司,智能硬件，电子元件，芯片解决方案，无线充电,IT|硬件|电脑外设,中国|四川省|成都市,成长资本,初创期,2018-12-20,RMB,--,--,--,--,C,--,--,--,--,批发和零售业|零售业,批发和零售贸易,--,2018.xls,1,2018,四川省,批发和零售业,零售业,0.396599694159836,2.9514059544057374,-3.747512080430328,-0.9998635051229507,a
五源资本【五源资本人民币二期基金】,五源资本【南京五源启兴创业投资中心（有限合伙）】,上海兴畔投资,上海兴畔投资管理咨询有限公司,五源资本,五源资本,五源资本人民币二期基金,南京五源启兴创业投资中心（有限合伙）,菲鹿儿,广州菲鹿儿商贸有限公司,消费生活，独立品牌，化妆品品牌,连锁及零售|零售,中国|广东省|广州市|白云区,创业投资,扩张期,2021-09-22,USD,--,--,--,3.51,A,--,410.43,63.44,--,批发和零售业|零售业,批发和零售贸易,--,2021.xls,0,2021,广东省,批发和零售业,零售业,0.396599694159836,2.9514059544057374,-3.747512080430328,-0.9998635051229507,a
君和资本【上海申创股权基金】,君和资本【上海申创股权投资基金合伙企业（有限合伙）】,上海君和立成投资,上海君和立成投资管理中心（有限合伙）,君和资本,君和资本,上海申创股权基金,上海申创股权投资基金合伙企业（有限合伙）,孩子王,孩子王儿童用品股份有限公司,消费生活，生活服务，电商咨询，母婴服务,连锁及零售|零售,中国|江苏省|南京市,成长资本,扩张期,2019-12-13,RMB,250.00,250.00,38.88,1.42,老股权转让,--,"59,523.81","8,484.49",--,批发和零售业|零售业,批发和零售贸易,深圳证券交易所创业板，全国中小企业股份转让系统(新三板),2019.xls,0,2019,江苏省,批发和零售业,零售业,0.396599694159836,2.9514059544057374,-3.747512080430328,-0.9998635051229507,a
熙诚金睿【新动力优质企业基金】,北京熙诚金睿股权投资基金管理有限公司【北京新动力优质企业发展基金（有限合伙）】,熙诚金睿,北京熙诚金睿股权投资基金管理有限公司,--,--,新动力优质企业基金,北京新动力优质企业发展基金（有限合伙）,三夫户外,北京三夫户外用品股份有限公司,生产制造，户外运动装备，户外装备,连锁及零售|零售,中国|北京市|昌平区,上市定增,成熟期,2021-10-21,RMB,100.00,100.00,15.65,4.01,上市定增,--,"2,491.36",389.94,-36.80,批发和零售业|零售业,批发和零售贸易,深圳证券交易所主板,2021.xls,1,2021,北京市,批发和零售业,零售业,0.396599694159836,2.9514059544057374,-3.747512080430328,-0.9998635051229507,a
天图投资【天图东峰中小微企业基金】,深圳市天图投资管理股份有限公司【深圳市天图东峰中小微企业股权投资基金合伙企业（有限合伙）】,天图资本,深圳天图资本管理中心（有限合伙）,天图投资,深圳市天图投资管理股份有限公司,天图东峰中小微企业基金,深圳市天图东峰中小微企业股权投资基金合伙企业（有限合伙）,三顿半,长沙三顿半咖啡有限公司,消费生活，咖啡品牌，SAT,连锁及零售|零售,中国|湖南省|长沙市,创业投资,扩张期,2019-11-19,RMB,6.28,6.28,0.90,10.00,A,--,62.81,8.97,--,批发和零售业|零售业,批发和零售贸易,--,2019.xls,0,2019,湖南省,批发和零售业,零售业,0.396599694159836,2.9514059544057374,-3.747512080430328,-0.9998635051229507,a
逸百年投资【重庆逸百年】,重庆逸百年股权投资基金管理有限公司【重庆逸百年现代农业股权投资基金合伙企业（有限合伙）】,逸百年投资,重庆逸百年股权投资基金管理有限公司,--,--,重庆逸百年,重庆逸百年现代农业股权投资基金合伙企业（有限合伙）,洪九果品,重庆洪九果品股份有限公司,消费生活，生产制造，零售贸易，零售信息化，农业信息化，农产品采购,连锁及零售|零售,中国|重庆市|渝北区,创业投资,成熟期,2018-04-26,RMB,18.88,18.88,2.72,1.26,A,--,"1,499.83",237.82,--,批发和零售业|零售业,批发和零售贸易,香港证券交易所主板,2018.xls,0,2018,重庆市,批发和零售业,零售业,0.396599694159836,2.9514059544057374,-3.747512080430328,-0.9998635051229507,a
西安投资控股【大西安产业基金】,西安投资控股有限公司【西安产业投资基金有限公司】,西安产业基金,西安产业投资基金管理有限公司,西安投资控股,西安投资控股有限公司,大西安产业基金,西安产业投资基金有限公司,西安大业食品,西安大业食品有限公司,生产制造，食品饮料,连锁及零售|零售,中国|陕西省|西安市|高陵区,--,扩张期,2021-04-29,RMB,--,--,--,9.30,A,--,--,--,--,批发和零售业|零售业,批发和零售贸易,--,2021.xls,1,2021,陕西省,批发和零售业,零售业,0.396599694159836,2.9514059544057374,-3.747512080430328,-0.9998635051229507,a
华润资本【华润国调（厦门）股权投资】（领投）,华润资本管理有限公司【华润国调（厦门）股权投资合伙企业（有限合伙）】（领投）,深圳华润资本,深圳市华润资本股权投资有限公司,华润资本,华润资本管理有限公司,华润国调（厦门）股权投资,华润国调（厦门）股权投资合伙企业（有限合伙）,匹克体育,福建泉州匹克体育用品有限公司,体育，体育用品，体育运动，运动装备，生活消费品,连锁及零售|零售,中国|福建省|泉州市|丰泽区,成长资本,成熟期,2021-09-26,USD,210.00,"1,356.58",210.00,--,战略投资,王鑫,--,--,--,批发和零售业|零售业,批发和零售贸易,--,2021.xls,1,2021,福建省,批发和零售业,零售业,0.396599694159836,2.9514059544057374,-3.747512080430328,-0.9998635051229507,a
嘉御资本【苏州宜仲创投基金】,维新力特（上海）投资管理咨询有限公司【苏州宜仲创业投资合伙企业（有限合伙）】,苏州维特力新创投,苏州维特力新创业投资管理有限公司,嘉御资本,维新力特（上海）投资管理咨询有限公司,苏州宜仲创投基金,苏州宜仲创业投资合伙企业（有限合伙）,沪上阿姨,上海臻敬实业有限公司,消费生活，奶茶，茶叶品牌,连锁及零售|零售,中国|上海市|金山区,成长资本,扩张期,2020-11-24,RMB,--,--,--,6.45,A,--,"1,162.79",176.93,--,批发和零售业|零售业,批发和零售贸易,--,2020.xls,0,2020,上海市,批发和零售业,零售业,0.396599694159836,2.9514059544057374,-3.747512080430328,-0.9998635051229507,a
汉能投资集团【重庆汉能科技创投】,汉能投资咨询有限公司【重庆汉能科技创业投资中心（有限合伙）】,汉能嘉宏,北京汉能嘉宏投资管理中心（有限合伙）,汉能投资集团,汉能投资咨询有限公司,重庆汉能科技创投,重庆汉能科技创业投资中心（有限合伙）,友宝在线,北京友宝在线科技股份有限公司,消费生活，新零售,连锁及零售|零售,中国|北京市|朝阳区,--,扩张期,2015-06-19,RMB,15.55,15.55,2.54,1.00,D,--,"1,068.03",174.73,--,批发和零售业|零售业,批发和零售贸易,全国中小企业股份转让系统(新三板),2015.xls,0,2015,北京市,批发和零售业,零售业,0.396599694159836,2.9514059544057374,-3.747512080430328,-0.9998635051229507,a
得厚资本【国投东兴】,青岛国投得厚私募基金管理有限公司【青岛国投东兴创业投资基金合伙企业（有限合伙）】,得厚资本,青岛国投得厚私募基金管理有限公司,--,--,国投东兴,青岛国投东兴创业投资基金合伙企业（有限合伙）,远盾网络,山东远盾网络技术股份有限公司,汽车交通，物流，采购服务，汽车零部件，互联网,汽车|汽车销售渠道,中国|山东省|济南市,--,扩张期,2016-03-01,RMB,15.00,15.00,2.29,3.75,A,--,400.00,61.06,--,批发和零售业|零售业|汽车、摩托车、燃料及零配件专门零售,批发和零售贸易|能源、材料和机械电子设备批发业|汽车、摩托车及零配件批发业,全国中小企业股份转让系统(新三板),2016.xls,1,2016,山东省,批发和零售业,零售业,0.396599694159836,2.9514059544057374,-3.747512080430328,-0.9998635051229507,a
惟一资本【慧影二期基金】,惟一资本【湖北慧影二期文化产业投资合伙企业（有限合伙）】,惟一资本,湖北微资投资管理有限公司,--,--,慧影二期基金,湖北慧影二期文化产业投资合伙企业（有限合伙）,Mr. Judy,北京小悦科技有限公司,消费生活，企业服务，医疗健康,连锁及零售|零售,中国|北京市|朝阳区,创业投资,扩张期,2019-09-30,RMB,--,--,--,15.72,Pre-A,--,95.42,13.49,--,批发和零售业|零售业,批发和零售贸易,--,2019.xls,0,2019,北京市,批发和零售业,零售业,0.396599694159836,2.9514059544057374,-3.747512080430328,-0.9998635051229507,a
粤财创投【粤财新兴产业基金】,广东粤财创业投资有限公司【广东粤财新兴产业股权投资基金合伙企业（有限合伙）】,粤财创投,广东粤财创业投资有限公司,--,--,粤财新兴产业基金,广东粤财新兴产业股权投资基金合伙企业（有限合伙）,科通工业,深圳市科通技术股份有限公司,消费生活，电子元件，芯片销售,连锁及零售|零售,中国|广东省|深圳市,成长资本,成熟期,2020-08-12,RMB,31.10,31.10,4.73,1.21,A,林绮,"2,880.05",437.64,--,批发和零售业|零售业,批发和零售贸易,--,2020.xls,0,2020,广东省,批发和零售业,零售业,0.396599694159836,2.9514059544057374,-3.747512080430328,-0.9998635051229507,a
IDG资本【和谐成长基金】,IDG资本【北京和谐成长投资中心（有限合伙）】,和谐资本,和谐爱奇投资管理（北京）有限公司,IDG资本,IDG资本,和谐成长基金,北京和谐成长投资中心（有限合伙）,八马茶业,八马茶业股份有限公司,消费生活，茶叶品牌,连锁及零售|零售,中国|广东省|深圳市,--,成熟期,2013-05-13,RMB,72.92,72.92,11.76,10.00,A,吕薇,729.17,117.58,--,批发和零售业|零售业,批发和零售贸易,全国中小企业股份转让系统(新三板),2013-2014.xls,0,2013,广东省,批发和零售业,零售业,0.396599694159836,2.9514059544057374,-3.747512080430328,-0.9998635051229507,a
挑战者创投【厦门挑战者双鱼号股权投资】,北京壹舟云亭私募基金管理有限公司【厦门挑战者双鱼号股权投资合伙企业（有限合伙）】,挑战者创投,北京壹舟云亭私募基金管理有限公司,--,--,厦门挑战者双鱼号股权投资,厦门挑战者双鱼号股权投资合伙企业（有限合伙）,植卡美,广州芙悦国际化妆品有限公司,消费生活，独立品牌,连锁及零售|零售,中国|广东省|广州市|天河区,成长资本,扩张期,2021-08-25,RMB,33.33,33.33,5.16,10.00,A,--,333.33,51.50,--,批发和零售业|零售业,批发和零售贸易,--,2021.xls,0,2021,广东省,批发和零售业,零售业,0.396599694159836,2.9514059544057374,-3.747512080430328,-0.9998635051229507,a
启明创投【启明创投五期人民币基金】（领投）,启明维创创业投资管理（上海）有限公司【苏州工业园区启明融科股权投资合伙企业（有限合伙）】（领投）,苏州启元股权投资,苏州启元股权投资管理合伙企业（有限合伙）,启明创投,启明维创创业投资管理（上海）有限公司,启明创投五期人民币基金,苏州工业园区启明融科股权投资合伙企业（有限合伙）,隅田川咖啡,杭州羽嬉贸易有限公司,消费生活，咖啡品牌,连锁及零售|零售,中国|浙江省|杭州市|滨江区,成长资本,扩张期,2021-04-01,RMB,--,--,--,--,B,王欣,--,--,--,批发和零售业|零售业,批发和零售贸易,--,2021.xls,0,2021,浙江省,批发和零售业,零售业,0.396599694159836,2.9514059544057374,-3.747512080430328,-0.9998635051229507,a
前海方舟【中原前海母基金】,前海方舟资产管理有限公司【中原前海股权投资基金（有限合伙）】,前海方舟,前海方舟资产管理有限公司,--,--,中原前海母基金,中原前海股权投资基金（有限合伙）,可啦啦,深圳市瞳学科技有限公司,消费生活，可穿戴设备，生产制造，理疗仪器,连锁及零售|零售,中国|广东省|深圳市,成长资本,扩张期,2021-05-19,RMB,--,--,--,0.28,B,--,"2,463.10",379.43,--,批发和零售业|零售业,批发和零售贸易,--,2021.xls,0,2021,广东省,批发和零售业,零售业,0.396599694159836,2.9514059544057374,-3.747512080430328,-0.9998635051229507,a
创新工场【北京创新工场投资】,创新工场【北京创新工场投资中心（有限合伙）】,北京互联创新工场,北京互联创新工场投资管理有限公司,--,--,北京创新工场投资,北京创新工场投资中心（有限合伙）,F5未来商店,佛山市创商汇电子商务有限公司,消费生活，新零售，便利店，便利超市,连锁及零售|零售,中国|广东省|佛山市,--,初创期,2017-06-26,RMB,25.00,25.00,3.66,--,A+,郎春晖,--,--,--,批发和零售业|零售业,批发和零售贸易,--,2017.xls,0,2017,广东省,批发和零售业,零售业,0.396599694159836,2.9514059544057374,-3.747512080430328,-0.9998635051229507,a
四川国辰天府投资【四川中小企业发展股权投资基金】,四川国辰天府股权投资基金管理有限公司【四川中小企业发展股权投资基金合伙企业（有限合伙）】,四川国辰天府投资,四川国辰天府股权投资基金管理有限公司,--,--,四川中小企业发展股权投资基金,四川中小企业发展股权投资基金合伙企业（有限合伙）,壹玖壹玖,壹玖壹玖酒类平台科技股份有限公司,电子商务,连锁及零售|零售,中国|四川省|成都市,新三板定增,扩张期,2017-07-28,RMB,150.00,150.00,22.07,--,新三板定增,--,--,--,--,批发和零售业|零售业,批发和零售贸易,全国中小企业股份转让系统(新三板),2017.xls,1,2017,四川省,批发和零售业,零售业,0.396599694159836,2.9514059544057374,-3.747512080430328,-0.9998635051229507,a
国中资本【深圳国中中小企业发展私募股权投资基金】,国中资本【深圳国中中小企业发展私募股权投资基金合伙企业（有限合伙）】,国中创投,深圳国中创业投资管理有限公司,--,--,深圳国中中小企业发展私募股权投资基金,深圳国中中小企业发展私募股权投资基金合伙企业（有限合伙）,自然醒,深圳市自然醒智慧家居有限公司,消费生活，房产家居,连锁及零售|零售,中国|广东省|深圳市,--,扩张期,2017-10-27,RMB,50.00(e),50.00(e),7.52(e),8.62,A,刘国红,579.71,87.21,--,批发和零售业|零售业,批发和零售贸易,--,2017.xls,0,2017,广东省,批发和零售业,零售业,0.396599694159836,2.9514059544057374,-3.747512080430328,-0.9998635051229507,a
海南发控【南华创投】,海南省发展控股有限公司【海南南华创业投资基金（有限合伙）】,海控资本,海南海控资本创业投资有限公司,海南发控,海南省发展控股有限公司,南华创投,海南南华创业投资基金（有限合伙）,游礼集团,海南游礼旅游文化集团有限公司,消费生活，旅游服务，农业，体育运动，生产制造，材料，电子信息产业，投资，生活消费品，保健品，贵金属，塑料，塑料制品，装修，能源矿产，农产品，翻译服务，纺织生产，印刷，金属制品，文化艺术，体育用品，物流服务，化妆品品牌，办公用品，特色旅游，餐饮，新零售,连锁及零售|零售,中国|海南省|海口市|龙华区,创业投资,扩张期,2020-09-04,RMB,--,--,--,4.00,A,--,--,--,--,批发和零售业|零售业,批发和零售贸易,--,2020.xls,1,2020,海南省,批发和零售业,零售业,0.396599694159836,2.9514059544057374,-3.747512080430328,-0.9998635051229507,a
越秀产业基金【广州明睿七号基金】,广州越秀产业投资基金管理股份有限公司【广州明睿七号实业投资合伙企业（有限合伙）】,越秀产业基金,广州越秀产业投资基金管理股份有限公司,--,--,广州明睿七号基金,广州明睿七号实业投资合伙企业（有限合伙）,中国黄金,中国黄金集团黄金珠宝股份有限公司,生产制造，商务礼品，黄金珠宝,连锁及零售|零售,中国|北京市|东城区,成长资本,扩张期,2017-10-31,RMB,100.11,100.11,15.08,1.79,C,--,"5,160.17",777.17,--,批发和零售业|零售业,批发和零售贸易,上海证券交易所主板,2017.xls,0,2017,北京市,批发和零售业,零售业,0.396599694159836,2.9514059544057374,-3.747512080430328,-0.9998635051229507,a
天图投资【天图唐人神基金】,深圳市天图投资管理股份有限公司【深圳福田区天图唐人神创新消费股权投资基金合伙企业（有限合伙）】,天图资本,深圳天图资本管理中心（有限合伙）,天图投资,深圳市天图投资管理股份有限公司,天图唐人神基金,深圳福田区天图唐人神创新消费股权投资基金合伙企业（有限合伙）,疯狂小狗,江苏吉家宠物用品有限公司,消费生活，宠物用品，宠物医疗，宠物服务，宠物繁殖,连锁及零售|零售,中国|江苏省|徐州市,--,种子期,2018-03-01,RMB,--,--,--,10.00,A,--,--,--,--,批发和零售业|零售业,批发和零售贸易,--,2018.xls,0,2018,江苏省,批发和零售业,零售业,0.396599694159836,2.9514059544057374,-3.747512080430328,-0.9998635051229507,a
华芯投资【国家集成电路产业投资基金】,华芯投资管理有限责任公司【国家集成电路产业投资基金股份有限公司】,华芯投资,华芯投资管理有限责任公司,--,--,国家集成电路产业投资基金,国家集成电路产业投资基金股份有限公司,步步高,步步高商业连锁股份有限公司,消费生活,连锁及零售|零售,中国|湖南省|湘潭市,上市定增,成熟期,2018-02-23,RMB,739.07,739.07,116.42,5.00,上市定增,--,"14,781.40","2,328.44",--,批发和零售业|零售业,批发和零售贸易,深圳证券交易所主板,2018.xls,1,2018,湖南省,批发和零售业,零售业,0.396599694159836,2.9514059544057374,-3.747512080430328,-0.9998635051229507,a
河南华隆投资【河南中原文化股权投资基金】,河南华隆股权投资基金管理有限公司【河南中原文化股权投资基金（有限合伙）】,河南华隆投资,河南华隆股权投资基金管理有限公司,--,--,河南中原文化股权投资基金,河南中原文化股权投资基金（有限合伙）,颂大教育,武汉颂大教育科技股份有限公司,教育，生产制造，中学教育，行业信息化，教育信息化，云平台，企业服务，互联网，大数据技术，教育大数据,教育与培训|其他教育与培训,中国|湖北省|武汉市,新三板定增,扩张期,2018-04-09,RMB,22.00,22.00,3.50,1.58,新三板定增,--,"1,392.56",221.30,--,教育|教育|其他教育,社会服务业,全国中小企业股份转让系统(新三板),2018.xls,1,2018,湖北省,教育,教育,0.4083609591836734,2.129164163265306,-3.9398439183673473,-1.0088445306122449,a
深创投【深圳市人才创新创业一号基金】,深圳市创新投资集团有限公司【深圳市人才创新创业一号股权投资基金（有限合伙）】,广东红土创投,广东红土创业投资管理有限公司,深创投,深圳市创新投资集团有限公司,深圳市人才创新创业一号基金,深圳市人才创新创业一号股权投资基金（有限合伙）,升学教育,深圳市升学文化传播有限公司,教育，职业培训，互联网教育,教育与培训|专业培训,中国|广东省|深圳市,--,扩张期,2018-08-10,RMB,50.00,50.00,7.32,--,A,--,--,--,--,教育|教育|其他教育|职业技能培训,社会服务业,--,2018.xls,0,2018,广东省,教育,教育,0.4083609591836734,2.129164163265306,-3.9398439183673473,-1.0088445306122449,a
创新工场【北京创新工场投资】,创新工场【北京创新工场投资中心（有限合伙）】,北京互联创新工场,北京互联创新工场投资管理有限公司,--,--,北京创新工场投资,北京创新工场投资中心（有限合伙）,盒子鱼英语,北京盒子鱼教育科技有限公司,教育，语言学习，STEAM教学，英语学习,教育与培训|专业培训,中国|北京市,--,初创期,2013-04-30,RMB,1.00,1.00,0.16,--,天使轮,--,--,--,--,教育|教育|其他教育|职业技能培训,社会服务业,--,2013-2014.xls,0,2013,北京市,教育,教育,0.4083609591836734,2.129164163265306,-3.9398439183673473,-1.0088445306122449,a
德众资本【德瀚新材料创投基金】,重庆德众合元股权投资基金管理有限公司【重庆德瀚新应用材料创业投资基金合伙企业（有限合伙）】,德众资本,重庆德众合元股权投资基金管理有限公司,--,--,德瀚新材料创投基金,重庆德瀚新应用材料创业投资基金合伙企业（有限合伙）,元高分,四川元高分网络科技有限公司,教育，K12教育,教育与培训|其他教育与培训,中国|四川省|成都市,--,种子期,2017-02-02,--,--,--,--,--,天使轮,--,--,--,--,教育|教育|其他教育,社会服务业,--,2017.xls,0,2017,四川省,教育,教育,0.4083609591836734,2.129164163265306,-3.9398439183673473,-1.0088445306122449,a
清控银杏【清控银杏南通创业投资基金】,清控银杏创业投资管理（北京）有限公司【清控银杏南通创业投资基金合伙企业（有限合伙）】,清控银杏,清控银杏创业投资管理（北京）有限公司,--,--,清控银杏南通创业投资基金,清控银杏南通创业投资基金合伙企业（有限合伙）,玛塔创想,深圳市玛塔创想科技有限公司,教育，机器人，K12教育，少儿编程教育,教育与培训|其他教育与培训,中国|广东省|深圳市,创业投资,初创期,2019-11-13,RMB,21.00,21.00,3.08,--,A,雷霖,--,--,--,教育|教育|其他教育,社会服务业,--,2019.xls,0,2019,广东省,教育,教育,0.4083609591836734,2.129164163265306,-3.9398439183673473,-1.0088445306122449,a
源铄投资【河南互联网产业发展基金】,上海源铄股权投资基金管理有限公司【河南省源铄互联网产业发展基金（有限合伙）】,源铄投资,上海源铄股权投资基金管理有限公司,--,--,河南互联网产业发展基金,河南省源铄互联网产业发展基金（有限合伙）,清大教育,河南清大教育科技股份有限公司,教育，教育机构，职业培训,教育与培训|职业教育,中国|河南省|郑州市,新三板定增,扩张期,2017-09-08,RMB,12.96,12.96,1.91,18.97,新三板定增,--,68.31,10.05,--,教育|教育|其他教育|职业技能培训,社会服务业,全国中小企业股份转让系统(新三板),2017.xls,1,2017,河南省,教育,教育,0.4083609591836734,2.129164163265306,-3.9398439183673473,-1.0088445306122449,a
呼家楼基金【济南金控海投新旧动能转换基金】,呼家楼投资基金管理（北京）有限公司【济南金控海投新旧动能转换股权投资合伙企业（有限合伙）】,济南胜悦投资,济南胜悦投资管理有限公司,呼家楼基金,呼家楼投资基金管理（北京）有限公司,济南金控海投新旧动能转换基金,济南金控海投新旧动能转换股权投资合伙企业（有限合伙）,逻得岛,山东普罗维登斯教育科技有限公司,教育，K12教育，AI教育,教育与培训|职业教育,中国|山东省|济南市,创业投资,种子期,2019-04-24,RMB,10.00,10.00,1.49,--,天使轮,--,--,--,--,教育|教育|其他教育|职业技能培训,社会服务业,--,2019.xls,0,2019,山东省,教育,教育,0.4083609591836734,2.129164163265306,-3.9398439183673473,-1.0088445306122449,a
启明创投【启明创投五期人民币基金】,启明维创创业投资管理（上海）有限公司【苏州工业园区启明融科股权投资合伙企业（有限合伙）】,苏州启元股权投资,苏州启元股权投资管理合伙企业（有限合伙）,启明创投,启明维创创业投资管理（上海）有限公司,启明创投五期人民币基金,苏州工业园区启明融科股权投资合伙企业（有限合伙）,优必杰,上海优必杰教育科技有限公司,教育，K12教育，AI教育,教育与培训|专业培训,中国|上海市|杨浦区,创业投资,初创期,2019-10-29,RMB,--,--,--,6.50,B,--,747.38,105.62,--,教育|教育|其他教育|职业技能培训,社会服务业,--,2019.xls,0,2019,上海市,教育,教育,0.4083609591836734,2.129164163265306,-3.9398439183673473,-1.0088445306122449,a
中鼎开源【河南科技风投基金】,中鼎开源创业投资管理有限公司【河南省中原科创风险投资基金（有限合伙）】,中鼎开源,中鼎开源创业投资管理有限公司,--,--,河南科技风投基金,河南省中原科创风险投资基金（有限合伙）,永威教育,河南永威教育发展有限公司,教育，教育机构,教育与培训|学历教育,中国|河南省|焦作市|沁阳市,创业投资,初创期,2017-12-15,--,--,--,--,--,A,--,--,--,--,教育|教育,社会服务业,--,2017.xls,1,2017,河南省,教育,教育,0.4083609591836734,2.129164163265306,-3.9398439183673473,-1.0088445306122449,a
清控银杏【清控银杏南通创业投资基金】,清控银杏创业投资管理（北京）有限公司【清控银杏南通创业投资基金合伙企业（有限合伙）】,清控银杏,清控银杏创业投资管理（北京）有限公司,--,--,清控银杏南通创业投资基金,清控银杏南通创业投资基金合伙企业（有限合伙）,诺博教育,北京哥大诺博教育科技股份有限公司,教育，幼儿园，早教产品，学前教育，文体行业,教育与培训|其他教育与培训,中国|北京市|海淀区,新三板定增,扩张期,2017-06-29,RMB,27.00,27.00,3.97,0.16,新三板定增,--,163.40,24.04,--,教育|教育|其他教育,社会服务业,全国中小企业股份转让系统(新三板),2017.xls,0,2017,北京市,教育,教育,0.4083609591836734,2.129164163265306,-3.9398439183673473,-1.0088445306122449,a
国投创业【国投高新创投基金】,国投创业投资管理有限公司【国投高新（深圳）创业投资基金（有限合伙）】,国投创业,国投创业投资管理有限公司,--,--,国投高新创投基金,国投高新（深圳）创业投资基金（有限合伙）,和气聚力,北京和气聚力教育科技有限公司,大数据，教育，大学教育，大数据挖掘，数据分析,教育与培训|学历教育,中国|北京市|东城区,成长资本,扩张期,2019-11-18,RMB,--,--,--,--,A+,--,--,--,--,教育|教育,社会服务业,--,2019.xls,1,2019,北京市,教育,教育,0.4083609591836734,2.129164163265306,-3.9398439183673473,-1.0088445306122449,a
创新工场【北京创新工场创业投资】,创新工场【北京创新工场创业投资中心（有限合伙）】,北京互联创新工场,北京互联创新工场投资管理有限公司,--,--,北京创新工场创业投资,北京创新工场创业投资中心（有限合伙）,传智教育,江苏传智播客教育科技股份有限公司,大数据，教育，媒体，大数据挖掘,教育与培训|职业教育,中国|北京市|昌平区,成长资本,扩张期,2017-09-01,RMB,50.15,50.15,7.56,2.90,其他,--,"1,730.02",260.67,--,教育|教育|其他教育|职业技能培训,社会服务业,深圳证券交易所主板，全国中小企业股份转让系统(新三板),2017.xls,0,2017,北京市,教育,教育,0.4083609591836734,2.129164163265306,-3.9398439183673473,-1.0088445306122449,a
创新工场【北京创新工场投资】,创新工场【北京创新工场投资中心（有限合伙）】,北京互联创新工场,北京互联创新工场投资管理有限公司,--,--,北京创新工场投资,北京创新工场投资中心（有限合伙）,平行线教育,郑州一起学教育科技有限公司,教育，K12教育,教育与培训|学历教育,中国|河南省|郑州市,--,初创期,2017-09-01,RMB,37.70,37.70,5.55,--,A,--,--,--,--,教育|教育,社会服务业,--,2017.xls,0,2017,河南省,教育,教育,0.4083609591836734,2.129164163265306,-3.9398439183673473,-1.0088445306122449,a
青岛拥湾【国安拥湾信息技术股权投资企业】,青岛拥湾私募基金管理集团股份有限公司【青岛国安拥湾信息技术股权投资企业（有限合伙）】,拥湾国安资产管理,青岛拥湾国安股权投资管理有限公司,青岛拥湾,青岛拥湾私募基金管理集团股份有限公司,国安拥湾信息技术股权投资企业,青岛国安拥湾信息技术股权投资企业（有限合伙）,培诺教育,青岛培诺教育科技股份有限公司,教育，教育机构,教育与培训|专业培训,中国|山东省|青岛市,新三板定增,扩张期,2018-02-09,RMB,5.00,5.00,0.79,--,新三板定增,--,835.82,132.26,--,教育|教育|其他教育|职业技能培训,社会服务业,全国中小企业股份转让系统(新三板),2018.xls,0,2018,山东省,教育,教育,0.4083609591836734,2.129164163265306,-3.9398439183673473,-1.0088445306122449,a
广东文投创工场【文投聚图投资基金】,广东文投创工场投资管理有限公司【广东文投聚图投资合伙企业（有限合伙）】,广东文投创工场,广东文投创工场投资管理有限公司,--,--,文投聚图投资基金,广东文投聚图投资合伙企业（有限合伙）,新励成,新励成教育科技股份有限公司,教育，K12教育，职业培训,教育与培训|专业培训,中国|广东省|广州市,新三板定增,成熟期,2019-06-06,RMB,5.00,5.00,0.73,2.42,新三板定增,--,207.10,30.06,--,教育|教育|其他教育|职业技能培训,社会服务业,全国中小企业股份转让系统(新三板),2019.xls,0,2019,广东省,教育,教育,0.4083609591836734,2.129164163265306,-3.9398439183673473,-1.0088445306122449,a
容亿投资【容江二号创业投资基金】,浙江容亿投资管理有限公司【嘉兴容江二号创业投资合伙企业（有限合伙）】,容亿投资,浙江容亿投资管理有限公司,--,--,容江二号创业投资基金,嘉兴容江二号创业投资合伙企业（有限合伙）,小码教育,杭州小码教育科技有限公司,教育，K12教育，少儿编程教育，AI教育,教育与培训|其他教育与培训,中国|浙江省|杭州市,成长资本,初创期,2019-02-20,RMB,33.33,33.33,4.93,--,B+,--,--,--,--,教育|教育|其他教育,社会服务业,--,2019.xls,0,2019,浙江省,教育,教育,0.4083609591836734,2.129164163265306,-3.9398439183673473,-1.0088445306122449,a
平衡资本【平衡基金】,南京平衡资本管理中心（普通合伙）【淮安平衡创业投资中心（有限合伙）】,平衡资本,南京平衡资本管理中心（普通合伙）,--,--,平衡基金,淮安平衡创业投资中心（有限合伙）,佳一引航,北京佳一引航教育科技有限公司,教育，K12教育，教育机构，信息技术，软件技术，软件和信息技术，软件开发,教育与培训|学历教育,中国|北京市|海淀区,--,扩张期,2014-11-21,RMB,10.80,10.80,1.76,5.66,A,--,190.78,31.06,--,教育|教育,社会服务业,--,2013-2014.xls,1,2014,北京市,教育,教育,0.4083609591836734,2.129164163265306,-3.9398439183673473,-1.0088445306122449,a
光谷人才投资【武汉光谷人才创业投资】,武汉光谷人才私募投资管理有限公司【武汉光谷人才创业投资合伙企业（有限合伙）】,光谷人才投资,武汉光谷人才私募投资管理有限公司,--,--,武汉光谷人才创业投资,武汉光谷人才创业投资合伙企业（有限合伙）,贝恩三维科技,武汉市贝恩三维科技有限公司,教育，K12教育，3D打印，创客教育，AI教育,教育与培训|其他教育与培训,中国|湖北省|武汉市,创业投资,扩张期,2018-12-13,RMB,--,--,--,10.00,A,--,--,--,--,教育|教育|其他教育,社会服务业,--,2018.xls,0,2018,湖北省,教育,教育,0.4083609591836734,2.129164163265306,-3.9398439183673473,-1.0088445306122449,a
梅花创投【梅花创投天使基金六期】（领投）,宁波梅花天使投资管理有限公司【青岛梅花盛开股权投资合伙企业（有限合伙）】（领投）,梅花创投,宁波梅花天使投资管理有限公司,--,--,梅花创投天使基金六期,青岛梅花盛开股权投资合伙企业（有限合伙）,致学教育,成都致学教育科技有限公司,教育，K12教育，互联网教育，教育信息化，互联网，工业互联网平台，金融IT外包，AI教育,教育与培训|其他教育与培训,中国|四川省|成都市,创业投资,扩张期,2021-04-15,RMB,--,--,--,10.00,A,吴世春,55.01,8.53,--,教育|教育|其他教育,社会服务业,--,2021.xls,0,2021,四川省,教育,教育,0.4083609591836734,2.129164163265306,-3.9398439183673473,-1.0088445306122449,a
蓝湖资本【蓝湖资本人民币二期基金】,上海蓝三木易私募基金管理有限公司【成都天府蓝三木月创业投资中心（有限合伙）】,蓝湖资本,上海蓝三木易私募基金管理有限公司,--,--,蓝湖资本人民币二期基金,成都天府蓝三木月创业投资中心（有限合伙）,昂立,上海立爱教育科技有限公司,3D打印，教育，机器人，AI教育，K12教育,教育与培训|其他教育与培训,中国|上海市|闵行区,成长资本,扩张期,2021-04-12,RMB,17.98,17.98,2.77,5.00,B+,--,359.58,54.83,--,教育|教育|其他教育,社会服务业,--,2021.xls,0,2021,上海市,教育,教育,0.4083609591836734,2.129164163265306,-3.9398439183673473,-1.0088445306122449,a
深创投【红土创盈基金】,深圳市创新投资集团有限公司【河南红土创盈投资合伙企业（有限合伙）】,广东红土创投,广东红土创业投资管理有限公司,深创投,深圳市创新投资集团有限公司,红土创盈基金,河南红土创盈投资合伙企业（有限合伙）,朝霞文化,洛阳朝霞文化股份有限公司,教育，K12教育，图书音像,教育与培训|学历教育,中国|河南省|洛阳市,新三板定增,成熟期,2021-07-29,RMB,39.99,39.99,5.56,7.21,新三板定增,--,554.91,85.45,--,教育|教育,社会服务业,全国中小企业股份转让系统(新三板),2021.xls,1,2021,河南省,教育,教育,0.4083609591836734,2.129164163265306,-3.9398439183673473,-1.0088445306122449,a
明势资本【嘉兴自知一号基金】,北京明势合讯资本管理有限公司【嘉兴自知一号股权投资合伙企业（有限合伙）】,嘉兴自知投资,嘉兴自知股权投资管理有限公司,明势资本,北京明势合讯资本管理有限公司,嘉兴自知一号基金,嘉兴自知一号股权投资合伙企业（有限合伙）,幼师口袋,上海必加教育科技有限公司,教育，幼儿园，早教产品，学前教育,教育与培训|专业培训,中国|上海市|宝山区,天使投资,初创期,2016-08-24,RMB,4.80,4.80,0.72,--,Pre-A,黄明明,--,--,--,教育|教育|其他教育|职业技能培训,社会服务业,--,2016.xls,0,2016,上海市,教育,教育,0.4083609591836734,2.129164163265306,-3.9398439183673473,-1.0088445306122449,a
沸点资本【沸点新媒基金】,海南沸点私募基金管理有限公司【重庆沸点新媒股权投资基金合伙企业（有限合伙）】,沸点资本,海南沸点私募基金管理有限公司,--,--,沸点新媒基金,重庆沸点新媒股权投资基金合伙企业（有限合伙）,爱学习教育集团（原高思教育）,北京高思博乐教育科技股份有限公司,教育，K12教育，在线教育，语言学习,教育与培训|学历教育,中国|北京市|海淀区,新三板定增,扩张期,2017-10-13,RMB,12.00,12.00,1.77,0.36,新三板定增,于光东,"3,349.92",512.10,--,教育|教育,社会服务业,全国中小企业股份转让系统(新三板),2017.xls,0,2017,北京市,教育,教育,0.4083609591836734,2.129164163265306,-3.9398439183673473,-1.0088445306122449,a
毅达资本【江苏紫金文化产业基金II】,江苏毅达股权投资基金管理有限公司【江苏紫金文化产业二期创业投资基金（有限合伙）】,南京毅达投资,南京毅达股权投资管理企业（有限合伙）,毅达资本,江苏毅达股权投资基金管理有限公司,江苏紫金文化产业基金II,江苏紫金文化产业二期创业投资基金（有限合伙）,对啊网,北京对啊网教育科技有限公司,教育，在线教育，职业培训，直播,教育与培训|专业培训,中国|北京市|石景山区,--,初创期,2016-01-07,RMB,17.14,17.14,2.51,--,A,--,--,--,--,教育|教育|其他教育|职业技能培训,社会服务业,--,2016.xls,1,2016,北京市,教育,教育,0.4083609591836734,2.129164163265306,-3.9398439183673473,-1.0088445306122449,a
IDG资本【和谐超越投资基金】,IDG资本【北京和谐超越投资中心（有限合伙）】,和谐资本,和谐爱奇投资管理（北京）有限公司,IDG资本,IDG资本,和谐超越投资基金,北京和谐超越投资中心（有限合伙）,小鹿医馆,北京紫宸正阳科技有限公司,医疗健康，医疗服务，远程医疗,生物技术/医疗健康|医疗服务,中国|北京市|朝阳区,--,种子期,2016-05-01,RMB,2.50,2.50,0.39,--,A,--,--,--,--,卫生、社会保障和社会福利业|卫生,社会服务业|卫生、保健、护理服务业,--,2016.xls,0,2016,北京市,卫生、社会保障和社会福利业,卫生,0.4153354786324786,1.5150909743589744,-3.8734308974358975,-0.9751410170940172,a
海邦投资【宁波海邦人才基金】,海邦投资【宁波海邦人才创业投资合伙企业（有限合伙）】,浙江海邦投资,浙江海邦投资管理有限公司,--,--,宁波海邦人才基金,宁波海邦人才创业投资合伙企业（有限合伙）,诺辉生物,浙江诺辉生物技术有限公司,医疗健康，医药，诊断试剂，医疗服务，分子诊断，医疗检测，医疗器械，体外诊断，生物药，生物制药,生物技术/医疗健康|医疗服务,中国|浙江省|杭州市,--,种子期,2013-08-01,RMB,5.00,5.00,0.81,--,种子轮,姚纳新,--,--,--,卫生、社会保障和社会福利业|卫生,社会服务业|卫生、保健、护理服务业,--,2013-2014.xls,0,2013,浙江省,卫生、社会保障和社会福利业,卫生,0.4153354786324786,1.5150909743589744,-3.8734308974358975,-0.9751410170940172,a
滨海新区【天津虹桥天使投资】,天津滨海新区财富投资管理有限公司【天津虹桥天使投资有限公司】,汇鑫创富,天津汇鑫创富股权投资基金管理有限公司,滨海新区,天津滨海新区财富投资管理有限公司,天津虹桥天使投资,天津虹桥天使投资有限公司,小橙长护,天津小橙集团有限公司,教育，文化艺术，体育用品,生物技术/医疗健康|医疗服务,中国|天津市|河西区,--,种子期,2021-05-18,RMB,--,--,--,--,天使轮,--,--,--,--,卫生、社会保障和社会福利业|卫生,社会服务业|卫生、保健、护理服务业,--,2021.xls,1,2021,天津市,卫生、社会保障和社会福利业,卫生,0.4153354786324786,1.5150909743589744,-3.8734308974358975,-0.9751410170940172,a
夏尔巴投资【夏尔巴二期人民币基金】,珠海夏尔巴股权投资管理有限公司【苏州夏尔巴二期股权投资合伙企业（有限合伙）】,夏尔巴投资,珠海夏尔巴股权投资管理有限公司,夏尔巴投资,珠海夏尔巴股权投资管理有限公司,夏尔巴二期人民币基金,苏州夏尔巴二期股权投资合伙企业（有限合伙）,杉互健康,上海杉互健康科技有限公司,医疗健康，医药，企业服务，医疗信息化，电子稳定系统,生物技术/医疗健康|医疗服务,中国|上海市|浦东新区,创业投资,扩张期,2021-10-14,RMB,--,--,--,8.70,A,--,--,--,--,卫生、社会保障和社会福利业|卫生,社会服务业|卫生、保健、护理服务业,--,2021.xls,0,2021,上海市,卫生、社会保障和社会福利业,卫生,0.4153354786324786,1.5150909743589744,-3.8734308974358975,-0.9751410170940172,a
纪源资本【纪源资本人民币一期基金】,纪源资本【厦门纪源融汇投资管理合伙企业（有限合伙）】,宁波纪源投资,上海纪源私募基金管理有限公司,纪源资本,纪源资本,纪源资本人民币一期基金,厦门纪源融汇投资管理合伙企业（有限合伙）,森亿智能,上海森亿医疗科技有限公司,医疗健康，人工智能，自然语言处理，医疗服务，文本分析,生物技术/医疗健康|医疗服务,中国|上海市|浦东新区,--,初创期,2018-05-02,RMB,70.00(e),70.00(e),10.81(e),--,B,--,--,--,--,卫生、社会保障和社会福利业|卫生,社会服务业|卫生、保健、护理服务业,--,2018.xls,0,2018,上海市,卫生、社会保障和社会福利业,卫生,0.4153354786324786,1.5150909743589744,-3.8734308974358975,-0.9751410170940172,a
前海方舟【前海母基金】,前海方舟资产管理有限公司【前海股权投资基金（有限合伙）】,前海方舟,前海方舟资产管理有限公司,--,--,前海母基金,前海股权投资基金（有限合伙）,牙医管家,深圳市菲森科技有限公司,医疗健康，企业服务，云计算，SaaS,生物技术/医疗健康|医疗服务,中国|广东省|深圳市,成长资本,成熟期,2019-06-13,RMB,--,--,--,--,C,--,--,--,--,卫生、社会保障和社会福利业|卫生,社会服务业|卫生、保健、护理服务业,--,2019.xls,0,2019,广东省,卫生、社会保障和社会福利业,卫生,0.4153354786324786,1.5150909743589744,-3.8734308974358975,-0.9751410170940172,a
松禾资本【松禾国创新能基金】,深圳市松禾资本管理有限公司【深圳市松禾国创新能股权投资基金合伙企业（有限合伙）】,深圳松禾国创资管,深圳市松禾国创资本管理合伙企业（有限合伙）,松禾资本,深圳市松禾资本管理有限公司,松禾国创新能基金,深圳市松禾国创新能股权投资基金合伙企业（有限合伙）,瀚维智能,深圳瀚维智能医疗科技有限公司,医疗健康，医疗服务，健康管理,生物技术/医疗健康|医疗服务,中国|广东省|深圳市|福田区,创业投资,扩张期,2021-05-21,RMB,30.00,30.00,4.64,--,B,厉伟,--,--,--,卫生、社会保障和社会福利业|卫生,社会服务业|卫生、保健、护理服务业,--,2021.xls,0,2021,广东省,卫生、社会保障和社会福利业,卫生,0.4153354786324786,1.5150909743589744,-3.8734308974358975,-0.9751410170940172,a
涌铧投资【涌诚医药产业基金】,上海涌铧投资管理有限公司【连云港涌诚股权投资合伙企业（有限合伙）】,涌铧投资,上海涌铧投资管理有限公司,--,--,涌诚医药产业基金,连云港涌诚股权投资合伙企业（有限合伙）,和泽医药,浙江和泽医药科技股份有限公司,医疗健康，医药，药物研发,生物技术/医疗健康|医疗服务,中国|浙江省|杭州市,天使投资,扩张期,2016-06-14,RMB,--,--,--,--,Pre-A,--,--,--,--,卫生、社会保障和社会福利业|卫生,社会服务业|卫生、保健、护理服务业,--,2016.xls,1,2016,浙江省,卫生、社会保障和社会福利业,卫生,0.4153354786324786,1.5150909743589744,-3.8734308974358975,-0.9751410170940172,a
博伟智鸿投资【象山博伟壹号科技创业投资基金】,共青城博伟智鸿投资有限公司【象山博伟壹号科技创业投资合伙企业（有限合伙）】,象山博伟智鸿投资,象山博伟智鸿投资管理有限公司,博伟智鸿投资,共青城博伟智鸿投资有限公司,象山博伟壹号科技创业投资基金,象山博伟壹号科技创业投资合伙企业（有限合伙）,禹谷医疗,浙江禹谷医疗科技有限公司,外包服务，数码设备，互联网，干细胞，企业服务，医疗健康,生物技术/医疗健康|医疗服务,中国|浙江省|宁波市|象山县,天使投资,种子期,2018-04-11,RMB,--,--,--,13.33,天使轮,--,--,--,--,卫生、社会保障和社会福利业|卫生,社会服务业|卫生、保健、护理服务业,--,2018.xls,1,2018,浙江省,卫生、社会保障和社会福利业,卫生,0.4153354786324786,1.5150909743589744,-3.8734308974358975,-0.9751410170940172,a
中卫基金【中卫基金】,上海中卫创业投资管理有限公司【上海中卫创业投资中心（有限合伙）】,中卫基金,上海中卫创业投资管理有限公司,--,--,中卫基金,上海中卫创业投资中心（有限合伙）,执诚生物,上海执诚生物科技有限公司,生产制造，医疗健康，医疗器械，医疗设备,生物技术/医疗健康|医疗服务,中国|上海市|浦东新区,--,成熟期,2013-06-19,RMB,29.42,29.42,4.77,5.00,B,--,588.42,95.44,--,卫生、社会保障和社会福利业|卫生,社会服务业|卫生、保健、护理服务业,--,2013-2014.xls,0,2013,上海市,卫生、社会保障和社会福利业,卫生,0.4153354786324786,1.5150909743589744,-3.8734308974358975,-0.9751410170940172,a
正海资本【宣城正海资本创业基金】,上海正海资产管理有限公司【宣城正海资本创业投资基金（有限合伙）】,正海资本,上海正海资产管理有限公司,--,--,宣城正海资本创业基金,宣城正海资本创业投资基金（有限合伙）,柯林布瑞,上海柯林布瑞信息技术有限公司,医疗健康，大数据，医疗服务，医疗大数据,生物技术/医疗健康|医疗服务,中国|上海市|长宁区,--,扩张期,2018-04-23,RMB,23.80(e),23.80(e),3.78(e),--,A,--,--,--,--,卫生、社会保障和社会福利业|卫生,社会服务业|卫生、保健、护理服务业,--,2018.xls,0,2018,上海市,卫生、社会保障和社会福利业,卫生,0.4153354786324786,1.5150909743589744,-3.8734308974358975,-0.9751410170940172,a
国中资本【深圳国中中小企业发展私募股权投资基金】,国中资本【深圳国中中小企业发展私募股权投资基金合伙企业（有限合伙）】,国中创投,深圳国中创业投资管理有限公司,--,--,深圳国中中小企业发展私募股权投资基金,深圳国中中小企业发展私募股权投资基金合伙企业（有限合伙）,百趣生物,上海百趣生物医学科技有限公司,医疗健康,生物技术/医疗健康|医疗服务,中国|上海市|嘉定区,天使投资,扩张期,2019-04-26,RMB,30.00,30.00,4.46,16.67,Pre-A,--,179.96,26.74,--,卫生、社会保障和社会福利业|卫生,社会服务业|卫生、保健、护理服务业,--,2019.xls,0,2019,上海市,卫生、社会保障和社会福利业,卫生,0.4153354786324786,1.5150909743589744,-3.8734308974358975,-0.9751410170940172,a
中国风投【洛盈华盛创投基金】,中国风险投资有限公司【深圳市洛盈华盛创业投资合伙企业（有限合伙）】,深圳华融胜资本,深圳华融胜资本管理有限公司,中国风投,中国风险投资有限公司,洛盈华盛创投基金,深圳市洛盈华盛创业投资合伙企业（有限合伙）,铱硙医疗,深圳市医未医疗科技有限公司,医疗健康，大数据，人工智能，云计算，医疗服务，智能诊断,生物技术/医疗健康|医疗服务,中国|广东省|深圳市|南山区,创业投资,扩张期,2021-03-15,RMB,--,--,--,--,A+,--,--,--,--,卫生、社会保障和社会福利业|卫生,社会服务业|卫生、保健、护理服务业,--,2021.xls,0,2021,广东省,卫生、社会保障和社会福利业,卫生,0.4153354786324786,1.5150909743589744,-3.8734308974358975,-0.9751410170940172,a
国投创新【先进制造产业投资基金二期】,国投创新投资管理有限公司【先进制造产业投资基金二期（有限合伙）】,国投招商,国投招商投资管理有限公司,国投创新,国投创新投资管理有限公司,先进制造产业投资基金二期,先进制造产业投资基金二期（有限合伙）,珠海圣美,珠海圣美生物诊断技术有限公司,医疗健康，体外诊断，医疗服务,生物技术/医疗健康|医疗服务,中国|广东省|珠海市,成长资本,扩张期,2021-04-22,RMB,300.00,300.00,46.22,13.04,B,--,--,--,--,卫生、社会保障和社会福利业|卫生,社会服务业|卫生、保健、护理服务业,--,2021.xls,1,2021,广东省,卫生、社会保障和社会福利业,卫生,0.4153354786324786,1.5150909743589744,-3.8734308974358975,-0.9751410170940172,a
广发信德【广发信德健康产业创投基金】,广发信德投资管理有限公司【广发信德（苏州）健康产业创业投资合伙企业（有限合伙）】,广发信德,广发信德投资管理有限公司,--,--,广发信德健康产业创投基金,广发信德（苏州）健康产业创业投资合伙企业（有限合伙）,科林利康,北京科林利康医学研究有限公司,医疗健康，企业服务,生物技术/医疗健康|医疗服务,中国|北京市|东城区,创业投资,扩张期,2021-04-28,RMB,--,--,--,3.61,A,--,400.00,61.68,--,卫生、社会保障和社会福利业|卫生,社会服务业|卫生、保健、护理服务业,--,2021.xls,0,2021,北京市,卫生、社会保障和社会福利业,卫生,0.4153354786324786,1.5150909743589744,-3.8734308974358975,-0.9751410170940172,a
丹麓资本【广州丹麓创业投资基金】,广州丹麓股权投资管理有限公司【广州丹麓创业投资基金合伙企业（有限合伙）】,丹麓资本,广州丹麓股权投资管理有限公司,--,--,广州丹麓创业投资基金,广州丹麓创业投资基金合伙企业（有限合伙）,良医汇,苏州良医汇网络科技有限公司,医疗健康，医疗服务，数字医疗，医疗资讯,生物技术/医疗健康|医疗服务,中国|江苏省|苏州市,--,扩张期,2018-09-25,RMB,10.00(e),10.00(e),1.45(e),--,B,--,--,--,--,卫生、社会保障和社会福利业|卫生,社会服务业|卫生、保健、护理服务业,--,2018.xls,0,2018,江苏省,卫生、社会保障和社会福利业,卫生,0.4153354786324786,1.5150909743589744,-3.8734308974358975,-0.9751410170940172,a
蓝驰创投【蓝驰新禾二期基金】,蓝驰投资咨询（上海）有限公司【上海新仲投资中心（有限合伙）】,嘉兴蓝驰投资,嘉兴蓝驰投资管理有限公司,蓝驰创投,蓝驰投资咨询（上海）有限公司,蓝驰新禾二期基金,上海新仲投资中心（有限合伙）,北恒生物,南京北恒生物科技有限公司,医疗健康，医疗服务，体外诊断,生物技术/医疗健康|医疗服务,中国|江苏省|南京市|栖霞区,成长资本,扩张期,2021-03-25,RMB,--,--,--,--,B,--,--,--,--,卫生、社会保障和社会福利业|卫生,社会服务业|卫生、保健、护理服务业,--,2021.xls,0,2021,江苏省,卫生、社会保障和社会福利业,卫生,0.4153354786324786,1.5150909743589744,-3.8734308974358975,-0.9751410170940172,a
天优投资【江苏疌泉天汇苏民投健康产业基金】,江苏天优投资管理有限公司【江苏疌泉天汇苏民投健康产业基金（有限合伙）】,江苏天汇苏民投健康产投,江苏天汇苏民投健康产业投资管理有限公司,天优投资,江苏天优投资管理有限公司,江苏疌泉天汇苏民投健康产业基金,江苏疌泉天汇苏民投健康产业基金（有限合伙）,迪安诊断,迪安诊断技术集团股份有限公司,医疗健康，体外诊断，企业服务，医疗服务,生物技术/医疗健康|医疗服务,中国|浙江省|杭州市,上市定增,成熟期,2019-01-07,RMB,49.96,49.96,7.29,0.52,上市定增,--,"9,604.65","1,401.79",16.32,卫生、社会保障和社会福利业|卫生,社会服务业|卫生、保健、护理服务业,深圳证券交易所创业板,2019.xls,0,2019,浙江省,卫生、社会保障和社会福利业,卫生,0.4153354786324786,1.5150909743589744,-3.8734308974358975,-0.9751410170940172,a
通和毓承【苏州通和毓承基金】,通和毓承【苏州通和毓承投资合伙企业（有限合伙）】,崇凯创业,崇凯创业投资咨询（上海）有限公司,通和毓承,通和毓承,苏州通和毓承基金,苏州通和毓承投资合伙企业（有限合伙）,誉衡生物,广州誉衡生物科技有限公司,医疗健康，生物制药，医药，药品生产,生物技术/医疗健康|医疗服务,中国|广东省|广州市|黄埔区,--,初创期,2018-12-19,RMB,31.22,31.22,4.53,5.10,A,--,612.21,88.89,--,卫生、社会保障和社会福利业|卫生,社会服务业|卫生、保健、护理服务业,--,2018.xls,0,2018,广东省,卫生、社会保障和社会福利业,卫生,0.4153354786324786,1.5150909743589744,-3.8734308974358975,-0.9751410170940172,a
兴富资本【中新兴富数智基金】（领投）,兴富投资管理有限公司【苏州中新兴富数智创业投资合伙企业（有限合伙）】（领投）,兴富资本,兴富投资管理有限公司,--,--,中新兴富数智基金,苏州中新兴富数智创业投资合伙企业（有限合伙）,百奥知,北京百奥知信息科技有限公司,医疗健康，企业服务，医药，生物药，行业信息化，信息技术，医疗信息化,生物技术/医疗健康|医疗服务,中国|北京市|海淀区,创业投资,成熟期,2021-11-19,RMB,--,--,--,9.95,B,丁宇,466.33,73.06,--,卫生、社会保障和社会福利业|卫生,社会服务业|卫生、保健、护理服务业,--,2021.xls,0,2021,北京市,卫生、社会保障和社会福利业,卫生,0.4153354786324786,1.5150909743589744,-3.8734308974358975,-0.9751410170940172,a
广州勤安【安健信医疗健康基金】,广州勤安投资管理有限公司【广州安健信医疗健康产业股权投资基金（有限合伙）】,广州勤安,广州勤安投资管理有限公司,--,--,安健信医疗健康基金,广州安健信医疗健康产业股权投资基金（有限合伙）,合谐医疗,广州合谐医疗科技有限公司,医疗健康，医疗服务，健康管理，养生保健,生物技术/医疗健康|医疗服务,中国|广东省|广州市,--,扩张期,2015-03-28,RMB,10.00,10.00,1.63,--,A,--,16.47,2.68,--,卫生、社会保障和社会福利业|卫生,社会服务业|卫生、保健、护理服务业,--,2015.xls,0,2015,广东省,卫生、社会保障和社会福利业,卫生,0.4153354786324786,1.5150909743589744,-3.8734308974358975,-0.9751410170940172,a
广州勤安【安健信医疗健康基金】,广州勤安投资管理有限公司【广州安健信医疗健康产业股权投资基金（有限合伙）】,广州勤安,广州勤安投资管理有限公司,--,--,安健信医疗健康基金,广州安健信医疗健康产业股权投资基金（有限合伙）,天成医疗,广州天成医疗技术股份有限公司,医疗健康，电子商务,生物技术/医疗健康|医疗服务,中国|广东省|广州市,--,初创期,2015-03-28,RMB,12.70,12.70,2.07,4.23,A,--,335.13,54.58,--,卫生、社会保障和社会福利业|卫生,社会服务业|卫生、保健、护理服务业,--,2015.xls,0,2015,广东省,卫生、社会保障和社会福利业,卫生,0.4153354786324786,1.5150909743589744,-3.8734308974358975,-0.9751410170940172,a
摩根士丹利（中国）【杭州长堤基金】,摩根士丹利（中国）股权投资管理有限公司【杭州长堤股权投资合伙企业（有限合伙）】,摩根士丹利（中国）,摩根士丹利（中国）股权投资管理有限公司,--,--,杭州长堤基金,杭州长堤股权投资合伙企业（有限合伙）,中翰盛泰,中翰盛泰生物技术股份有限公司,医疗健康，医药，医疗设备，体外诊断，诊断试剂，医疗服务，医疗器械，医疗分析仪器，生物药,生物技术/医疗健康|医疗服务,中国|浙江省|杭州市,--,扩张期,2015-11-17,--,--,--,--,--,天使轮,--,--,--,--,卫生、社会保障和社会福利业|卫生,社会服务业|卫生、保健、护理服务业,--,2015.xls,0,2015,浙江省,卫生、社会保障和社会福利业,卫生,0.4153354786324786,1.5150909743589744,-3.8734308974358975,-0.9751410170940172,a
元璟资本【圆璟创恒股权投资】,杭州元璟投资管理有限公司【杭州圆璟创恒股权投资基金合伙企业（有限合伙）】,杭州元璟睿恒投资,杭州元璟睿恒投资管理有限公司,元璟资本,杭州元璟投资管理有限公司,圆璟创恒股权投资,杭州圆璟创恒股权投资基金合伙企业（有限合伙）,岚时科技,北京岚时科技有限公司,医疗健康，大数据，企业服务，人工智能，云计算，SaaS，消费金融，AI医疗，大数据技术,生物技术/医疗健康|医疗服务,中国|北京市,--,种子期,2018-08-01,RMB,--,--,--,--,A,--,--,--,--,卫生、社会保障和社会福利业|卫生,社会服务业|卫生、保健、护理服务业,--,2018.xls,0,2018,北京市,卫生、社会保障和社会福利业,卫生,0.4153354786324786,1.5150909743589744,-3.8734308974358975,-0.9751410170940172,a
真格基金【真格天域】,北京真格天成投资管理有限公司【嘉兴真格天域股权投资合伙企业（有限合伙）】,西藏达孜真格天祥投资,西藏达孜真格天祥投资管理有限公司,真格基金,北京真格天成投资管理有限公司,真格天域,嘉兴真格天域股权投资合伙企业（有限合伙）,博集医疗,嘉兴博集医疗科技有限公司,医疗健康，大数据，互联网医疗，患者管理，互联网，移动医疗，大数据挖掘,生物技术/医疗健康|医疗服务,中国|浙江省|嘉兴市|平湖市,--,扩张期,2018-07-31,RMB,3.00,3.00,0.44,--,A,--,--,--,--,卫生、社会保障和社会福利业|卫生,社会服务业|卫生、保健、护理服务业,--,2018.xls,0,2018,浙江省,卫生、社会保障和社会福利业,卫生,0.4153354786324786,1.5150909743589744,-3.8734308974358975,-0.9751410170940172,a
毅达资本【高新毅达中小企业创投基金】,江苏毅达股权投资基金管理有限公司【芜湖高新毅达中小企业创业投资基金（有限合伙）】,安徽毅达汇承投资,安徽毅达汇承股权投资管理企业（有限合伙）,毅达资本,江苏毅达股权投资基金管理有限公司,高新毅达中小企业创投基金,芜湖高新毅达中小企业创业投资基金（有限合伙）,普瑞眼科,成都普瑞眼科医院股份有限公司,医疗健康，医疗服务，医疗机构,生物技术/医疗健康|医疗服务,中国|四川省|成都市|金牛区,成长资本,成熟期,2019-01-29,RMB,30.00,30.00,4.47,0.99,B,--,"3,030.30",449.89,--,卫生、社会保障和社会福利业|卫生,社会服务业|卫生、保健、护理服务业,深圳证券交易所创业板,2019.xls,0,2019,四川省,卫生、社会保障和社会福利业,卫生,0.4153354786324786,1.5150909743589744,-3.8734308974358975,-0.9751410170940172,a
贵阳创投【贵阳市服务外包及呼叫产业创业投资基金】,贵阳市创业投资有限公司【贵阳市服务外包及呼叫产业创业投资基金有限公司】,贵阳创投,贵阳市创业投资有限公司,--,--,贵阳市服务外包及呼叫产业创业投资基金,贵阳市服务外包及呼叫产业创业投资基金有限公司,医鸣数据,北京医鸣技术有限公司,医疗健康，大数据，企业服务，医疗服务，互联网医疗，医疗大数据,生物技术/医疗健康|医疗服务,中国|北京市|海淀区,--,扩张期,2018-10-30,RMB,--,--,--,--,B,--,--,--,--,卫生、社会保障和社会福利业|卫生,社会服务业|卫生、保健、护理服务业,--,2018.xls,1,2018,北京市,卫生、社会保障和社会福利业,卫生,0.4153354786324786,1.5150909743589744,-3.8734308974358975,-0.9751410170940172,a
深创投【广东红土基金】,深圳市创新投资集团有限公司【广东红土创业投资有限公司】,广东红土创投,广东红土创业投资管理有限公司,深创投,深圳市创新投资集团有限公司,广东红土基金,广东红土创业投资有限公司,锦瑞生物,深圳市锦瑞生物科技股份有限公司,医疗健康，生产制造，综合性软件，技术研发,生物技术/医疗健康|医疗服务,中国|广东省|深圳市,--,成熟期,2015-01-21,RMB,--,--,--,--,天使轮,--,--,--,--,卫生、社会保障和社会福利业|卫生,社会服务业|卫生、保健、护理服务业,--,2015.xls,0,2015,广东省,卫生、社会保障和社会福利业,卫生,0.4153354786324786,1.5150909743589744,-3.8734308974358975,-0.9751410170940172,a
达晨财智【达晨创丰基金】,达晨财智【深圳市达晨创丰股权投资企业（有限合伙）】,达晨财智,深圳市达晨财智创业投资管理有限公司,--,--,达晨创丰基金,深圳市达晨创丰股权投资企业（有限合伙）,瑞鹏股份,新瑞鹏宠物医疗集团有限公司,消费生活，医疗健康，生活服务，宠物医疗，宠物服务,生物技术/医疗健康|医疗服务,中国|广东省|深圳市,--,初创期,2015-12-25,RMB,50.00,50.00,7.72,4.00,A,--,"1,250.00",193.04,--,卫生、社会保障和社会福利业|卫生,社会服务业|卫生、保健、护理服务业,全国中小企业股份转让系统(新三板),2015.xls,0,2015,广东省,卫生、社会保障和社会福利业,卫生,0.4153354786324786,1.5150909743589744,-3.8734308974358975,-0.9751410170940172,a
邦盛资本【江苏沿海产业投资基金】,南京邦盛投资管理有限公司【江苏沿海产业投资基金（有限合伙）】,江苏沿海资本,江苏沿海创新资本管理有限公司,邦盛资本,南京邦盛投资管理有限公司,江苏沿海产业投资基金,江苏沿海产业投资基金（有限合伙）,宿迁市妇产医院,宿迁市妇产医院有限公司,医疗健康，医疗服务，妇幼保健，医疗机构,生物技术/医疗健康|医疗服务,中国|江苏省|宿迁市,--,种子期,2015-12-28,RMB,--,--,--,29.41,A,--,--,--,--,卫生、社会保障和社会福利业|卫生,社会服务业|卫生、保健、护理服务业,--,2015.xls,1,2015,江苏省,卫生、社会保障和社会福利业,卫生,0.4153354786324786,1.5150909743589744,-3.8734308974358975,-0.9751410170940172,a
梅花创投【梅花创投天使基金六期】,宁波梅花天使投资管理有限公司【青岛梅花盛开股权投资合伙企业（有限合伙）】,梅花创投,宁波梅花天使投资管理有限公司,--,--,梅花创投天使基金六期,青岛梅花盛开股权投资合伙企业（有限合伙）,轻盈医院,北京轻盈医院管理有限公司,医疗健康，医疗服务,生物技术/医疗健康|医疗服务,中国|北京市|海淀区,创业投资,扩张期,2021-04-15,RMB,--,--,--,14.61,A,吴世春,88.99,13.63,--,卫生、社会保障和社会福利业|卫生,社会服务业|卫生、保健、护理服务业,--,2021.xls,0,2021,北京市,卫生、社会保障和社会福利业,卫生,0.4153354786324786,1.5150909743589744,-3.8734308974358975,-0.9751410170940172,a
辰德资本【辰德资本人民币三期基金】（领投）,上海甲辰投资有限公司【苏州辰知德投资合伙企业（有限合伙）】（领投）,辰德资本,上海甲辰投资有限公司,--,--,辰德资本人民币三期基金,苏州辰知德投资合伙企业（有限合伙）,23魔方,成都二十三魔方生物科技有限公司,医疗服务，分子诊断，医疗检测，医疗健康，体外诊断，检测服务，生物技术,生物技术/医疗健康|医疗服务,中国|四川省|成都市,成长资本,扩张期,2018-07-17,RMB,15.40,15.40,2.31,--,C,--,--,--,--,卫生、社会保障和社会福利业|卫生,社会服务业|卫生、保健、护理服务业,--,2018.xls,0,2018,四川省,卫生、社会保障和社会福利业,卫生,0.4153354786324786,1.5150909743589744,-3.8734308974358975,-0.9751410170940172,a
元生创投【新建元二期创业基金】,苏州工业园区元生创业投资管理有限公司【苏州工业园区新建元二期创业投资企业（有限合伙）】,元生私募基金,苏州元生私募基金管理合伙企业（有限合伙）,元生创投,苏州工业园区元生创业投资管理有限公司,新建元二期创业基金,苏州工业园区新建元二期创业投资企业（有限合伙）,深析智能,天津深析智能科技发展有限公司,医疗健康，大数据，人工智能，计算机视觉，数据分析，人工智能算法，机器学习,生物技术/医疗健康|医疗服务,中国|江苏省|苏州市,--,种子期,2018-05-11,RMB,10.00,10.00,1.57,--,A,--,--,--,--,卫生、社会保障和社会福利业|卫生,社会服务业|卫生、保健、护理服务业,--,2018.xls,0,2018,江苏省,卫生、社会保障和社会福利业,卫生,0.4153354786324786,1.5150909743589744,-3.8734308974358975,-0.9751410170940172,a
博远资本【博远嘉昱创投基金】,博远资本【成都博远嘉昱创业投资合伙企业（有限合伙）】,博睿瑜业股权投资,博睿瑜业（上海）股权投资管理有限公司,博远资本,博远资本,博远嘉昱创投基金,成都博远嘉昱创业投资合伙企业（有限合伙）,博圣生物,浙江博圣生物技术股份有限公司,医疗健康，体外诊断，医疗服务，通用类企业服务，医疗器械,生物技术/医疗健康|医疗服务,中国|浙江省|杭州市|西湖区,成长资本,成熟期,2019-04-04,RMB,--,--,--,3.87,B,--,--,--,--,卫生、社会保障和社会福利业|卫生,社会服务业|卫生、保健、护理服务业,--,2019.xls,0,2019,浙江省,卫生、社会保障和社会福利业,卫生,0.4153354786324786,1.5150909743589744,-3.8734308974358975,-0.9751410170940172,a
元禾控股【原点正则壹号创投基金】,苏州元禾控股股份有限公司【苏州工业园区原点正则壹号创业投资企业（有限合伙）】,元禾原点,苏州工业园区元禾原点创业投资管理有限公司,元禾控股,苏州元禾控股股份有限公司,原点正则壹号创投基金,苏州工业园区原点正则壹号创业投资企业（有限合伙）,华迈兴微,深圳华迈兴微医疗科技有限公司,医疗健康，医疗设备，体外诊断，电子元件，生产制造，医疗远程诊断，医疗器械,生物技术/医疗健康|医疗服务,中国|广东省|深圳市,--,种子期,2015-06-09,RMB,--,--,--,--,天使轮,--,--,--,--,卫生、社会保障和社会福利业|卫生,社会服务业|卫生、保健、护理服务业,--,2015.xls,0,2015,广东省,卫生、社会保障和社会福利业,卫生,0.4153354786324786,1.5150909743589744,-3.8734308974358975,-0.9751410170940172,a
国中资本【深圳国中中小企业发展私募股权投资基金】（领投）,国中资本【深圳国中中小企业发展私募股权投资基金合伙企业（有限合伙）】（领投）,国中创投,深圳国中创业投资管理有限公司,--,--,深圳国中中小企业发展私募股权投资基金,深圳国中中小企业发展私募股权投资基金合伙企业（有限合伙）,柏视医疗,广州柏视医疗科技有限公司,医疗健康，人工智能，医疗服务，医疗影像，AI医疗，精准医疗,生物技术/医疗健康|医疗服务,中国|广东省|广州市,创业投资,初创期,2018-05-24,RMB,--,--,--,14.29,Pre-A,李程晟,279.91,43.89,--,卫生、社会保障和社会福利业|卫生,社会服务业|卫生、保健、护理服务业,--,2018.xls,0,2018,广东省,卫生、社会保障和社会福利业,卫生,0.4153354786324786,1.5150909743589744,-3.8734308974358975,-0.9751410170940172,a
中亿投资【苏州工业园区中亿明源创业投资】,苏州工业园区中亿明源创业投资管理有限公司【苏州工业园区中亿明源创业投资中心（有限合伙）】,中亿投资,苏州工业园区中亿明源创业投资管理有限公司,--,--,苏州工业园区中亿明源创业投资,苏州工业园区中亿明源创业投资中心（有限合伙）,艾隆科技,苏州艾隆科技股份有限公司,医疗健康，医疗服务，数字化管理，物流物联网，物流大数据，智能软件,生物技术/医疗健康|医疗服务,中国|江苏省|苏州市,创业投资,成熟期,2016-03-31,RMB,5.00,5.00,0.77,0.48,B,--,945.36,145.85,--,卫生、社会保障和社会福利业|卫生,社会服务业|卫生、保健、护理服务业,上海证券交易所科创板,2016.xls,0,2016,江苏省,卫生、社会保障和社会福利业,卫生,0.4153354786324786,1.5150909743589744,-3.8734308974358975,-0.9751410170940172,a
泰州国科顺达投资【国科顺达医药产业基金】,泰州国科顺达投资管理有限公司【泰州市国科顺达医药产业投资基金（有限合伙）】,泰州国科顺达投资,泰州国科顺达投资管理有限公司,--,--,国科顺达医药产业基金,泰州市国科顺达医药产业投资基金（有限合伙）,健易保,北京健易保科技有限公司,医疗健康，保险，医药，健康管理，金融，健康保险,生物技术/医疗健康|医疗服务,中国|北京市|海淀区,创业投资,扩张期,2021-10-28,RMB,10.00,10.00,1.56,--,Pre-B,--,--,--,--,卫生、社会保障和社会福利业|卫生,社会服务业|卫生、保健、护理服务业,--,2021.xls,0,2021,北京市,卫生、社会保障和社会福利业,卫生,0.4153354786324786,1.5150909743589744,-3.8734308974358975,-0.9751410170940172,a
锡创投【无锡市金程创投基金】,无锡市创新投资集团有限公司【无锡市金程创业投资有限公司】,无锡金投资本,无锡金投资本私募基金管理有限公司,锡创投,无锡市创新投资集团有限公司,无锡市金程创投基金,无锡市金程创业投资有限公司,锐翌生物,上海锐翌生物科技有限公司,医疗健康，医疗服务，大数据挖掘,生物技术/医疗健康|医疗服务,中国|上海市|闵行区,创业投资,扩张期,2019-04-17,RMB,15.00,15.00,2.19,--,A+,--,--,--,--,卫生、社会保障和社会福利业|卫生,社会服务业|卫生、保健、护理服务业,--,2019.xls,1,2019,上海市,卫生、社会保障和社会福利业,卫生,0.4153354786324786,1.5150909743589744,-3.8734308974358975,-0.9751410170940172,a
杭州启征投资【水木泽华创投】,杭州启征投资管理合伙企业（有限合伙）【杭州水木泽华创业投资合伙企业（有限合伙）】,杭州启征投资,杭州启征投资管理合伙企业（有限合伙）,--,--,水木泽华创投,杭州水木泽华创业投资合伙企业（有限合伙）,凯保罗生物,杭州凯保罗生物科技有限公司,医疗健康，体外诊断，医疗服务，药物研发，靶向药，医药，分子诊断,生物技术/医疗健康|医疗服务,中国|浙江省|杭州市|滨江区,创业投资,扩张期,2016-03-28,RMB,--,--,--,--,A,--,--,--,--,卫生、社会保障和社会福利业|卫生,社会服务业|卫生、保健、护理服务业,--,2016.xls,0,2016,浙江省,卫生、社会保障和社会福利业,卫生,0.4153354786324786,1.5150909743589744,-3.8734308974358975,-0.9751410170940172,a
苏州乔景【苏州景天医疗基金】,苏州乔景投资管理咨询有限公司【苏州景天医疗投资合伙企业（有限合伙）】,苏州乔景,苏州乔景投资管理咨询有限公司,--,--,苏州景天医疗基金,苏州景天医疗投资合伙企业（有限合伙）,康黎医学,上海康黎医学检验所有限公司,医疗健康，医疗服务，基因检测消费级检验,生物技术/医疗健康|医疗服务,中国|上海市|金山区,创业投资,扩张期,2019-03-18,RMB,--,--,--,--,A,--,--,--,--,卫生、社会保障和社会福利业|卫生,社会服务业|卫生、保健、护理服务业,--,2019.xls,0,2019,上海市,卫生、社会保障和社会福利业,卫生,0.4153354786324786,1.5150909743589744,-3.8734308974358975,-0.9751410170940172,a
分享投资【分享择善医疗创投基金】,深圳市分享成长投资管理有限公司【深圳市分享择善精准医疗创业投资合伙企业（有限合伙）】,分享投资,深圳市分享成长投资管理有限公司,--,--,分享择善医疗创投基金,深圳市分享择善精准医疗创业投资合伙企业（有限合伙）,术木医疗,上海术木医疗科技有限公司,医疗健康，金融,生物技术/医疗健康|医疗服务,中国|上海市|徐汇区,成长资本,扩张期,2021-03-01,RMB,--,--,--,--,C,--,--,--,--,卫生、社会保障和社会福利业|卫生,社会服务业|卫生、保健、护理服务业,--,2021.xls,0,2021,上海市,卫生、社会保障和社会福利业,卫生,0.4153354786324786,1.5150909743589744,-3.8734308974358975,-0.9751410170940172,a
蓝湾资本【仙居蓝湾生命健康基金】,蓝湾科创资本集团【仙居蓝湾健康产业投资合伙企业（有限合伙）】,蓝湾创投,南通蓝湾创业投资管理有限公司,蓝湾资本,蓝湾科创资本集团,仙居蓝湾生命健康基金,仙居蓝湾健康产业投资合伙企业（有限合伙）,谱聚医疗,杭州谱聚医疗科技有限公司,医疗器械,生物技术/医疗健康|医疗服务,中国|浙江省|杭州市|临安区,天使投资,种子期,2021-04-16,RMB,--,--,--,5.00,天使轮,--,--,--,--,卫生、社会保障和社会福利业|卫生,社会服务业|卫生、保健、护理服务业,--,2021.xls,1,2021,浙江省,卫生、社会保障和社会福利业,卫生,0.4153354786324786,1.5150909743589744,-3.8734308974358975,-0.9751410170940172,a
丹麓资本【广州丹麓创业投资基金】,广州丹麓股权投资管理有限公司【广州丹麓创业投资基金合伙企业（有限合伙）】,丹麓资本,广州丹麓股权投资管理有限公司,--,--,广州丹麓创业投资基金,广州丹麓创业投资基金合伙企业（有限合伙）,致远慧图,北京致远慧图科技有限公司,医疗健康，大数据，人工智能，医疗服务，医疗影像，AI医疗，大数据挖掘,生物技术/医疗健康|医疗服务,中国|北京市|海淀区,天使投资,初创期,2018-11-08,RMB,10.00(e),10.00(e),1.54(e),20.00,天使轮,--,50.00,7.23,--,卫生、社会保障和社会福利业|卫生,社会服务业|卫生、保健、护理服务业,--,2018.xls,0,2018,北京市,卫生、社会保障和社会福利业,卫生,0.4153354786324786,1.5150909743589744,-3.8734308974358975,-0.9751410170940172,a
晨晖资本【江苏中韩晨晖朗姿基金】,北京晨晖创新投资管理有限公司【江苏中韩晨晖朗姿股权投资基金（有限合伙）】,宁波晨晖创新投资,宁波晨晖创新投资管理有限公司,晨晖资本,北京晨晖创新投资管理有限公司,江苏中韩晨晖朗姿基金,江苏中韩晨晖朗姿股权投资基金（有限合伙）,美立方,西安米兰柏羽医疗美容医院有限公司,医疗健康，医疗服务，生活服务,生物技术/医疗健康|医疗服务,中国|陕西省|西安市,--,扩张期,2018-11-01,RMB,20.00,20.00,2.90,--,A,--,--,--,--,卫生、社会保障和社会福利业|卫生,社会服务业|卫生、保健、护理服务业,--,2018.xls,0,2018,陕西省,卫生、社会保障和社会福利业,卫生,0.4153354786324786,1.5150909743589744,-3.8734308974358975,-0.9751410170940172,a
深高新投【常州高新投创投】,深圳市高新投集团有限公司【常州高新投创业投资有限公司】,常州高新投,常州高新投创业投资管理有限公司,深高新投,深圳市高新投集团有限公司,常州高新投创投,常州高新投创业投资有限公司,友睦口腔,深圳市友睦口腔股份有限公司,医疗健康，医疗服务，医疗机构，专科医疗,生物技术/医疗健康|医疗服务,中国|广东省|深圳市,--,扩张期,2016-01-18,RMB,5.00,5.00,0.76,3.33,A,--,150.00,22.89,--,卫生、社会保障和社会福利业|卫生,社会服务业|卫生、保健、护理服务业,全国中小企业股份转让系统(新三板),2016.xls,0,2016,广东省,卫生、社会保障和社会福利业,卫生,0.4153354786324786,1.5150909743589744,-3.8734308974358975,-0.9751410170940172,a
深创投【创赛基金投资】,深圳市创新投资集团有限公司【深圳市创赛基金投资管理有限公司】,深创投,深圳市创新投资集团有限公司,--,--,创赛基金投资,深圳市创赛基金投资管理有限公司,思勤医疗,深圳思勤医疗科技有限公司,医疗健康，医疗服务，体外诊断，分子诊断,生物技术/医疗健康|医疗服务,中国|广东省|深圳市,天使投资,种子期,2018-06-04,--,--,--,--,--,天使轮,--,--,--,--,卫生、社会保障和社会福利业|卫生,社会服务业|卫生、保健、护理服务业,--,2018.xls,0,2018,广东省,卫生、社会保障和社会福利业,卫生,0.4153354786324786,1.5150909743589744,-3.8734308974358975,-0.9751410170940172,a
雅惠投资【雅惠II期基金】,北京雅惠资产管理有限公司【宁波梅山保税港区雅惠鑫润创业投资合伙企业（有限合伙）】,雅惠投资,北京雅惠资产管理有限公司,--,--,雅惠II期基金,宁波梅山保税港区雅惠鑫润创业投资合伙企业（有限合伙）,美立刻,北京缔佳医疗器械有限公司,医疗健康，医疗服务，医疗设备，互联网医疗，治疗器械，专科医疗,生物技术/医疗健康|医疗服务,中国|北京市|大兴区,天使投资,初创期,2018-03-12,RMB,10.00,10.00,1.51,--,天使轮,--,--,--,--,卫生、社会保障和社会福利业|卫生,社会服务业|卫生、保健、护理服务业,--,2018.xls,0,2018,北京市,卫生、社会保障和社会福利业,卫生,0.4153354786324786,1.5150909743589744,-3.8734308974358975,-0.9751410170940172,a
苏豪一带一路【江苏一带一路投资基金】,江苏苏豪一带一路资本管理有限公司【江苏一带一路投资基金（有限合伙）】,苏豪一带一路,江苏苏豪一带一路资本管理有限公司,--,--,江苏一带一路投资基金,江苏一带一路投资基金（有限合伙）,华源医疗,江苏华源医疗科技有限公司,生产制造,生物技术/医疗健康|医疗服务,中国|江苏省|盐城市|东台市,新三板定增,扩张期,2017-12-25,RMB,49.68,49.68,7.56,9.72,新三板定增,--,511.32,77.85,--,卫生、社会保障和社会福利业|卫生,社会服务业|卫生、保健、护理服务业,全国中小企业股份转让系统(新三板),2017.xls,1,2017,江苏省,卫生、社会保障和社会福利业,卫生,0.4153354786324786,1.5150909743589744,-3.8734308974358975,-0.9751410170940172,a
珠海基金【珠海发展投资基金】,珠海发展投资基金管理有限公司【珠海发展投资基金（有限合伙）】,珠海基金,珠海发展投资基金管理有限公司,--,--,珠海发展投资基金,珠海发展投资基金（有限合伙）,碳云智能,珠海碳云智能科技有限公司,大数据,生物技术/医疗健康|医疗服务,中国|广东省|珠海市,天使投资,种子期,2019-07-26,RMB,--,--,--,--,天使轮,--,--,--,--,卫生、社会保障和社会福利业|卫生,社会服务业|卫生、保健、护理服务业,--,2019.xls,1,2019,广东省,卫生、社会保障和社会福利业,卫生,0.4153354786324786,1.5150909743589744,-3.8734308974358975,-0.9751410170940172,a
光谷人才投资【武汉光谷人才创业投资】,武汉光谷人才私募投资管理有限公司【武汉光谷人才创业投资合伙企业（有限合伙）】,光谷人才投资,武汉光谷人才私募投资管理有限公司,--,--,武汉光谷人才创业投资,武汉光谷人才创业投资合伙企业（有限合伙）,华一同信,武汉华一同信生物科技有限公司,医疗健康，再生医学，干细胞，基因芯片,生物技术/医疗健康|医疗服务,中国|湖北省|武汉市,--,初创期,2017-11-13,--,--,--,--,--,天使轮,--,--,--,--,卫生、社会保障和社会福利业|卫生,社会服务业|卫生、保健、护理服务业,--,2017.xls,0,2017,湖北省,卫生、社会保障和社会福利业,卫生,0.4153354786324786,1.5150909743589744,-3.8734308974358975,-0.9751410170940172,a
元生创投【元生创投三期人民币基金】（领投）,苏州工业园区元生创业投资管理有限公司【苏州工业园区新建元三期创业投资企业（有限合伙）】（领投）,元生私募基金,苏州元生私募基金管理合伙企业（有限合伙）,元生创投,苏州工业园区元生创业投资管理有限公司,元生创投三期人民币基金,苏州工业园区新建元三期创业投资企业（有限合伙）,水木医疗,北京中关村水木医疗科技有限公司,医疗健康，医疗器械,生物技术/医疗健康|医疗服务,中国|北京市|大兴区,成长资本,扩张期,2021-08-25,RMB,50.00,50.00,7.10,7.41,A,--,675.00,104.28,--,卫生、社会保障和社会福利业|卫生,社会服务业|卫生、保健、护理服务业,--,2021.xls,0,2021,北京市,卫生、社会保障和社会福利业,卫生,0.4153354786324786,1.5150909743589744,-3.8734308974358975,-0.9751410170940172,a
光谷人才投资【武汉光谷人才创业投资】,武汉光谷人才私募投资管理有限公司【武汉光谷人才创业投资合伙企业（有限合伙）】,光谷人才投资,武汉光谷人才私募投资管理有限公司,--,--,武汉光谷人才创业投资,武汉光谷人才创业投资合伙企业（有限合伙）,振豪生物,武汉振豪生物科技有限公司,医疗健康，再生医学，体外诊断，诊断试剂，医疗服务，医疗器械,生物技术/医疗健康|医疗服务,中国|湖北省|武汉市,--,初创期,2017-11-13,--,--,--,--,--,天使轮,--,--,--,--,卫生、社会保障和社会福利业|卫生,社会服务业|卫生、保健、护理服务业,--,2017.xls,0,2017,湖北省,卫生、社会保障和社会福利业,卫生,0.4153354786324786,1.5150909743589744,-3.8734308974358975,-0.9751410170940172,a
光谷人才投资【武汉光谷人才创业投资】,武汉光谷人才私募投资管理有限公司【武汉光谷人才创业投资合伙企业（有限合伙）】,光谷人才投资,武汉光谷人才私募投资管理有限公司,--,--,武汉光谷人才创业投资,武汉光谷人才创业投资合伙企业（有限合伙）,百纳礼康,武汉百纳礼康生物制药有限公司,医疗健康，医药，药品生产，医疗器械，化工，生物制药,生物技术/医疗健康|医疗服务,中国|湖北省|武汉市,--,种子期,2017-11-15,--,--,--,--,--,天使轮,--,--,--,--,卫生、社会保障和社会福利业|卫生,社会服务业|卫生、保健、护理服务业,--,2017.xls,0,2017,湖北省,卫生、社会保障和社会福利业,卫生,0.4153354786324786,1.5150909743589744,-3.8734308974358975,-0.9751410170940172,a
雅瑞资本【北京中关村智友投资】,雅瑞和宜资本管理（北京）有限责任公司【北京中关村智友投资合伙企业（有限合伙）】,雅瑞资本,雅瑞和宜资本管理（北京）有限责任公司,--,--,北京中关村智友投资,北京中关村智友投资合伙企业（有限合伙）,精诊科技,北京精诊医疗科技有限公司,VR·AR，人工智能，医疗健康，大数据挖掘，医疗器械,生物技术/医疗健康|医疗服务,中国|北京市|海淀区,成长资本,扩张期,2021-09-01,RMB,50.00,50.00,7.73,--,B,王田苗,--,--,--,卫生、社会保障和社会福利业|卫生,社会服务业|卫生、保健、护理服务业,--,2021.xls,0,2021,北京市,卫生、社会保障和社会福利业,卫生,0.4153354786324786,1.5150909743589744,-3.8734308974358975,-0.9751410170940172,a
远毅资本【远毅人民币二期基金】,宁波远毅投资管理有限公司【苏州远毅睿恒股权投资合伙企业（有限合伙）】,苏州松毅创投,苏州松毅创业投资管理有限公司,远毅资本,宁波远毅投资管理有限公司,远毅人民币二期基金,苏州远毅睿恒股权投资合伙企业（有限合伙）,小鸟健康,北京云动脉健康管理有限公司,医疗健康，大数据，医疗服务，体外诊断，大数据挖掘,生物技术/医疗健康|医疗服务,中国|北京市|朝阳区,创业投资,扩张期,2021-09-01,RMB,--,--,--,6.69,A+,唐轶男,--,--,--,卫生、社会保障和社会福利业|卫生,社会服务业|卫生、保健、护理服务业,--,2021.xls,0,2021,北京市,卫生、社会保障和社会福利业,卫生,0.4153354786324786,1.5150909743589744,-3.8734308974358975,-0.9751410170940172,a
创新工场【北京创新工场投资】,创新工场【北京创新工场投资中心（有限合伙）】,北京互联创新工场,北京互联创新工场投资管理有限公司,--,--,北京创新工场投资,北京创新工场投资中心（有限合伙）,安智因生物,北京安智因生物技术有限公司,医疗健康，大数据，体外诊断，基因测序医学检验，测序辅助平台，基因测序,生物技术/医疗健康|医疗服务,中国|北京市|大兴区,成长资本,初创期,2020-02-21,RMB,40.00,40.00,5.71,--,B,--,--,--,--,卫生、社会保障和社会福利业|卫生,社会服务业|卫生、保健、护理服务业,--,2020.xls,0,2020,北京市,卫生、社会保障和社会福利业,卫生,0.4153354786324786,1.5150909743589744,-3.8734308974358975,-0.9751410170940172,a
光谷人才投资【武汉光谷人才创业投资】,武汉光谷人才私募投资管理有限公司【武汉光谷人才创业投资合伙企业（有限合伙）】,光谷人才投资,武汉光谷人才私募投资管理有限公司,--,--,武汉光谷人才创业投资,武汉光谷人才创业投资合伙企业（有限合伙）,尚智堂,武汉尚智堂生物科技有限公司,医疗健康，医药，药物研发，技术研发，生物药,生物技术/医疗健康|医疗服务,中国|湖北省|武汉市,--,种子期,2017-11-17,--,--,--,--,--,天使轮,--,--,--,--,卫生、社会保障和社会福利业|卫生,社会服务业|卫生、保健、护理服务业,--,2017.xls,0,2017,湖北省,卫生、社会保障和社会福利业,卫生,0.4153354786324786,1.5150909743589744,-3.8734308974358975,-0.9751410170940172,a
光谷人才投资【武汉光谷人才创业投资】,武汉光谷人才私募投资管理有限公司【武汉光谷人才创业投资合伙企业（有限合伙）】,光谷人才投资,武汉光谷人才私募投资管理有限公司,--,--,武汉光谷人才创业投资,武汉光谷人才创业投资合伙企业（有限合伙）,翼扬生物,武汉翼扬生物医药有限公司,医疗健康，医药，生物药,生物技术/医疗健康|医疗服务,中国|湖北省|武汉市,--,种子期,2017-11-20,--,--,--,--,--,天使轮,--,--,--,--,卫生、社会保障和社会福利业|卫生,社会服务业|卫生、保健、护理服务业,--,2017.xls,0,2017,湖北省,卫生、社会保障和社会福利业,卫生,0.4153354786324786,1.5150909743589744,-3.8734308974358975,-0.9751410170940172,a
合力投资【合嘉泓励创业投资】,上海合之力投资管理有限公司【合嘉泓励（杭州）创业投资合伙企业（有限合伙）】,合力投资,上海合之力投资管理有限公司,--,--,合嘉泓励创业投资,合嘉泓励（杭州）创业投资合伙企业（有限合伙）,米喜家庭医生,上海米喜网络科技有限公司,医疗健康，移动医疗，医疗信息化,生物技术/医疗健康|医疗服务,中国|上海市|普陀区,--,扩张期,2017-03-15,--,--,--,--,--,A,--,--,--,--,卫生、社会保障和社会福利业|卫生,社会服务业|卫生、保健、护理服务业,--,2017.xls,0,2017,上海市,卫生、社会保障和社会福利业,卫生,0.4153354786324786,1.5150909743589744,-3.8734308974358975,-0.9751410170940172,a
光谷人才投资【武汉光谷人才创业投资】,武汉光谷人才私募投资管理有限公司【武汉光谷人才创业投资合伙企业（有限合伙）】,光谷人才投资,武汉光谷人才私募投资管理有限公司,--,--,武汉光谷人才创业投资,武汉光谷人才创业投资合伙企业（有限合伙）,核圣生物,武汉核圣生物技术有限公司,医疗健康，生物技术，仪器仪表,生物技术/医疗健康|医疗服务,中国|湖北省|武汉市,--,种子期,2017-11-24,--,--,--,--,--,天使轮,--,--,--,--,卫生、社会保障和社会福利业|卫生,社会服务业|卫生、保健、护理服务业,--,2017.xls,0,2017,湖北省,卫生、社会保障和社会福利业,卫生,0.4153354786324786,1.5150909743589744,-3.8734308974358975,-0.9751410170940172,a
光谷人才投资【武汉光谷人才创业投资】,武汉光谷人才私募投资管理有限公司【武汉光谷人才创业投资合伙企业（有限合伙）】,光谷人才投资,武汉光谷人才私募投资管理有限公司,--,--,武汉光谷人才创业投资,武汉光谷人才创业投资合伙企业（有限合伙）,博杰生物,武汉博杰生物医学科技有限公司,医疗健康，大数据，体外诊断，大数据挖掘,生物技术/医疗健康|医疗服务,中国|湖北省|武汉市,--,初创期,2017-12-01,--,--,--,--,--,天使轮,--,--,--,--,卫生、社会保障和社会福利业|卫生,社会服务业|卫生、保健、护理服务业,--,2017.xls,0,2017,湖北省,卫生、社会保障和社会福利业,卫生,0.4153354786324786,1.5150909743589744,-3.8734308974358975,-0.9751410170940172,a
四川聚信【四川省健康养老产业股权投资基金】,四川聚信发展股权投资基金管理有限公司【四川省健康养老产业股权投资基金合伙企业（有限合伙）】,四川聚信,四川聚信发展股权投资基金管理有限公司,--,--,四川省健康养老产业股权投资基金,四川省健康养老产业股权投资基金合伙企业（有限合伙）,艾科斯伦,成都艾科斯伦医疗科技有限公司,医疗健康，医疗设备，体外诊断，诊断试剂，医疗服务，医疗器械,生物技术/医疗健康|医疗服务,中国|四川省|成都市,创业投资,扩张期,2020-01-09,RMB,10.02,10.02,1.44,9.19,A,--,53.38,7.68,--,卫生、社会保障和社会福利业|卫生,社会服务业|卫生、保健、护理服务业,--,2020.xls,1,2020,四川省,卫生、社会保障和社会福利业,卫生,0.4153354786324786,1.5150909743589744,-3.8734308974358975,-0.9751410170940172,a
镇海发展基金管理【镇海汇智天使基金】,宁波市镇海产业发展基金管理有限公司【宁波市镇海汇智天使投资合伙企业（有限合伙）】,镇海发展基金管理,宁波市镇海产业发展基金管理有限公司,--,--,镇海汇智天使基金,宁波市镇海汇智天使投资合伙企业（有限合伙）,易赛腾生物,宁波易赛腾生物科技有限公司,医疗健康，医药,生物技术/医疗健康|医疗服务,中国|浙江省|宁波市|江北区,--,初创期,2021-07-02,RMB,--,--,--,--,A,--,--,--,--,卫生、社会保障和社会福利业|卫生,社会服务业|卫生、保健、护理服务业,--,2021.xls,1,2021,浙江省,卫生、社会保障和社会福利业,卫生,0.4153354786324786,1.5150909743589744,-3.8734308974358975,-0.9751410170940172,a
远毅资本【远毅一期人民币基金】（领投）,宁波远毅投资管理有限公司【苏州远毅智源股权投资合伙企业（有限合伙）】（领投）,苏州松毅创投,苏州松毅创业投资管理有限公司,远毅资本,宁波远毅投资管理有限公司,远毅一期人民币基金,苏州远毅智源股权投资合伙企业（有限合伙）,骐骥生物,北京骐骥生物技术有限公司,医疗健康，医疗服务，体外诊断，质谱分析,生物技术/医疗健康|医疗服务,中国|北京市|海淀区,创业投资,扩张期,2018-03-07,RMB,--,--,--,10.00,Pre-A,宋依然,140.00,22.09,--,卫生、社会保障和社会福利业|卫生,社会服务业|卫生、保健、护理服务业,--,2018.xls,0,2018,北京市,卫生、社会保障和社会福利业,卫生,0.4153354786324786,1.5150909743589744,-3.8734308974358975,-0.9751410170940172,a
拾玉【丹青二期基金】（领投）,海南拾玉私募基金管理有限公司【苏州丹青二期创新医药产业投资合伙企业（有限合伙）】（领投）,拾玉,海南拾玉私募基金管理有限公司,--,--,丹青二期基金,苏州丹青二期创新医药产业投资合伙企业（有限合伙）,云甲科技,深圳云甲科技有限公司,医疗健康，综合性软件，专科医疗，核心工业软件,生物技术/医疗健康|医疗服务,中国|广东省|深圳市|南山区,成长资本,扩张期,2021-12-17,RMB,--,--,--,2.40,A,曹坚,"4,166.67",654.61,--,卫生、社会保障和社会福利业|卫生,社会服务业|卫生、保健、护理服务业,--,2021.xls,0,2021,广东省,卫生、社会保障和社会福利业,卫生,0.4153354786324786,1.5150909743589744,-3.8734308974358975,-0.9751410170940172,a
元璟资本【圆璟创恒股权投资】,杭州元璟投资管理有限公司【杭州圆璟创恒股权投资基金合伙企业（有限合伙）】,杭州元璟睿恒投资,杭州元璟睿恒投资管理有限公司,元璟资本,杭州元璟投资管理有限公司,圆璟创恒股权投资,杭州圆璟创恒股权投资基金合伙企业（有限合伙）,云呼科技,杭州云呼网络科技有限公司,医疗健康，医疗服务，冷链物流,生物技术/医疗健康|医疗服务,中国|浙江省|杭州市,--,种子期,2017-12-04,RMB,5.00,5.00,0.76,8.98,Pre-A,--,59.52,9.00,--,卫生、社会保障和社会福利业|卫生,社会服务业|卫生、保健、护理服务业,--,2017.xls,0,2017,浙江省,卫生、社会保障和社会福利业,卫生,0.4153354786324786,1.5150909743589744,-3.8734308974358975,-0.9751410170940172,a
清源投资【深圳源创力清源创业投资】（领投）,深圳清源投资管理股份有限公司【深圳源创力清源创业投资合伙企业（有限合伙）】（领投）,深圳恒泰清源投资,深圳源创力清源投资管理有限公司,力合清源,深圳力合清源创业投资管理有限公司,深圳源创力清源创业投资,深圳源创力清源创业投资合伙企业（有限合伙）,深研生物,深圳市深研生物科技有限公司,医疗健康，细胞治疗,生物技术/医疗健康|医疗服务,中国|广东省|深圳市,创业投资,扩张期,2020-10-26,RMB,--,--,--,5.97,A+,卢宇哲,335.01,49.83,--,卫生、社会保障和社会福利业|卫生,社会服务业|卫生、保健、护理服务业,--,2020.xls,0,2020,广东省,卫生、社会保障和社会福利业,卫生,0.4153354786324786,1.5150909743589744,-3.8734308974358975,-0.9751410170940172,a
元生创投【北京市元生天使创业投资】（领投）,苏州工业园区元生创业投资管理有限公司【北京市元生天使创业投资合伙企业（有限合伙）】（领投）,元生私募基金,苏州元生私募基金管理合伙企业（有限合伙）,元生创投,苏州工业园区元生创业投资管理有限公司,北京市元生天使创业投资,北京市元生天使创业投资合伙企业（有限合伙）,尔瑞鑫悦,北京尔瑞鑫悦科技有限公司,医疗健康，医疗服务,生物技术/医疗健康|医疗服务,中国|北京市|大兴区,创业投资,种子期,2021-12-16,RMB,--,--,--,12.74,天使轮,陈杰,156.99,24.67,--,卫生、社会保障和社会福利业|卫生,社会服务业|卫生、保健、护理服务业,--,2021.xls,0,2021,北京市,卫生、社会保障和社会福利业,卫生,0.4153354786324786,1.5150909743589744,-3.8734308974358975,-0.9751410170940172,a
上海思嘉建信创投【思嘉建信创投基金】,上海思嘉建信创业投资管理有限公司【苏州思嘉建信创业投资合伙企业（有限合伙）】,上海思嘉建信创投,上海思嘉建信创业投资管理有限公司,--,--,思嘉建信创投基金,苏州思嘉建信创业投资合伙企业（有限合伙）,基准医疗,广州市基准医疗有限责任公司,医疗健康，医疗服务，体外诊断，测序辅助平台,生物技术/医疗健康|医疗服务,中国|广东省|广州市,--,初创期,2017-11-07,USD,9.80(e),66.61(e),9.80(e),--,B,--,--,--,--,卫生、社会保障和社会福利业|卫生,社会服务业|卫生、保健、护理服务业,--,2017.xls,0,2017,广东省,卫生、社会保障和社会福利业,卫生,0.4153354786324786,1.5150909743589744,-3.8734308974358975,-0.9751410170940172,a
建信股权投资【建信领航战略性新兴产业基金】,建信股权投资管理有限责任公司【建信领航战略性新兴产业发展基金（有限合伙）】,建信股权投资,建信股权投资管理有限责任公司,--,--,建信领航战略性新兴产业基金,建信领航战略性新兴产业发展基金（有限合伙）,臻和科技,无锡臻和生物科技有限公司,医疗健康，医疗服务，体外诊断，生产制造,生物技术/医疗健康|医疗服务,中国|江苏省|无锡市,成长资本,扩张期,2020-10-26,RMB,17.65,17.65,2.65,--,E,--,--,--,--,卫生、社会保障和社会福利业|卫生,社会服务业|卫生、保健、护理服务业,--,2020.xls,1,2020,江苏省,卫生、社会保障和社会福利业,卫生,0.4153354786324786,1.5150909743589744,-3.8734308974358975,-0.9751410170940172,a
光谷人才投资【武汉光谷人才创业投资】,武汉光谷人才私募投资管理有限公司【武汉光谷人才创业投资合伙企业（有限合伙）】,光谷人才投资,武汉光谷人才私募投资管理有限公司,--,--,武汉光谷人才创业投资,武汉光谷人才创业投资合伙企业（有限合伙）,纳谷微源,武汉纳谷微源物联科技有限公司,物联网，电子元件，物流物联网，工业互联网平台，物联网感知层，城市物联网，物联网应用开发平台，物联网应用层，物联网通信层，物联网公共服务，物联网智慧生活，物联网智慧农场,生物技术/医疗健康|医疗服务,中国|湖北省|武汉市,--,种子期,2017-11-02,--,--,--,--,--,天使轮,--,--,--,--,卫生、社会保障和社会福利业|卫生,社会服务业|卫生、保健、护理服务业,--,2017.xls,0,2017,湖北省,卫生、社会保障和社会福利业,卫生,0.4153354786324786,1.5150909743589744,-3.8734308974358975,-0.9751410170940172,a
醴泽资本【疌泉醴泽创投基金】,上海醴泽管理咨询有限公司【江苏疌泉醴泽健康产业创业投资基金（有限合伙）】,江苏醴泽投资,江苏醴泽投资管理有限公司,醴泽资本,上海醴泽管理咨询有限公司,疌泉醴泽创投基金,江苏疌泉醴泽健康产业创业投资基金（有限合伙）,泓宇医疗,上海竑宇医疗科技有限公司,医疗健康，医疗服务，宠物服务,生物技术/医疗健康|医疗服务,中国|上海市|闵行区,创业投资,种子期,2020-03-26,RMB,9.00,9.00,1.27,--,A,--,--,--,--,卫生、社会保障和社会福利业|卫生,社会服务业|卫生、保健、护理服务业,--,2020.xls,0,2020,上海市,卫生、社会保障和社会福利业,卫生,0.4153354786324786,1.5150909743589744,-3.8734308974358975,-0.9751410170940172,a
京铭资本【融汇新动能产业专项发展母基金】,青岛京铭创新资本管理有限公司【青岛融汇新动能产业专项发展股权投资母基金合伙企业（有限合伙）】,国铸资本,青岛国铸资产管理有限公司,京铭资本,青岛京铭创新资本管理有限公司,融汇新动能产业专项发展母基金,青岛融汇新动能产业专项发展股权投资母基金合伙企业（有限合伙）,百洋智能,百洋智能科技集团股份有限公司,医疗健康，大数据，企业服务，人工智能，云计算，SaaS，医疗服务，互联网医疗，医疗信息化,生物技术/医疗健康|医疗服务,中国|山东省|青岛市,成长资本,扩张期,2020-06-29,RMB,90.00,90.00,12.76,--,A+,孙云飞,--,--,--,卫生、社会保障和社会福利业|卫生,社会服务业|卫生、保健、护理服务业,--,2020.xls,1,2020,山东省,卫生、社会保障和社会福利业,卫生,0.4153354786324786,1.5150909743589744,-3.8734308974358975,-0.9751410170940172,a
邦明资本【扬州龙川产业转型升级基金】,上海邦明投资管理股份有限公司【扬州龙川产业转型升级投资中心（有限合伙）】,邦明资本,上海邦明投资管理股份有限公司,--,--,扬州龙川产业转型升级基金,扬州龙川产业转型升级投资中心（有限合伙）,晟视科技,杭州晟视科技有限公司,医疗健康，医疗服务，医疗影像，医疗器械，诊疗服务，心血管,生物技术/医疗健康|医疗服务,中国|浙江省|杭州市|余杭区,天使投资,扩张期,2021-12-31,RMB,5.00,5.00,0.78,0.84,Pre-A,--,740.19,116.10,--,卫生、社会保障和社会福利业|卫生,社会服务业|卫生、保健、护理服务业,--,2021.xls,0,2021,浙江省,卫生、社会保障和社会福利业,卫生,0.4153354786324786,1.5150909743589744,-3.8734308974358975,-0.9751410170940172,a
和达投资【和达生物医药创业基金】（领投）,杭州和达投资管理有限公司【杭州和达生物医药创业投资合伙企业（有限合伙）】（领投）,和达投资,杭州和达投资管理有限公司,--,--,和达生物医药创业基金,杭州和达生物医药创业投资合伙企业（有限合伙）,联川生物,杭州联川生物技术股份有限公司,医疗健康，体外诊断，测序辅助平台，质谱分析，基因合成,生物技术/医疗健康|医疗服务,中国|浙江省|杭州市,成长资本,成熟期,2020-06-28,RMB,56.00,56.00,8.69,--,B,--,--,--,--,卫生、社会保障和社会福利业|卫生,社会服务业|卫生、保健、护理服务业,全国中小企业股份转让系统(新三板),2020.xls,0,2020,浙江省,卫生、社会保障和社会福利业,卫生,0.4153354786324786,1.5150909743589744,-3.8734308974358975,-0.9751410170940172,a
安龙基金【安龙基金二期】,北京安龙创业投资基金（有限合伙）【北京龙脉得创业投资基金（有限合伙）】,安龙基金,北京安龙创业投资基金（有限合伙）,--,--,安龙基金二期,北京龙脉得创业投资基金（有限合伙）,美联泰科,北京美联泰科生物技术有限公司,医疗健康，医疗服务，体外诊断，生产制造，诊断仪器，诊断试剂，POCT，医疗器械,生物技术/医疗健康|医疗服务,中国|北京市|大兴区,成长资本,初创期,2020-06-23,RMB,20.00,20.00,2.82,6.84,B,吴跃鹏,--,--,--,卫生、社会保障和社会福利业|卫生,社会服务业|卫生、保健、护理服务业,--,2020.xls,0,2020,北京市,卫生、社会保障和社会福利业,卫生,0.4153354786324786,1.5150909743589744,-3.8734308974358975,-0.9751410170940172,a
华澍资本【高平启航私募基金】,北京华澍资本管理中心（有限合伙）【高平启航产业振兴私募股权投资基金合伙企业（有限合伙）】,清大华澍,清大华澍（厦门）投资管理有限公司,华澍资本,北京华澍资本管理中心（有限合伙）,高平启航私募基金,高平启航产业振兴私募股权投资基金合伙企业（有限合伙）,加乐医疗,山西加乐医疗科技有限责任公司,医疗器械,生物技术/医疗健康|医疗服务,中国|山西省|晋城市|高平市,创业投资,种子期,2020-06-19,--,--,--,--,10.00,A,--,--,--,--,卫生、社会保障和社会福利业|卫生,社会服务业|卫生、保健、护理服务业,--,2020.xls,1,2020,山西省,卫生、社会保障和社会福利业,卫生,0.4153354786324786,1.5150909743589744,-3.8734308974358975,-0.9751410170940172,a
IDG资本【和谐成长二期】,IDG资本【和谐成长二期（义乌）投资中心（有限合伙）】,和谐天明投资,和谐天明投资管理（北京）有限公司,IDG资本,IDG资本,和谐成长二期,和谐成长二期（义乌）投资中心（有限合伙）,品生医学,江苏品生医疗科技集团有限公司,医疗健康，医疗服务，医药，精准医疗,生物技术/医疗健康|医疗服务,中国|江苏省|南京市,天使投资,种子期,2017-07-01,RMB,--,--,--,--,天使轮,--,--,--,--,卫生、社会保障和社会福利业|卫生,社会服务业|卫生、保健、护理服务业,--,2017.xls,0,2017,江苏省,卫生、社会保障和社会福利业,卫生,0.4153354786324786,1.5150909743589744,-3.8734308974358975,-0.9751410170940172,a
险峰K2VC【险峰旗云】,险峰K2VC【杭州险峰旗云投资合伙企业（有限合伙）】,险峰长晴,西藏险峰长晴创业投资管理有限公司,险峰长青,北京险峰长青投资咨询有限公司,险峰旗云,杭州险峰旗云投资合伙企业（有限合伙）,优迅医学,北京优迅医学检验实验室有限公司,医疗健康，医疗服务，体外诊断，大数据挖掘，基因测序,生物技术/医疗健康|医疗服务,中国|北京市|海淀区,--,初创期,2017-07-01,RMB,56.67,56.67,8.36,--,A,--,--,--,--,卫生、社会保障和社会福利业|卫生,社会服务业|卫生、保健、护理服务业,--,2017.xls,0,2017,北京市,卫生、社会保障和社会福利业,卫生,0.4153354786324786,1.5150909743589744,-3.8734308974358975,-0.9751410170940172,a
杏泽资本【杏泽三禾基金】,上海杏泽投资管理有限公司【上海杏泽三禾创业投资合伙企业（有限合伙）】,杏泽资本,上海杏泽投资管理有限公司,--,--,杏泽三禾基金,上海杏泽三禾创业投资合伙企业（有限合伙）,嘉宝仁和,北京嘉宝仁和医疗科技股份有限公司,医疗健康，医疗服务，医疗设备，体外诊断，生产制造，基因检测耗材，管理软件,生物技术/医疗健康|医疗服务,中国|北京市|大兴区,成长资本,扩张期,2020-08-10,RMB,100.00,100.00,14.41,7.48,B+,刘文溢,"1,336.90",192.61,--,卫生、社会保障和社会福利业|卫生,社会服务业|卫生、保健、护理服务业,--,2020.xls,0,2020,北京市,卫生、社会保障和社会福利业,卫生,0.4153354786324786,1.5150909743589744,-3.8734308974358975,-0.9751410170940172,a
天图投资【天图天使基金】（领投）,深圳市天图投资管理股份有限公司【深圳天图兴深天使创业投资合伙企业（有限合伙）】（领投）,天图资本,深圳天图资本管理中心（有限合伙）,天图投资,深圳市天图投资管理股份有限公司,天图天使基金,深圳天图兴深天使创业投资合伙企业（有限合伙）,合木千行,深圳市合木千行科技有限公司,医疗健康，人工智能，机器人,生物技术/医疗健康|医疗服务,中国|广东省|深圳市|龙华区,天使投资,初创期,2021-12-27,RMB,--,--,--,5.00,Pre-A,--,--,--,--,卫生、社会保障和社会福利业|卫生,社会服务业|卫生、保健、护理服务业,--,2021.xls,0,2021,广东省,卫生、社会保障和社会福利业,卫生,0.4153354786324786,1.5150909743589744,-3.8734308974358975,-0.9751410170940172,a
天创资本【天津创投引导基金】,天津创业投资管理有限公司【天津创业投资有限公司】,天创资本,天津创业投资管理有限公司,--,--,天津创投引导基金,天津创业投资有限公司,海世达,天津海世达检测技术有限公司,企业服务，医疗健康，创业投资，农业，投资,生物技术/医疗健康|医疗服务,中国|天津市,--,种子期,2005-06-01,RMB,10.00,10.00,1.21,--,A,--,--,--,--,卫生、社会保障和社会福利业|卫生,综合类,--,2000-2012.xls,1,2005,天津市,卫生、社会保障和社会福利业,卫生,0.4153354786324786,1.5150909743589744,-3.8734308974358975,-0.9751410170940172,a
金雨茂物【南京金投健康基金】,金雨茂物投资管理股份有限公司【南京金投健康产业投资企业（有限合伙）】,金茂创业,南京金茂创业投资管理合伙企业（有限合伙）,金雨茂物,金雨茂物投资管理股份有限公司,南京金投健康基金,南京金投健康产业投资企业（有限合伙）,丹诺健康科技,南京丹诺健康科技有限公司,医疗健康，企业服务，人工智能，医疗服务，数字医疗，医疗器械,生物技术/医疗健康|医疗服务,中国|江苏省|南京市,--,初创期,2017-06-19,RMB,10.30,10.30,1.51,20.00,A,--,51.51,7.58,--,卫生、社会保障和社会福利业|卫生,社会服务业|卫生、保健、护理服务业,--,2017.xls,1,2017,江苏省,卫生、社会保障和社会福利业,卫生,0.4153354786324786,1.5150909743589744,-3.8734308974358975,-0.9751410170940172,a
鼎嘉创投【上海张江创投】,上海鼎嘉创业投资管理有限公司【上海张江创业投资有限公司】,鼎嘉创投,上海鼎嘉创业投资管理有限公司,--,--,上海张江创投,上海张江创业投资有限公司,透景生命,上海透景生命科技股份有限公司,医疗健康，医疗设备，体外诊断，医疗服务，医疗器械，诊断试剂，技术研发,生物技术/医疗健康|医疗服务,中国|上海市|浦东新区,--,扩张期,2007-10-19,RMB,5.00,5.00,0.67,19.23,A,--,26.00,3.46,--,卫生、社会保障和社会福利业|卫生,社会服务业|卫生、保健、护理服务业,深圳证券交易所创业板,2000-2012.xls,0,2007,上海市,卫生、社会保障和社会福利业,卫生,0.4153354786324786,1.5150909743589744,-3.8734308974358975,-0.9751410170940172,a
启明创投【启明创投五期人民币基金】,启明维创创业投资管理（上海）有限公司【苏州工业园区启明融科股权投资合伙企业（有限合伙）】,苏州启元股权投资,苏州启元股权投资管理合伙企业（有限合伙）,启明创投,启明维创创业投资管理（上海）有限公司,启明创投五期人民币基金,苏州工业园区启明融科股权投资合伙企业（有限合伙）,妙手医生,北京圆心科技集团股份有限公司,医疗健康，医疗服务，互联网医疗，患者管理,生物技术/医疗健康|医疗服务,中国|北京市|丰台区,创业投资,初创期,2017-06-01,RMB,46.67,46.67,7.11,--,其他,胡旭波,--,--,--,卫生、社会保障和社会福利业|卫生,社会服务业|卫生、保健、护理服务业,--,2017.xls,0,2017,北京市,卫生、社会保障和社会福利业,卫生,0.4153354786324786,1.5150909743589744,-3.8734308974358975,-0.9751410170940172,a
君联资本【联想投资四期基金】,"君联资本管理股份有限公司【LC Fund IV, L.P.】",君联资本,君联资本管理股份有限公司,--,--,联想投资四期基金,"LC Fund IV, L.P.",金域检验,广州金域医学检验中心有限公司,医疗健康，医药,生物技术/医疗健康|医疗服务,中国|广东省|广州市|海珠区,--,扩张期,2008-01-01,USD,--,--,--,--,C,陈浩,--,--,--,卫生、社会保障和社会福利业|卫生,社会服务业|卫生、保健、护理服务业,--,2000-2012.xls,0,2008,广东省,卫生、社会保障和社会福利业,卫生,0.4153354786324786,1.5150909743589744,-3.8734308974358975,-0.9751410170940172,a
昌平科技园【中财昌科知衡一号创投基金】,北京昌平科技园发展有限公司【北京昌科知衡一号创业投资合伙企业（有限合伙）】,北京昌科金投资,北京昌科金投资有限公司,昌平科技园,北京昌平科技园发展有限公司,中财昌科知衡一号创投基金,北京昌科知衡一号创业投资合伙企业（有限合伙）,赛赋医药,北京赛赋医药研究院有限公司,医疗健康，医药，药物外包，创新药，医药研发外包CRO,生物技术/医疗健康|医疗服务,中国|北京市|大兴区,成长资本,扩张期,2021-08-19,RMB,5.48,5.48,0.86,0.25,C,--,"2,372.81",365.88,--,卫生、社会保障和社会福利业|卫生,社会服务业|卫生、保健、护理服务业,--,2021.xls,0,2021,北京市,卫生、社会保障和社会福利业,卫生,0.4153354786324786,1.5150909743589744,-3.8734308974358975,-0.9751410170940172,a
时代伯乐【深圳市时代伯乐领航天使创业投资】（领投）,深圳市时代伯乐创业投资管理有限公司【深圳市时代伯乐领航天使创业投资合伙企业（有限合伙）】（领投）,时代伯乐,深圳市时代伯乐创业投资管理有限公司,--,--,深圳市时代伯乐领航天使创业投资,深圳市时代伯乐领航天使创业投资合伙企业（有限合伙）,镜象科技,深圳市镜象科技有限公司,医疗健康，健康咨询,生物技术/医疗健康|医疗服务,中国|广东省|深圳市|南山区,创业投资,初创期,2021-07-14,RMB,--,--,--,12.60,天使轮,蒋国云,357.14,56.38,--,卫生、社会保障和社会福利业|卫生,社会服务业|卫生、保健、护理服务业,--,2021.xls,0,2021,广东省,卫生、社会保障和社会福利业,卫生,0.4153354786324786,1.5150909743589744,-3.8734308974358975,-0.9751410170940172,a
趣道资管【华药恒达创富创业基金】,广州趣道资产管理有限公司【广州华药恒达创富创业投资合伙企业（有限合伙）】,趣道资管,广州趣道资产管理有限公司,--,--,华药恒达创富创业基金,广州华药恒达创富创业投资合伙企业（有限合伙）,中科新生命,上海中科新生命生物科技有限公司,医疗健康，医药，医疗服务，体外诊断，精准医疗，药物研发,生物技术/医疗健康|医疗服务,中国|上海市|闵行区,成长资本,成熟期,2020-04-14,RMB,--,--,--,2.95,A,--,586.51,83.43,--,卫生、社会保障和社会福利业|卫生,社会服务业|卫生、保健、护理服务业,--,2020.xls,0,2020,上海市,卫生、社会保障和社会福利业,卫生,0.4153354786324786,1.5150909743589744,-3.8734308974358975,-0.9751410170940172,a
宽带资本【红杉宽带跨境数字基金】,北京天地融创创业投资有限公司【红杉宽带（湖北）跨境数字产业投资合伙企业（有限合伙）】,隽熙投资,红杉宽带隽熙投资管理（湖北）有限公司,宽带资本,北京天地融创创业投资有限公司,红杉宽带跨境数字基金,红杉宽带（湖北）跨境数字产业投资合伙企业（有限合伙）,中电数据,中电数据服务有限公司,金融，企业服务，医疗健康,生物技术/医疗健康|医疗服务,中国|北京市|海淀区,--,扩张期,2017-10-18,RMB,--,--,--,--,A,--,--,--,--,卫生、社会保障和社会福利业|卫生,社会服务业|卫生、保健、护理服务业,--,2017.xls,0,2017,北京市,卫生、社会保障和社会福利业,卫生,0.4153354786324786,1.5150909743589744,-3.8734308974358975,-0.9751410170940172,a
九派资本【湖北中元九派产业基金】,深圳市前海九派资本管理合伙企业（有限合伙）【湖北中元九派产业投资基金合伙企业（有限合伙）】,武汉中元九派产业投资,武汉中元九派产业投资管理有限公司,九派资本,深圳市前海九派资本管理合伙企业（有限合伙）,湖北中元九派产业基金,湖北中元九派产业投资基金合伙企业（有限合伙）,大众口腔,武汉大众口腔医疗股份有限公司,医疗健康，医疗服务，医疗机构，专科医疗,生物技术/医疗健康|医疗服务,中国|湖北省|武汉市,新三板定增,成熟期,2017-10-18,RMB,23.52,23.52,3.46,6.00,新三板定增,--,392.00,57.67,--,卫生、社会保障和社会福利业|卫生,社会服务业|卫生、保健、护理服务业,全国中小企业股份转让系统(新三板),2017.xls,0,2017,湖北省,卫生、社会保障和社会福利业,卫生,0.4153354786324786,1.5150909743589744,-3.8734308974358975,-0.9751410170940172,a
杭州启征投资【水木泽华创投】,杭州启征投资管理合伙企业（有限合伙）【杭州水木泽华创业投资合伙企业（有限合伙）】,杭州启征投资,杭州启征投资管理合伙企业（有限合伙）,--,--,水木泽华创投,杭州水木泽华创业投资合伙企业（有限合伙）,育儿问一问,苏州问一问健康管理咨询有限公司,医疗健康，健康咨询，母婴服务，母婴健康，消费生活，健康管理，移动互联网，互联网，企业服务,生物技术/医疗健康|医疗服务,中国|江苏省|苏州市,--,初创期,2017-05-05,RMB,10.00,10.00,1.45,--,A,--,--,--,--,卫生、社会保障和社会福利业|卫生,社会服务业|卫生、保健、护理服务业,--,2017.xls,0,2017,江苏省,卫生、社会保障和社会福利业,卫生,0.4153354786324786,1.5150909743589744,-3.8734308974358975,-0.9751410170940172,a
国投创新【先进制造产业投资基金】,国投创新投资管理有限公司【先进制造产业投资基金（有限合伙）】,国投创新,国投创新投资管理有限公司,--,--,先进制造产业投资基金,先进制造产业投资基金（有限合伙）,何氏眼科,辽宁何氏眼科医院集团股份有限公司,医疗服务，医疗健康，医疗器械,生物技术/医疗健康|医疗服务,中国|辽宁省|沈阳市|浑南区,成长资本,扩张期,2017-12-07,RMB,200.00,200.00,27.70,9.10,B,高国华,"2,197.80",332.02,--,卫生、社会保障和社会福利业|卫生,社会服务业|卫生、保健、护理服务业,深圳证券交易所创业板,2017.xls,1,2017,辽宁省,卫生、社会保障和社会福利业,卫生,0.4153354786324786,1.5150909743589744,-3.8734308974358975,-0.9751410170940172,a
元生创投【新建元二期创业基金】,苏州工业园区元生创业投资管理有限公司【苏州工业园区新建元二期创业投资企业（有限合伙）】,元生私募基金,苏州元生私募基金管理合伙企业（有限合伙）,元生创投,苏州工业园区元生创业投资管理有限公司,新建元二期创业基金,苏州工业园区新建元二期创业投资企业（有限合伙）,安杰思,杭州安杰思医学科技股份有限公司,医疗健康，生产制造，医疗器械,生物技术/医疗健康|医疗服务,中国|浙江省|杭州市,成长资本,扩张期,2018-11-20,RMB,41.13,41.13,5.80,6.67,老股权转让,--,616.83,89.04,--,卫生、社会保障和社会福利业|卫生,社会服务业|卫生、保健、护理服务业,上海证券交易所科创板,2018.xls,0,2018,浙江省,卫生、社会保障和社会福利业,卫生,0.4153354786324786,1.5150909743589744,-3.8734308974358975,-0.9751410170940172,a
首科三新【三新基金】,北京首科三新投资基金管理有限公司【北京三新创业科技成果转化投资基金（有限合伙）】,首科三新,北京首科三新投资基金管理有限公司,--,--,三新基金,北京三新创业科技成果转化投资基金（有限合伙）,智德臻和,北京智德医学检验所有限公司,医疗健康，医疗服务，医疗机构，药物研发，基因测序医学检验,生物技术/医疗健康|医疗服务,中国|北京市|顺义区,天使投资,初创期,2017-12-07,RMB,--,--,--,--,天使轮,--,--,--,--,卫生、社会保障和社会福利业|卫生,社会服务业|卫生、保健、护理服务业,--,2017.xls,1,2017,北京市,卫生、社会保障和社会福利业,卫生,0.4153354786324786,1.5150909743589744,-3.8734308974358975,-0.9751410170940172,a
蓝湾资本【仙居蓝湾生命健康基金】,蓝湾科创资本集团【仙居蓝湾健康产业投资合伙企业（有限合伙）】,蓝湾创投,南通蓝湾创业投资管理有限公司,蓝湾资本,蓝湾科创资本集团,仙居蓝湾生命健康基金,仙居蓝湾健康产业投资合伙企业（有限合伙）,足步医疗,浙江足步医疗科技有限公司,医疗器械，DC服务商，医疗服务,生物技术/医疗健康|医疗服务,中国|浙江省|台州市|仙居县,创业投资,种子期,2021-06-17,RMB,--,--,--,10.00,A,--,--,--,--,卫生、社会保障和社会福利业|卫生,社会服务业|卫生、保健、护理服务业,--,2021.xls,1,2021,浙江省,卫生、社会保障和社会福利业,卫生,0.4153354786324786,1.5150909743589744,-3.8734308974358975,-0.9751410170940172,a
博行资本【苏州博行笃实创业投资】,北京启沃博观投资管理合伙企业（有限合伙）【苏州博行笃实创业投资合伙企业（有限合伙）】,博行资本,北京启沃博观投资管理合伙企业（有限合伙）,--,--,苏州博行笃实创业投资,苏州博行笃实创业投资合伙企业（有限合伙）,恩启,北京正在关怀科技有限公司,教育，媒体，工具软件，互联网，工业互联网平台,生物技术/医疗健康|医疗服务,中国|北京市|海淀区,创业投资,扩张期,2021-06-11,RMB,--,--,--,--,A+,--,--,--,--,卫生、社会保障和社会福利业|卫生,社会服务业|卫生、保健、护理服务业,--,2021.xls,0,2021,北京市,卫生、社会保障和社会福利业,卫生,0.4153354786324786,1.5150909743589744,-3.8734308974358975,-0.9751410170940172,a
中科创星【陕西西科天使基金】,中科创星【陕西西科天使企业管理合伙企业（有限合伙）】,关天西咸,西安关天西咸投资管理有限公司,中科创星,中科创星科技投资有限公司,陕西西科天使基金,陕西西科天使企业管理合伙企业（有限合伙）,连心医疗,北京连心医疗科技有限公司,医疗健康，人工智能，医疗服务，数据分析,生物技术/医疗健康|医疗服务,中国|北京市,--,种子期,2016-12-15,RMB,4.00(e),4.00(e),0.58(e),--,天使轮,--,--,--,--,卫生、社会保障和社会福利业|卫生,社会服务业|卫生、保健、护理服务业,--,2016.xls,1,2016,北京市,卫生、社会保障和社会福利业,卫生,0.4153354786324786,1.5150909743589744,-3.8734308974358975,-0.9751410170940172,a
梅花创投【梅花创投天使基金四期】,宁波梅花天使投资管理有限公司【宁波梅山保税港区梅花扬世投资合伙企业（有限合伙）】,梅花创投,宁波梅花天使投资管理有限公司,--,--,梅花创投天使基金四期,宁波梅山保税港区梅花扬世投资合伙企业（有限合伙）,至真健康,北京至真互联网技术有限公司,医疗健康，人工智能，医疗服务，医疗影像，远程医疗，医疗远程诊断,生物技术/医疗健康|医疗服务,中国|北京市|昌平区,--,初创期,2018-01-25,RMB,4.00,4.00,0.63,4.70,Pre-A,--,--,--,--,卫生、社会保障和社会福利业|卫生,社会服务业|卫生、保健、护理服务业,--,2018.xls,0,2018,北京市,卫生、社会保障和社会福利业,卫生,0.4153354786324786,1.5150909743589744,-3.8734308974358975,-0.9751410170940172,a
中信资本【中信创投基金】,中信资本控股有限公司【中信（深圳）创业投资股权投资基金合伙企业（有限合伙）】,中信资本（天津）,中信资本（天津）投资管理合伙企业（有限合伙）,中信创投,中信（深圳）创新股权投资管理有限公司,中信创投基金,中信（深圳）创业投资股权投资基金合伙企业（有限合伙）,鹰瞳科技,北京鹰瞳科技发展股份有限公司,医疗健康，人工智能，计算机视觉，医疗影像，医疗服务，AI医疗，智能诊断,生物技术/医疗健康|医疗服务,中国|北京市|海淀区,成长资本,扩张期,2020-12-01,RMB,22.10,22.10,3.07,1.96,C,--,"2,576.47",391.67,--,卫生、社会保障和社会福利业|卫生,社会服务业|卫生、保健、护理服务业,香港证券交易所主板,2020.xls,0,2020,北京市,卫生、社会保障和社会福利业,卫生,0.4153354786324786,1.5150909743589744,-3.8734308974358975,-0.9751410170940172,a
航发基金管理【国发航空发动机基金】,航发基金管理有限公司【北京国发航空发动机产业投资基金中心（有限合伙）】,航发基金管理,航发基金管理有限公司,--,--,国发航空发动机基金,北京国发航空发动机产业投资基金中心（有限合伙）,脉流科技,杭州脉流科技有限公司,医疗健康，人工智能，医疗服务，医疗影像，智能诊断，脑疾病,生物技术/医疗健康|医疗服务,中国|浙江省|杭州市,成长资本,扩张期,2021-12-09,RMB,89.70,89.70,14.13,5.61,老股权转让,--,"1,598.93",251.81,--,卫生、社会保障和社会福利业|卫生,社会服务业|卫生、保健、护理服务业,--,2021.xls,0,2021,浙江省,卫生、社会保障和社会福利业,卫生,0.4153354786324786,1.5150909743589744,-3.8734308974358975,-0.9751410170940172,a
博远资本【博远嘉昱创投基金】（领投）,博远资本【成都博远嘉昱创业投资合伙企业（有限合伙）】（领投）,博睿瑜业股权投资,博睿瑜业（上海）股权投资管理有限公司,博远资本,博远资本,博远嘉昱创投基金,成都博远嘉昱创业投资合伙企业（有限合伙）,博斯腾科技,上海博斯腾网络科技有限公司,医疗健康，通用类企业服务，脑疾病,生物技术/医疗健康|医疗服务,中国|上海市|杨浦区,成长资本,扩张期,2021-06-01,RMB,--,--,--,6.00,A,陈鹏辉,--,--,--,卫生、社会保障和社会福利业|卫生,社会服务业|卫生、保健、护理服务业,--,2021.xls,0,2021,上海市,卫生、社会保障和社会福利业,卫生,0.4153354786324786,1.5150909743589744,-3.8734308974358975,-0.9751410170940172,a
经纬创投【杭州经天纬地投资】,经纬创投（北京）投资管理顾问有限公司【杭州经天纬地投资合伙企业（有限合伙）】,上海旌卓,上海旌卓投资管理有限公司,经纬创投,经纬创投（北京）投资管理顾问有限公司,杭州经天纬地投资,杭州经天纬地投资合伙企业（有限合伙）,希望组,北京希望组生物科技有限公司,医疗健康，互联网医疗，精准医疗，互联网，信息学，测序辅助平台，医疗检测,生物技术/医疗健康|医疗服务,中国|北京市|昌平区,--,初创期,2016-12-06,RMB,50.00(e),50.00(e),7.85(e),12.00,A,--,416.67,60.57,--,卫生、社会保障和社会福利业|卫生,社会服务业|卫生、保健、护理服务业,--,2016.xls,0,2016,北京市,卫生、社会保障和社会福利业,卫生,0.4153354786324786,1.5150909743589744,-3.8734308974358975,-0.9751410170940172,a
钟鼎资本【太仓市钟鼎六号股权投资基金】,钟鼎（上海）创业投资管理有限公司【太仓市钟鼎六号股权投资合伙企业（有限合伙）】,上海鼎迎,上海鼎迎投资管理中心（有限合伙）,钟鼎资本,钟鼎（上海）创业投资管理有限公司,太仓市钟鼎六号股权投资基金,太仓市钟鼎六号股权投资合伙企业（有限合伙）,有临医药,上海有临医药科技有限公司,医疗健康，医药，创新药，药物研发,生物技术/医疗健康|医疗服务,中国|上海市|静安区,成长资本,扩张期,2021-05-31,RMB,--,--,--,3.26,A+,--,--,--,--,卫生、社会保障和社会福利业|卫生,社会服务业|卫生、保健、护理服务业,--,2021.xls,0,2021,上海市,卫生、社会保障和社会福利业,卫生,0.4153354786324786,1.5150909743589744,-3.8734308974358975,-0.9751410170940172,a
前海方舟【前海母基金】,前海方舟资产管理有限公司【前海股权投资基金（有限合伙）】,前海方舟,前海方舟资产管理有限公司,--,--,前海母基金,前海股权投资基金（有限合伙）,东方百泰,北京东方百泰生物科技股份有限公司,医疗健康，医药，生物制药，药品生产，生物药,生物技术/医疗健康|医疗服务,中国|北京市,--,扩张期,2018-02-08,RMB,--,--,--,--,A,--,--,--,--,卫生、社会保障和社会福利业|卫生,社会服务业|卫生、保健、护理服务业,--,2018.xls,0,2018,北京市,卫生、社会保障和社会福利业,卫生,0.4153354786324786,1.5150909743589744,-3.8734308974358975,-0.9751410170940172,a
东方富海【深圳南山中小企业发展基金】（领投）,深圳市东方富海投资管理股份有限公司【中小企业发展基金（深圳南山有限合伙）】（领投）,富海中小企业发展基金,深圳市富海中小企业发展基金股权投资管理有限公司,东方富海,深圳市东方富海投资管理股份有限公司,深圳南山中小企业发展基金,中小企业发展基金（深圳南山有限合伙）,春天医药,北京春天医药科技发展有限公司,医疗健康，教育，医药，医药研发外包CRO,生物技术/医疗健康|医疗服务,中国|北京市|海淀区,成长资本,成熟期,2021-10-01,RMB,--,--,--,2.64,A,--,"1,107.42",175.74,--,卫生、社会保障和社会福利业|卫生,社会服务业|卫生、保健、护理服务业,--,2021.xls,0,2021,北京市,卫生、社会保障和社会福利业,卫生,0.4153354786324786,1.5150909743589744,-3.8734308974358975,-0.9751410170940172,a
分享投资【分享精准医疗基金】,深圳市分享成长投资管理有限公司【深圳市分享精准医疗投资合伙企业（有限合伙）】,分享投资,深圳市分享成长投资管理有限公司,--,--,分享精准医疗基金,深圳市分享精准医疗投资合伙企业（有限合伙）,极橙齿科,上海极橙医疗科技有限公司,医疗健康，医疗服务，工具软件，专科医疗,生物技术/医疗健康|医疗服务,中国|上海市|松江区,创业投资,初创期,2018-02-09,RMB,--,--,--,3.33,A,--,237.50,37.58,--,卫生、社会保障和社会福利业|卫生,社会服务业|卫生、保健、护理服务业,--,2018.xls,0,2018,上海市,卫生、社会保障和社会福利业,卫生,0.4153354786324786,1.5150909743589744,-3.8734308974358975,-0.9751410170940172,a
合肥创新投【合肥市天使投资基金】,合肥市创新科技风险投资有限公司【合肥市天使投资基金有限公司】,合肥创新投,合肥市创新科技风险投资有限公司,--,--,合肥市天使投资基金,合肥市天使投资基金有限公司,维视阅,安徽维视阅医疗技术有限公司,医疗健康，专科医疗,生物技术/医疗健康|医疗服务,中国|安徽省|合肥市,创业投资,扩张期,2020-12-08,RMB,--,--,--,2.78,A,--,--,--,--,卫生、社会保障和社会福利业|卫生,社会服务业|卫生、保健、护理服务业,--,2020.xls,1,2020,安徽省,卫生、社会保障和社会福利业,卫生,0.4153354786324786,1.5150909743589744,-3.8734308974358975,-0.9751410170940172,a
雅瑞资本【北京中关村智友投资】,雅瑞和宜资本管理（北京）有限责任公司【北京中关村智友投资合伙企业（有限合伙）】,雅瑞资本,雅瑞和宜资本管理（北京）有限责任公司,--,--,北京中关村智友投资,北京中关村智友投资合伙企业（有限合伙）,华鹊景医疗,深圳华鹊景医疗科技有限公司,医疗健康，医疗器械，机器人,生物技术/医疗健康|医疗服务,中国|广东省|深圳市,天使投资,初创期,2021-10-13,RMB,--,--,--,--,Pre-A,--,--,--,--,卫生、社会保障和社会福利业|卫生,社会服务业|卫生、保健、护理服务业,--,2021.xls,0,2021,广东省,卫生、社会保障和社会福利业,卫生,0.4153354786324786,1.5150909743589744,-3.8734308974358975,-0.9751410170940172,a
礼来亚洲基金【礼来亚洲三期人民币基金】,礼来亚洲风险投资基金【苏州礼瑞股权投资中心（有限合伙）】,礼颐投资,上海礼颐投资管理合伙企业（有限合伙）,礼来亚洲基金,礼来亚洲风险投资基金,礼来亚洲三期人民币基金,苏州礼瑞股权投资中心（有限合伙）,熙华检测,上海熙华检测技术服务股份有限公司,医疗健康，企业服务，药物外包，医药研发外包CRO,生物技术/医疗健康|医疗服务,中国|上海市|浦东新区,创业投资,扩张期,2019-08-09,RMB,--,--,--,--,Pre-A,--,--,--,--,卫生、社会保障和社会福利业|卫生,社会服务业|卫生、保健、护理服务业,--,2019.xls,0,2019,上海市,卫生、社会保障和社会福利业,卫生,0.4153354786324786,1.5150909743589744,-3.8734308974358975,-0.9751410170940172,a
海邦投资【浙江海邦人才基金】,海邦投资【浙江海邦人才创业投资合伙企业（有限合伙）】,杭州海邦投资,杭州海邦投资管理有限公司,--,--,浙江海邦人才基金,浙江海邦人才创业投资合伙企业（有限合伙）,医惠科技,医惠科技有限公司,医疗健康，物联网，医疗信息化，医保信息化，AI医疗,生物技术/医疗健康|医疗服务,中国|浙江省|杭州市,--,扩张期,2012-12-24,RMB,1.78,1.78,0.28,--,C,--,--,--,--,卫生、社会保障和社会福利业|卫生,社会服务业|卫生、保健、护理服务业,--,2000-2012.xls,0,2012,浙江省,卫生、社会保障和社会福利业,卫生,0.4153354786324786,1.5150909743589744,-3.8734308974358975,-0.9751410170940172,a
艾云创管【艾云慧信创投】,上海艾云创业投资管理有限公司【上海艾云慧信创业投资有限公司】,艾云创管,上海艾云创业投资管理有限公司,--,--,艾云慧信创投,上海艾云慧信创业投资有限公司,诺诚股份,上海诺诚电气股份有限公司,生产制造，医疗器械，医疗健康，金融,生物技术/医疗健康|医疗服务,中国|上海市|闵行区,--,成熟期,2012-12-28,RMB,20.00,20.00,3.18,14.29,A,--,139.96,22.26,--,卫生、社会保障和社会福利业|卫生,社会服务业|卫生、保健、护理服务业,全国中小企业股份转让系统(新三板),2000-2012.xls,0,2012,上海市,卫生、社会保障和社会福利业,卫生,0.4153354786324786,1.5150909743589744,-3.8734308974358975,-0.9751410170940172,a
达晨财智【达晨创联基金】,达晨财智【深圳市达晨创联股权投资基金合伙企业（有限合伙）】,达晨财智,深圳市达晨财智创业投资管理有限公司,--,--,达晨创联基金,深圳市达晨创联股权投资基金合伙企业（有限合伙）,兰卫医学,上海兰卫医学检验所股份有限公司,医疗健康，医疗器械，医疗服务,生物技术/医疗健康|医疗服务,中国|上海市|长宁区,成长资本,成熟期,2017-12-28,RMB,70.05,70.05,10.86,2.35,其他,--,"2,981.60",458.93,--,卫生、社会保障和社会福利业|卫生,社会服务业|卫生、保健、护理服务业,深圳证券交易所创业板，全国中小企业股份转让系统(新三板),2017.xls,0,2017,上海市,卫生、社会保障和社会福利业,卫生,0.4153354786324786,1.5150909743589744,-3.8734308974358975,-0.9751410170940172,a
华盖资本【华盖二期基金】,华盖资本有限责任公司【华盖信诚医疗健康投资成都合伙企业（有限合伙）】,华盖医疗投资,华盖医疗投资管理（北京）有限公司,华盖资本,华盖资本有限责任公司,华盖二期基金,华盖信诚医疗健康投资成都合伙企业（有限合伙）,北京宝岛国际医院,北京宝岛国际医院管理有限公司,医疗健康，医疗服务，医疗机构，消费生活,生物技术/医疗健康|医疗服务,中国|北京市|海淀区,成长资本,扩张期,2017-01-09,RMB,150.00,150.00,23.13,0.20,A,曾志强,--,--,--,卫生、社会保障和社会福利业|卫生,社会服务业|卫生、保健、护理服务业,--,2017.xls,0,2017,北京市,卫生、社会保障和社会福利业,卫生,0.4153354786324786,1.5150909743589744,-3.8734308974358975,-0.9751410170940172,a
国中资本【国中私募股权投资基金（西安）】,国中资本【国中私募股权投资基金（西安）合伙企业（有限合伙）】,国中常荣,深圳国中常荣资产管理有限公司,--,--,国中私募股权投资基金（西安）,国中私募股权投资基金（西安）合伙企业（有限合伙）,杭州畅溪,杭州畅溪制药有限公司,医疗健康，医药，医疗设备,生物技术/医疗健康|医疗服务,中国|浙江省|杭州市|余杭区,成长资本,扩张期,2021-09-30,RMB,--,--,--,3.61,C,--,--,--,--,卫生、社会保障和社会福利业|卫生,社会服务业|卫生、保健、护理服务业,--,2021.xls,0,2021,浙江省,卫生、社会保障和社会福利业,卫生,0.4153354786324786,1.5150909743589744,-3.8734308974358975,-0.9751410170940172,a
泰有基金【天津海河华慧泰有电子信息投资】,泰有基金【天津海河华慧泰有电子信息投资合伙企业（有限合伙）】,泰有系创投,北京泰有系创业投资管理有限公司,泰有基金,泰有基金,天津海河华慧泰有电子信息投资,天津海河华慧泰有电子信息投资合伙企业（有限合伙）,景正源重离子,北京景正源重离子医疗技术有限公司,--,生物技术/医疗健康|医疗服务,中国|北京市|丰台区,天使投资,种子期,2020-11-20,RMB,2.25,2.25,0.34,3.00,Pre-A,--,75.00,11.45,--,卫生、社会保障和社会福利业|卫生,社会服务业|卫生、保健、护理服务业,--,2020.xls,0,2020,北京市,卫生、社会保障和社会福利业,卫生,0.4153354786324786,1.5150909743589744,-3.8734308974358975,-0.9751410170940172,a
远毅资本【远毅人民币二期基金】,宁波远毅投资管理有限公司【苏州远毅睿恒股权投资合伙企业（有限合伙）】,苏州松毅创投,苏州松毅创业投资管理有限公司,远毅资本,宁波远毅投资管理有限公司,远毅人民币二期基金,苏州远毅睿恒股权投资合伙企业（有限合伙）,铭润同康,北京铭润同康科技有限公司,医疗健康,生物技术/医疗健康|医疗服务,中国|北京市|朝阳区,创业投资,种子期,2020-11-06,RMB,7.50,7.50,1.14,--,种子轮,胡松禾,--,--,--,卫生、社会保障和社会福利业|卫生,社会服务业|卫生、保健、护理服务业,--,2020.xls,0,2020,北京市,卫生、社会保障和社会福利业,卫生,0.4153354786324786,1.5150909743589744,-3.8734308974358975,-0.9751410170940172,a
盛鼎投资【远康鼎祥投资】,盛鼎股权投资基金管理有限责任公司【苏州远康鼎祥投资管理合伙企业（有限合伙）】,盛鼎投资,盛鼎股权投资基金管理有限责任公司,--,--,远康鼎祥投资,苏州远康鼎祥投资管理合伙企业（有限合伙）,燧坤智能,南京燧坤智能科技有限公司,医疗健康，人工智能，医药，药物研发,生物技术/医疗健康|医疗服务,中国|江苏省|南京市,天使投资,初创期,2019-10-11,RMB,--,--,--,1.00,天使轮,--,142.86,20.20,--,卫生、社会保障和社会福利业|卫生,社会服务业|卫生、保健、护理服务业,--,2019.xls,0,2019,江苏省,卫生、社会保障和社会福利业,卫生,0.4153354786324786,1.5150909743589744,-3.8734308974358975,-0.9751410170940172,a
经纬创投【杭州经天纬地投资】,经纬创投（北京）投资管理顾问有限公司【杭州经天纬地投资合伙企业（有限合伙）】,上海旌卓,上海旌卓投资管理有限公司,经纬创投,经纬创投（北京）投资管理顾问有限公司,杭州经天纬地投资,杭州经天纬地投资合伙企业（有限合伙）,怡禾健康,深圳怡禾健康管理有限公司,医疗健康，医疗服务，健康管理，母婴健康,生物技术/医疗健康|医疗服务,中国|广东省|深圳市,创业投资,扩张期,2019-09-25,RMB,--,--,--,--,A,--,--,--,--,卫生、社会保障和社会福利业|卫生,社会服务业|卫生、保健、护理服务业,--,2019.xls,0,2019,广东省,卫生、社会保障和社会福利业,卫生,0.4153354786324786,1.5150909743589744,-3.8734308974358975,-0.9751410170940172,a
赢迪资本【南京创熠赢迪昂科利创投基金】,北京赢迪股权投资管理有限公司【南京创熠赢迪昂科利创业投资合伙企业（有限合伙）】,赢迪资本,北京赢迪股权投资管理有限公司,--,--,南京创熠赢迪昂科利创投基金,南京创熠赢迪昂科利创业投资合伙企业（有限合伙）,金橡医学,北京橡鑫生物科技有限公司,医疗健康，医疗设备，体外诊断，生产制造，医疗服务，分子诊断,生物技术/医疗健康|医疗服务,中国|北京市|海淀区,创业投资,初创期,2019-11-13,RMB,--,--,--,--,Pre-A,--,--,--,--,卫生、社会保障和社会福利业|卫生,社会服务业|卫生、保健、护理服务业,--,2019.xls,0,2019,北京市,卫生、社会保障和社会福利业,卫生,0.4153354786324786,1.5150909743589744,-3.8734308974358975,-0.9751410170940172,a
华泰紫金投资【华泰大健康二号基金】,华泰紫金投资有限责任公司【南京华泰大健康二号股权投资合伙企业（有限合伙）】,华泰紫金投资,华泰紫金投资有限责任公司,--,--,华泰大健康二号基金,南京华泰大健康二号股权投资合伙企业（有限合伙）,华人健康,安徽华人健康医药股份有限公司,医疗健康，医药,生物技术/医疗健康|医疗服务,中国|安徽省|合肥市|包河区,成长资本,成熟期,2017-12-14,RMB,4.74,4.74,0.68,0.63,A,--,750.17,113.61,--,卫生、社会保障和社会福利业|卫生,社会服务业|卫生、保健、护理服务业,深圳证券交易所创业板,2017.xls,0,2017,安徽省,卫生、社会保障和社会福利业,卫生,0.4153354786324786,1.5150909743589744,-3.8734308974358975,-0.9751410170940172,a
光谷人才投资【武汉光谷人才创业投资】,武汉光谷人才私募投资管理有限公司【武汉光谷人才创业投资合伙企业（有限合伙）】,光谷人才投资,武汉光谷人才私募投资管理有限公司,--,--,武汉光谷人才创业投资,武汉光谷人才创业投资合伙企业（有限合伙）,纤然纤维素,武汉纤然生物科技有限公司,生产制造，饲料，农业，生活消费品，生物材料，化工，能源矿产，饲料原料，农产品，饲料添加剂,生物技术/医疗健康|医疗服务,中国|湖北省|武汉市,--,初创期,2017-12-14,--,--,--,--,--,天使轮,--,--,--,--,卫生、社会保障和社会福利业|卫生,社会服务业|卫生、保健、护理服务业,--,2017.xls,0,2017,湖北省,卫生、社会保障和社会福利业,卫生,0.4153354786324786,1.5150909743589744,-3.8734308974358975,-0.9751410170940172,a
国投创业【国投高新创投基金】,国投创业投资管理有限公司【国投高新（深圳）创业投资基金（有限合伙）】,国投创业,国投创业投资管理有限公司,--,--,国投高新创投基金,国投高新（深圳）创业投资基金（有限合伙）,中鼎联合,中鼎联合牧业股份有限公司,农业，消费生活,农/林/牧/渔|畜牧业,中国|北京市|密云区,新三板定增,成熟期,2017-03-29,RMB,22.00,22.00,3.20,--,新三板定增,--,"2,555.16",371.19,--,农、林、牧、渔业|畜牧业,农、林、牧、渔业|畜牧业,全国中小企业股份转让系统(新三板),2017.xls,1,2017,北京市,农、林、牧、渔业,畜牧业,0.435369068627451,1.7223719852941175,-3.728984254901961,-0.9902946617647058,a
中科亚商创投【黄山磐界投资】,合肥中科亚商创业投资管理有限公司【黄山磐界投资中心（有限合伙）】,中科亚商创投,合肥中科亚商创业投资管理有限公司,--,--,黄山磐界投资,黄山磐界投资中心（有限合伙）,德和生物,深圳市德和生物科技有限公司,人工智能，农业，电子商务，医疗健康,农/林/牧/渔|畜牧业,中国|广东省|深圳市,--,初创期,2018-09-05,RMB,36.40,36.40,5.29,--,A,--,--,--,--,农、林、牧、渔业|畜牧业,农、林、牧、渔业|畜牧业,--,2018.xls,1,2018,广东省,农、林、牧、渔业,畜牧业,0.435369068627451,1.7223719852941175,-3.728984254901961,-0.9902946617647058,a
陕西和灵投资【陕西畜牧产业投资基金】,陕西和灵投资管理有限公司【陕西畜牧产业投资基金（有限合伙）】,陕西和灵投资,陕西和灵投资管理有限公司,--,--,陕西畜牧产业投资基金,陕西畜牧产业投资基金（有限合伙）,阳晨牧业,陕西阳晨牧业股份有限公司,农业，生产制造，能源矿产，饲料，现代农业，农业生产，畜禽养殖,农/林/牧/渔|畜牧业,中国|陕西省|安康市,创业投资,扩张期,2014-10-13,RMB,--,--,--,--,A,--,--,--,--,农、林、牧、渔业|畜牧业,农、林、牧、渔业|畜牧业,--,2013-2014.xls,1,2014,陕西省,农、林、牧、渔业,畜牧业,0.435369068627451,1.7223719852941175,-3.728984254901961,-0.9902946617647058,a
国投创益【央企乡村产业投资基金】,国投创益产业基金管理有限公司【中央企业乡村产业投资基金股份有限公司】,国投创益,国投创益产业基金管理有限公司,--,--,央企乡村产业投资基金,中央企业乡村产业投资基金股份有限公司,民勤中天,民勤中天羊业有限公司,农业，生产制造，农业生产，畜禽养殖，饲料，贸易服务，生活消费品，生物工程,农/林/牧/渔|畜牧业,中国|甘肃省|武威市|民勤县,--,扩张期,2018-09-13,--,--,--,--,27.17,A,--,--,--,--,农、林、牧、渔业|畜牧业,农、林、牧、渔业|畜牧业,--,2018.xls,1,2018,甘肃省,农、林、牧、渔业,畜牧业,0.435369068627451,1.7223719852941175,-3.728984254901961,-0.9902946617647058,a
蓝源资本【海达鼎兴创投】,浙江蓝源投资管理有限公司【宁波海达鼎兴创业投资有限公司】,宁波海达鼎兴投资,宁波海达鼎兴投资管理有限公司,蓝源资本,浙江蓝源投资管理有限公司,海达鼎兴创投,宁波海达鼎兴创业投资有限公司,万年鑫星,江西万年鑫星农牧股份有限公司,农业，饲料，农业生产，畜禽养殖,农/林/牧/渔|畜牧业,中国|江西省|上饶市,创业投资,种子期,2005-09-28,--,--,--,--,--,A,--,--,--,--,农、林、牧、渔业|畜牧业,农、林、牧、渔业|畜牧业,--,2000-2012.xls,1,2005,江西省,农、林、牧、渔业,畜牧业,0.435369068627451,1.7223719852941175,-3.728984254901961,-0.9902946617647058,a
先农投资【现代种业发展基金】,北京先农投资管理有限公司【现代种业发展基金有限公司】,先农投资,北京先农投资管理有限公司,--,--,现代种业发展基金,现代种业发展基金有限公司,仙坛股份,山东仙坛股份有限公司,农业，生产制造，农业生产，畜禽养殖，肉类加工,农/林/牧/渔|畜牧业,中国|山东省|烟台市,上市定增,成熟期,2020-12-22,RMB,70.00,70.00,10.81,1.28,上市定增,--,"5,448.38",831.73,5.13,农、林、牧、渔业|畜牧业,农、林、牧、渔业|畜牧业,深圳证券交易所主板,2020.xls,1,2020,山东省,农、林、牧、渔业,畜牧业,0.435369068627451,1.7223719852941175,-3.728984254901961,-0.9902946617647058,a
中原联创【农开豫兴现代农业基金】,河南中原联创投资基金管理有限公司【河南农开豫兴现代农业发展基金（有限合伙）】,中原联创,河南中原联创投资基金管理有限公司,--,--,农开豫兴现代农业基金,河南农开豫兴现代农业发展基金（有限合伙）,枫华种业,河南枫华种业股份有限公司,农业，农业生产，畜禽养殖，饲料，定位系统,农/林/牧/渔|畜牧业,中国|河南省|驻马店市|遂平县,新三板定增,成熟期,2020-06-04,RMB,25.00,25.00,3.66,3.46,新三板定增,孙晓亮,722.54,101.66,--,农、林、牧、渔业|畜牧业,农、林、牧、渔业|畜牧业,全国中小企业股份转让系统(新三板),2020.xls,1,2020,河南省,农、林、牧、渔业,畜牧业,0.435369068627451,1.7223719852941175,-3.728984254901961,-0.9902946617647058,a
贵鑫瑞和创投【贵州省农业农村现代化发展基金】,贵州省贵鑫瑞和创业投资管理有限责任公司【贵州省农业农村现代化发展股权投资基金合伙企业（有限合伙）】,贵鑫瑞和创投,贵州省贵鑫瑞和创业投资管理有限责任公司,--,--,贵州省农业农村现代化发展基金,贵州省农业农村现代化发展股权投资基金合伙企业（有限合伙）,皇氏集团遵义乳业,皇氏集团遵义乳业有限公司,农业，生产制造,农/林/牧/渔|畜牧业,中国|贵州省|遵义市|红花岗区,--,种子期,2016-03-09,RMB,--,--,--,--,其他,--,--,--,--,农、林、牧、渔业|畜牧业,农、林、牧、渔业|畜牧业,--,2016.xls,1,2016,贵州省,农、林、牧、渔业,畜牧业,0.435369068627451,1.7223719852941175,-3.728984254901961,-0.9902946617647058,a
贵鑫瑞和创投【贵州省农业农村现代化发展基金】,贵州省贵鑫瑞和创业投资管理有限责任公司【贵州省农业农村现代化发展股权投资基金合伙企业（有限合伙）】,贵鑫瑞和创投,贵州省贵鑫瑞和创业投资管理有限责任公司,--,--,贵州省农业农村现代化发展基金,贵州省农业农村现代化发展股权投资基金合伙企业（有限合伙）,农博翔,贵州黄平农博翔有限责任公司,农业，饲料，畜禽养殖，餐饮，渔业水产，旅游服务,农/林/牧/渔|畜牧业,中国|贵州省|黔东南苗族侗族自治州|黄平县,创业投资,扩张期,2021-11-18,RMB,--,--,--,18.51,A,--,--,--,--,农、林、牧、渔业|畜牧业,农、林、牧、渔业|畜牧业,--,2021.xls,1,2021,贵州省,农、林、牧、渔业,畜牧业,0.435369068627451,1.7223719852941175,-3.728984254901961,-0.9902946617647058,a
广西铁投发展基金管理【广西铁路发展基金】,广西铁投发展基金管理有限公司【广西铁路发展投资基金（有限合伙）】,广西铁投发展基金管理,广西铁投发展基金管理有限公司,--,--,广西铁路发展基金,广西铁路发展投资基金（有限合伙）,正邦科技,江西正邦科技股份有限公司,农业，生产制造，饲料，农产品加工，农产品,农/林/牧/渔|畜牧业,中国|江西省|南昌市,上市定增,成熟期,2017-01-10,RMB,170.00,170.00,24.51,--,上市定增,--,"141,666.64","20,428.07",136.44,农、林、牧、渔业|畜牧业,农、林、牧、渔业|畜牧业,深圳证券交易所主板,2017.xls,1,2017,江西省,农、林、牧、渔业,畜牧业,0.435369068627451,1.7223719852941175,-3.728984254901961,-0.9902946617647058,a
天创资本【天创众鑫基金】,天津创业投资管理有限公司【天津滨海天创众鑫股权投资基金有限公司】,天创资本,天津创业投资管理有限公司,--,--,天创众鑫基金,天津滨海天创众鑫股权投资基金有限公司,中博农,中博农畜牧科技股份有限公司,农业，生产制造，畜禽养殖，托管，企业服务,农/林/牧/渔|畜牧业,中国|北京市|海淀区,--,扩张期,2010-10-18,RMB,30.00,30.00,4.51,15.00,A,--,200.00,30.06,--,农、林、牧、渔业|畜牧业,农、林、牧、渔业|畜牧业,全国中小企业股份转让系统(新三板),2000-2012.xls,0,2010,北京市,农、林、牧、渔业,畜牧业,0.435369068627451,1.7223719852941175,-3.728984254901961,-0.9902946617647058,a
甘肃国投【甘肃生物产业基金】,甘肃国投基金管理有限公司【甘肃生物产业创业投资基金有限公司】,甘肃国投,甘肃国投基金管理有限公司,--,--,甘肃生物产业基金,甘肃生物产业创业投资基金有限公司,中天羊业,甘肃中天羊业股份有限公司,农业，生产制造，农业技术，综合零售，生活消费品,农/林/牧/渔|畜牧业,中国|甘肃省|定西市,--,扩张期,2013-09-25,RMB,10.06,10.06,1.64,3.59,C,--,280.30,45.59,--,农、林、牧、渔业|畜牧业,农、林、牧、渔业|畜牧业,全国中小企业股份转让系统(新三板),2013-2014.xls,1,2013,甘肃省,农、林、牧、渔业,畜牧业,0.435369068627451,1.7223719852941175,-3.728984254901961,-0.9902946617647058,a
宁夏国投基金【宁夏政府产业引导基金】,宁夏国投基金管理有限公司【宁夏产业引导基金管理中心（有限公司）】,宁夏国投基金,宁夏国投基金管理有限公司,--,--,宁夏政府产业引导基金,宁夏产业引导基金管理中心（有限公司）,九三零生态农牧,宁夏九三零生态农牧有限公司,农业，农业生产，畜禽养殖,农/林/牧/渔|畜牧业,中国|宁夏|银川市,--,成熟期,2019-02-01,RMB,--,--,--,20.72,A,--,--,--,--,农、林、牧、渔业|畜牧业,农、林、牧、渔业|畜牧业,--,2019.xls,1,2019,宁夏,农、林、牧、渔业,畜牧业,0.435369068627451,1.7223719852941175,-3.728984254901961,-0.9902946617647058,a
中原联创【河南农开豫仁现代农业发展基金】,河南中原联创投资基金管理有限公司【河南农开豫仁现代农业发展基金（有限合伙）】,中原联创,河南中原联创投资基金管理有限公司,--,--,河南农开豫仁现代农业发展基金,河南农开豫仁现代农业发展基金（有限合伙）,新大牧业,河南省新大牧业股份有限公司,农业，生产制造，农业生产，房屋租赁，畜禽养殖,农/林/牧/渔|畜牧业,中国|河南省|郑州市|中原区,并购投资,成熟期,2020-01-19,RMB,120.00,120.00,17.42,10.71,C,--,"1,282.07",186.14,--,农、林、牧、渔业|畜牧业,农、林、牧、渔业|畜牧业,--,2020.xls,1,2020,河南省,农、林、牧、渔业,畜牧业,0.435369068627451,1.7223719852941175,-3.728984254901961,-0.9902946617647058,a
中原联创【农开现代农业产业基金】,河南中原联创投资基金管理有限公司【河南农开现代农业产业基金（有限合伙）】,中原联创,河南中原联创投资基金管理有限公司,--,--,农开现代农业产业基金,河南农开现代农业产业基金（有限合伙）,民正农牧,河南民正农牧股份有限公司,农业，畜禽养殖，饲料，汽车交通，消费生活,农/林/牧/渔|畜牧业,中国|河南省|洛阳市,新三板定增,扩张期,2016-12-30,RMB,49.00,49.00,7.18,11.97,新三板定增,孙晓亮,409.36,59.04,--,农、林、牧、渔业|畜牧业,农、林、牧、渔业|畜牧业,全国中小企业股份转让系统(新三板),2016.xls,0,2016,河南省,农、林、牧、渔业,畜牧业,0.435369068627451,1.7223719852941175,-3.728984254901961,-0.9902946617647058,a
九鼎投资【川陕革命老区振兴发展股权投资基金】,昆吾九鼎投资控股股份有限公司【巴中川陕革命老区振兴发展股权投资基金（有限合伙）】,昆吾九鼎投资,昆吾九鼎投资管理有限公司,九鼎投资,昆吾九鼎投资控股股份有限公司,川陕革命老区振兴发展股权投资基金,巴中川陕革命老区振兴发展股权投资基金（有限合伙）,巴山牧业,巴中市巴山牧业股份有限公司,农业，生产制造，农业生产，畜禽养殖,农/林/牧/渔|畜牧业,中国|四川省|巴中市,新三板定增,扩张期,2019-03-29,RMB,10.00,10.00,1.49,9.66,新三板定增,--,103.49,15.37,--,农、林、牧、渔业|畜牧业,农、林、牧、渔业|畜牧业,全国中小企业股份转让系统(新三板),2019.xls,1,2019,四川省,农、林、牧、渔业,畜牧业,0.435369068627451,1.7223719852941175,-3.728984254901961,-0.9902946617647058,a
贵鑫瑞和创投【贵州绿色产业扶贫基金】,贵州省贵鑫瑞和创业投资管理有限责任公司【贵州绿色产业扶贫投资基金（有限合伙）】,贵鑫瑞和创投,贵州省贵鑫瑞和创业投资管理有限责任公司,--,--,贵州绿色产业扶贫基金,贵州绿色产业扶贫投资基金（有限合伙）,日泉农牧,贵州日泉农牧有限公司,农业，饲料，畜禽养殖，技术研发,农/林/牧/渔|畜牧业,中国|贵州省|黔南布依族苗族自治州|独山县,创业投资,扩张期,2019-09-25,RMB,--,--,--,--,A,--,--,--,--,农、林、牧、渔业|畜牧业,农、林、牧、渔业|畜牧业,--,2019.xls,1,2019,贵州省,农、林、牧、渔业,畜牧业,0.435369068627451,1.7223719852941175,-3.728984254901961,-0.9902946617647058,a
国投创益【央企乡村产业投资基金】,国投创益产业基金管理有限公司【中央企业乡村产业投资基金股份有限公司】,国投创益,国投创益产业基金管理有限公司,--,--,央企乡村产业投资基金,中央企业乡村产业投资基金股份有限公司,壹号食品,广东壹号食品股份有限公司,农业，生产制造，农产品，农产品B2B，农业生产，农副产品，电子商务，畜禽养殖，农产品B2C，生活消费品,农/林/牧/渔|畜牧业,中国|广东省|湛江市,成长资本,成熟期,2019-06-12,RMB,300.00,300.00,43.52,--,A,--,--,--,--,农、林、牧、渔业|畜牧业,农、林、牧、渔业|畜牧业,--,2019.xls,1,2019,广东省,农、林、牧、渔业,畜牧业,0.435369068627451,1.7223719852941175,-3.728984254901961,-0.9902946617647058,a
策源资本【成都高新区产业基金】,成都高新策源投资集团有限公司【成都高新区产业基金】,成都高新新经济创投,成都高新新经济创业投资有限公司,策源资本,成都高新策源投资集团有限公司,成都高新区产业基金,成都高新区产业基金,新潮传媒,成都新潮传媒集团股份有限公司,企业服务，媒体，广告投放，广告营销，品牌营销，通用设备,娱乐传媒|户外媒体|移动电视,中国|四川省|成都市,--,成熟期,2018-04-09,RMB,"2,000.00","2,000.00",317.83,--,B,--,--,--,--,租赁和商务服务业|商务服务业|广告业,社会服务业|专业、科研服务业|广告业,--,2018.xls,1,2018,四川省,租赁和商务服务业,商务服务业,0.4370643250825082,2.2954249686468646,-3.738255783828383,-0.9924052095709572,a
越秀产业基金【立创五号实业基金】,广州越秀产业投资基金管理股份有限公司【广州立创五号实业投资合伙企业（有限合伙）】,越秀产业基金,广州越秀产业投资基金管理股份有限公司,--,--,立创五号实业基金,广州立创五号实业投资合伙企业（有限合伙）,自在传媒,北京无限自在文化传媒股份有限公司,广告营销，企业服务，媒体，工具软件，文娱传媒，跨界营销，影视营销，影视，文体行业，博客微博,娱乐传媒|广告创意/代理,中国|北京市,新三板定增,扩张期,2017-08-15,RMB,28.52,28.52,4.20,5.38,新三板定增,--,397.79,58.53,--,租赁和商务服务业|商务服务业|广告业,社会服务业|专业、科研服务业|广告业,全国中小企业股份转让系统(新三板),2017.xls,0,2017,北京市,租赁和商务服务业,商务服务业,0.4370643250825082,2.2954249686468646,-3.738255783828383,-0.9924052095709572,a
杭州原动力资产【杭州下城产业基金】,杭州原动力资产管理有限公司【杭州拱墅产业投资基金有限公司】,杭州原动力资产,杭州原动力资产管理有限公司,--,--,杭州下城产业基金,杭州拱墅产业投资基金有限公司,浙江快步控股,浙江快步控股有限公司,实业投资,其他|咨询,中国|浙江省|杭州市|拱墅区,创业投资,种子期,2017-12-22,RMB,--,--,--,--,A,--,--,--,--,租赁和商务服务业|商务服务业|咨询与调查,社会服务业|专业、科研服务业,--,2017.xls,1,2017,浙江省,租赁和商务服务业,商务服务业,0.4370643250825082,2.2954249686468646,-3.738255783828383,-0.9924052095709572,a
黄山旅游基金管理【新时代文旅基金】,黄山新时代文化旅游基金管理有限公司【黄山新时代文化旅游产业投资基金合伙企业（有限合伙）】,黄山旅游基金管理,黄山新时代文化旅游基金管理有限公司,--,--,新时代文旅基金,黄山新时代文化旅游产业投资基金合伙企业（有限合伙）,胡兴堂文化,黄山市胡兴堂文化发展有限公司,消费生活，食品饮料，美术，农产品，餐饮，生活消费品，咨询服务，酒水饮料，营销策划，文化场馆，汽车交通，专用设备，文化艺术，互联网,其他|咨询,中国|安徽省|黄山市,--,扩张期,2021-03-08,RMB,--,--,--,--,A,--,--,--,--,租赁和商务服务业|商务服务业|咨询与调查,社会服务业|专业、科研服务业,--,2021.xls,1,2021,安徽省,租赁和商务服务业,商务服务业,0.4370643250825082,2.2954249686468646,-3.738255783828383,-0.9924052095709572,a
山东文资投资【青岛文资文化基金】,山东文资股权投资管理有限公司【青岛文资文化产业投资有限公司】,山东文资投资,山东文资股权投资管理有限公司,--,--,青岛文资文化基金,青岛文资文化产业投资有限公司,龙冈旅游,山东龙冈旅游股份有限公司,旅游服务,其他|旅游,中国|山东省|临沂市,新三板定增,成熟期,2017-12-06,RMB,12.00,12.00,1.77,1.11,新三板定增,--,"1,079.23",158.78,--,租赁和商务服务业|商务服务业|旅行社,社会服务业|旅游业,全国中小企业股份转让系统(新三板),2017.xls,1,2017,山东省,租赁和商务服务业,商务服务业,0.4370643250825082,2.2954249686468646,-3.738255783828383,-0.9924052095709572,a
深创投【红土宏泰创业投资基金】,深圳市创新投资集团有限公司【深圳市红土宏泰创业投资基金合伙企业（有限合伙）】,罗湖红土创投,深圳市罗湖红土创业投资管理有限公司,深创投,深圳市创新投资集团有限公司,红土宏泰创业投资基金,深圳市红土宏泰创业投资基金合伙企业（有限合伙）,中运科技,中运科技股份有限公司,企业服务，媒体，互联网，文体行业,娱乐传媒|广告创意/代理,中国|广东省|广州市,新三板定增,成熟期,2021-04-28,RMB,11.90,11.90,1.66,1.46,新三板定增,倪泽望,817.14,126.56,--,租赁和商务服务业|商务服务业|广告业,社会服务业|专业、科研服务业|广告业,全国中小企业股份转让系统(新三板),2021.xls,0,2021,广东省,租赁和商务服务业,商务服务业,0.4370643250825082,2.2954249686468646,-3.738255783828383,-0.9924052095709572,a
贵州铁路发展基金【人保壹期壹号】,贵州铁路发展基金管理有限公司【贵州铁路人保壹期壹号股权投资基金中心（有限合伙）】,贵州铁路发展基金,贵州铁路发展基金管理有限公司,--,--,人保壹期壹号,贵州铁路人保壹期壹号股权投资基金中心（有限合伙）,广电计量,广电计量检测集团股份有限公司,企业服务，检测服务,其他|咨询,中国|广东省|广州市,上市定增,成熟期,2021-06-15,RMB,86.00,86.00,13.47,0.46,上市定增,--,"18,693.92","2,917.73",76.89,租赁和商务服务业|商务服务业|咨询与调查,社会服务业|专业、科研服务业,深圳证券交易所主板，全国中小企业股份转让系统(新三板),2021.xls,1,2021,广东省,租赁和商务服务业,商务服务业,0.4370643250825082,2.2954249686468646,-3.738255783828383,-0.9924052095709572,a
富坤创投【深商兴业】,深圳市富坤创业投资集团有限公司【深圳市深商兴业创业投资基金合伙企业（有限合伙）】,富坤兴业,深圳市深商富坤兴业基金管理有限公司,富坤创投,深圳市富坤创业投资集团有限公司,深商兴业,深圳市深商兴业创业投资基金合伙企业（有限合伙）,聚宝网络,上海聚宝网络科技股份有限公司,广告营销，企业服务，品牌营销，媒体，媒体资源,娱乐传媒|户外媒体|楼宇电视,中国|上海市,新三板定增,扩张期,2016-02-26,RMB,8.00,8.00,1.22,0.57,新三板定增,--,--,--,--,租赁和商务服务业|商务服务业|广告业,社会服务业|专业、科研服务业|广告业,全国中小企业股份转让系统(新三板),2016.xls,0,2016,上海市,租赁和商务服务业,商务服务业,0.4370643250825082,2.2954249686468646,-3.738255783828383,-0.9924052095709572,a
诚通基金【中国国有企业结构调整基金】,诚通基金管理有限公司【中国国有企业结构调整基金股份有限公司】,诚通基金,诚通基金管理有限公司,--,--,中国国有企业结构调整基金,中国国有企业结构调整基金股份有限公司,中储智运,中储南京智慧物流科技有限公司,企业服务，电子商务，物流物联网，物流仓储，物流信息化，物流大数据，物流服务，智能软件,物流|物流管理,中国|江苏省|南京市|鼓楼区,--,扩张期,2018-05-22,RMB,100.00(e),100.00(e),15.66(e),--,B,--,--,--,--,租赁和商务服务业|商务服务业|企业管理服务,社会服务业|其他社会服务业,--,2018.xls,1,2018,江苏省,租赁和商务服务业,商务服务业,0.4370643250825082,2.2954249686468646,-3.738255783828383,-0.9924052095709572,a
时代伯乐【深圳洲明时代伯乐基金】,深圳市时代伯乐创业投资管理有限公司【深圳洲明时代伯乐投资管理合伙企业（有限合伙）】,时代伯乐,深圳市时代伯乐创业投资管理有限公司,--,--,深圳洲明时代伯乐基金,深圳洲明时代伯乐投资管理合伙企业（有限合伙）,大晟环境艺术,深圳市大晟环境艺术有限公司,房产家居，企业服务，照明服务,娱乐传媒|广告创意/代理,中国|广东省|深圳市|福田区,--,成熟期,2018-07-23,RMB,16.00,16.00,2.36,70.00,A,--,22.86,3.38,--,租赁和商务服务业|商务服务业|广告业,社会服务业|专业、科研服务业|广告业,--,2018.xls,0,2018,广东省,租赁和商务服务业,商务服务业,0.4370643250825082,2.2954249686468646,-3.738255783828383,-0.9924052095709572,a
湖南高新创投集团【湖南健康养老基金】,湖南高新创业投资集团有限公司【湖南健康养老产业投资基金企业（有限合伙）】,高新创投健康养老基金,湖南医药发展私募基金管理有限公司,湖南高新创投集团,湖南高新创业投资集团有限公司,湖南健康养老基金,湖南健康养老产业投资基金企业（有限合伙）,中惠旅,中惠旅智慧景区管理股份有限公司,教育，旅游服务,其他|旅游,中国|湖南省|岳阳市,新三板定增,扩张期,2017-01-10,RMB,24.00,24.00,3.46,--,新三板定增,--,229.09,33.03,--,租赁和商务服务业|商务服务业|旅行社,社会服务业|旅游业,全国中小企业股份转让系统(新三板),2017.xls,1,2017,湖南省,租赁和商务服务业,商务服务业,0.4370643250825082,2.2954249686468646,-3.738255783828383,-0.9924052095709572,a
国投创益【央企乡村产业投资基金】,国投创益产业基金管理有限公司【中央企业乡村产业投资基金股份有限公司】,国投创益,国投创益产业基金管理有限公司,--,--,央企乡村产业投资基金,中央企业乡村产业投资基金股份有限公司,梯影传媒,北京梯影传媒科技有限公司,广告营销，企业服务，媒体，大数据挖掘,娱乐传媒|广告创意/代理,中国|北京市|朝阳区,成长资本,扩张期,2021-05-12,RMB,--,--,--,1.98,B+,--,"1,515.17",235.80,--,租赁和商务服务业|商务服务业|广告业,社会服务业|专业、科研服务业|广告业,--,2021.xls,1,2021,北京市,租赁和商务服务业,商务服务业,0.4370643250825082,2.2954249686468646,-3.738255783828383,-0.9924052095709572,a
丰年资本【丰年君传军工基金】,丰年永泰（北京）投资管理有限公司【成都川创投丰年君传军工股权投资基金合伙企业（有限合伙）】,丰年景顺,宁波丰年景顺投资管理有限公司,丰年资本,丰年永泰（北京）投资管理有限公司,丰年君传军工基金,成都川创投丰年君传军工股权投资基金合伙企业（有限合伙）,西测测试,西安西测测试技术股份有限公司,企业服务，测试服务,其他|咨询,中国|陕西省|西安市,成长资本,扩张期,2017-11-01,RMB,30.00,30.00,4.44,7.89,A,赵丰,380.23,57.35,--,租赁和商务服务业|商务服务业|咨询与调查,社会服务业|专业、科研服务业,深圳证券交易所创业板,2017.xls,0,2017,陕西省,租赁和商务服务业,商务服务业,0.4370643250825082,2.2954249686468646,-3.738255783828383,-0.9924052095709572,a
东吴创投【华夏东吴镇江文化旅游产业发展基金】,东吴创业投资有限公司【华夏东吴镇江文化旅游产业发展基金合伙企业（有限合伙）】,东吴创投,东吴创业投资有限公司,--,--,华夏东吴镇江文化旅游产业发展基金,华夏东吴镇江文化旅游产业发展基金合伙企业（有限合伙）,西津渡,镇江市西津渡文化旅游有限责任公司,旅游服务，特色旅游,其他|旅游,中国|江苏省|镇江市,创业投资,成熟期,2016-04-26,RMB,--,--,--,20.00,A+,--,--,--,--,租赁和商务服务业|商务服务业|旅行社,社会服务业|旅游业,--,2016.xls,1,2016,江苏省,租赁和商务服务业,商务服务业,0.4370643250825082,2.2954249686468646,-3.738255783828383,-0.9924052095709572,a
北京市文化中心基金【北京市文化中心建设发展基金】,北京市文化中心建设发展基金管理有限公司【北京市文化中心建设发展基金（有限合伙）】,北京市文化中心基金,北京市文化中心建设发展基金管理有限公司,--,--,北京市文化中心建设发展基金,北京市文化中心建设发展基金（有限合伙）,悦航阳光,航美传媒集团有限公司,媒体，文体行业,娱乐传媒|户外媒体|移动电视,中国|北京市,创业投资,成熟期,2015-12-07,RMB,--,--,--,--,老股权转让,--,--,--,--,租赁和商务服务业|商务服务业|广告业,社会服务业|专业、科研服务业|广告业,--,2015.xls,1,2015,北京市,租赁和商务服务业,商务服务业,0.4370643250825082,2.2954249686468646,-3.738255783828383,-0.9924052095709572,a
德同资本【德同领航创业基金】,德同资本管理有限公司【重庆德同领航创业投资中心（有限合伙）】,重庆德同投资,重庆德同股权投资基金管理有限公司,德同资本,德同资本管理有限公司,德同领航创业基金,重庆德同领航创业投资中心（有限合伙）,九曳供应链,上海久耶供应链管理有限公司,电子商务，物流，冷链物流，物流服务，生鲜配送，物流仓储,物流|物流管理,中国|上海市|杨浦区,--,初创期,2015-11-12,RMB,20.00,20.00,3.13,--,A,邵俊,--,--,--,租赁和商务服务业|商务服务业|企业管理服务,社会服务业|其他社会服务业,--,2015.xls,0,2015,上海市,租赁和商务服务业,商务服务业,0.4370643250825082,2.2954249686468646,-3.738255783828383,-0.9924052095709572,a
珠海高科创投【珠海高新天使创业投资】,珠海高科金投创业投资管理有限公司【珠海高新天使创业投资有限公司】,珠海高科创投,珠海高科金投创业投资管理有限公司,--,--,珠海高新天使创业投资,珠海高新天使创业投资有限公司,立潮新媒体,珠海立潮新媒体科技有限公司,文体行业,娱乐传媒|户外媒体|户外LED,中国|广东省|珠海市,天使投资,种子期,2016-11-18,RMB,--,--,--,8.33,种子轮,--,--,--,--,租赁和商务服务业|商务服务业|广告业,社会服务业|专业、科研服务业|广告业,--,2016.xls,1,2016,广东省,租赁和商务服务业,商务服务业,0.4370643250825082,2.2954249686468646,-3.738255783828383,-0.9924052095709572,a
西高投【西安高新区战略性新兴产业引导基金】,西安高新技术产业风险投资有限责任公司【西安高新新兴产业投资基金合伙企业（有限合伙）】,西高投,西安高新技术产业风险投资有限责任公司,--,--,西安高新区战略性新兴产业引导基金,西安高新新兴产业投资基金合伙企业（有限合伙）,西安融军通用标准化研究院,西安融军通用标准化研究院有限责任公司,企业服务，信息安全服务,其他|咨询,中国|陕西省|西安市,--,种子期,2018-06-07,RMB,10.00,10.00,1.56,0.20,种子轮,--,"5,000.00",780.76,--,租赁和商务服务业|商务服务业|咨询与调查,社会服务业|专业、科研服务业,--,2018.xls,1,2018,陕西省,租赁和商务服务业,商务服务业,0.4370643250825082,2.2954249686468646,-3.738255783828383,-0.9924052095709572,a
北极光创投【北极光人民币基金III期】,北极光创投【苏州极创金源创业投资合伙企业（有限合伙）】,同源创业,苏州同源创业投资管理有限公司,北极光创投,北极光创投,北极光人民币基金III期,苏州极创金源创业投资合伙企业（有限合伙）,必诺检测,上海必诺检测技术服务有限公司,企业服务，检测服务,其他|咨询,中国|上海市|闵行区,创业投资,初创期,2017-07-18,RMB,11.00,11.00,1.60,--,天使轮,邓锋,--,--,--,租赁和商务服务业|商务服务业|咨询与调查,社会服务业|专业、科研服务业,--,2017.xls,0,2017,上海市,租赁和商务服务业,商务服务业,0.4370643250825082,2.2954249686468646,-3.738255783828383,-0.9924052095709572,a
余杭国投【余杭区产业发展引导基金】,杭州余杭国有资本投资运营集团有限公司【杭州余杭产业基金有限公司】,余杭国投,杭州余杭国有资本投资运营集团有限公司,--,--,余杭区产业发展引导基金,杭州余杭产业基金有限公司,纸箱哥,杭州纸箱哥文化传播有限公司,广告营销，企业服务，物流,娱乐传媒|广告创意/代理,中国|浙江省|杭州市,成长资本,扩张期,2019-03-18,RMB,--,--,--,--,B,--,--,--,--,租赁和商务服务业|商务服务业|广告业,社会服务业|专业、科研服务业|广告业,--,2019.xls,0,2019,浙江省,租赁和商务服务业,商务服务业,0.4370643250825082,2.2954249686468646,-3.738255783828383,-0.9924052095709572,a
时代伯乐【深圳洲明时代伯乐基金】,深圳市时代伯乐创业投资管理有限公司【深圳洲明时代伯乐投资管理合伙企业（有限合伙）】,时代伯乐,深圳市时代伯乐创业投资管理有限公司,--,--,深圳洲明时代伯乐基金,深圳洲明时代伯乐投资管理合伙企业（有限合伙）,万屏时代,深圳市万屏时代科技有限公司,广告营销，企业服务，广告投放,娱乐传媒|广告创意/代理,中国|广东省|深圳市,--,扩张期,2019-01-22,RMB,--,--,--,--,A,--,--,--,--,租赁和商务服务业|商务服务业|广告业,社会服务业|专业、科研服务业|广告业,--,2019.xls,0,2019,广东省,租赁和商务服务业,商务服务业,0.4370643250825082,2.2954249686468646,-3.738255783828383,-0.9924052095709572,a
中原海云投资【新安财富创投基金】,河南中原海云股权投资基金管理有限公司【河南新安财富节能环保创业投资基金（有限合伙）】,中原海云投资,河南中原海云股权投资基金管理有限公司,--,--,新安财富创投基金,河南新安财富节能环保创业投资基金（有限合伙）,玖众传媒,北京玖众科技股份有限公司,企业服务，广告营销，媒体,娱乐传媒|广告创意/代理,中国|北京市,创业投资,初创期,2012-06-01,RMB,--,--,--,--,A,--,--,--,--,租赁和商务服务业|商务服务业|广告业,社会服务业|专业、科研服务业|广告业,--,2000-2012.xls,0,2012,北京市,租赁和商务服务业,商务服务业,0.4370643250825082,2.2954249686468646,-3.738255783828383,-0.9924052095709572,a
深高新投【常州高新投创投】,深圳市高新投集团有限公司【常州高新投创业投资有限公司】,常州高新投,常州高新投创业投资管理有限公司,深高新投,深圳市高新投集团有限公司,常州高新投创投,常州高新投创业投资有限公司,信测标准,深圳信测标准技术服务股份有限公司,企业服务,其他|咨询,中国|广东省|深圳市,创业投资,成熟期,2013-08-19,RMB,13.44,13.44,2.18,4.00,A,--,336.48,54.56,--,租赁和商务服务业|商务服务业|咨询与调查,社会服务业|专业、科研服务业,深圳证券交易所创业板,2013-2014.xls,0,2013,广东省,租赁和商务服务业,商务服务业,0.4370643250825082,2.2954249686468646,-3.738255783828383,-0.9924052095709572,a
上汽投资【合肥和泰恒旭股权投资】,上海汽车集团股权投资有限公司【合肥和泰恒旭股权投资合伙企业（有限合伙）】,恒旭资本,上海上汽恒旭投资管理有限公司,上汽投资,上海汽车集团股权投资有限公司,合肥和泰恒旭股权投资,合肥和泰恒旭股权投资合伙企业（有限合伙）,新诤信知识产权服务,上海新诤信知识产权服务股份有限公司,企业服务，版权服务,其他|咨询,中国|上海市|浦东新区,成长资本,成熟期,2021-01-06,RMB,--,--,--,--,Pre-IPO,陆永涛,--,--,--,租赁和商务服务业|商务服务业|咨询与调查,社会服务业|专业、科研服务业,--,2021.xls,0,2021,上海市,租赁和商务服务业,商务服务业,0.4370643250825082,2.2954249686468646,-3.738255783828383,-0.9924052095709572,a
达晨财智【湖南文化旅游产业投资基金】,达晨财智【湖南文化旅游创业投资基金企业（有限合伙）】,湖南达晨文化旅游创投,湖南达晨文化旅游创业投资管理有限公司,达晨财智,达晨财智,湖南文化旅游产业投资基金,湖南文化旅游创业投资基金企业（有限合伙）,华丽达,北京华丽达视听科技股份有限公司,企业服务，广告营销,娱乐传媒|广告创意/代理|广告代理,中国|北京市,--,成熟期,2013-08-29,RMB,35.00,35.00,5.68,12.15,B,--,309.08,50.11,--,租赁和商务服务业|商务服务业|广告业,社会服务业|专业、科研服务业|广告业,全国中小企业股份转让系统(新三板),2013-2014.xls,1,2013,北京市,租赁和商务服务业,商务服务业,0.4370643250825082,2.2954249686468646,-3.738255783828383,-0.9924052095709572,a
德丰杰投资【德升金腾】,南通德丰杰投资管理有限公司【南通德升金腾创业投资中心（有限合伙）】,德丰杰投资,南通德丰杰投资管理有限公司,--,--,德升金腾,南通德升金腾创业投资中心（有限合伙）,留成网信息技术,上海留成网信息技术股份有限公司,教育，留学服务，留学中介,其他|咨询,中国|上海市,--,扩张期,2015-05-20,RMB,6.13,6.13,1.00,5.86,A,--,121.75,19.93,--,租赁和商务服务业|商务服务业|咨询与调查,社会服务业|专业、科研服务业,全国中小企业股份转让系统(新三板),2015.xls,0,2015,上海市,租赁和商务服务业,商务服务业,0.4370643250825082,2.2954249686468646,-3.738255783828383,-0.9924052095709572,a
中美创投【蓝盾中美基金】,深圳市中美创兴资本管理有限公司【深圳市创兴前沿技术股权投资基金合伙企业（有限合伙）】,中美创投,深圳市中美创兴资本管理有限公司,--,--,蓝盾中美基金,深圳市创兴前沿技术股权投资基金合伙企业（有限合伙）,华夏星光,深圳华夏星光文化传播股份有限公司,广告营销，企业服务，品牌营销，品牌运营,娱乐传媒|广告创意/代理,中国|广东省|深圳市,新三板定增,扩张期,2020-05-18,RMB,9.00,9.00,1.27,3.00,新三板定增,--,--,--,--,租赁和商务服务业|商务服务业|广告业,社会服务业|专业、科研服务业|广告业,全国中小企业股份转让系统(新三板),2020.xls,0,2020,广东省,租赁和商务服务业,商务服务业,0.4370643250825082,2.2954249686468646,-3.738255783828383,-0.9924052095709572,a
联创资本【联创永钦】,联创资本【上海联创永钦创业投资企业（有限合伙）】,联创永钦,上海联创永钦创业投资管理中心（有限合伙）,上海永宣,上海永宣创业投资管理有限公司,联创永钦,上海联创永钦创业投资企业（有限合伙）,艾德韦宣,上海艾德韦宣股份有限公司,广告营销，企业服务，整合营销，数字营销，媒体，品牌营销,娱乐传媒|广告创意/代理|广告代理,中国|上海市|长宁区,天使投资,种子期,2014-07-09,RMB,8.00,8.00,1.26,4.00,天使轮,--,441.38,71.61,--,租赁和商务服务业|商务服务业|广告业,社会服务业|专业、科研服务业|广告业,全国中小企业股份转让系统(新三板),2013-2014.xls,0,2014,上海市,租赁和商务服务业,商务服务业,0.4370643250825082,2.2954249686468646,-3.738255783828383,-0.9924052095709572,a
毅达资本【江苏中小企业发展基金】,江苏毅达股权投资基金管理有限公司【江苏中小企业发展基金（有限合伙）】,毅达资本,江苏毅达股权投资基金管理有限公司,--,--,江苏中小企业发展基金,江苏中小企业发展基金（有限合伙）,上海航空结构检测,上海航空材料结构检测股份有限公司,股权投资，投资，材料，企业服务，金融,其他|咨询,中国|上海市,--,扩张期,2021-12-22,RMB,--,--,--,--,A,应文禄,"1,564.03",245.63,--,租赁和商务服务业|商务服务业|咨询与调查,社会服务业|专业、科研服务业,--,2021.xls,0,2021,上海市,租赁和商务服务业,商务服务业,0.4370643250825082,2.2954249686468646,-3.738255783828383,-0.9924052095709572,a
贵鑫瑞和创投【贵州绿色产业扶贫基金】,贵州省贵鑫瑞和创业投资管理有限责任公司【贵州绿色产业扶贫投资基金（有限合伙）】,贵鑫瑞和创投,贵州省贵鑫瑞和创业投资管理有限责任公司,--,--,贵州绿色产业扶贫基金,贵州绿色产业扶贫投资基金（有限合伙）,施秉旅游,贵州省施秉县舞水云台旅游商品开发有限公司,旅游服务，农业，农产品B2C，餐饮，3C电商，互联网，电竞内容制作，办公用品，直播内容制作,其他|旅游,中国|贵州省|黔东南苗族侗族自治州|施秉县,创业投资,成熟期,2019-06-04,RMB,--,--,--,--,A,--,--,--,--,租赁和商务服务业|商务服务业|旅行社,社会服务业|旅游业,--,2019.xls,1,2019,贵州省,租赁和商务服务业,商务服务业,0.4370643250825082,2.2954249686468646,-3.738255783828383,-0.9924052095709572,a
远洋资本【交子远洋（新津）新乡村基金一期】,远洋资本有限公司【交子远洋（新津）新乡村产业股权投资基金管理中心（有限合伙）】,北京远琅投顾,北京远琅投资顾问有限公司,远洋资本,远洋资本有限公司,交子远洋（新津）新乡村基金一期,交子远洋（新津）新乡村产业股权投资基金管理中心（有限合伙）,途远美宅,四川途远美宅智能科技有限公司,乡村旅游，酒店经营，旅游服务,其他|旅游,中国|四川省|成都市|新津区,成长资本,初创期,2020-12-04,RMB,100.00,100.00,15.29,10.10,A,--,990.10,150.95,--,租赁和商务服务业|商务服务业|旅行社,社会服务业|旅游业,--,2020.xls,0,2020,四川省,租赁和商务服务业,商务服务业,0.4370643250825082,2.2954249686468646,-3.738255783828383,-0.9924052095709572,a
浙江联合基金【龙游联龙股权投资基金】,浙江联合中小企业股权投资基金管理有限公司【龙游联龙股权投资基金合伙企业（有限合伙）】,浙江联合基金,浙江联合中小企业股权投资基金管理有限公司,--,--,龙游联龙股权投资基金,龙游联龙股权投资基金合伙企业（有限合伙）,恒达新材,浙江恒达新材料股份有限公司,医疗健康，新材料，农业，生产制造，化工,其他|造纸,中国|浙江省|衢州市,新三板定增,成熟期,2016-10-28,RMB,39.98,39.98,5.55,12.08,新三板定增,--,330.96,48.80,--,制造业|造纸及纸制品业,制造业|造纸、印刷|造纸及纸制品业,深圳证券交易所创业板，全国中小企业股份转让系统(新三板),2016.xls,0,2016,浙江省,制造业,造纸及纸制品业,0.4557173060200669,2.8818149799331105,-3.675303677257525,-1.2054799732441472,a
国投创益【央企乡村产业投资基金】,国投创益产业基金管理有限公司【中央企业乡村产业投资基金股份有限公司】,国投创益,国投创益产业基金管理有限公司,--,--,央企乡村产业投资基金,中央企业乡村产业投资基金股份有限公司,斑布,四川环龙新材料有限公司,生产制造，材料，电子商务，品牌运营,其他|造纸,中国|四川省|眉山市|青神县,创业投资,扩张期,2020-11-26,RMB,--,--,--,8.72,C,王维东,--,--,--,制造业|造纸及纸制品业,制造业|造纸、印刷|造纸及纸制品业,--,2020.xls,1,2020,四川省,制造业,造纸及纸制品业,0.4557173060200669,2.8818149799331105,-3.675303677257525,-1.2054799732441472,a
涌铧投资【涌诚医药产业基金】,上海涌铧投资管理有限公司【连云港涌诚股权投资合伙企业（有限合伙）】,涌铧投资,上海涌铧投资管理有限公司,--,--,涌诚医药产业基金,连云港涌诚股权投资合伙企业（有限合伙）,正力药品包装,宁波正力药品包装有限公司,医疗健康，医药，生产制造,其他|包装,中国|浙江省|宁波市|江北区,--,成熟期,2018-07-31,RMB,--,--,--,--,A,--,--,--,--,制造业|造纸及纸制品业|纸制品制造|纸和纸板容器的制造,制造业|造纸、印刷|造纸及纸制品业|纸制品业,--,2018.xls,1,2018,浙江省,制造业,造纸及纸制品业,0.4557173060200669,2.8818149799331105,-3.675303677257525,-1.2054799732441472,a
元璟资本【元璟资本三期人民币基金】（领投）,杭州元璟投资管理有限公司【杭州元璟中小企业发展股权投资基金合伙企业（有限合伙）】（领投）,杭州元璟睿恒投资,杭州元璟睿恒投资管理有限公司,元璟资本,杭州元璟投资管理有限公司,元璟资本三期人民币基金,杭州元璟中小企业发展股权投资基金合伙企业（有限合伙）,窝小芽,杭州心芽信息科技有限公司,消费生活,食品&饮料|食品加工,中国|浙江省|杭州市,成长资本,扩张期,2021-12-01,RMB,--,--,--,--,A,王琦,--,--,--,制造业|农副食品加工业,制造业|食品、饮料|食品加工业,--,2021.xls,0,2021,浙江省,制造业,农副食品加工业,0.4704109265687583,2.144363730307076,-3.711159679572764,-0.9892418691588784,a
九鼎投资【嘉昊九鼎】,昆吾九鼎投资控股股份有限公司【嘉兴嘉昊九鼎投资中心（有限合伙）】,西藏昆吾九鼎,西藏昆吾九鼎投资管理有限公司,九鼎投资,昆吾九鼎投资控股股份有限公司,嘉昊九鼎,嘉兴嘉昊九鼎投资中心（有限合伙）,青莲食品,浙江青莲食品股份有限公司,农业，生产制造，农业生产，畜禽养殖,食品&饮料|食品加工,中国|浙江省|嘉兴市,--,扩张期,2009-12-30,RMB,20.00,20.00,2.93,9.52,A,--,210.08,30.77,--,制造业|农副食品加工业,制造业|食品、饮料|食品加工业,全国中小企业股份转让系统(新三板),2000-2012.xls,0,2009,浙江省,制造业,农副食品加工业,0.4704109265687583,2.144363730307076,-3.711159679572764,-0.9892418691588784,a
招商资本【中垦基金】,招商局资本投资有限责任公司【中国农垦产业发展基金（有限合伙）】,招垦资本,招垦资本管理（北京）有限公司,招商资本,招商局资本投资有限责任公司,中垦基金,中国农垦产业发展基金（有限合伙）,万洲国际,河南双汇投资发展股份有限公司,--,食品&饮料|食品加工|肉制品及副产品加工,中国|河南省|漯河市,上市定增,成熟期,2020-10-19,RMB,200.00,200.00,30.98,0.12,上市定增,--,"166,666.67","24,752.97",--,制造业|农副食品加工业|屠宰及肉类加工|肉制品及副产品加工,制造业|食品、饮料|食品加工业|屠宰及肉类蛋类加工业,深圳证券交易所主板，香港证券交易所主板,2020.xls,1,2020,河南省,制造业,农副食品加工业,0.4704109265687583,2.144363730307076,-3.711159679572764,-0.9892418691588784,a
贵鑫瑞和创投【贵州省农业农村现代化发展基金】,贵州省贵鑫瑞和创业投资管理有限责任公司【贵州省农业农村现代化发展股权投资基金合伙企业（有限合伙）】,贵鑫瑞和创投,贵州省贵鑫瑞和创业投资管理有限责任公司,--,--,贵州省农业农村现代化发展基金,贵州省农业农村现代化发展股权投资基金合伙企业（有限合伙）,贵州黔溯鲜食品,贵州黔溯鲜食品有限公司,消费生活，生活消费品，农副产品，肉类加工,食品&饮料|食品加工|肉制品及副产品加工,中国|贵州省|黔南布依族苗族自治州|长顺县,天使投资,种子期,2021-10-13,RMB,--,--,--,43.69,天使轮,--,--,--,--,制造业|农副食品加工业|屠宰及肉类加工|肉制品及副产品加工,制造业|食品、饮料|食品加工业|屠宰及肉类蛋类加工业,--,2021.xls,1,2021,贵州省,制造业,农副食品加工业,0.4704109265687583,2.144363730307076,-3.711159679572764,-0.9892418691588784,a
青岛拥湾【国安拥湾信息技术股权投资企业】,青岛拥湾私募基金管理集团股份有限公司【青岛国安拥湾信息技术股权投资企业（有限合伙）】,拥湾国安资产管理,青岛拥湾国安股权投资管理有限公司,青岛拥湾,青岛拥湾私募基金管理集团股份有限公司,国安拥湾信息技术股权投资企业,青岛国安拥湾信息技术股权投资企业（有限合伙）,北洋食品,青岛市北洋食品有限公司,生产制造，消费生活,食品&饮料|食品加工|水产品冷冻加工,中国|山东省|青岛市|即墨区,创业投资,成熟期,2019-10-24,RMB,--,--,--,20.00,A,--,--,--,--,制造业|农副食品加工业|水产品加工|水产品冷冻加工,制造业|食品、饮料|食品加工业|水产品加工业,--,2019.xls,0,2019,山东省,制造业,农副食品加工业,0.4704109265687583,2.144363730307076,-3.711159679572764,-0.9892418691588784,a
恒信资本【西安市产业扶贫（农业）投资基金】,西安恒信资本管理有限公司【西安市产业扶贫（农业）投资基金合伙企业（有限合伙）】,西安产业扶贫（农业）基金管理有限公司,西安农投乡村振兴私募基金管理有限公司,恒信资本,西安恒信资本管理有限公司,西安市产业扶贫（农业）投资基金,西安市产业扶贫（农业）投资基金合伙企业（有限合伙）,西安众天食品,西安众天食品有限责任公司,农业，生产制造，农业生产,食品&饮料|食品加工|其他食品加工,中国|陕西省|西安市,创业投资,成熟期,2020-03-25,RMB,--,--,--,11.66,A,--,--,--,--,制造业|农副食品加工业,制造业|食品、饮料|食品加工业,--,2020.xls,1,2020,陕西省,制造业,农副食品加工业,0.4704109265687583,2.144363730307076,-3.711159679572764,-0.9892418691588784,a
余杭国投【余杭区产业发展引导基金】,杭州余杭国有资本投资运营集团有限公司【杭州余杭产业基金有限公司】,余杭国投,杭州余杭国有资本投资运营集团有限公司,--,--,余杭区产业发展引导基金,杭州余杭产业基金有限公司,富义仓,杭州富义仓米业有限公司,--,农/林/牧/渔|农业|农业加工,中国|浙江省|杭州市|余杭区,创业投资,成熟期,2017-01-17,RMB,--,--,--,21.05,老股权转让,--,--,--,--,制造业|农副食品加工业,农、林、牧、渔业|农业|其他农业,--,2017.xls,0,2017,浙江省,制造业,农副食品加工业,0.4704109265687583,2.144363730307076,-3.711159679572764,-0.9892418691588784,a
伯藜创投【伯藜志远创投基金】,上海伯藜投资管理有限公司【南京创熠伯藜志远创业投资合伙企业（有限合伙）】,伯藜创投,上海伯藜投资管理有限公司,--,--,伯藜志远创投基金,南京创熠伯藜志远创业投资合伙企业（有限合伙）,食验室,杭州银河山田食品科技有限公司,消费生活,食品&饮料|食品加工,中国|上海市|金山区,天使投资,初创期,2021-05-18,RMB,1.67,1.67,0.26,2.60,Pre-A,--,74.79,11.62,--,制造业|农副食品加工业,制造业|食品、饮料|食品加工业,--,2021.xls,0,2021,上海市,制造业,农副食品加工业,0.4704109265687583,2.144363730307076,-3.711159679572764,-0.9892418691588784,a
国投创益【央企乡村产业投资基金】,国投创益产业基金管理有限公司【中央企业乡村产业投资基金股份有限公司】,国投创益,国投创益产业基金管理有限公司,--,--,央企乡村产业投资基金,中央企业乡村产业投资基金股份有限公司,益客食品,江苏益客食品集团股份有限公司,大数据，农业，生产制造，大数据挖掘,食品&饮料|食品加工,中国|江苏省|宿迁市|宿豫区,成长资本,扩张期,2017-12-08,RMB,150.00,150.00,21.07,4.55,Pre-IPO,冯越,"3,296.70",503.99,--,制造业|农副食品加工业,制造业|食品、饮料|食品加工业,深圳证券交易所创业板,2017.xls,1,2017,江苏省,制造业,农副食品加工业,0.4704109265687583,2.144363730307076,-3.711159679572764,-0.9892418691588784,a
北京六合【定州市农业发展基金】,北京六合基金管理有限公司【定州市农业产业发展基金（有限合伙）】,北京六合,北京六合基金管理有限公司,--,--,定州市农业发展基金,定州市农业产业发展基金（有限合伙）,鲜洁农业,定州市鲜洁农业科技有限公司,中央厨房，道路运输,农/林/牧/渔|农业|农业加工,中国|河北省|保定市|定州市,创业投资,初创期,2021-07-09,RMB,--,--,--,--,A,--,--,--,--,制造业|农副食品加工业,农、林、牧、渔业|农业|其他农业,--,2021.xls,1,2021,河北省,制造业,农副食品加工业,0.4704109265687583,2.144363730307076,-3.711159679572764,-0.9892418691588784,a
陕投基金【陕西高端装备制造产业投资基金】,陕西投资基金管理有限公司【陕西高端装备制造产业投资基金合伙企业（有限合伙）】,陕投基金,陕西投资基金管理有限公司,--,--,陕西高端装备制造产业投资基金,陕西高端装备制造产业投资基金合伙企业（有限合伙）,石羊农科,陕西石羊农业科技股份有限公司,农业，生产制造，饲料,食品&饮料|食品加工|其他食品加工,中国|陕西省|渭南市,天使投资,种子期,2011-07-01,RMB,--,--,--,--,种子轮,--,--,--,--,制造业|农副食品加工业,制造业|食品、饮料|食品加工业,全国中小企业股份转让系统(新三板),2000-2012.xls,1,2011,陕西省,制造业,农副食品加工业,0.4704109265687583,2.144363730307076,-3.711159679572764,-0.9892418691588784,a
深圳嘉祐创业投资【疌泉（兴化）乡村振兴投资基金】,江苏嘉祐私募基金管理有限公司【疌泉（兴化）产业投资基金（有限合伙）】,深圳嘉祐创业投资,江苏嘉祐私募基金管理有限公司,--,--,疌泉（兴化）乡村振兴投资基金,疌泉（兴化）产业投资基金（有限合伙）,吉得利,江苏吉得利食品有限公司,消费生活，调味品,食品&饮料|食品加工,中国|江苏省|泰州市|兴化市,创业投资,扩张期,2021-12-01,RMB,10.00,10.00,1.48,--,A,--,--,--,--,制造业|农副食品加工业,制造业|食品、饮料|食品加工业,--,2021.xls,0,2021,江苏省,制造业,农副食品加工业,0.4704109265687583,2.144363730307076,-3.711159679572764,-0.9892418691588784,a
清流资本【苏州清流成长二期基金】,清流（北京）投资咨询有限公司【苏州清流成长二期股权投资合伙企业（有限合伙）】,宁波清流和盛投资,宁波清流和盛投资管理有限公司,清流资本,清流（北京）投资咨询有限公司,苏州清流成长二期基金,苏州清流成长二期股权投资合伙企业（有限合伙）,黄小猪,北京黄小猪食品科技有限公司,消费生活，餐饮,食品&饮料|食品加工,中国|北京市|朝阳区,创业投资,种子期,2021-08-25,RMB,--,--,--,5.00,Pre-A,--,--,--,--,制造业|农副食品加工业,制造业|食品、饮料|食品加工业,--,2021.xls,0,2021,北京市,制造业,农副食品加工业,0.4704109265687583,2.144363730307076,-3.711159679572764,-0.9892418691588784,a
余杭国投【余杭区产业发展引导基金】,杭州余杭国有资本投资运营集团有限公司【杭州余杭产业基金有限公司】,余杭国投,杭州余杭国有资本投资运营集团有限公司,--,--,余杭区产业发展引导基金,杭州余杭产业基金有限公司,恒天粮食,浙江恒天粮食股份有限公司,生活消费品，食品饮料，投资，物流仓储，酒水饮料，汽车交通，大型超市，农业，农副产品,食品&饮料|食品加工,中国|浙江省|杭州市|余杭区,创业投资,成熟期,2020-09-29,RMB,--,--,--,--,A,--,--,--,--,制造业|农副食品加工业,制造业|食品、饮料|食品加工业,--,2020.xls,0,2020,浙江省,制造业,农副食品加工业,0.4704109265687583,2.144363730307076,-3.711159679572764,-0.9892418691588784,a
恒信资本【西安市产业扶贫（农业）投资基金】,西安恒信资本管理有限公司【西安市产业扶贫（农业）投资基金合伙企业（有限合伙）】,西安产业扶贫（农业）基金管理有限公司,西安农投乡村振兴私募基金管理有限公司,恒信资本,西安恒信资本管理有限公司,西安市产业扶贫（农业）投资基金,西安市产业扶贫（农业）投资基金合伙企业（有限合伙）,亚宏面粉,西安市亚宏面粉有限责任公司,--,农/林/牧/渔|农业|农业加工,中国|陕西省|西安市|阎良区,--,成熟期,2019-03-01,RMB,--,--,--,14.81,A,--,--,--,--,制造业|农副食品加工业,农、林、牧、渔业|农业|其他农业,--,2019.xls,1,2019,陕西省,制造业,农副食品加工业,0.4704109265687583,2.144363730307076,-3.711159679572764,-0.9892418691588784,a
贵鑫瑞和创投【贵州省农业农村现代化发展基金】,贵州省贵鑫瑞和创业投资管理有限责任公司【贵州省农业农村现代化发展股权投资基金合伙企业（有限合伙）】,贵鑫瑞和创投,贵州省贵鑫瑞和创业投资管理有限责任公司,--,--,贵州省农业农村现代化发展基金,贵州省农业农村现代化发展股权投资基金合伙企业（有限合伙）,贵三红,贵州省贵三红食品有限公司,企业服务，投资,食品&饮料|食品加工|其他食品加工,中国|贵州省|遵义市|红花岗区,创业投资,扩张期,2021-09-18,RMB,--,--,--,36.58,A,--,--,--,--,制造业|农副食品加工业,制造业|食品、饮料|食品加工业,--,2021.xls,1,2021,贵州省,制造业,农副食品加工业,0.4704109265687583,2.144363730307076,-3.711159679572764,-0.9892418691588784,a
贵鑫瑞和创投【贵州省农业农村现代化发展基金】,贵州省贵鑫瑞和创业投资管理有限责任公司【贵州省农业农村现代化发展股权投资基金合伙企业（有限合伙）】,贵鑫瑞和创投,贵州省贵鑫瑞和创业投资管理有限责任公司,--,--,贵州省农业农村现代化发展基金,贵州省农业农村现代化发展股权投资基金合伙企业（有限合伙）,黔老翁,贵州赤水黔老翁晒醋有限公司,旅游服务，教育，农业，投资，生活消费品，保健品，化工，调味品，酒水饮料，食品饮料，科研机构，项目扶持,食品&饮料|食品加工,中国|贵州省|遵义市|赤水市,创业投资,成熟期,2021-12-07,RMB,--,--,--,39.13,A,--,--,--,--,制造业|农副食品加工业,制造业|食品、饮料|食品加工业,--,2021.xls,1,2021,贵州省,制造业,农副食品加工业,0.4704109265687583,2.144363730307076,-3.711159679572764,-0.9892418691588784,a
信诺股权投资【盈谷生物产业创投基金】,云南信诺私募股权投资基金管理有限公司【云南盈谷生物产业创业投资基金合伙企业（有限合伙）】,信诺股权投资,云南信诺私募股权投资基金管理有限公司,--,--,盈谷生物产业创投基金,云南盈谷生物产业创业投资基金合伙企业（有限合伙）,爱尔发,云南爱尔发生物技术股份有限公司,农业，生产制造，医疗健康，消费生活,食品&饮料|食品加工,中国|云南省|楚雄彝族自治州,--,扩张期,2013-09-22,RMB,40.00,40.00,6.50,16.84,A,--,237.53,38.32,--,制造业|农副食品加工业,制造业|食品、饮料|食品加工业,全国中小企业股份转让系统(新三板),2013-2014.xls,1,2013,云南省,制造业,农副食品加工业,0.4704109265687583,2.144363730307076,-3.711159679572764,-0.9892418691588784,a
华映资本【华映六期人民币基金】（领投）,华映资本管理有限公司【南京华映中小企业发展基金合伙企业（有限合伙）】（领投）,华映资本,华映资本管理有限公司,--,--,华映六期人民币基金,南京华映中小企业发展基金合伙企业（有限合伙）,夸父炸串,北京万皮思食品科技有限公司,消费生活，餐饮，餐饮品牌,食品&饮料|食品加工,中国|北京市|朝阳区,成长资本,初创期,2021-05-05,RMB,--,--,--,8.83,A+,季薇,339.82,52.86,--,制造业|农副食品加工业,制造业|食品、饮料|食品加工业,--,2021.xls,0,2021,北京市,制造业,农副食品加工业,0.4704109265687583,2.144363730307076,-3.711159679572764,-0.9892418691588784,a
深创投【红土生物创投】,深圳市创新投资集团有限公司【深圳市红土生物创业投资有限公司】,深创投红土股权投资,深创投红土私募股权投资基金管理（深圳）有限公司,深创投,深圳市创新投资集团有限公司,红土生物创投,深圳市红土生物创业投资有限公司,宝莲生物,拉萨宝莲生物科技股份有限公司,农业，生产制造，医疗健康，种植加工,食品&饮料|食品加工,中国|江苏省|扬州市,--,初创期,2013-10-24,RMB,14.94,14.94,2.44,5.53,A,--,270.25,44.06,--,制造业|农副食品加工业,制造业|食品、饮料|食品加工业,全国中小企业股份转让系统(新三板),2013-2014.xls,0,2013,江苏省,制造业,农副食品加工业,0.4704109265687583,2.144363730307076,-3.711159679572764,-0.9892418691588784,a
英诺天使基金【英诺III期（厦门）】,英诺融科（北京）投资管理有限公司【厦门英诺嘉业股权投资基金合伙企业（有限合伙）】,厦门英特嘉投资,厦门英特嘉投资管理有限公司,英诺天使基金,英诺融科（北京）投资管理有限公司,英诺III期（厦门）,厦门英诺嘉业股权投资基金合伙企业（有限合伙）,谷肉,无锡谷肉食品科技有限公司,农业，人造肉，消费生活,食品&饮料|食品加工,中国|江苏省|无锡市,天使投资,初创期,2021-01-04,RMB,--,--,--,5.00,天使轮,李竹,40.00,6.20,--,制造业|农副食品加工业,制造业|食品、饮料|食品加工业,--,2021.xls,0,2021,江苏省,制造业,农副食品加工业,0.4704109265687583,2.144363730307076,-3.711159679572764,-0.9892418691588784,a
清流资本【苏州清流成长二期基金】,清流（北京）投资咨询有限公司【苏州清流成长二期股权投资合伙企业（有限合伙）】,宁波清流和盛投资,宁波清流和盛投资管理有限公司,清流资本,清流（北京）投资咨询有限公司,苏州清流成长二期基金,苏州清流成长二期股权投资合伙企业（有限合伙）,周子未来,南京周子未来食品科技有限公司,消费生活，生产制造，生活消费品,食品&饮料|食品加工,中国|江苏省|南京市|溧水区,成长资本,初创期,2021-11-13,RMB,--,--,--,2.24,A,王梦秋,--,--,--,制造业|农副食品加工业,制造业|食品、饮料|食品加工业,--,2021.xls,0,2021,江苏省,制造业,农副食品加工业,0.4704109265687583,2.144363730307076,-3.711159679572764,-0.9892418691588784,a
贵鑫瑞和创投【贵州省农业农村现代化发展基金】,贵州省贵鑫瑞和创业投资管理有限责任公司【贵州省农业农村现代化发展股权投资基金合伙企业（有限合伙）】,贵鑫瑞和创投,贵州省贵鑫瑞和创业投资管理有限责任公司,--,--,贵州省农业农村现代化发展基金,贵州省农业农村现代化发展股权投资基金合伙企业（有限合伙）,阿西里西食品饮料,贵州阿西里西食品饮料有限公司,生活消费品,食品&饮料|食品加工,中国|贵州省|毕节市|赫章县,创业投资,初创期,2021-12-08,RMB,--,--,--,--,A,--,--,--,--,制造业|农副食品加工业,制造业|食品、饮料|食品加工业,--,2021.xls,1,2021,贵州省,制造业,农副食品加工业,0.4704109265687583,2.144363730307076,-3.711159679572764,-0.9892418691588784,a
博远资本【博远二期人民币基金】（领投）,博远资本【南京博睿嘉泰二期股权投资合伙企业（有限合伙）】（领投）,博睿瑜业股权投资,博睿瑜业（上海）股权投资管理有限公司,博远资本,博远资本,博远二期人民币基金,南京博睿嘉泰二期股权投资合伙企业（有限合伙）,衡美食品,浙江衡美健康科技股份有限公司,消费生活,食品&饮料|食品加工,中国|浙江省|杭州市,成长资本,扩张期,2021-03-25,RMB,--,--,--,0.82,A,陈鹏辉,"1,162.79",178.12,--,制造业|农副食品加工业,制造业|食品、饮料|食品加工业,--,2021.xls,0,2021,浙江省,制造业,农副食品加工业,0.4704109265687583,2.144363730307076,-3.711159679572764,-0.9892418691588784,a
挑战者创投【厦门挑战者双鱼号股权投资】,北京壹舟云亭私募基金管理有限公司【厦门挑战者双鱼号股权投资合伙企业（有限合伙）】,挑战者创投,北京壹舟云亭私募基金管理有限公司,--,--,厦门挑战者双鱼号股权投资,厦门挑战者双鱼号股权投资合伙企业（有限合伙）,王小卤,北京王小卤网络科技有限公司,工具软件，独立品牌，消费生活,食品&饮料|食品加工|其他食品加工,中国|北京市|顺义区,创业投资,扩张期,2021-07-23,RMB,--,--,--,--,B,--,--,--,--,制造业|农副食品加工业,制造业|食品、饮料|食品加工业,--,2021.xls,0,2021,北京市,制造业,农副食品加工业,0.4704109265687583,2.144363730307076,-3.711159679572764,-0.9892418691588784,a
北京六合【定州市农业发展基金】,北京六合基金管理有限公司【定州市农业产业发展基金（有限合伙）】,北京六合,北京六合基金管理有限公司,--,--,定州市农业发展基金,定州市农业产业发展基金（有限合伙）,火来顺,河北火来顺清真肉食品有限公司,道路运输,食品&饮料|食品加工|肉制品及副产品加工,中国|河北省|保定市|定州市,创业投资,扩张期,2018-12-25,RMB,--,--,--,11.76,A,--,--,--,--,制造业|农副食品加工业|屠宰及肉类加工|肉制品及副产品加工,制造业|食品、饮料|食品加工业|屠宰及肉类蛋类加工业,--,2018.xls,1,2018,河北省,制造业,农副食品加工业,0.4704109265687583,2.144363730307076,-3.711159679572764,-0.9892418691588784,a
贵鑫瑞和创投【贵州省新型工业化发展股权投资基金】,贵州省贵鑫瑞和创业投资管理有限责任公司【贵州省新型工业化发展股权投资基金合伙企业（有限合伙）】,贵鑫瑞和创投,贵州省贵鑫瑞和创业投资管理有限责任公司,--,--,贵州省新型工业化发展股权投资基金,贵州省新型工业化发展股权投资基金合伙企业（有限合伙）,南山婆食品,贵州南山婆食品加工有限公司,消费生活，生产制造，电子信息产业，生活消费品，建筑，家用电器，饲料，农产品，肉类加工，仪器设备，文化艺术，茶叶品牌，调味品，方便食品，酒水饮料，食品饮料,食品&饮料|食品加工,中国|贵州省|安顺市|西秀区,创业投资,扩张期,2021-12-08,RMB,--,--,--,32.76,A,--,--,--,--,制造业|农副食品加工业,制造业|食品、饮料|食品加工业,--,2021.xls,1,2021,贵州省,制造业,农副食品加工业,0.4704109265687583,2.144363730307076,-3.711159679572764,-0.9892418691588784,a
麦星投资【麦星五期基金】,麦星投资【深圳市麦星灏昱股权投资基金合伙企业（有限合伙）】,麦星资本,深圳市麦星投资管理中心（有限合伙）,--,--,麦星五期基金,深圳市麦星灏昱股权投资基金合伙企业（有限合伙）,轩妈食品,广西轩妈食品有限公司,消费生活，生活消费品,食品&饮料|食品加工,中国|广西|南宁市,成长资本,扩张期,2021-05-31,RMB,--,--,--,3.00,B,崔文立,--,--,--,制造业|农副食品加工业,制造业|食品、饮料|食品加工业,--,2021.xls,0,2021,广西,制造业,农副食品加工业,0.4704109265687583,2.144363730307076,-3.711159679572764,-0.9892418691588784,a
五源资本【五源资本人民币二期基金】,五源资本【南京五源启兴创业投资中心（有限合伙）】,上海兴畔投资,上海兴畔投资管理咨询有限公司,五源资本,五源资本,五源资本人民币二期基金,南京五源启兴创业投资中心（有限合伙）,植本乐食品,北京植本乐食品科技有限公司,消费生活，生产制造,食品&饮料|食品加工,中国|北京市|朝阳区,天使投资,种子期,2021-03-29,RMB,--,--,--,--,Pre-A,--,--,--,--,制造业|农副食品加工业,制造业|食品、饮料|食品加工业,--,2021.xls,0,2021,北京市,制造业,农副食品加工业,0.4704109265687583,2.144363730307076,-3.711159679572764,-0.9892418691588784,a
中和资本【中和文化创意基金】,锦绣中和（北京）资本管理有限公司【沈阳中和文化创意产业创业投资基金（有限合伙）】,中和资本,锦绣中和（北京）资本管理有限公司,--,--,中和文化创意基金,沈阳中和文化创意产业创业投资基金（有限合伙）,圣农食品,福建圣农食品有限公司,农业，生产制造，餐饮，餐饮品牌，消费生活,食品&饮料|食品加工,中国|福建省|南平市|光泽县,--,成熟期,2016-12-02,RMB,10.00,10.00,1.45,0.57,B,--,"1,760.18",255.35,--,制造业|农副食品加工业,制造业|食品、饮料|食品加工业,--,2016.xls,0,2016,福建省,制造业,农副食品加工业,0.4704109265687583,2.144363730307076,-3.711159679572764,-0.9892418691588784,a
长江资本【长江证券湖北基金】,长江成长资本投资有限公司【长江证券产业基金（湖北）合伙企业（有限合伙）】,长江证券基金管理,长江证券私募产业基金管理（湖北）有限公司,长江资本,长江成长资本投资有限公司,长江证券湖北基金,长江证券产业基金（湖北）合伙企业（有限合伙）,老鬼生物,湖北老鬼生物科技有限公司,生物技术，金融，体育用品,食品&饮料|食品加工,中国|湖北省|鄂州市,--,初创期,2017-06-21,RMB,100.00,100.00,14.71,--,A,--,--,--,--,制造业|农副食品加工业,制造业|食品、饮料|食品加工业,--,2017.xls,0,2017,湖北省,制造业,农副食品加工业,0.4704109265687583,2.144363730307076,-3.711159679572764,-0.9892418691588784,a
知守投资【陕西供销合作发展创业基金】,知守投资控股有限公司【陕西供销合作发展创业投资合伙企业（有限合伙）】,陕西供销知守基金管理,陕西供销知守基金管理有限公司,知守投资,知守投资控股有限公司,陕西供销合作发展创业基金,陕西供销合作发展创业投资合伙企业（有限合伙）,源耀生物,上海源耀农业股份有限公司,农业，生产制造，饲料原料，饲料，配合饲料，跨境电商,食品&饮料|食品加工,中国|上海市|浦东新区,新三板定增,成熟期,2017-05-19,RMB,20.00,20.00,2.90,1.76,新三板定增,--,"1,137.00",165.01,--,制造业|农副食品加工业,制造业|食品、饮料|食品加工业,全国中小企业股份转让系统(新三板),2017.xls,1,2017,上海市,制造业,农副食品加工业,0.4704109265687583,2.144363730307076,-3.711159679572764,-0.9892418691588784,a
德阳盈创阳光天使创投【德阳市阳光天使投资基金】,德阳盈创阳光天使创业投资管理有限公司【德阳阳光天使投资有限公司】,德阳盈创阳光天使创投,德阳盈创阳光天使创业投资管理有限公司,--,--,德阳市阳光天使投资基金,德阳阳光天使投资有限公司,明润农业,德阳市明润农业开发有限公司,农业，生产制造，农业生产，有机食材,农/林/牧/渔|农业|农业加工,中国|四川省|德阳市,天使投资,初创期,2015-04-14,RMB,--,--,--,10.00,种子轮,--,--,--,--,制造业|农副食品加工业,农、林、牧、渔业|农业|其他农业,--,2015.xls,1,2015,四川省,制造业,农副食品加工业,0.4704109265687583,2.144363730307076,-3.711159679572764,-0.9892418691588784,a
明势资本【嘉兴自知一号基金】,北京明势合讯资本管理有限公司【嘉兴自知一号股权投资合伙企业（有限合伙）】,嘉兴自知投资,嘉兴自知股权投资管理有限公司,明势资本,北京明势合讯资本管理有限公司,嘉兴自知一号基金,嘉兴自知一号股权投资合伙企业（有限合伙）,帅克宠物,山东帅克宠物用品股份有限公司,农业，生产制造，宠物服务，宠物食品，消费生活,食品&饮料|食品加工,中国|山东省|临沂市|沂南县,创业投资,扩张期,2020-06-01,RMB,15.00,15.00,2.36,9.00,B,--,151.43,21.23,--,制造业|农副食品加工业,制造业|食品、饮料|食品加工业,--,2020.xls,0,2020,山东省,制造业,农副食品加工业,0.4704109265687583,2.144363730307076,-3.711159679572764,-0.9892418691588784,a
九鼎投资【川陕革命老区振兴发展股权投资基金】,昆吾九鼎投资控股股份有限公司【巴中川陕革命老区振兴发展股权投资基金（有限合伙）】,昆吾九鼎投资,昆吾九鼎投资管理有限公司,九鼎投资,昆吾九鼎投资控股股份有限公司,川陕革命老区振兴发展股权投资基金,巴中川陕革命老区振兴发展股权投资基金（有限合伙）,金枝玉叶,四川金枝玉叶茶叶有限公司,生产制造，消费生活,食品&饮料|食品加工|其他食品加工,中国|四川省|巴中市,创业投资,初创期,2019-09-16,RMB,--,--,--,16.67,A,--,--,--,--,制造业|农副食品加工业,制造业|食品、饮料|食品加工业,--,2019.xls,1,2019,四川省,制造业,农副食品加工业,0.4704109265687583,2.144363730307076,-3.711159679572764,-0.9892418691588784,a
知守投资【陕西供销合作发展创业基金】,知守投资控股有限公司【陕西供销合作发展创业投资合伙企业（有限合伙）】,陕西供销知守基金管理,陕西供销知守基金管理有限公司,知守投资,知守投资控股有限公司,陕西供销合作发展创业基金,陕西供销合作发展创业投资合伙企业（有限合伙）,格润牧业,西安格润牧业股份有限公司,农业，生产制造，消费生活,食品&饮料|食品加工,中国|陕西省|西安市|鄠邑区,--,成熟期,2017-10-12,RMB,40.00,40.00,5.89,8.40,C,--,953.00,140.21,--,制造业|农副食品加工业,制造业|食品、饮料|食品加工业,全国中小企业股份转让系统(新三板),2017.xls,1,2017,陕西省,制造业,农副食品加工业,0.4704109265687583,2.144363730307076,-3.711159679572764,-0.9892418691588784,a
南粤基金【怀化市源粤产业投资】,广州南粤基金集团有限公司【怀化市源粤产业投资合伙企业（有限合伙）】,广州南粤凌鹰体育旅游产业投资基金,湖南湘粤私募股权投资基金管理有限公司,南粤基金,广州南粤基金集团有限公司,怀化市源粤产业投资,怀化市源粤产业投资合伙企业（有限合伙）,洪盛源,湖南洪盛源油茶科技股份有限公司,农业，林业，生产制造，农业生产，食品饮料，种植加工,食品&饮料|食品加工,中国|湖南省|怀化市,新三板定增,成熟期,2021-11-16,RMB,15.00,15.00,2.35,11.24,新三板定增,--,133.45,20.88,--,制造业|农副食品加工业,制造业|食品、饮料|食品加工业,全国中小企业股份转让系统(新三板),2021.xls,0,2021,湖南省,制造业,农副食品加工业,0.4704109265687583,2.144363730307076,-3.711159679572764,-0.9892418691588784,a
中广投资【东莞中科中广基金】,广东中广投资管理有限公司【东莞中科中广创业投资有限公司】,中广投资,广东中广投资管理有限公司,--,--,东莞中科中广基金,东莞中科中广创业投资有限公司,粤海饲料,广东粤海饲料集团股份有限公司,农业，生产制造，水产饲料，饲料,农/林/牧/渔|农业|农业加工,中国|广东省|湛江市,成长资本,成熟期,2015-11-24,RMB,50.00,50.00,7.90,1.60,A,--,"3,128.15",489.55,--,制造业|农副食品加工业,农、林、牧、渔业|农业|其他农业,深圳证券交易所主板,2015.xls,0,2015,广东省,制造业,农副食品加工业,0.4704109265687583,2.144363730307076,-3.711159679572764,-0.9892418691588784,a
海达投资【金冀达创投】,天津海达创业投资管理有限公司【河北金冀达创业投资有限公司】,海达投资,天津海达创业投资管理有限公司,--,--,金冀达创投,河北金冀达创业投资有限公司,晨光生物,晨光生物科技集团股份有限公司,农业，生产制造，农业生产，精油,农/林/牧/渔|农业|农业加工,中国|河北省|邯郸市,创业投资,扩张期,2009-09-27,RMB,9.80,9.80,1.45,2.99,A,--,327.32,47.93,7.75,制造业|农副食品加工业,农、林、牧、渔业|农业|其他农业,深圳证券交易所创业板,2000-2012.xls,1,2009,河北省,制造业,农副食品加工业,0.4704109265687583,2.144363730307076,-3.711159679572764,-0.9892418691588784,a
贵鑫瑞和创投【贵州省农业农村现代化发展基金】,贵州省贵鑫瑞和创业投资管理有限责任公司【贵州省农业农村现代化发展股权投资基金合伙企业（有限合伙）】,贵鑫瑞和创投,贵州省贵鑫瑞和创业投资管理有限责任公司,--,--,贵州省农业农村现代化发展基金,贵州省农业农村现代化发展股权投资基金合伙企业（有限合伙）,湄潭茯莹食品,贵州湄潭茯莹食品开发有限公司,农业，生产制造，农产品，高端食材，健康食材，现代农业,食品&饮料|食品加工|其他食品加工,中国|贵州省|遵义市|湄潭县,创业投资,成熟期,2017-09-01,RMB,--,--,--,15.01,A,--,--,--,--,制造业|农副食品加工业,制造业|食品、饮料|食品加工业,--,2017.xls,1,2017,贵州省,制造业,农副食品加工业,0.4704109265687583,2.144363730307076,-3.711159679572764,-0.9892418691588784,a
深创投【红土生物创投】,深圳市创新投资集团有限公司【深圳市红土生物创业投资有限公司】,深创投红土股权投资,深创投红土私募股权投资基金管理（深圳）有限公司,深创投,深圳市创新投资集团有限公司,红土生物创投,深圳市红土生物创业投资有限公司,澳坤生物,山西澳坤生物农业股份有限公司,农业，生产制造，农产品，生活消费品，农业科技,农/林/牧/渔|农业,中国|山西省|临汾市,--,扩张期,2013-12-27,RMB,6.00,6.00,0.98,2.64,C,--,227.27,37.16,--,农、林、牧、渔业|农业,农、林、牧、渔业|农业,全国中小企业股份转让系统(新三板),2013-2014.xls,0,2013,山西省,农、林、牧、渔业,农业,0.4796343050847458,2.8788123672316384,-3.611489638418079,-0.971666720338983,a
湖南高新创投集团【麓谷天使基金】,湖南高新创业投资集团有限公司【湖南麓谷高新天使创业投资企业（有限合伙）】,湖南高新创投,湖南高新创业投资管理有限公司,湖南高新创投集团,湖南高新创业投资集团有限公司,麓谷天使基金,湖南麓谷高新天使创业投资企业（有限合伙）,天野农业,长沙天野有机农业有限责任公司,农业，农业生产，有机食材，配送服务，农业技术，消费生活,农/林/牧/渔|农业|农业种植,中国|湖南省|长沙市|浏阳市,创业投资,成熟期,2016-06-24,RMB,--,--,--,--,A,--,--,--,--,农、林、牧、渔业|农业,农、林、牧、渔业|农业|种植业,--,2016.xls,0,2016,湖南省,农、林、牧、渔业,农业,0.4796343050847458,2.8788123672316384,-3.611489638418079,-0.971666720338983,a
信产智华投资【云南省农产品流通产业发展股权投资合伙企业（有限合伙）】,云南信产智华股权投资基金管理有限公司【云南省农产品流通产业发展股权投资合伙企业（有限合伙）】,信产智华投资,云南信产智华股权投资基金管理有限公司,--,--,云南省农产品流通产业发展股权投资合伙企业（有限合伙）,云南省农产品流通产业发展股权投资合伙企业（有限合伙）,鑫珵农业,砚山县鑫珵农业科技发展有限公司,农业，农业生产，农产品，农副产品，种植加工，创业服务,农/林/牧/渔|农业,中国|云南省|文山壮族苗族自治州|砚山县,创业投资,初创期,2016-06-30,RMB,--,--,--,--,A,--,--,--,--,农、林、牧、渔业|农业,农、林、牧、渔业|农业,--,2016.xls,1,2016,云南省,农、林、牧、渔业,农业,0.4796343050847458,2.8788123672316384,-3.611489638418079,-0.971666720338983,a
毅达资本【疌泉毅达战新创投基金】,江苏毅达股权投资基金管理有限公司【江苏疌泉毅达战新创业投资合伙企业（有限合伙）】,南京毅达投资,南京毅达股权投资管理企业（有限合伙）,毅达资本,江苏毅达股权投资基金管理有限公司,疌泉毅达战新创投基金,江苏疌泉毅达战新创业投资合伙企业（有限合伙）,丰倍生物,苏州丰倍生物科技股份有限公司,节能环保，农业，生产制造，化工,农/林/牧/渔|农业,中国|江苏省|苏州市,创业投资,扩张期,2020-01-06,RMB,15.00,15.00,2.15,5.71,A,--,350.06,50.21,--,农、林、牧、渔业|农业,农、林、牧、渔业|农业,--,2020.xls,0,2020,江苏省,农、林、牧、渔业,农业,0.4796343050847458,2.8788123672316384,-3.611489638418079,-0.971666720338983,a
北部湾产业投资基金【北部湾直投基金】,北部湾产业投资基金管理有限公司【广西北部湾产业直投基金（有限合伙）】,北部湾产业投资基金,北部湾产业投资基金管理有限公司,--,--,北部湾直投基金,广西北部湾产业直投基金（有限合伙）,聚馨麦芽,广西聚馨麦芽有限公司,农业,农/林/牧/渔|农业,中国|广西|防城港市|港口区,--,初创期,2016-07-05,--,--,--,--,--,种子轮,--,--,--,--,农、林、牧、渔业|农业,农、林、牧、渔业|农业,--,2016.xls,1,2016,广西,农、林、牧、渔业,农业,0.4796343050847458,2.8788123672316384,-3.611489638418079,-0.971666720338983,a
贵鑫瑞和创投【贵州绿色产业扶贫基金】,贵州省贵鑫瑞和创业投资管理有限责任公司【贵州绿色产业扶贫投资基金（有限合伙）】,贵鑫瑞和创投,贵州省贵鑫瑞和创业投资管理有限责任公司,--,--,贵州绿色产业扶贫基金,贵州绿色产业扶贫投资基金（有限合伙）,桴焉茶业,正安县桴焉茶业有限责任公司,茶叶品牌,农/林/牧/渔|农业,中国|贵州省|遵义市|正安县,创业投资,成熟期,2019-08-27,RMB,--,--,--,--,A,--,--,--,--,农、林、牧、渔业|农业,农、林、牧、渔业|农业,--,2019.xls,1,2019,贵州省,农、林、牧、渔业,农业,0.4796343050847458,2.8788123672316384,-3.611489638418079,-0.971666720338983,a
国元资本【安徽省农业产业化发展基金】,安徽国元基金管理有限公司【安徽省农业产业化发展基金有限公司】,国元资本,安徽国元基金管理有限公司,--,--,安徽省农业产业化发展基金,安徽省农业产业化发展基金有限公司,紫约农业,紫约农业科技集团有限公司,农业，现代农业，农产品，农副产品，种植加工,农/林/牧/渔|农业,中国|安徽省|芜湖市,创业投资,扩张期,2021-06-17,RMB,--,--,--,33.33,A,--,--,--,--,农、林、牧、渔业|农业,农、林、牧、渔业|农业,--,2021.xls,1,2021,安徽省,农、林、牧、渔业,农业,0.4796343050847458,2.8788123672316384,-3.611489638418079,-0.971666720338983,a
贵鑫瑞和创投【贵州绿色产业扶贫基金】,贵州省贵鑫瑞和创业投资管理有限责任公司【贵州绿色产业扶贫投资基金（有限合伙）】,贵鑫瑞和创投,贵州省贵鑫瑞和创业投资管理有限责任公司,--,--,贵州绿色产业扶贫基金,贵州绿色产业扶贫投资基金（有限合伙）,天楼生物,贵州天楼生物发展有限公司,消费生活，农业，电子商务，房产家居，化工,农/林/牧/渔|农业,中国|贵州省|遵义市|正安县,创业投资,扩张期,2019-08-19,RMB,--,--,--,--,A,--,--,--,--,农、林、牧、渔业|农业,农、林、牧、渔业|农业,--,2019.xls,1,2019,贵州省,农、林、牧、渔业,农业,0.4796343050847458,2.8788123672316384,-3.611489638418079,-0.971666720338983,a
金城资本【甘肃现代农业产业创业投资基金】,金城资本管理有限公司【甘肃现代农业产业创业投资基金有限公司】,金城资本,金城资本管理有限公司,--,--,甘肃现代农业产业创业投资基金,甘肃现代农业产业创业投资基金有限公司,金苹果,武威金苹果农业股份有限公司,农业，旅游服务，文体行业，种植加工,农/林/牧/渔|农业|农业种植,中国|甘肃省|武威市,--,成熟期,2013-01-29,RMB,--,--,--,10.59,B,--,--,--,--,农、林、牧、渔业|农业,农、林、牧、渔业|农业|种植业,全国中小企业股份转让系统(新三板),2013-2014.xls,1,2013,甘肃省,农、林、牧、渔业,农业,0.4796343050847458,2.8788123672316384,-3.611489638418079,-0.971666720338983,a
贵鑫瑞和创投【贵州绿色产业扶贫基金】,贵州省贵鑫瑞和创业投资管理有限责任公司【贵州绿色产业扶贫投资基金（有限合伙）】,贵鑫瑞和创投,贵州省贵鑫瑞和创业投资管理有限责任公司,--,--,贵州绿色产业扶贫基金,贵州绿色产业扶贫投资基金（有限合伙）,绿野芳田,贵州绿野芳田有限公司,企业服务，农产品加工，文体行业，消费生活，农业，物流仓储，农副产品，餐饮，咨询服务，生活消费品，农业技术，农产品，旅游服务，畜禽养殖，电子商务,农/林/牧/渔|农业,中国|贵州省|安顺市|西秀区,创业投资,初创期,2019-06-11,RMB,--,--,--,--,A,--,--,--,--,农、林、牧、渔业|农业,农、林、牧、渔业|农业,--,2019.xls,1,2019,贵州省,农、林、牧、渔业,农业,0.4796343050847458,2.8788123672316384,-3.611489638418079,-0.971666720338983,a
先农投资【现代种业发展基金】,北京先农投资管理有限公司【现代种业发展基金有限公司】,先农投资,北京先农投资管理有限公司,--,--,现代种业发展基金,现代种业发展基金有限公司,内蒙古蒙草草种业,内蒙古蒙草草种业有限公司,农业，节能环保,农/林/牧/渔|农业,中国|内蒙古|呼和浩特市,创业投资,成熟期,2020-11-26,RMB,--,--,--,17.04,A,--,--,--,--,农、林、牧、渔业|农业,农、林、牧、渔业|农业,--,2020.xls,1,2020,内蒙古,农、林、牧、渔业,农业,0.4796343050847458,2.8788123672316384,-3.611489638418079,-0.971666720338983,a
金城资本【兰州科技产业基金】,金城资本管理有限公司【兰州科技产业发展投资基金（有限合伙）】,金城资本,金城资本管理有限公司,--,--,兰州科技产业基金,兰州科技产业发展投资基金（有限合伙）,金科脉,甘肃金科脉草业有限责任公司,批发零售，农业,农/林/牧/渔|农业|农业种植,中国|甘肃省|兰州市,创业投资,扩张期,2020-12-10,RMB,8.80,8.80,1.31,--,A,--,--,--,--,农、林、牧、渔业|农业,农、林、牧、渔业|农业|种植业,--,2020.xls,1,2020,甘肃省,农、林、牧、渔业,农业,0.4796343050847458,2.8788123672316384,-3.611489638418079,-0.971666720338983,a
世欣荣和【北京生活服务基金】,世欣荣和投资管理股份有限公司【北京生活性服务业发展基金（有限合伙）】,世欣荣和,世欣荣和投资管理股份有限公司,--,--,北京生活服务基金,北京生活性服务业发展基金（有限合伙）,承德丰大农业发展有限公司,承德丰大农业发展有限公司,农业，生产制造，农业生产，种植加工,农/林/牧/渔|农业,中国|河北省,--,扩张期,2016-09-12,--,--,--,--,20.92,A,--,--,--,--,农、林、牧、渔业|农业,农、林、牧、渔业|农业,--,2016.xls,1,2016,河北省,农、林、牧、渔业,农业,0.4796343050847458,2.8788123672316384,-3.611489638418079,-0.971666720338983,a
甲子启航【惠州仲恺高新区乡村振兴产业基金】,深圳甲子启航私募股权基金管理有限公司【广东恺丰农业发展投资合伙企业（有限合伙）】,甲子启航,深圳甲子启航私募股权基金管理有限公司,--,--,惠州仲恺高新区乡村振兴产业基金,广东恺丰农业发展投资合伙企业（有限合伙）,禾顺农业,深圳禾顺农业有限公司,农业，农业生产，种植加工,农/林/牧/渔|农业,中国|广东省|深圳市|龙岗区,天使投资,扩张期,2021-09-29,RMB,10.00,10.00,1.50,12.50,天使轮,张云祥,80.00,12.37,--,农、林、牧、渔业|农业,农、林、牧、渔业|农业,--,2021.xls,1,2021,广东省,农、林、牧、渔业,农业,0.4796343050847458,2.8788123672316384,-3.611489638418079,-0.971666720338983,a
上海浦信【科创基金】,上海浦信投资管理有限公司【上海浦东科技创业投资有限公司】,上海浦信,上海浦信投资管理有限公司,--,--,科创基金,上海浦东科技创业投资有限公司,孙桥溢佳,上海孙桥溢佳农业技术股份有限公司,农业，生产制造，无土栽培,农/林/牧/渔|农业,中国|上海市,--,扩张期,2011-12-31,RMB,10.00,10.00,1.59,5.00,A,--,200.00,31.74,--,农、林、牧、渔业|农业,农、林、牧、渔业|农业,全国中小企业股份转让系统(新三板),2000-2012.xls,0,2011,上海市,农、林、牧、渔业,农业,0.4796343050847458,2.8788123672316384,-3.611489638418079,-0.971666720338983,a
江苏厚积【泰州农开区农业基金】,江苏厚积投资管理有限公司【泰州农业开发区农业投资基金（有限合伙）】,江苏厚积,江苏厚积投资管理有限公司,--,--,泰州农开区农业基金,泰州农业开发区农业投资基金（有限合伙）,格林生物,兴化格林生物制品有限公司,农业，种植加工，酒水饮料，食品饮料,农/林/牧/渔|农业|农业种植,中国|江苏省|泰州市,天使投资,成熟期,2017-12-14,RMB,--,--,--,--,天使轮,--,--,--,--,农、林、牧、渔业|农业,农、林、牧、渔业|农业|种植业,--,2017.xls,1,2017,江苏省,农、林、牧、渔业,农业,0.4796343050847458,2.8788123672316384,-3.611489638418079,-0.971666720338983,a
中原联创【河南中小企业发展基金】,河南中原联创投资基金管理有限公司【河南省中小企业发展基金（有限合伙）】,中原联创,河南中原联创投资基金管理有限公司,--,--,河南中小企业发展基金,河南省中小企业发展基金（有限合伙）,中以高效农业,内乡县中以高效农业科技开发有限公司,企业服务，农业,农/林/牧/渔|农业|农业种植,中国|河南省|南阳市|内乡县,天使投资,初创期,2019-08-13,RMB,--,--,--,5.56,天使轮,--,--,--,--,农、林、牧、渔业|农业,农、林、牧、渔业|农业|种植业,--,2019.xls,1,2019,河南省,农、林、牧、渔业,农业,0.4796343050847458,2.8788123672316384,-3.611489638418079,-0.971666720338983,a
国元资本【安徽省农业产业化发展基金】,安徽国元基金管理有限公司【安徽省农业产业化发展基金有限公司】,国元资本,安徽国元基金管理有限公司,--,--,安徽省农业产业化发展基金,安徽省农业产业化发展基金有限公司,荣达禽业,荣达禽业股份有限公司,农业，生产制造，农业生产，畜禽养殖,农/林/牧/渔|农业,中国|安徽省|宣城市,新三板定增,成熟期,2021-05-13,RMB,30.00,30.00,4.67,11.93,新三板定增,--,251.47,38.92,--,农、林、牧、渔业|农业,农、林、牧、渔业|农业,全国中小企业股份转让系统(新三板),2021.xls,1,2021,安徽省,农、林、牧、渔业,农业,0.4796343050847458,2.8788123672316384,-3.611489638418079,-0.971666720338983,a
贵鑫瑞和创投【贵州绿色产业扶贫基金】,贵州省贵鑫瑞和创业投资管理有限责任公司【贵州绿色产业扶贫投资基金（有限合伙）】,贵鑫瑞和创投,贵州省贵鑫瑞和创业投资管理有限责任公司,--,--,贵州绿色产业扶贫基金,贵州绿色产业扶贫投资基金（有限合伙）,贵阳市菜篮子,贵阳市菜篮子集团有限公司,投资，农产品B2B，资产管理，农产品，基础设施建设，农业，生活消费品，电子商务，贸易服务，消费生活,农/林/牧/渔|农业,中国|贵州省|贵阳市,创业投资,扩张期,2019-12-05,RMB,--,--,--,--,A,--,--,--,--,农、林、牧、渔业|农业,农、林、牧、渔业|农业,--,2019.xls,1,2019,贵州省,农、林、牧、渔业,农业,0.4796343050847458,2.8788123672316384,-3.611489638418079,-0.971666720338983,a
国投创益【央企乡村产业投资基金】,国投创益产业基金管理有限公司【中央企业乡村产业投资基金股份有限公司】,国投创益,国投创益产业基金管理有限公司,--,--,央企乡村产业投资基金,中央企业乡村产业投资基金股份有限公司,欧莱特农业,山西欧莱特农业科技有限公司,消费生活，农业，农产品B2B，农副产品，农产品B2C，专营批发,农/林/牧/渔|农业,中国|山西省|吕梁市|临县,天使投资,扩张期,2018-04-03,RMB,--,--,--,--,天使轮,--,--,--,--,农、林、牧、渔业|农业,农、林、牧、渔业|农业,--,2018.xls,1,2018,山西省,农、林、牧、渔业,农业,0.4796343050847458,2.8788123672316384,-3.611489638418079,-0.971666720338983,a
深圳中创信投资【河南中创信环保产业创业投资基金】,深圳中创信股权投资基金管理有限公司【河南中创信环保产业创业投资基金（有限合伙）】,深圳中创信投资,深圳中创信股权投资基金管理有限公司,--,--,河南中创信环保产业创业投资基金,河南中创信环保产业创业投资基金（有限合伙）,金润枣业,新疆金润枣业股份有限公司,农业，生产制造，农业生产，种植加工，农产品，农副产品,农/林/牧/渔|农业,中国|新疆|吐鲁番市,新三板定增,成熟期,2018-04-03,RMB,15.00,15.00,2.39,4.48,新三板定增,--,334.82,53.29,--,农、林、牧、渔业|农业,农、林、牧、渔业|农业,全国中小企业股份转让系统(新三板),2018.xls,1,2018,新疆,农、林、牧、渔业,农业,0.4796343050847458,2.8788123672316384,-3.611489638418079,-0.971666720338983,a
先农投资【现代种业发展基金】,北京先农投资管理有限公司【现代种业发展基金有限公司】,先农投资,北京先农投资管理有限公司,--,--,现代种业发展基金,现代种业发展基金有限公司,垦丰种业,北大荒垦丰种业股份有限公司,农业，生产制造，物流服务，农业生产，贸易服务，农产品，农业技术,农/林/牧/渔|农业|农业种植,中国|黑龙江省|哈尔滨市,新三板定增,成熟期,2018-02-12,RMB,200.00,200.00,31.75,--,新三板定增,--,--,--,--,农、林、牧、渔业|农业,农、林、牧、渔业|农业|种植业,全国中小企业股份转让系统(新三板),2018.xls,1,2018,黑龙江省,农、林、牧、渔业,农业,0.4796343050847458,2.8788123672316384,-3.611489638418079,-0.971666720338983,a
先农投资【现代种业发展基金】,北京先农投资管理有限公司【现代种业发展基金有限公司】,先农投资,北京先农投资管理有限公司,--,--,现代种业发展基金,现代种业发展基金有限公司,金土地种业,江苏金土地种业有限公司,农业,农/林/牧/渔|农业|农业种植,中国|江苏省|扬州市,--,成熟期,2018-02-09,--,--,--,--,--,A,--,--,--,--,农、林、牧、渔业|农业,农、林、牧、渔业|农业|种植业,--,2018.xls,1,2018,江苏省,农、林、牧、渔业,农业,0.4796343050847458,2.8788123672316384,-3.611489638418079,-0.971666720338983,a
湖南兴湘资本【常德柳叶湖鑫湘产业基金】,湖南兴湘资本管理有限公司【常德柳叶湖鑫湘产业投资基金企业（有限合伙）】,湖南兴湘新兴产业投资基金管理,湖南兴湘新兴产业投资基金管理有限公司,湖南兴湘资本,湖南兴湘资本管理有限公司,常德柳叶湖鑫湘产业基金,常德柳叶湖鑫湘产业投资基金企业（有限合伙）,华诚生物,湖南华诚生物资源股份有限公司,医疗健康，医药，生产制造,农/林/牧/渔|农业|农业种植,中国|湖南省|长沙市,创业投资,成熟期,2019-09-25,RMB,--,--,--,--,A,--,--,--,--,农、林、牧、渔业|农业,农、林、牧、渔业|农业|种植业,全国中小企业股份转让系统(新三板),2019.xls,0,2019,湖南省,农、林、牧、渔业,农业,0.4796343050847458,2.8788123672316384,-3.611489638418079,-0.971666720338983,a
中科科创【广东中科白云新兴创业基金】,广东中科科创创业投资管理有限责任公司【广东中科白云新兴产业创业投资基金有限公司】,中科科创,广东中科科创创业投资管理有限责任公司,--,--,广东中科白云新兴创业基金,广东中科白云新兴产业创业投资基金有限公司,天禾股份,广东天禾农资股份有限公司,农业，化工，化肥农药，农资产品，农业生产，物流仓储,农/林/牧/渔|农业,中国|广东省|广州市,创业投资,扩张期,2016-07-28,RMB,54.04,54.04,7.89,8.21,其他,--,658.22,98.71,--,农、林、牧、渔业|农业,农、林、牧、渔业|农业,深圳证券交易所主板,2016.xls,1,2016,广东省,农、林、牧、渔业,农业,0.4796343050847458,2.8788123672316384,-3.611489638418079,-0.971666720338983,a
贵鑫瑞和创投【贵州绿色产业扶贫基金】,贵州省贵鑫瑞和创业投资管理有限责任公司【贵州绿色产业扶贫投资基金（有限合伙）】,贵鑫瑞和创投,贵州省贵鑫瑞和创业投资管理有限责任公司,--,--,贵州绿色产业扶贫基金,贵州绿色产业扶贫投资基金（有限合伙）,凤龙茶业,遵义凤龙茶业有限公司,茶叶品牌，消费生活,农/林/牧/渔|农业,中国|贵州省|遵义市|正安县,创业投资,成熟期,2019-09-18,RMB,--,--,--,--,A,--,--,--,--,农、林、牧、渔业|农业,农、林、牧、渔业|农业,--,2019.xls,1,2019,贵州省,农、林、牧、渔业,农业,0.4796343050847458,2.8788123672316384,-3.611489638418079,-0.971666720338983,a
余杭国投【余杭区产业发展引导基金】,杭州余杭国有资本投资运营集团有限公司【杭州余杭产业基金有限公司】,余杭国投,杭州余杭国有资本投资运营集团有限公司,--,--,余杭区产业发展引导基金,杭州余杭产业基金有限公司,茗宝生物,杭州茗宝生物科技有限公司,--,农/林/牧/渔|农业,中国|浙江省|杭州市|余杭区,创业投资,成熟期,2020-01-17,RMB,--,--,--,15.05,A,--,--,--,--,农、林、牧、渔业|农业,农、林、牧、渔业|农业,--,2020.xls,0,2020,浙江省,农、林、牧、渔业,农业,0.4796343050847458,2.8788123672316384,-3.611489638418079,-0.971666720338983,a
大唐发控投资【海南信息产业创投基金】,海南大唐发控股权投资基金管理有限公司【海南信息产业创业投资基金（有限合伙）】,大唐发控投资,海南大唐发控股权投资基金管理有限公司,--,--,海南信息产业创投基金,海南信息产业创业投资基金（有限合伙）,莆田新美食品,福建省莆田新美食品有限公司,农业，生产制造，种植加工，农产品，农副产品，农业生产，消费生活，建筑，物流服务，生活消费品，自动化，保险，物流仓储,农/林/牧/渔|农业,中国|福建省|莆田市|荔城区,创业投资,成熟期,2012-08-21,RMB,--,--,--,4.00,A+,--,--,--,--,农、林、牧、渔业|农业,--,--,2000-2012.xls,1,2012,福建省,农、林、牧、渔业,农业,0.4796343050847458,2.8788123672316384,-3.611489638418079,-0.971666720338983,a
北京六合【果树产业发展基金】,北京六合基金管理有限公司【北京市果树产业发展基金（有限合伙）】,北京六合,北京六合基金管理有限公司,--,--,果树产业发展基金,北京市果树产业发展基金（有限合伙）,南山居,北京南山居生态农业发展有限公司,软件技术，软件开发，生活消费品，农产品，农业，餐饮，文化艺术，软件和信息技术，信息技术,农/林/牧/渔|农业,中国|北京市|顺义区,--,初创期,2018-06-19,--,--,--,--,29.59,天使轮,--,--,--,--,农、林、牧、渔业|农业,农、林、牧、渔业|农业,--,2018.xls,1,2018,北京市,农、林、牧、渔业,农业,0.4796343050847458,2.8788123672316384,-3.611489638418079,-0.971666720338983,a
贵鑫瑞和创投【贵州省农业农村现代化发展基金】,贵州省贵鑫瑞和创业投资管理有限责任公司【贵州省农业农村现代化发展股权投资基金合伙企业（有限合伙）】,贵鑫瑞和创投,贵州省贵鑫瑞和创业投资管理有限责任公司,--,--,贵州省农业农村现代化发展基金,贵州省农业农村现代化发展股权投资基金合伙企业（有限合伙）,贵州国科,贵州国科锌硒科技有限公司,农业，电子商务，生产制造，电子信息产业，生活消费品，保健品，建材，家用电器，农产品，种植加工，文化会展业务，茶叶品牌，酒水饮料，食品饮料，办公用品，养老服务，健康餐饮，金融，节能环保，养生保健,农/林/牧/渔|农业,中国|贵州省|遵义市|凤冈县,创业投资,初创期,2021-11-03,RMB,--,--,--,21.72,A,--,--,--,--,农、林、牧、渔业|农业,农、林、牧、渔业|农业,--,2021.xls,1,2021,贵州省,农、林、牧、渔业,农业,0.4796343050847458,2.8788123672316384,-3.611489638418079,-0.971666720338983,a
贵鑫瑞和创投【贵州绿色产业扶贫基金】,贵州省贵鑫瑞和创业投资管理有限责任公司【贵州绿色产业扶贫投资基金（有限合伙）】,贵鑫瑞和创投,贵州省贵鑫瑞和创业投资管理有限责任公司,--,--,贵州绿色产业扶贫基金,贵州绿色产业扶贫投资基金（有限合伙）,贵州山茶,贵州山茶产业综合开发有限公司,消费生活，旅游服务，生活消费品，农产品，种植加工，化妆品品牌，酒水饮料，食品饮料，互联网,农/林/牧/渔|农业|农业种植,中国|贵州省|铜仁市|碧江区,天使投资,初创期,2021-01-28,RMB,--,--,--,4.61,天使轮,--,--,--,--,农、林、牧、渔业|农业,农、林、牧、渔业|农业|种植业,--,2021.xls,1,2021,贵州省,农、林、牧、渔业,农业,0.4796343050847458,2.8788123672316384,-3.611489638418079,-0.971666720338983,a
先农投资【现代种业发展基金】,北京先农投资管理有限公司【现代种业发展基金有限公司】,先农投资,北京先农投资管理有限公司,--,--,现代种业发展基金,现代种业发展基金有限公司,大北农,北京大北农科技集团股份有限公司,农业，生产制造，互联网,农/林/牧/渔|农业,中国|北京市|海淀区,上市定增,成熟期,2015-11-02,RMB,200.00,200.00,31.50,0.79,上市定增,--,"25,490.20","4,014.52",--,农、林、牧、渔业|农业,农、林、牧、渔业|农业,深圳证券交易所主板,2015.xls,1,2015,北京市,农、林、牧、渔业,农业,0.4796343050847458,2.8788123672316384,-3.611489638418079,-0.971666720338983,a
湖南高新创投集团【麓谷天使基金】,湖南高新创业投资集团有限公司【湖南麓谷高新天使创业投资企业（有限合伙）】,湖南高新创投,湖南高新创业投资管理有限公司,湖南高新创投集团,湖南高新创业投资集团有限公司,麓谷天使基金,湖南麓谷高新天使创业投资企业（有限合伙）,活力种业,湖南活力种业科技股份有限公司,农业，生产制造，农业生产，种植加工,农/林/牧/渔|农业,中国|湖南省|长沙市,创业投资,扩张期,2014-10-27,RMB,--,--,--,--,B,--,--,--,--,农、林、牧、渔业|农业,农、林、牧、渔业|农业,--,2013-2014.xls,0,2014,湖南省,农、林、牧、渔业,农业,0.4796343050847458,2.8788123672316384,-3.611489638418079,-0.971666720338983,a
先农投资【现代种业发展基金】,北京先农投资管理有限公司【现代种业发展基金有限公司】,先农投资,北京先农投资管理有限公司,--,--,现代种业发展基金,现代种业发展基金有限公司,隆平高科,袁隆平农业高科技股份有限公司,农业，生产制造，种植加工,农/林/牧/渔|农业|农业种植,中国|湖南省|长沙市,上市定增,成熟期,2016-01-19,RMB,47.52,47.52,7.25,0.32,上市定增,--,"14,850.00","2,264.06",--,农、林、牧、渔业|农业,农、林、牧、渔业|农业|种植业,深圳证券交易所主板,2016.xls,1,2016,湖南省,农、林、牧、渔业,农业,0.4796343050847458,2.8788123672316384,-3.611489638418079,-0.971666720338983,a
贵鑫瑞和创投【贵州省农业农村现代化发展基金】,贵州省贵鑫瑞和创业投资管理有限责任公司【贵州省农业农村现代化发展股权投资基金合伙企业（有限合伙）】,贵鑫瑞和创投,贵州省贵鑫瑞和创业投资管理有限责任公司,--,--,贵州省农业农村现代化发展基金,贵州省农业农村现代化发展股权投资基金合伙企业（有限合伙）,金沙贡茶茶业,贵州金沙贡茶茶业有限公司,茶叶品牌,农/林/牧/渔|农业,中国|贵州省|毕节市|金沙县,创业投资,扩张期,2021-11-29,RMB,--,--,--,12.55,A,--,--,--,--,农、林、牧、渔业|农业,农、林、牧、渔业|农业,--,2021.xls,1,2021,贵州省,农、林、牧、渔业,农业,0.4796343050847458,2.8788123672316384,-3.611489638418079,-0.971666720338983,a
金盈投资【智通亚信】,海南金盈投资管理有限责任公司【智通亚信（海南）投资管理中心（有限合伙）】,金盈投资,海南金盈投资管理有限责任公司,--,--,智通亚信,智通亚信（海南）投资管理中心（有限合伙）,波莲水稻,海南波莲科技有限公司,农业生产，医药，农业，投资，技术培训，生物技术,农/林/牧/渔|农业|农业种植,中国|海南省|海口市,--,扩张期,2018-09-28,RMB,40.00,40.00,5.81,2.88,A,--,"1,388.89",201.71,--,农、林、牧、渔业|农业,农、林、牧、渔业|农业|种植业,--,2018.xls,0,2018,海南省,农、林、牧、渔业,农业,0.4796343050847458,2.8788123672316384,-3.611489638418079,-0.971666720338983,a
启迪厚德【吉林启迪现代农业股权投资基金】,北京启迪厚德投资管理有限公司【吉林云启企业管理合伙企业（有限合伙）】,启迪厚德,北京启迪厚德投资管理有限公司,--,--,吉林启迪现代农业股权投资基金,吉林云启企业管理合伙企业（有限合伙）,吉林云天化,吉林云天化农业发展有限公司,农业,农/林/牧/渔|农业,中国|吉林省|松原市|长岭县,--,扩张期,2018-07-31,RMB,894.00,894.00,131.22,29.86,A,--,"2,993.97",439.44,--,农、林、牧、渔业|农业,农、林、牧、渔业|农业,--,2018.xls,0,2018,吉林省,农、林、牧、渔业,农业,0.4796343050847458,2.8788123672316384,-3.611489638418079,-0.971666720338983,a
先农投资【现代种业发展基金】,北京先农投资管理有限公司【现代种业发展基金有限公司】,先农投资,北京先农投资管理有限公司,--,--,现代种业发展基金,现代种业发展基金有限公司,秋乐种业,河南秋乐种业科技股份有限公司,农业，生产制造，种植加工,农/林/牧/渔|农业|农业种植,中国|河南省|郑州市,成长资本,成熟期,2014-11-28,RMB,--,--,--,15.28,老股权转让,--,--,--,--,农、林、牧、渔业|农业,农、林、牧、渔业|农业|种植业,北京证券交易所，全国中小企业股份转让系统(新三板),2013-2014.xls,1,2014,河南省,农、林、牧、渔业,农业,0.4796343050847458,2.8788123672316384,-3.611489638418079,-0.971666720338983,a
先农投资【现代种业发展基金】,北京先农投资管理有限公司【现代种业发展基金有限公司】,先农投资,北京先农投资管理有限公司,--,--,现代种业发展基金,现代种业发展基金有限公司,鲁研农业,山东鲁研农业良种有限公司,农业,农/林/牧/渔|农业,中国|山东省|济南市|历城区,天使投资,成熟期,2015-12-31,RMB,--,--,--,--,天使轮,--,--,--,--,农、林、牧、渔业|农业,农、林、牧、渔业|农业,--,2015.xls,1,2015,山东省,农、林、牧、渔业,农业,0.4796343050847458,2.8788123672316384,-3.611489638418079,-0.971666720338983,a
金城资本【甘肃现代农业产业创业投资基金】,金城资本管理有限公司【甘肃现代农业产业创业投资基金有限公司】,金城资本,金城资本管理有限公司,--,--,甘肃现代农业产业创业投资基金,甘肃现代农业产业创业投资基金有限公司,华协农业,甘肃华协农业生物科技股份有限公司,农业，生产制造，科研机构，教育，农业技术,农/林/牧/渔|农业,中国|甘肃省|兰州市,--,成熟期,2014-12-30,RMB,18.00,18.00,2.94,18.25,A,--,98.63,16.11,--,农、林、牧、渔业|农业,农、林、牧、渔业|农业,全国中小企业股份转让系统(新三板),2013-2014.xls,1,2014,甘肃省,农、林、牧、渔业,农业,0.4796343050847458,2.8788123672316384,-3.611489638418079,-0.971666720338983,a
金城资本【甘肃省生物医药创业投资基金】,金城资本管理有限公司【甘肃生物医药产业创业投资基金有限公司】,金城资本,金城资本管理有限公司,--,--,甘肃省生物医药创业投资基金,甘肃生物医药产业创业投资基金有限公司,巨鹏食品,甘肃巨鹏清真食品股份有限公司,农业，生产制造，农副产品，冷链物流，农产品，农业生产，生活消费品,农/林/牧/渔|农业,中国|甘肃省|定西市,创业投资,成熟期,2015-01-07,--,--,--,--,--,A+,--,--,--,--,农、林、牧、渔业|农业,农、林、牧、渔业|农业,全国中小企业股份转让系统(新三板),2015.xls,1,2015,甘肃省,农、林、牧、渔业,农业,0.4796343050847458,2.8788123672316384,-3.611489638418079,-0.971666720338983,a
金城资本【甘肃省生物医药创业投资基金】,金城资本管理有限公司【甘肃生物医药产业创业投资基金有限公司】,金城资本,金城资本管理有限公司,--,--,甘肃省生物医药创业投资基金,甘肃生物医药产业创业投资基金有限公司,凯凯农科,甘肃凯凯农业科技发展股份有限公司,农业，生产制造,农/林/牧/渔|农业|农业种植,中国|甘肃省|定西市,--,扩张期,2015-01-13,RMB,25.30,25.30,4.13,15.16,B,--,166.89,27.25,--,农、林、牧、渔业|农业,农、林、牧、渔业|农业|种植业,全国中小企业股份转让系统(新三板),2015.xls,1,2015,甘肃省,农、林、牧、渔业,农业,0.4796343050847458,2.8788123672316384,-3.611489638418079,-0.971666720338983,a
先农投资【现代种业发展基金】,北京先农投资管理有限公司【现代种业发展基金有限公司】,先农投资,北京先农投资管理有限公司,--,--,现代种业发展基金,现代种业发展基金有限公司,顺鑫农科,北京顺鑫农科种业科技有限公司,农业，农业生产，农副产品，种植加工，农产品,农/林/牧/渔|农业|农业种植,中国|北京市,--,种子期,2015-01-29,--,--,--,--,12.50,种子轮,--,--,--,--,农、林、牧、渔业|农业,农、林、牧、渔业|农业|种植业,--,2015.xls,1,2015,北京市,农、林、牧、渔业,农业,0.4796343050847458,2.8788123672316384,-3.611489638418079,-0.971666720338983,a
陕西科控启元创投【安康硒谷科技创业管理基金】,陕西科控启元创业投资管理合伙企业（有限合伙）【安康硒谷科技创业投资管理合伙企业（有限合伙）】,陕西科控启元创投,陕西科控启元创业投资管理合伙企业（有限合伙）,--,--,安康硒谷科技创业管理基金,安康硒谷科技创业投资管理合伙企业（有限合伙）,一茗茶业,平利县一茗茶业有限责任公司,茶叶品牌，仪器设备，贸易服务,农/林/牧/渔|农业,中国|陕西省|安康市,创业投资,扩张期,2018-12-24,--,--,--,--,9.68,A,--,--,--,--,农、林、牧、渔业|农业,农、林、牧、渔业|农业,--,2018.xls,1,2018,陕西省,农、林、牧、渔业,农业,0.4796343050847458,2.8788123672316384,-3.611489638418079,-0.971666720338983,a
金城资本【甘肃省中小企业基金】,金城资本管理有限公司【甘肃省中小企业发展基金（有限合伙）】,金城资本,金城资本管理有限公司,--,--,甘肃省中小企业基金,甘肃省中小企业发展基金（有限合伙）,爽口源,甘肃爽口源生态科技股份有限公司,农业，生产制造，消费生活，农副产品，生活消费品，电子商务，农产品,农/林/牧/渔|农业,中国|甘肃省|兰州市,新三板定增,扩张期,2017-09-25,RMB,26.00,26.00,3.83,--,新三板定增,--,--,--,--,农、林、牧、渔业|农业,农、林、牧、渔业|农业,全国中小企业股份转让系统(新三板),2017.xls,1,2017,甘肃省,农、林、牧、渔业,农业,0.4796343050847458,2.8788123672316384,-3.611489638418079,-0.971666720338983,a
先农投资【现代种业发展基金】,北京先农投资管理有限公司【现代种业发展基金有限公司】,先农投资,北京先农投资管理有限公司,--,--,现代种业发展基金,现代种业发展基金有限公司,农科种子,上海农科种子种苗有限公司,农业，农业生产，种植加工,农/林/牧/渔|农业|农业种植,中国|上海市|闵行区,创业投资,成熟期,2017-03-06,RMB,--,--,--,20.00,A,--,--,--,--,农、林、牧、渔业|农业,农、林、牧、渔业|农业|种植业,--,2017.xls,1,2017,上海市,农、林、牧、渔业,农业,0.4796343050847458,2.8788123672316384,-3.611489638418079,-0.971666720338983,a
恒健控股【广东省农业供给侧结构性改革基金】,广东恒健投资控股有限公司【广东省农业供给侧结构性改革基金合伙企业（有限合伙）】,广东省农业供给侧结构性改革基金,广东省农业供给侧结构性改革基金管理有限公司,恒健控股,广东恒健投资控股有限公司,广东省农业供给侧结构性改革基金,广东省农业供给侧结构性改革基金合伙企业（有限合伙）,顺兴股份,广东顺兴种养股份有限公司,农业，种植加工，物联网，生活消费品，自动化，农业物流网，农资信息,农/林/牧/渔|农业,中国|广东省|梅州市,新三板定增,成熟期,2019-01-10,RMB,37.00,37.00,5.43,--,新三板定增,--,--,--,--,农、林、牧、渔业|农业,农、林、牧、渔业|农业,全国中小企业股份转让系统(新三板),2019.xls,1,2019,广东省,农、林、牧、渔业,农业,0.4796343050847458,2.8788123672316384,-3.611489638418079,-0.971666720338983,a
华映资本【华映六期人民币基金】,华映资本管理有限公司【南京华映中小企业发展基金合伙企业（有限合伙）】,华映资本,华映资本管理有限公司,--,--,华映六期人民币基金,南京华映中小企业发展基金合伙企业（有限合伙）,黄天鹅,凤集食品集团有限公司,农业，智慧农业，生产制造，农业生产，消费生活,农/林/牧/渔|农业,中国|四川省|成都市|武侯区,成长资本,扩张期,2021-11-02,RMB,--,--,--,--,C+,王维玮,"2,915.00",460.90,--,农、林、牧、渔业|农业,农、林、牧、渔业|农业,--,2021.xls,0,2021,四川省,农、林、牧、渔业,农业,0.4796343050847458,2.8788123672316384,-3.611489638418079,-0.971666720338983,a
先农投资【现代种业发展基金】,北京先农投资管理有限公司【现代种业发展基金有限公司】,先农投资,北京先农投资管理有限公司,--,--,现代种业发展基金,现代种业发展基金有限公司,吉东种业,垦丰吉东种业有限公司,农业,农/林/牧/渔|农业,中国|吉林省|辽源市|东辽县,--,种子期,2017-04-06,--,--,--,--,--,种子轮,--,--,--,--,农、林、牧、渔业|农业,农、林、牧、渔业|农业,--,2017.xls,1,2017,吉林省,农、林、牧、渔业,农业,0.4796343050847458,2.8788123672316384,-3.611489638418079,-0.971666720338983,a
先农投资【现代种业发展基金】,北京先农投资管理有限公司【现代种业发展基金有限公司】,先农投资,北京先农投资管理有限公司,--,--,现代种业发展基金,现代种业发展基金有限公司,中江种业,江苏中江种业股份有限公司,农业，生产制造，农业生产，种植加工，化工，城市绿化，农产品,农/林/牧/渔|农业|农业种植,中国|江苏省|南京市,--,成熟期,2015-07-16,RMB,30.60,30.60,5.00,11.26,A,--,271.76,44.44,--,农、林、牧、渔业|农业,农、林、牧、渔业|农业|种植业,全国中小企业股份转让系统(新三板),2015.xls,1,2015,江苏省,农、林、牧、渔业,农业,0.4796343050847458,2.8788123672316384,-3.611489638418079,-0.971666720338983,a
贵鑫瑞和创投【贵州省农业农村现代化发展基金】,贵州省贵鑫瑞和创业投资管理有限责任公司【贵州省农业农村现代化发展股权投资基金合伙企业（有限合伙）】,贵鑫瑞和创投,贵州省贵鑫瑞和创业投资管理有限责任公司,--,--,贵州省农业农村现代化发展基金,贵州省农业农村现代化发展股权投资基金合伙企业（有限合伙）,奇垦农业,贵州奇垦农业开发有限公司,农业,农/林/牧/渔|农业,中国|贵州省|遵义市|赤水市,创业投资,扩张期,2021-10-26,RMB,--,--,--,18.26,A,--,--,--,--,农、林、牧、渔业|农业,农、林、牧、渔业|农业,--,2021.xls,1,2021,贵州省,农、林、牧、渔业,农业,0.4796343050847458,2.8788123672316384,-3.611489638418079,-0.971666720338983,a
先农投资【现代种业发展基金】,北京先农投资管理有限公司【现代种业发展基金有限公司】,先农投资,北京先农投资管理有限公司,--,--,现代种业发展基金,现代种业发展基金有限公司,红旗种业,江苏红旗种业股份有限公司,农业，生产制造，种植加工，农业科技,农/林/牧/渔|农业|农业种植,中国|江苏省|泰州市,--,成熟期,2014-03-31,RMB,34.00,34.00,5.53,20.66,A,--,164.54,26.76,--,农、林、牧、渔业|农业,农、林、牧、渔业|农业|种植业,全国中小企业股份转让系统(新三板),2013-2014.xls,1,2014,江苏省,农、林、牧、渔业,农业,0.4796343050847458,2.8788123672316384,-3.611489638418079,-0.971666720338983,a
天拓投资【山东现代种业发展引导基金】,山东天拓投资管理有限公司【山东现代种业发展基金合伙企业（有限合伙）】,天拓投资,山东天拓投资管理有限公司,--,--,山东现代种业发展引导基金,山东现代种业发展基金合伙企业（有限合伙）,种业智科,山东种业智科农业服务集团有限公司,农业,农/林/牧/渔|农业,中国|山东省|济南市|历城区,天使投资,种子期,2018-12-06,--,--,--,--,--,种子轮,--,--,--,--,农、林、牧、渔业|农业,农、林、牧、渔业|农业,--,2018.xls,1,2018,山东省,农、林、牧、渔业,农业,0.4796343050847458,2.8788123672316384,-3.611489638418079,-0.971666720338983,a
贵鑫瑞和创投【贵州省农业农村现代化发展基金】,贵州省贵鑫瑞和创业投资管理有限责任公司【贵州省农业农村现代化发展股权投资基金合伙企业（有限合伙）】,贵鑫瑞和创投,贵州省贵鑫瑞和创业投资管理有限责任公司,--,--,贵州省农业农村现代化发展基金,贵州省农业农村现代化发展股权投资基金合伙企业（有限合伙）,贵州恒生源,贵州恒生源农业开发有限公司,汽车交通，农业，建筑，基础设施建设，化工，农产品，农业生产，政府及公共服务,农/林/牧/渔|农业,中国|贵州省|黔东南苗族侗族自治州|天柱县,创业投资,扩张期,2021-12-30,RMB,--,--,--,10.33,A,--,--,--,--,农、林、牧、渔业|农业,农、林、牧、渔业|农业,--,2021.xls,1,2021,贵州省,农、林、牧、渔业,农业,0.4796343050847458,2.8788123672316384,-3.611489638418079,-0.971666720338983,a
国元资本【安徽省农业产业化发展基金】,安徽国元基金管理有限公司【安徽省农业产业化发展基金有限公司】,国元资本,安徽国元基金管理有限公司,--,--,安徽省农业产业化发展基金,安徽省农业产业化发展基金有限公司,徽三农产品加工,黄山市休宁县徽三农产品加工有限公司,消费生活，汽车交通，农业，生活消费品，农产品，餐饮，互联网,农/林/牧/渔|农业,中国|安徽省|黄山市|休宁县,创业投资,扩张期,2021-10-27,RMB,--,--,--,--,A,--,--,--,--,农、林、牧、渔业|农业,农、林、牧、渔业|农业,--,2021.xls,1,2021,安徽省,农、林、牧、渔业,农业,0.4796343050847458,2.8788123672316384,-3.611489638418079,-0.971666720338983,a
海通开元【吉农基金】,海通开元投资有限公司【吉林省现代农业和新兴产业投资基金有限公司】,海通吉禾投资,海通吉禾私募股权投资基金管理有限责任公司,海通开元,海通开元投资有限公司,吉农基金,吉林省现代农业和新兴产业投资基金有限公司,喜丰节水,吉林喜丰节水科技股份有限公司,农业，生产制造,农/林/牧/渔|农业,中国|吉林省|白山市,--,初创期,2014-04-18,RMB,14.63,14.63,2.38,12.50,A,--,117.00,19.00,--,农、林、牧、渔业|农业,农、林、牧、渔业|农业,全国中小企业股份转让系统(新三板),2013-2014.xls,0,2014,吉林省,农、林、牧、渔业,农业,0.4796343050847458,2.8788123672316384,-3.611489638418079,-0.971666720338983,a
先农投资【安徽现代农业创投基金】,北京先农投资管理有限公司【安徽现代农业创业投资有限公司】,先农投资,北京先农投资管理有限公司,--,--,安徽现代农业创投基金,安徽现代农业创业投资有限公司,芜湖青弋江种业,芜湖青弋江种业有限公司,农业，生产制造,农/林/牧/渔|农业,中国|安徽省|芜湖市|南陵县,--,成熟期,2017-04-07,RMB,--,--,--,--,A,--,--,--,--,农、林、牧、渔业|农业,农、林、牧、渔业|农业,--,2017.xls,1,2017,安徽省,农、林、牧、渔业,农业,0.4796343050847458,2.8788123672316384,-3.611489638418079,-0.971666720338983,a
意谷投资【齐河意谷】,意谷（北京）投资管理有限公司【齐河意谷股权投资合伙企业（有限合伙）】,意谷投资,意谷（北京）投资管理有限公司,--,--,齐河意谷,齐河意谷股权投资合伙企业（有限合伙）,31智农,北京三一智农数据技术有限公司,物联网，农业，智慧农业，农业信息化，种植加工，农业物流网,农/林/牧/渔|农业,中国|北京市|海淀区,天使投资,成熟期,2019-03-31,RMB,--,--,--,--,天使轮,--,--,--,--,农、林、牧、渔业|农业,农、林、牧、渔业|农业,--,2019.xls,1,2019,北京市,农、林、牧、渔业,农业,0.4796343050847458,2.8788123672316384,-3.611489638418079,-0.971666720338983,a
河南国新基金【河南国新高技术创业基金】,河南国新基金管理有限公司【河南国新高技术服务产业创业投资基金（有限合伙）】,河南国新基金,河南国新基金管理有限公司,--,--,河南国新高技术创业基金,河南国新高技术服务产业创业投资基金（有限合伙）,源隆生物,河南源隆生物科技有限公司,农业生产，农副产品，农业，饲料添加剂,农/林/牧/渔|农业,中国|河南省|漯河市|召陵区,--,扩张期,2017-03-31,--,--,--,--,--,A,--,--,--,--,农、林、牧、渔业|农业,农、林、牧、渔业|农业,--,2017.xls,1,2017,河南省,农、林、牧、渔业,农业,0.4796343050847458,2.8788123672316384,-3.611489638418079,-0.971666720338983,a
天拓投资【山东现代种业发展引导基金】,山东天拓投资管理有限公司【山东现代种业发展基金合伙企业（有限合伙）】,天拓投资,山东天拓投资管理有限公司,--,--,山东现代种业发展引导基金,山东现代种业发展基金合伙企业（有限合伙）,鲁蔬种业,山东鲁蔬种业有限责任公司,农业,农/林/牧/渔|农业,中国|山东省|济南市|历城区,创业投资,成熟期,2017-09-07,--,--,--,--,--,A,--,--,--,--,农、林、牧、渔业|农业,农、林、牧、渔业|农业,--,2017.xls,1,2017,山东省,农、林、牧、渔业,农业,0.4796343050847458,2.8788123672316384,-3.611489638418079,-0.971666720338983,a
方正多策【禾优投资基金】,杭州方正多策投资管理合伙企业（有限合伙）【杭州禾优投资管理合伙企业（有限合伙）】,方正多策,杭州方正多策投资管理合伙企业（有限合伙）,--,--,禾优投资基金,杭州禾优投资管理合伙企业（有限合伙）,七河生物,山东七河生物科技股份有限公司,农业，生产制造，农产品，农业生产，农副产品,农/林/牧/渔|农业,中国|山东省|淄博市,--,成熟期,2014-07-30,RMB,40.00,40.00,6.49,14.22,A,--,281.29,45.65,--,农、林、牧、渔业|农业,农、林、牧、渔业|农业,全国中小企业股份转让系统(新三板),2013-2014.xls,0,2014,山东省,农、林、牧、渔业,农业,0.4796343050847458,2.8788123672316384,-3.611489638418079,-0.971666720338983,a
金城资本【甘肃省中小企业基金】,金城资本管理有限公司【甘肃省中小企业发展基金（有限合伙）】,金城资本,金城资本管理有限公司,--,--,甘肃省中小企业基金,甘肃省中小企业发展基金（有限合伙）,菁茂农业,甘肃菁茂生态农业科技股份有限公司,农业，生产制造，现代农业，农业科技,农/林/牧/渔|农业,中国|甘肃省|白银市,新三板定增,扩张期,2018-06-07,RMB,28.20,28.20,4.40,9.11,新三板定增,--,309.40,48.31,--,农、林、牧、渔业|农业,农、林、牧、渔业|农业,全国中小企业股份转让系统(新三板),2018.xls,1,2018,甘肃省,农、林、牧、渔业,农业,0.4796343050847458,2.8788123672316384,-3.611489638418079,-0.971666720338983,a
先农投资【现代种业发展基金】,北京先农投资管理有限公司【现代种业发展基金有限公司】,先农投资,北京先农投资管理有限公司,--,--,现代种业发展基金,现代种业发展基金有限公司,金稻种业,广东省金稻种业有限公司,农业，农业生产，种植加工,农/林/牧/渔|农业,中国|广东省|广州市|天河区,--,扩张期,2007-08-09,--,--,--,--,--,A,--,--,--,--,农、林、牧、渔业|农业,农、林、牧、渔业|农业,--,2000-2012.xls,1,2007,广东省,农、林、牧、渔业,农业,0.4796343050847458,2.8788123672316384,-3.611489638418079,-0.971666720338983,a
长江产业投资集团【富邦高投基金】,长江产业投资集团有限公司【湖北富邦高投创业投资基金合伙企业（有限合伙）】,高翼联汇投资基金管理（武汉）,高翼联汇投资基金管理（武汉）有限公司,湖北高投集团,湖北省高新产业投资集团有限公司,富邦高投基金,湖北富邦高投创业投资基金合伙企业（有限合伙）,双绿源,武汉双绿源创芯科技研究院有限公司,农业，农产品，农业技术，仪器设备，技术研发,农/林/牧/渔|农业,中国|湖北省|武汉市|汉阳区,天使投资,扩张期,2021-11-12,RMB,10.00,10.00,1.44,6.67,Pre-A,--,149.93,23.40,--,农、林、牧、渔业|农业,农、林、牧、渔业|农业,--,2021.xls,0,2021,湖北省,农、林、牧、渔业,农业,0.4796343050847458,2.8788123672316384,-3.611489638418079,-0.971666720338983,a
甘肃国投【甘肃生物产业基金】,甘肃国投基金管理有限公司【甘肃生物产业创业投资基金有限公司】,甘肃国投,甘肃国投基金管理有限公司,--,--,甘肃生物产业基金,甘肃生物产业创业投资基金有限公司,敬业农科,甘肃敬业农业科技有限公司,农业，生产制造，农业生产，消费生活,农/林/牧/渔|农业,中国|甘肃省|武威市|民勤县,创业投资,成熟期,2015-03-12,--,--,--,--,--,D,--,--,--,--,农、林、牧、渔业|农业,农、林、牧、渔业|农业,--,2015.xls,1,2015,甘肃省,农、林、牧、渔业,农业,0.4796343050847458,2.8788123672316384,-3.611489638418079,-0.971666720338983,a
IDG资本【和谐超越投资基金】（领投）,IDG资本【北京和谐超越投资中心（有限合伙）】（领投）,和谐资本,和谐爱奇投资管理（北京）有限公司,IDG资本,IDG资本,和谐超越投资基金,北京和谐超越投资中心（有限合伙）,有戏电影酒店,湖北有戏酒店管理有限公司,娱乐场所，影视，消费生活，酒店经营，旅游服务，文体行业，直播，装修,连锁及零售|酒店,中国|湖北省|武汉市,--,初创期,2018-04-11,RMB,39.51(e),39.51(e),6.26(e),13.31,A,--,424.09,67.24,--,住宿和餐饮业|住宿业,社会服务业|旅馆业,--,2018.xls,0,2018,湖北省,住宿和餐饮业,住宿业,0.4816125503355705,2.8739003288590603,-3.646765563758389,-0.960892953020134,a
恒信华业【华业二期苏州基金】,深圳市恒信华业股权投资基金管理有限公司【苏州深信华远创业投资合伙企业（有限合伙）】,恒信华业,深圳市恒信华业股权投资基金管理有限公司,--,--,华业二期苏州基金,苏州深信华远创业投资合伙企业（有限合伙）,神光石英,神光光学集团有限公司,电子元件，生产制造，玻璃，光学,能源及矿产|非金属矿采选,中国|四川省|德阳市|罗江区,成长资本,扩张期,2021-01-18,RMB,6.51,6.51,1.02,1.88,A,王文涛,346.23,52.99,--,采矿业|非金属矿采选业,采掘业|非金属矿采选业,--,2021.xls,0,2021,四川省,采矿业,非金属矿采选业,0.4880027999999999,2.2792786,-3.930804,-1.013961,a
凯启投资【青巢基金】,杭州凯启投资管理有限公司【杭州青巢创业投资合伙企业（有限合伙）】,凯启投资,杭州凯启投资管理有限公司,--,--,青巢基金,杭州青巢创业投资合伙企业（有限合伙）,金石资源,金石资源集团股份有限公司,生产制造，矿产，投资,能源及矿产|非金属矿采选,中国|浙江省|杭州市,--,成熟期,2012-10-24,RMB,12.87,12.87,2.04,0.78,E,--,"1,648.47",261.34,--,采矿业|非金属矿采选业,采掘业|非金属矿采选业,上海证券交易所主板,2000-2012.xls,0,2012,浙江省,采矿业,非金属矿采选业,0.4880027999999999,2.2792786,-3.930804,-1.013961,a
西安拓金【陕西现代能源创业基金】,西安拓金投资管理合伙企业（有限合伙）【陕西省现代能源创业投资基金有限公司】,西安拓金,西安拓金投资管理合伙企业（有限合伙）,--,--,陕西现代能源创业基金,陕西省现代能源创业投资基金有限公司,佳合鹏程,辽宁佳合鹏程粉体科技有限公司,生产制造，材料，高分子材料，环保材料，铁，玻璃，陶瓷，建材，矿产，航空航运，造纸,能源及矿产|非金属矿采选,中国|辽宁省|鞍山市,创业投资,种子期,2015-02-02,RMB,--,--,--,29.95,A,--,--,--,--,采矿业|非金属矿采选业,采掘业|非金属矿采选业,--,2015.xls,1,2015,辽宁省,采矿业,非金属矿采选业,0.4880027999999999,2.2792786,-3.930804,-1.013961,a
云和资本【云和正奇科技成果转化创投基金】,北京云和泰丰投资管理有限公司【无锡太湖云和正奇科技成果转化创业投资企业（有限合伙）】,无锡云和世锦投资,无锡云和世锦投资管理有限公司,云和资本,北京云和泰丰投资管理有限公司,云和正奇科技成果转化创投基金,无锡太湖云和正奇科技成果转化创业投资企业（有限合伙）,宁新新材,江西宁新新材料股份有限公司,新材料，电子商务，生产制造，材料,能源及矿产|非金属矿采选,中国|江西省|宜春市,成长资本,成熟期,2019-09-11,RMB,--,--,--,4.85,老股权转让,--,--,--,--,采矿业|非金属矿采选业,采掘业|非金属矿采选业,北京证券交易所，全国中小企业股份转让系统(新三板),2019.xls,0,2019,江西省,采矿业,非金属矿采选业,0.4880027999999999,2.2792786,-3.930804,-1.013961,a
君和资本【上海申创股权基金】,君和资本【上海申创股权投资基金合伙企业（有限合伙）】,上海君和立成投资,上海君和立成投资管理中心（有限合伙）,君和资本,君和资本,上海申创股权基金,上海申创股权投资基金合伙企业（有限合伙）,光明乳业,光明乳业股份有限公司,农业，生产制造，消费生活,食品&饮料|食品制造业|液体乳及乳制品制造,中国|上海市|闵行区,上市定增,成熟期,2021-12-20,RMB,50.00,50.00,7.82,0.29,上市定增,--,"17,259.88","2,699.68",21.98,制造业|食品制造业|液体乳及乳制品制造,制造业|食品、饮料|食品制造业|乳制品制造业,上海证券交易所主板,2021.xls,0,2021,上海市,制造业,食品制造业,0.4937974331641286,0.8067002978003385,-3.827919774957699,-1.003333125211506,a
晨晖资本【江苏中韩晨晖朗姿基金】,北京晨晖创新投资管理有限公司【江苏中韩晨晖朗姿股权投资基金（有限合伙）】,宁波晨晖创新投资,宁波晨晖创新投资管理有限公司,晨晖资本,北京晨晖创新投资管理有限公司,江苏中韩晨晖朗姿基金,江苏中韩晨晖朗姿股权投资基金（有限合伙）,天味食品,四川天味食品集团股份有限公司,消费生活，生产制造,食品&饮料|食品制造业|其他食品制造业,中国|四川省|成都市,--,成熟期,2017-09-22,RMB,13.69,13.69,2.08,0.44,其他,--,"3,111.82",472.48,--,制造业|食品制造业,制造业|食品、饮料|食品制造业,上海证券交易所主板,2017.xls,0,2017,四川省,制造业,食品制造业,0.4937974331641286,0.8067002978003385,-3.827919774957699,-1.003333125211506,a
熊猫资本【熊猫资本二期人民币基金】,上海阿宝兄弟私募基金管理有限公司【福州皆宝榕安创业投资中心（有限合伙）】,皆宝投资,上海皆宝投资管理有限公司,熊猫资本,上海阿宝兄弟私募基金管理有限公司,熊猫资本二期人民币基金,福州皆宝榕安创业投资中心（有限合伙）,极盏,南京极盏生物科技有限公司,医疗健康，消费生活,食品&饮料|食品制造业,中国|江苏省|南京市|鼓楼区,创业投资,种子期,2021-06-17,RMB,--,--,--,2.86,Pre-A,--,80.00,12.44,--,制造业|食品制造业,制造业|食品、饮料|食品制造业,--,2021.xls,0,2021,江苏省,制造业,食品制造业,0.4937974331641286,0.8067002978003385,-3.827919774957699,-1.003333125211506,a
上汽投资【长三角产业升级股权投资基金】,上海汽车集团股权投资有限公司【上海长三角产业升级股权投资合伙企业（有限合伙）】,恒旭资本,上海上汽恒旭投资管理有限公司,上汽投资,上海汽车集团股权投资有限公司,长三角产业升级股权投资基金,上海长三角产业升级股权投资合伙企业（有限合伙）,佩蒂股份,佩蒂动物营养科技股份有限公司,生产制造，宠物服务，消费生活,食品&饮料|食品制造业,中国|浙江省|温州市,上市定增,成熟期,2020-05-13,RMB,16.00,16.00,2.34,0.42,上市定增,--,"3,771.43",531.79,71.78,制造业|食品制造业,制造业|食品、饮料|食品制造业,深圳证券交易所创业板，全国中小企业股份转让系统(新三板),2020.xls,1,2020,浙江省,制造业,食品制造业,0.4937974331641286,0.8067002978003385,-3.827919774957699,-1.003333125211506,a
榆煤基金【榆林聚力扶贫产业基金】,榆林市煤炭转化基金投资管理有限公司【榆林聚力扶贫产业基金合伙企业（有限合伙）】,榆煤基金,榆林市煤炭转化基金投资管理有限公司,--,--,榆林聚力扶贫产业基金,榆林聚力扶贫产业基金合伙企业（有限合伙）,昌和工贸,榆林市昌和工贸有限公司,农业，生活消费品，农产品,食品&饮料|食品制造业|米面制品制造,中国|陕西省|榆林市|横山区,创业投资,扩张期,2021-06-17,RMB,--,--,--,41.67,A,--,--,--,--,制造业|食品制造业|方便食品制造|米、面制品制造,制造业|食品、饮料|食品制造业,--,2021.xls,1,2021,陕西省,制造业,食品制造业,0.4937974331641286,0.8067002978003385,-3.827919774957699,-1.003333125211506,a
深创投【百瑞创新基金】,深圳市创新投资集团有限公司【郑州百瑞创新资本创业投资有限公司】,百瑞创新,郑州百瑞创新投资管理有限公司,深创投,深圳市创新投资集团有限公司,百瑞创新基金,郑州百瑞创新资本创业投资有限公司,金丹科技,河南金丹乳酸科技股份有限公司,农业，生产制造,食品&饮料|食品制造业|其他食品制造业,中国|河南省|周口市,成长资本,扩张期,2010-07-01,RMB,30.00,30.00,4.40,4.80,A,--,624.70,92.12,--,制造业|食品制造业,制造业|食品、饮料|食品制造业,深圳证券交易所创业板，全国中小企业股份转让系统(新三板),2000-2012.xls,0,2010,河南省,制造业,食品制造业,0.4937974331641286,0.8067002978003385,-3.827919774957699,-1.003333125211506,a
恒信资本【西安市产业扶贫（农业）投资基金】,西安恒信资本管理有限公司【西安市产业扶贫（农业）投资基金合伙企业（有限合伙）】,西安产业扶贫（农业）基金管理有限公司,西安农投乡村振兴私募基金管理有限公司,恒信资本,西安恒信资本管理有限公司,西安市产业扶贫（农业）投资基金,西安市产业扶贫（农业）投资基金合伙企业（有限合伙）,美力源乳业,陕西美力源乳业集团有限公司,生产制造,食品&饮料|食品制造业|液体乳及乳制品制造,中国|陕西省|咸阳市|武功县,创业投资,成熟期,2020-08-27,RMB,--,--,--,--,A,--,--,--,--,制造业|食品制造业|液体乳及乳制品制造,制造业|食品、饮料|食品制造业|乳制品制造业,--,2020.xls,1,2020,陕西省,制造业,食品制造业,0.4937974331641286,0.8067002978003385,-3.827919774957699,-1.003333125211506,a
赛富投资基金【赛富成长天津】,赛富亚洲投资基金管理公司【赛富成长基金（天津）创业投资企业】,赛富投资基金,赛富亚洲投资基金管理公司,--,--,赛富成长天津,赛富成长基金（天津）创业投资企业,吉林天景,吉林天景食品有限公司,农业，生产制造，农产品，农产品加工，农业生产，消费生活，农副产品,食品&饮料|食品制造业,中国|吉林省|长春市|九台区,--,扩张期,2009-12-29,RMB,--,--,--,--,B,--,--,--,--,制造业|食品制造业,制造业|食品、饮料|食品制造业,--,2000-2012.xls,0,2009,吉林省,制造业,食品制造业,0.4937974331641286,0.8067002978003385,-3.827919774957699,-1.003333125211506,a
海通开元【吉农基金】,海通开元投资有限公司【吉林省现代农业和新兴产业投资基金有限公司】,海通吉禾投资,海通吉禾私募股权投资基金管理有限责任公司,海通开元,海通开元投资有限公司,吉农基金,吉林省现代农业和新兴产业投资基金有限公司,厚德食品,厚德食品股份有限公司,农业，生产制造，农业生产，饲料,食品&饮料|食品制造业|其他食品制造业,中国|吉林省|辽源市,--,扩张期,2012-04-24,RMB,30.80,30.80,4.89,--,B,--,--,--,--,制造业|食品制造业,制造业|食品、饮料|食品制造业,--,2000-2012.xls,0,2012,吉林省,制造业,食品制造业,0.4937974331641286,0.8067002978003385,-3.827919774957699,-1.003333125211506,a
深创投【红土菁科基金】（领投）,深圳市创新投资集团有限公司【成都红土菁科股权投资基金中心（有限合伙）】（领投）,贵州红土创新,贵州红土创新资本管理有限公司,深创投,深圳市创新投资集团有限公司,红土菁科基金,成都红土菁科股权投资基金中心（有限合伙）,饭扫光,四川饭扫光食品集团股份有限公司,消费生活,食品&饮料|食品制造业|其他食品制造业,中国|四川省|成都市,成长资本,成熟期,2020-11-16,RMB,--,--,--,--,B,倪泽望,--,--,--,制造业|食品制造业,制造业|食品、饮料|食品制造业,--,2020.xls,0,2020,四川省,制造业,食品制造业,0.4937974331641286,0.8067002978003385,-3.827919774957699,-1.003333125211506,a
贵鑫瑞和创投【贵州省农业农村现代化发展基金】,贵州省贵鑫瑞和创业投资管理有限责任公司【贵州省农业农村现代化发展股权投资基金合伙企业（有限合伙）】,贵鑫瑞和创投,贵州省贵鑫瑞和创业投资管理有限责任公司,--,--,贵州省农业农村现代化发展基金,贵州省农业农村现代化发展股权投资基金合伙企业（有限合伙）,红赤水,贵州红赤水集团有限公司,农业，生产制造，生活消费品，物流服务，物流仓储，消费生活,食品&饮料|食品制造业,中国|贵州省|遵义市|赤水市,创业投资,成熟期,2021-09-22,RMB,--,--,--,13.16,A,--,--,--,--,制造业|食品制造业,制造业|食品、饮料|食品制造业,--,2021.xls,1,2021,贵州省,制造业,食品制造业,0.4937974331641286,0.8067002978003385,-3.827919774957699,-1.003333125211506,a
陆家嘴投资【余杭经开股权投资基金】,上海联嵘投资发展有限公司【杭州余杭经开股权投资基金合伙企业（有限合伙）】,浙江守成资产,浙江守成资产管理有限公司,陆家嘴投资,上海联嵘投资发展有限公司,余杭经开股权投资基金,杭州余杭经开股权投资基金合伙企业（有限合伙）,比因美特,杭州比因美特实业有限公司,医疗健康,食品&饮料|食品制造业,中国|浙江省|杭州市,创业投资,扩张期,2020-09-25,RMB,--,--,--,--,A,--,--,--,--,制造业|食品制造业,制造业|食品、饮料|食品制造业,--,2020.xls,1,2020,浙江省,制造业,食品制造业,0.4937974331641286,0.8067002978003385,-3.827919774957699,-1.003333125211506,a
富坤创投【重庆富坤一期基金】,深圳市富坤创业投资集团有限公司【重庆富坤创业投资中心（有限合伙）】,富坤创投,深圳市富坤创业投资集团有限公司,--,--,重庆富坤一期基金,重庆富坤创业投资中心（有限合伙）,庄园牧场,兰州庄园牧场股份有限公司,消费生活，农业，生产制造,食品&饮料|食品制造业,中国|甘肃省|兰州市,--,成熟期,2010-09-09,RMB,25.00,25.00,3.69,7.44,A,--,335.95,49.54,--,制造业|食品制造业,制造业|食品、饮料|食品制造业,香港证券交易所主板，深圳证券交易所主板,2000-2012.xls,0,2010,甘肃省,制造业,食品制造业,0.4937974331641286,0.8067002978003385,-3.827919774957699,-1.003333125211506,a
国元资本【安徽省农业产业化发展基金】,安徽国元基金管理有限公司【安徽省农业产业化发展基金有限公司】,国元资本,安徽国元基金管理有限公司,--,--,安徽省农业产业化发展基金,安徽省农业产业化发展基金有限公司,必斐艾,必斐艾食品有限公司,生活消费品,食品&饮料|食品制造业,中国|安徽省|六安市|舒城县,天使投资,扩张期,2019-12-18,RMB,--,--,--,4.33,天使轮,--,--,--,--,制造业|食品制造业,制造业|食品、饮料|食品制造业,--,2019.xls,1,2019,安徽省,制造业,食品制造业,0.4937974331641286,0.8067002978003385,-3.827919774957699,-1.003333125211506,a
瑞业投资【芜湖瑞业股权基金】,上海瑞业投资管理中心（有限合伙）【芜湖瑞业股权投资基金（有限合伙）】,瑞业投资,上海瑞业投资管理中心（有限合伙）,--,--,芜湖瑞业股权基金,芜湖瑞业股权投资基金（有限合伙）,詹氏食品,安徽詹氏食品股份有限公司,消费生活，企业服务，农业,食品&饮料|食品制造业|其他食品制造业,中国|安徽省|宣城市,--,成熟期,2010-10-29,RMB,35.00,35.00,5.23,18.29,A,--,191.36,28.60,--,制造业|食品制造业,制造业|食品、饮料|食品制造业,全国中小企业股份转让系统(新三板),2000-2012.xls,0,2010,安徽省,制造业,食品制造业,0.4937974331641286,0.8067002978003385,-3.827919774957699,-1.003333125211506,a
中金资本【中金文化消费产业基金】（领投）,中金资本运营有限公司【中金文化消费产业股权投资基金（厦门）合伙企业（有限合伙）】（领投）,中金资本,中金资本运营有限公司,--,--,中金文化消费产业基金,中金文化消费产业股权投资基金（厦门）合伙企业（有限合伙）,自嗨锅,杭州金羚羊企业管理咨询有限公司,消费生活，咨询服务，企业服务，餐饮，餐饮品牌,食品&饮料|食品制造业|方便面及其他方便食品制造,中国|浙江省|杭州市|余杭区,成长资本,初创期,2020-10-28,USD,17.50,117.23,17.50,2.58,C,--,--,--,--,制造业|食品制造业|方便食品制造|方便面及其他方便食品制造,制造业|食品、饮料|食品制造业|其他食品制造业,--,2020.xls,0,2020,浙江省,制造业,食品制造业,0.4937974331641286,0.8067002978003385,-3.827919774957699,-1.003333125211506,a
前海方舟【前海母基金】,前海方舟资产管理有限公司【前海股权投资基金（有限合伙）】,前海方舟,前海方舟资产管理有限公司,--,--,前海母基金,前海股权投资基金（有限合伙）,想念食品,想念食品股份有限公司,消费生活，生产制造，食品饮料，农业，办公用品，农副产品，贸易服务，营销策划，咨询服务，调味品，生活消费品，方便食品，体育用品，汽车交通，体育运动，种植加工，金属制品,食品&饮料|食品制造业,中国|河南省|南阳市,成长资本,成熟期,2020-02-24,RMB,65.87,65.87,9.38,--,C,靳海涛,--,--,--,制造业|食品制造业,制造业|食品、饮料|食品制造业,--,2020.xls,0,2020,河南省,制造业,食品制造业,0.4937974331641286,0.8067002978003385,-3.827919774957699,-1.003333125211506,a
浙科投资【科威创投基金】,浙江浙科投资管理有限公司【长兴科威创业投资合伙企业（有限合伙）】,浙科友业,长兴浙科友业投资管理有限公司,浙科投资,浙江浙科投资管理有限公司,科威创投基金,长兴科威创业投资合伙企业（有限合伙）,熊猫乳品,熊猫乳品集团股份有限公司,消费生活，农业，生产制造,食品&饮料|食品制造业|液体乳及乳制品制造,中国|浙江省|温州市|苍南县,新三板定增,成熟期,2016-12-16,RMB,4.80,4.80,0.69,0.32,新三板定增,--,"1,488.06",214.28,--,制造业|食品制造业|液体乳及乳制品制造,制造业|食品、饮料|食品制造业|乳制品制造业,深圳证券交易所创业板，全国中小企业股份转让系统(新三板),2016.xls,0,2016,浙江省,制造业,食品制造业,0.4937974331641286,0.8067002978003385,-3.827919774957699,-1.003333125211506,a
前海方舟【前海母基金】,前海方舟资产管理有限公司【前海股权投资基金（有限合伙）】,前海方舟,前海方舟资产管理有限公司,--,--,前海母基金,前海股权投资基金（有限合伙）,白家食品,四川白家阿宽食品产业股份有限公司,生产制造，方便食品,食品&饮料|食品制造业|方便面及其他方便食品制造,中国|四川省|成都市,成长资本,扩张期,2020-02-19,RMB,--,--,--,5.21,A,--,589.39,84.41,--,制造业|食品制造业|方便食品制造|方便面及其他方便食品制造,制造业|食品、饮料|食品制造业|其他食品制造业,--,2020.xls,0,2020,四川省,制造业,食品制造业,0.4937974331641286,0.8067002978003385,-3.827919774957699,-1.003333125211506,a
贵鑫瑞和创投【贵州省农业农村现代化发展基金】,贵州省贵鑫瑞和创业投资管理有限责任公司【贵州省农业农村现代化发展股权投资基金合伙企业（有限合伙）】,贵鑫瑞和创投,贵州省贵鑫瑞和创业投资管理有限责任公司,--,--,贵州省农业农村现代化发展基金,贵州省农业农村现代化发展股权投资基金合伙企业（有限合伙）,宏臻菌业,贵州宏臻菌业投资发展有限公司,投资，法律服务，营销策划，文化会展业务,食品&饮料|食品制造业,中国|贵州省|黔西南布依族苗族自治州|贞丰县,创业投资,扩张期,2021-09-10,RMB,--,--,--,16.67,A,--,--,--,--,制造业|食品制造业,制造业|食品、饮料|食品制造业,--,2021.xls,1,2021,贵州省,制造业,食品制造业,0.4937974331641286,0.8067002978003385,-3.827919774957699,-1.003333125211506,a
北京六合【果树产业发展基金】,北京六合基金管理有限公司【北京市果树产业发展基金（有限合伙）】,北京六合,北京六合基金管理有限公司,--,--,果树产业发展基金,北京市果树产业发展基金（有限合伙）,怡达食品,承德怡达食品股份有限公司,农业，生产制造，种植加工，消费生活,食品&饮料|食品制造业|方便面及其他方便食品制造,中国|河北省|承德市,--,种子期,2007-11-01,--,--,--,--,--,种子轮,--,--,--,--,制造业|食品制造业|方便食品制造,制造业|食品、饮料|食品制造业|糕点、糖果制造业,--,2000-2012.xls,1,2007,河北省,制造业,食品制造业,0.4937974331641286,0.8067002978003385,-3.827919774957699,-1.003333125211506,a
翊翎资本【重庆翊翎创业投资基金】（领投）,翊翎（北京）资本管理有限公司【重庆翊翎创业投资基金合伙企业（有限合伙）】（领投）,翊翎资本,翊翎（北京）资本管理有限公司,--,--,重庆翊翎创业投资基金,重庆翊翎创业投资基金合伙企业（有限合伙）,启旭哆猫猫,北京启旭贝贝科技有限公司,消费生活，电子商务，独立品牌,食品&饮料|食品制造业,中国|北京市|大兴区,创业投资,种子期,2021-09-08,RMB,3.50,3.50,0.54,--,A,王斌,--,--,--,制造业|食品制造业,制造业|食品、饮料|食品制造业,--,2021.xls,1,2021,北京市,制造业,食品制造业,0.4937974331641286,0.8067002978003385,-3.827919774957699,-1.003333125211506,a
甘肃国投【甘肃生物产业基金】,甘肃国投基金管理有限公司【甘肃生物产业创业投资基金有限公司】,甘肃国投,甘肃国投基金管理有限公司,--,--,甘肃生物产业基金,甘肃生物产业创业投资基金有限公司,天谷生物,上海天谷生物科技股份有限公司,节能环保，农业，种植加工,食品&饮料|食品制造业,中国|上海市|浦东新区,--,初创期,2012-12-21,RMB,5.40,5.40,0.86,9.52,A,--,56.72,9.02,--,制造业|食品制造业,制造业|食品、饮料|食品制造业,全国中小企业股份转让系统(新三板),2000-2012.xls,1,2012,上海市,制造业,食品制造业,0.4937974331641286,0.8067002978003385,-3.827919774957699,-1.003333125211506,a
麦星投资【麦星五期基金】,麦星投资【深圳市麦星灏昱股权投资基金合伙企业（有限合伙）】,麦星资本,深圳市麦星投资管理中心（有限合伙）,--,--,麦星五期基金,深圳市麦星灏昱股权投资基金合伙企业（有限合伙）,拉面说,上海锐舒电子商务有限公司,消费生活，方便食品,食品&饮料|食品制造业|方便面及其他方便食品制造,中国|上海市|闵行区,创业投资,扩张期,2021-01-07,RMB,--,--,--,1.40,B+,崔文立,"2,500.00",386.97,--,制造业|食品制造业|方便食品制造|方便面及其他方便食品制造,制造业|食品、饮料|食品制造业|其他食品制造业,--,2021.xls,0,2021,上海市,制造业,食品制造业,0.4937974331641286,0.8067002978003385,-3.827919774957699,-1.003333125211506,a
华润资本【华润润湘基金】,华润资本管理有限公司【湖南华润润湘农产品产业投资基金合伙企业（有限合伙）】,湖南财信产业基金,湖南省财信产业基金管理有限公司,--,--,华润润湘基金,湖南华润润湘农产品产业投资基金合伙企业（有限合伙）,味远红芳,湖南佳元禄食品有限公司,生产制造，生活消费品，调味品,食品&饮料|食品制造业,中国|湖南省|长沙市|浏阳市,创业投资,扩张期,2021-04-29,RMB,--,--,--,9.91,B,--,--,--,--,制造业|食品制造业,制造业|食品、饮料|食品制造业,--,2021.xls,0,2021,湖南省,制造业,食品制造业,0.4937974331641286,0.8067002978003385,-3.827919774957699,-1.003333125211506,a
钟鼎资本【太仓市钟鼎六号股权投资基金】,钟鼎（上海）创业投资管理有限公司【太仓市钟鼎六号股权投资合伙企业（有限合伙）】,上海鼎迎,上海鼎迎投资管理中心（有限合伙）,钟鼎资本,钟鼎（上海）创业投资管理有限公司,太仓市钟鼎六号股权投资基金,太仓市钟鼎六号股权投资合伙企业（有限合伙）,妙飞食品,妙飞江苏食品科技有限公司,消费生活，生产制造，独立品牌,食品&饮料|食品制造业|液体乳及乳制品制造,中国|江苏省|宿迁市|宿城区,成长资本,初创期,2020-12-29,RMB,--,--,--,3.28,B,--,--,--,--,制造业|食品制造业|液体乳及乳制品制造,制造业|食品、饮料|食品制造业|乳制品制造业,--,2020.xls,0,2020,江苏省,制造业,食品制造业,0.4937974331641286,0.8067002978003385,-3.827919774957699,-1.003333125211506,a
甘肃国投【甘肃生物产业基金】,甘肃国投基金管理有限公司【甘肃生物产业创业投资基金有限公司】,甘肃国投,甘肃国投基金管理有限公司,--,--,甘肃生物产业基金,甘肃生物产业创业投资基金有限公司,圣大方舟,甘肃圣大方舟马铃薯变性淀粉有限公司,消费生活，生产制造，生活消费品,食品&饮料|食品制造业,中国|甘肃省|定西市|安定区,创业投资,扩张期,2015-08-31,--,--,--,--,--,种子轮,--,--,--,--,制造业|食品制造业,制造业|食品、饮料|食品制造业,--,2015.xls,1,2015,甘肃省,制造业,食品制造业,0.4937974331641286,0.8067002978003385,-3.827919774957699,-1.003333125211506,a
湖南高新创投集团【湖南益阳高新财富新三板股权投资基金】,湖南高新创业投资集团有限公司【湖南益阳高新财富新三板股权投资基金企业（有限合伙）】,高新财富,湖南高新创投财富管理有限公司,湖南高新创投集团,湖南高新创业投资集团有限公司,湖南益阳高新财富新三板股权投资基金,湖南益阳高新财富新三板股权投资基金企业（有限合伙）,保通食品,北海保通食品股份有限公司,农业，生产制造，物流，物流服务,食品&饮料|食品制造业|速冻食品制造,中国|广西|北海市,新三板定增,成熟期,2016-08-11,RMB,10.00,10.00,1.51,1.42,新三板定增,--,702.78,107.90,--,制造业|食品制造业|方便食品制造|速冻食品制造,制造业|食品、饮料|食品制造业|其他食品制造业,全国中小企业股份转让系统(新三板),2016.xls,1,2016,广西,制造业,食品制造业,0.4937974331641286,0.8067002978003385,-3.827919774957699,-1.003333125211506,a
余杭国投【余杭区产业发展引导基金】,杭州余杭国有资本投资运营集团有限公司【杭州余杭产业基金有限公司】,余杭国投,杭州余杭国有资本投资运营集团有限公司,--,--,余杭区产业发展引导基金,杭州余杭产业基金有限公司,新迪嘉禾,浙江新迪嘉禾食品有限公司,消费生活，生活消费品，烘培品牌，独立品牌,食品&饮料|食品制造业|米面制品制造,中国|浙江省|杭州市|余杭区,创业投资,扩张期,2018-05-28,RMB,--,--,--,9.09,A,--,--,--,--,制造业|食品制造业|方便食品制造|米、面制品制造,制造业|食品、饮料|食品制造业,--,2018.xls,0,2018,浙江省,制造业,食品制造业,0.4937974331641286,0.8067002978003385,-3.827919774957699,-1.003333125211506,a
国投创益【央企乡村产业投资基金】,国投创益产业基金管理有限公司【中央企业乡村产业投资基金股份有限公司】,国投创益,国投创益产业基金管理有限公司,--,--,央企乡村产业投资基金,中央企业乡村产业投资基金股份有限公司,涪陵榨菜,重庆市涪陵榨菜集团股份有限公司,农业，生产制造，消费生活，现代农业,食品&饮料|食品制造业|其他食品制造业,中国|重庆市|涪陵区,上市定增,成熟期,2021-05-18,RMB,100.00,100.00,15.54,0.34,上市定增,--,"29,807.61","4,631.60",38.36,制造业|食品制造业,制造业|食品、饮料|食品制造业,深圳证券交易所主板,2021.xls,1,2021,重庆市,制造业,食品制造业,0.4937974331641286,0.8067002978003385,-3.827919774957699,-1.003333125211506,a
贵鑫瑞和创投【贵州省农业农村现代化发展基金】,贵州省贵鑫瑞和创业投资管理有限责任公司【贵州省农业农村现代化发展股权投资基金合伙企业（有限合伙）】,贵鑫瑞和创投,贵州省贵鑫瑞和创业投资管理有限责任公司,--,--,贵州省农业农村现代化发展基金,贵州省农业农村现代化发展股权投资基金合伙企业（有限合伙）,高原山乡,贵州高原山乡有机食品有限公司,消费生活，生活消费品,食品&饮料|食品制造业,中国|贵州省|遵义市,创业投资,成熟期,2021-12-03,RMB,--,--,--,43.61,A,--,--,--,--,制造业|食品制造业,制造业|食品、饮料|食品制造业,--,2021.xls,1,2021,贵州省,制造业,食品制造业,0.4937974331641286,0.8067002978003385,-3.827919774957699,-1.003333125211506,a
贵鑫瑞和创投【贵州绿色产业扶贫基金】,贵州省贵鑫瑞和创业投资管理有限责任公司【贵州绿色产业扶贫投资基金（有限合伙）】,贵鑫瑞和创投,贵州省贵鑫瑞和创业投资管理有限责任公司,--,--,贵州绿色产业扶贫基金,贵州绿色产业扶贫投资基金（有限合伙）,贵福菌业,贵州省贵福菌业发展有限公司,农业，农业生产，农副产品,食品&饮料|食品制造业,中国|贵州省|铜仁市,天使投资,初创期,2019-07-08,RMB,--,--,--,6.00,天使轮,--,--,--,--,制造业|食品制造业,制造业|食品、饮料|食品制造业,--,2019.xls,1,2019,贵州省,制造业,食品制造业,0.4937974331641286,0.8067002978003385,-3.827919774957699,-1.003333125211506,a
海富产业基金【海富长江成长（湖北）基金】,海富产业投资基金管理有限公司【海富长江成长股权投资（湖北）合伙企业（有限合伙）】,海富产业基金,海富产业投资基金管理有限公司,--,--,海富长江成长（湖北）基金,海富长江成长股权投资（湖北）合伙企业（有限合伙）,福贝宠食,上海福贝宠物用品股份有限公司,消费生活，宠物服务，宠物食品，宠物用品,食品&饮料|食品制造业|其他食品制造业,中国|上海市|松江区,成长资本,成熟期,2019-07-15,RMB,26.00,26.00,3.65,1.98,B,--,"1,577.97",229.82,--,制造业|食品制造业,制造业|食品、饮料|食品制造业,--,2019.xls,0,2019,上海市,制造业,食品制造业,0.4937974331641286,0.8067002978003385,-3.827919774957699,-1.003333125211506,a
金城资本【甘肃现代农业产业创业投资基金】,金城资本管理有限公司【甘肃现代农业产业创业投资基金有限公司】,金城资本,金城资本管理有限公司,--,--,甘肃现代农业产业创业投资基金,甘肃现代农业产业创业投资基金有限公司,甘肃正阳,甘肃正阳食品有限公司,农业，农业生产，农产品加工，农副产品,食品&饮料|食品制造业,中国|甘肃省|武威市|天祝藏族自治县,创业投资,扩张期,2015-03-03,RMB,--,--,--,--,A,--,--,--,--,制造业|食品制造业,制造业|食品、饮料|食品制造业,--,2015.xls,1,2015,甘肃省,制造业,食品制造业,0.4937974331641286,0.8067002978003385,-3.827919774957699,-1.003333125211506,a
中原联创【农开现代农业产业基金】,河南中原联创投资基金管理有限公司【河南农开现代农业产业基金（有限合伙）】,中原联创,河南中原联创投资基金管理有限公司,--,--,农开现代农业产业基金,河南农开现代农业产业基金（有限合伙）,金晶生物,平顶山金晶生物科技股份有限公司,消费生活，生产制造，农业，健康食材,食品&饮料|食品制造业,中国|河南省|平顶山市,新三板定增,扩张期,2016-09-29,RMB,14.00,14.00,2.10,6.54,新三板定增,--,214.09,32.87,--,制造业|食品制造业,制造业|食品、饮料|食品制造业,全国中小企业股份转让系统(新三板),2016.xls,0,2016,河南省,制造业,食品制造业,0.4937974331641286,0.8067002978003385,-3.827919774957699,-1.003333125211506,a
贵鑫瑞和创投【贵州省高新技术产业发展基金创投有限责任公司】,贵州省贵鑫瑞和创业投资管理有限责任公司【贵州省高新技术产业发展基金创业投资有限责任公司】,贵鑫瑞和创投,贵州省贵鑫瑞和创业投资管理有限责任公司,--,--,贵州省高新技术产业发展基金创投有限责任公司,贵州省高新技术产业发展基金创业投资有限责任公司,勤邦食品,贵州勤邦食品安全科学技术有限公司,医疗健康，体外诊断，技术研发，医疗器械,食品&饮料|食品制造业,中国|贵州省|贵阳市|花溪区,创业投资,初创期,2015-01-27,RMB,--,--,--,25.00,A,--,--,--,--,制造业|食品制造业,制造业|食品、饮料|食品制造业,--,2015.xls,1,2015,贵州省,制造业,食品制造业,0.4937974331641286,0.8067002978003385,-3.827919774957699,-1.003333125211506,a
挑战者创投【厦门挑战者双鱼号股权投资】,北京壹舟云亭私募基金管理有限公司【厦门挑战者双鱼号股权投资合伙企业（有限合伙）】,挑战者创投,北京壹舟云亭私募基金管理有限公司,--,--,厦门挑战者双鱼号股权投资,厦门挑战者双鱼号股权投资合伙企业（有限合伙）,虎头局,上海万物有样餐饮管理有限公司,消费生活,食品&饮料|食品制造业,中国|上海市|奉贤区,天使投资,种子期,2021-04-08,RMB,--,--,--,2.00,Pre-A,--,--,--,--,制造业|食品制造业,制造业|食品、饮料|食品制造业,--,2021.xls,0,2021,上海市,制造业,食品制造业,0.4937974331641286,0.8067002978003385,-3.827919774957699,-1.003333125211506,a
国元资本【安徽省农业产业化发展基金】,安徽国元基金管理有限公司【安徽省农业产业化发展基金有限公司】,国元资本,安徽国元基金管理有限公司,--,--,安徽省农业产业化发展基金,安徽省农业产业化发展基金有限公司,黄山市超港食品,黄山市超港食品有限公司,消费生活，生产制造，生活消费品,食品&饮料|食品制造业|其他食品制造业,中国|安徽省|黄山市|屯溪区,--,成熟期,2021-02-27,RMB,--,--,--,--,A,--,--,--,--,制造业|食品制造业,制造业|食品、饮料|食品制造业,--,2021.xls,1,2021,安徽省,制造业,食品制造业,0.4937974331641286,0.8067002978003385,-3.827919774957699,-1.003333125211506,a
贵鑫瑞和创投【贵州绿色产业扶贫基金】,贵州省贵鑫瑞和创业投资管理有限责任公司【贵州绿色产业扶贫投资基金（有限合伙）】,贵鑫瑞和创投,贵州省贵鑫瑞和创业投资管理有限责任公司,--,--,贵州绿色产业扶贫基金,贵州绿色产业扶贫投资基金（有限合伙）,怡人茶业,贵州省正安县怡人茶业有限责任公司,农业，林业，生产制造，茶叶品牌,食品&饮料|食品制造业,中国|贵州省|遵义市|正安县,创业投资,扩张期,2019-09-05,RMB,--,--,--,5.29,A,--,--,--,--,制造业|食品制造业,制造业|食品、饮料|食品制造业,--,2019.xls,1,2019,贵州省,制造业,食品制造业,0.4937974331641286,0.8067002978003385,-3.827919774957699,-1.003333125211506,a
信产智华投资【云南省农产品流通产业发展股权投资合伙企业（有限合伙）】,云南信产智华股权投资基金管理有限公司【云南省农产品流通产业发展股权投资合伙企业（有限合伙）】,信产智华投资,云南信产智华股权投资基金管理有限公司,--,--,云南省农产品流通产业发展股权投资合伙企业（有限合伙）,云南省农产品流通产业发展股权投资合伙企业（有限合伙）,乍甸乳业,云南乍甸乳业有限责任公司,消费生活，生产制造，畜禽养殖，农业,食品&饮料|食品制造业|液体乳及乳制品制造,中国|云南省|红河哈尼族彝族自治州|个旧市,创业投资,成熟期,2016-10-28,RMB,--,--,--,33.69,A,--,--,--,--,制造业|食品制造业|液体乳及乳制品制造,制造业|食品、饮料|食品制造业|乳制品制造业,--,2016.xls,1,2016,云南省,制造业,食品制造业,0.4937974331641286,0.8067002978003385,-3.827919774957699,-1.003333125211506,a
中金资本【中金启辰新兴产业股权投资基金】,中金资本运营有限公司【中金启辰（苏州）新兴产业股权投资基金合伙企业（有限合伙）】,中金资本,中金资本运营有限公司,--,--,中金启辰新兴产业股权投资基金,中金启辰（苏州）新兴产业股权投资基金合伙企业（有限合伙）,幺麻子,幺麻子食品股份有限公司,消费生活，农业，生产制造，调味品,食品&饮料|食品制造业|其他食品制造业,中国|四川省|眉山市|洪雅县,创业投资,成熟期,2019-09-05,RMB,--,--,--,5.26,A,--,--,--,--,制造业|食品制造业,制造业|食品、饮料|食品制造业,--,2019.xls,0,2019,四川省,制造业,食品制造业,0.4937974331641286,0.8067002978003385,-3.827919774957699,-1.003333125211506,a
国元资本【安徽省农业产业化发展基金】,安徽国元基金管理有限公司【安徽省农业产业化发展基金有限公司】,国元资本,安徽国元基金管理有限公司,--,--,安徽省农业产业化发展基金,安徽省农业产业化发展基金有限公司,达诺乳业,安徽达诺乳业股份有限公司,生产制造，消费生活，生活消费品，调味品，太阳能光伏，太阳能,食品&饮料|食品制造业,中国|安徽省|滁州市,新三板定增,成熟期,2020-12-04,RMB,30.00,30.00,4.57,17.65,新三板定增,--,170.00,25.92,--,制造业|食品制造业,制造业|食品、饮料|食品制造业,全国中小企业股份转让系统(新三板),2020.xls,1,2020,安徽省,制造业,食品制造业,0.4937974331641286,0.8067002978003385,-3.827919774957699,-1.003333125211506,a
贵鑫瑞和创投【贵州省农业农村现代化发展基金】,贵州省贵鑫瑞和创业投资管理有限责任公司【贵州省农业农村现代化发展股权投资基金合伙企业（有限合伙）】,贵鑫瑞和创投,贵州省贵鑫瑞和创业投资管理有限责任公司,--,--,贵州省农业农村现代化发展基金,贵州省农业农村现代化发展股权投资基金合伙企业（有限合伙）,贵州贵旺,贵州贵旺生物科技有限公司,旅游服务，农业，材料，生活消费品，技术培训，现代农业，农副产品，生物技术,食品&饮料|食品制造业,中国|贵州省|遵义市|道真仡佬族苗族自治县,创业投资,扩张期,2021-10-28,RMB,--,--,--,27.72,A,--,--,--,--,制造业|食品制造业,制造业|食品、饮料|食品制造业,--,2021.xls,1,2021,贵州省,制造业,食品制造业,0.4937974331641286,0.8067002978003385,-3.827919774957699,-1.003333125211506,a
前海方舟【前海母基金】,前海方舟资产管理有限公司【前海股权投资基金（有限合伙）】,前海方舟,前海方舟资产管理有限公司,--,--,前海母基金,前海股权投资基金（有限合伙）,贝多芬国际,深圳贝多芬网络科技有限公司,消费生活，媒体，电子商务，健康食材,食品&饮料|食品制造业,中国|广东省|深圳市|南山区,成长资本,扩张期,2020-12-02,RMB,4.22,4.22,0.64,0.53,C,--,754.51,114.46,--,制造业|食品制造业,制造业|食品、饮料|食品制造业,--,2020.xls,0,2020,广东省,制造业,食品制造业,0.4937974331641286,0.8067002978003385,-3.827919774957699,-1.003333125211506,a
国投创合【军民融合发展基金】,国投创合基金管理有限公司【军民融合发展产业投资基金（有限合伙）】,国投创合投资,国投创合（上海）投资管理有限公司,国投创合,国投创合基金管理有限公司,军民融合发展基金,军民融合发展产业投资基金（有限合伙）,诺玛液压,上海诺玛液压系统有限公司,生产制造，医疗健康，医疗器械,机械制造|电器机械及器材制造,中国|上海市|闵行区,创业投资,成熟期,2020-03-25,RMB,60.00,60.00,8.45,--,B,--,--,--,--,制造业|电气机械及器材制造业,制造业|机械、设备、仪表|电器机械及器材制造业,--,2020.xls,1,2020,上海市,制造业,电气机械及器材制造业,0.4943613254317643,1.8773787985099897,-3.7656714832373854,-1.002034792075855,a
兆恒投资【温州瓯瑞股权投资】,杭州兆恒投资管理有限公司【温州瓯瑞股权投资合伙企业（有限合伙）】,兆恒投资,杭州兆恒投资管理有限公司,--,--,温州瓯瑞股权投资,温州瓯瑞股权投资合伙企业（有限合伙）,新亚电子,新亚电子股份有限公司,电子元件，生产制造，汽车交通,机械制造|电器机械及器材制造,中国|浙江省|温州市|乐清市,成长资本,成熟期,2018-08-24,RMB,40.00,40.00,6.19,3.64,其他,--,"1,100.22",160.13,--,制造业|电气机械及器材制造业,制造业|机械、设备、仪表|电器机械及器材制造业,上海证券交易所主板,2018.xls,0,2018,浙江省,制造业,电气机械及器材制造业,0.4943613254317643,1.8773787985099897,-3.7656714832373854,-1.002034792075855,a
四川国辰天府投资【四川中小企业发展股权投资基金】,四川国辰天府股权投资基金管理有限公司【四川中小企业发展股权投资基金合伙企业（有限合伙）】,四川国辰天府投资,四川国辰天府股权投资基金管理有限公司,--,--,四川中小企业发展股权投资基金,四川中小企业发展股权投资基金合伙企业（有限合伙）,雍熙聚材,成都雍熙聚材科技有限公司,--,机械制造|电器机械及器材制造,中国|四川省|成都市|青羊区,创业投资,初创期,2019-02-27,RMB,--,--,--,20.00,A,--,--,--,--,制造业|电气机械及器材制造业,制造业|机械、设备、仪表|电器机械及器材制造业,--,2019.xls,1,2019,四川省,制造业,电气机械及器材制造业,0.4943613254317643,1.8773787985099897,-3.7656714832373854,-1.002034792075855,a
合肥创新投【合肥市天使投资基金】,合肥市创新科技风险投资有限公司【合肥市天使投资基金有限公司】,合肥创新投,合肥市创新科技风险投资有限公司,--,--,合肥市天使投资基金,合肥市天使投资基金有限公司,丰蓝电器,合肥丰蓝电器有限公司,国防军工，信息系统集成,机械制造|电器机械及器材制造,中国|安徽省|合肥市,创业投资,扩张期,2021-03-31,RMB,--,--,--,8.33,A,--,--,--,--,制造业|电气机械及器材制造业,制造业|机械、设备、仪表|电器机械及器材制造业,--,2021.xls,1,2021,安徽省,制造业,电气机械及器材制造业,0.4943613254317643,1.8773787985099897,-3.7656714832373854,-1.002034792075855,a
知守投资【西安知守君成创业基金】,知守投资控股有限公司【西安知守君成创业投资合伙企业（有限合伙）】,西安知守创投,西安知守创业投资管理有限公司,知守投资,知守投资控股有限公司,西安知守君成创业基金,西安知守君成创业投资合伙企业（有限合伙）,中熔电气,西安中熔电气股份有限公司,生产制造，五金配件，企业服务，熔断器,机械制造|电器机械及器材制造,中国|陕西省|西安市,创业投资,成熟期,2019-01-09,RMB,0.01,0.01,< 0.01,--,其他,彭启锋,--,--,--,制造业|电气机械及器材制造业,制造业|机械、设备、仪表|电器机械及器材制造业,深圳证券交易所创业板，全国中小企业股份转让系统(新三板),2019.xls,0,2019,陕西省,制造业,电气机械及器材制造业,0.4943613254317643,1.8773787985099897,-3.7656714832373854,-1.002034792075855,a
中金资本【中金启辰新兴产业股权投资基金】,中金资本运营有限公司【中金启辰（苏州）新兴产业股权投资基金合伙企业（有限合伙）】,中金资本,中金资本运营有限公司,--,--,中金启辰新兴产业股权投资基金,中金启辰（苏州）新兴产业股权投资基金合伙企业（有限合伙）,新思考电机,新思考电机有限公司,生产制造，自动化，短途出行，垂直硬件,机械制造|电器机械及器材制造,中国|浙江省|嘉兴市|嘉善县,创业投资,扩张期,2020-05-01,RMB,70.00,70.00,9.92,5.81,A,--,--,--,--,制造业|电气机械及器材制造业,制造业|机械、设备、仪表|电器机械及器材制造业,--,2020.xls,0,2020,浙江省,制造业,电气机械及器材制造业,0.4943613254317643,1.8773787985099897,-3.7656714832373854,-1.002034792075855,a
中核产业基金【中核央地合作新兴产业发展基金】,中核产业基金管理有限公司【中核（浙江）新兴产业股权投资基金（有限合伙）】,中核产业基金,中核产业基金管理有限公司,--,--,中核央地合作新兴产业发展基金,中核（浙江）新兴产业股权投资基金（有限合伙）,畅尔装备,浙江畅尔智能装备股份有限公司,生产制造，机器人，机械制造，仪器设备,机械制造|电器机械及器材制造,中国|浙江省|丽水市,新三板定增,成熟期,2020-03-18,RMB,28.00,28.00,3.99,17.70,新三板定增,--,158.19,22.57,--,制造业|电气机械及器材制造业,制造业|机械、设备、仪表|电器机械及器材制造业,全国中小企业股份转让系统(新三板),2020.xls,1,2020,浙江省,制造业,电气机械及器材制造业,0.4943613254317643,1.8773787985099897,-3.7656714832373854,-1.002034792075855,a
余杭国投【余杭区产业发展引导基金】,杭州余杭国有资本投资运营集团有限公司【杭州余杭产业基金有限公司】,余杭国投,杭州余杭国有资本投资运营集团有限公司,--,--,余杭区产业发展引导基金,杭州余杭产业基金有限公司,利富豪,杭州利富豪机电设备有限公司,生产制造，房产家居，冲压件,机械制造|电器机械及器材制造|家用电器制造,中国|浙江省|杭州市|余杭区,创业投资,成熟期,2020-04-17,RMB,--,--,--,23.44,A,--,--,--,--,制造业|电气机械及器材制造业|家用电力器具制造,制造业|电子|日用电子器具制造业,--,2020.xls,0,2020,浙江省,制造业,电气机械及器材制造业,0.4943613254317643,1.8773787985099897,-3.7656714832373854,-1.002034792075855,a
劲邦资本【青岛劲邦劲智创投基金】,上海劲邦股权投资管理有限公司【青岛劲邦劲智创业投资合伙企业（有限合伙）】,劲邦资本,上海劲邦股权投资管理有限公司,--,--,青岛劲邦劲智创投基金,青岛劲邦劲智创业投资合伙企业（有限合伙）,盘古智能,青岛盘古智能制造股份有限公司,企业服务，生产制造，船舶零部件制造,机械制造|电器机械及器材制造,中国|山东省|青岛市,创业投资,扩张期,2020-09-17,RMB,7.00,7.00,0.98,0.52,老股权转让,--,"1,352.21",199.37,--,制造业|电气机械及器材制造业,制造业|机械、设备、仪表|电器机械及器材制造业,深圳证券交易所创业板,2020.xls,0,2020,山东省,制造业,电气机械及器材制造业,0.4943613254317643,1.8773787985099897,-3.7656714832373854,-1.002034792075855,a
鹏瑞宁夏投资【西安市中小企业发展基金】,鹏瑞（宁夏）股权投资基金管理有限公司【西安市中小企业发展基金（有限合伙）】,亚联民加投资,西安财金惠风私募基金管理有限公司,鹏瑞宁夏投资,鹏瑞（宁夏）股权投资基金管理有限公司,西安市中小企业发展基金,西安市中小企业发展基金（有限合伙）,西安合容开关,西安合容开关有限公司,机械制造,机械制造|电器机械及器材制造,中国|陕西省|西安市|高陵区,--,初创期,2019-02-26,RMB,--,--,--,20.00,A,--,--,--,--,制造业|电气机械及器材制造业,制造业|机械、设备、仪表|电器机械及器材制造业,--,2019.xls,1,2019,陕西省,制造业,电气机械及器材制造业,0.4943613254317643,1.8773787985099897,-3.7656714832373854,-1.002034792075855,a
招商资本【招科创新智能基金】,招商局资本投资有限责任公司【佛山市招科创新智能产业投资基金合伙企业（有限合伙）】,招商招科资本管理,深圳市招商招科资本管理有限责任公司,招商资本,招商局资本投资有限责任公司,招科创新智能基金,佛山市招科创新智能产业投资基金合伙企业（有限合伙）,泰格威,广东泰格威机器人科技有限公司,机器人，智能制造，自动化，化工,机械制造|电器机械及器材制造,中国|广东省|佛山市,成长资本,成熟期,2019-01-08,RMB,20.00,20.00,2.92,--,A,--,--,--,--,制造业|电气机械及器材制造业,制造业|机械、设备、仪表|电器机械及器材制造业,--,2019.xls,0,2019,广东省,制造业,电气机械及器材制造业,0.4943613254317643,1.8773787985099897,-3.7656714832373854,-1.002034792075855,a
德石投资【杭州德石灵动基金】,浙江德石投资管理有限公司【杭州德石灵动投资合伙企业（有限合伙）】,德石投资,浙江德石投资管理有限公司,--,--,杭州德石灵动基金,杭州德石灵动投资合伙企业（有限合伙）,比依股份,浙江比依电器股份有限公司,智能制造，电机制造,机械制造|电器机械及器材制造,中国|浙江省|宁波市|余姚市,成长资本,成熟期,2020-04-02,RMB,4.00,4.00,0.63,0.50,老股权转让,--,800.00,113.04,--,制造业|电气机械及器材制造业,制造业|机械、设备、仪表|电器机械及器材制造业,上海证券交易所主板,2020.xls,0,2020,浙江省,制造业,电气机械及器材制造业,0.4943613254317643,1.8773787985099897,-3.7656714832373854,-1.002034792075855,a
深高新投【深圳市人才创新创业二号股权投资基金】,深圳市高新投集团有限公司【深圳市人才创新创业二号股权投资基金合伙企业（有限合伙）】,深圳高新投人才投资,深圳市高新投人才股权投资基金管理有限公司,深高新投,深圳市高新投集团有限公司,深圳市人才创新创业二号股权投资基金,深圳市人才创新创业二号股权投资基金合伙企业（有限合伙）,爱克股份,深圳爱克莱特科技股份有限公司,生产制造，LED器件,机械制造|电器机械及器材制造|照明器具制造,中国|广东省|深圳市,创业投资,扩张期,2018-08-09,RMB,19.01,19.01,2.78,2.53,A,--,752.49,110.15,--,制造业|电气机械及器材制造业|照明器具制造,制造业|机械、设备、仪表|电器机械及器材制造业|照明器具制造业,深圳证券交易所创业板,2018.xls,0,2018,广东省,制造业,电气机械及器材制造业,0.4943613254317643,1.8773787985099897,-3.7656714832373854,-1.002034792075855,a
蚌投集团【蚌埠市产业引导基金】,蚌埠投资集团有限公司【蚌埠市产业引导基金有限公司】,蚌投集团,蚌埠投资集团有限公司,--,--,蚌埠市产业引导基金,蚌埠市产业引导基金有限公司,中科电力,中科电力装备集团有限公司,设备维修,机械制造|电器机械及器材制造,中国|安徽省|蚌埠市,创业投资,扩张期,2017-09-27,RMB,--,--,--,5.88,A,--,--,--,--,制造业|电气机械及器材制造业,制造业|机械、设备、仪表|电器机械及器材制造业,--,2017.xls,1,2017,安徽省,制造业,电气机械及器材制造业,0.4943613254317643,1.8773787985099897,-3.7656714832373854,-1.002034792075855,a
成都先进制造产投【成都产投先进制造产业股权投资基金】,成都先进制造产业投资有限公司【成都产投先进制造产业股权投资基金合伙企业（有限合伙）】,成都先进制造产投,成都先进制造产业投资有限公司,--,--,成都产投先进制造产业股权投资基金,成都产投先进制造产业股权投资基金合伙企业（有限合伙）,中科翼能,成都中科翼能科技有限公司,发动机，航空发动机制造,机械制造|电器机械及器材制造,中国|四川省|成都市|武侯区,--,种子期,2020-05-15,--,--,--,--,10.00,种子轮,--,--,--,--,制造业|电气机械及器材制造业,制造业|机械、设备、仪表|电器机械及器材制造业,--,2020.xls,1,2020,四川省,制造业,电气机械及器材制造业,0.4943613254317643,1.8773787985099897,-3.7656714832373854,-1.002034792075855,a
迪策投资【湖南迪策鸿泰投资】,湖南迪策投资有限公司【湖南迪策鸿泰投资合伙企业（有限合伙）】,迪策润通,湖南迪策润通私募基金管理有限公司,迪策投资,湖南迪策投资有限公司,湖南迪策鸿泰投资,湖南迪策鸿泰投资合伙企业（有限合伙）,中联重科,中联重科股份有限公司,生产制造，机械制造，仪器设备,机械制造|电器机械及器材制造,中国|湖南省|长沙市,上市定增,成熟期,2021-02-10,RMB,377.00,377.00,58.22,0.43,上市定增,--,"87,969.54","13,631.71",--,制造业|电气机械及器材制造业,制造业|机械、设备、仪表|电器机械及器材制造业,香港证券交易所主板，深圳证券交易所主板,2021.xls,0,2021,湖南省,制造业,电气机械及器材制造业,0.4943613254317643,1.8773787985099897,-3.7656714832373854,-1.002034792075855,a
金镒资本【珠海金镒铭基金】,金镒（珠海）股权投资管理有限公司【珠海金镒铭股权投资基金合伙企业（有限合伙）】,金镒资本,金镒（珠海）股权投资管理有限公司,--,--,珠海金镒铭基金,珠海金镒铭股权投资基金合伙企业（有限合伙）,德尔玛,广东德尔玛科技股份有限公司,电子元件，消费电子，生产制造，家用电器，生活家电,机械制造|电器机械及器材制造|家用电器制造,中国|广东省|佛山市,成长资本,扩张期,2020-07-01,RMB,150.00,150.00,21.27,3.00,老股权转让,--,"5,000.00",714.47,--,制造业|电气机械及器材制造业|家用电力器具制造,制造业|电子|日用电子器具制造业,深圳证券交易所创业板,2020.xls,0,2020,广东省,制造业,电气机械及器材制造业,0.4943613254317643,1.8773787985099897,-3.7656714832373854,-1.002034792075855,a
美的资本【美的智能科技产业基金】,美的创业投资管理有限公司【广东美的智能科技产业投资基金管理中心（有限合伙）】,美的资本,美的创业投资管理有限公司,--,--,美的智能科技产业基金,广东美的智能科技产业投资基金管理中心（有限合伙）,宏石激光,佛山市宏石激光技术有限公司,--,机械制造|电器机械及器材制造,中国|广东省|佛山市,创业投资,成熟期,2020-06-30,RMB,63.98,63.98,9.04,--,A,--,--,--,--,制造业|电气机械及器材制造业,制造业|机械、设备、仪表|电器机械及器材制造业,--,2020.xls,0,2020,广东省,制造业,电气机械及器材制造业,0.4943613254317643,1.8773787985099897,-3.7656714832373854,-1.002034792075855,a
清控金信资本【苏州金信创投基金】,清控金信资本管理（北京）有限公司【苏州金信创业投资中心（有限合伙）】,金信通达,南通金信通达投资管理有限公司,清控金信资本,清控金信资本管理（北京）有限公司,苏州金信创投基金,苏州金信创业投资中心（有限合伙）,博众精工,博众精工科技股份有限公司,生产制造，企业服务，智能制造，工业自动化，AI智能工厂,机械制造|电器机械及器材制造|电工器械制造,中国|江苏省|苏州市|吴江区,成长资本,成熟期,2020-06-15,RMB,33.00,33.00,5.14,0.60,其他,--,"5,500.00",776.12,--,制造业|电气机械及器材制造业|电线、电缆、光缆及电工器材制造,制造业|机械、设备、仪表|电器机械及器材制造业|电工器械制造业,上海证券交易所科创板,2020.xls,0,2020,江苏省,制造业,电气机械及器材制造业,0.4943613254317643,1.8773787985099897,-3.7656714832373854,-1.002034792075855,a
嘉信麒越投资【苏州上凯创投基金】,宁波保税区嘉信麒越股权投资管理有限公司【苏州上凯创业投资合伙企业（有限合伙）】,嘉信麒越投资,宁波保税区嘉信麒越股权投资管理有限公司,--,--,苏州上凯创投基金,苏州上凯创业投资合伙企业（有限合伙）,罗莱迪思,杭州罗莱迪思科技股份有限公司,光电，照明灯具，智能照明,机械制造|电器机械及器材制造|照明器具制造,中国|浙江省|杭州市|西湖区,创业投资,成熟期,2021-07-27,RMB,--,--,--,--,C,--,--,--,--,制造业|电气机械及器材制造业|照明器具制造,制造业|机械、设备、仪表|电器机械及器材制造业|照明器具制造业,--,2021.xls,0,2021,浙江省,制造业,电气机械及器材制造业,0.4943613254317643,1.8773787985099897,-3.7656714832373854,-1.002034792075855,a
厚熙投资【枣庄玺恩投资】,嘉兴厚熙投资管理有限公司【枣庄玺恩投资合伙企业（有限合伙）】,厚熙投资,嘉兴厚熙投资管理有限公司,--,--,枣庄玺恩投资,枣庄玺恩投资合伙企业（有限合伙）,理工环科,宁波理工环境能源科技股份有限公司,节能环保，智能电网，环保技术,机械制造|电器机械及器材制造,中国|浙江省|宁波市,成长资本,成熟期,2020-07-29,RMB,227.00,227.00,32.48,5.04,其他,--,"4,503.97",644.39,14.47,制造业|电气机械及器材制造业,制造业|机械、设备、仪表|电器机械及器材制造业,深圳证券交易所主板,2020.xls,0,2020,浙江省,制造业,电气机械及器材制造业,0.4943613254317643,1.8773787985099897,-3.7656714832373854,-1.002034792075855,a
顺为资本【顺赢投资基金】,北京顺为创业投资有限公司【武汉顺赢股权投资合伙企业（有限合伙）】,拉萨顺为资本投资,拉萨经济技术开发区顺为资本投资咨询有限公司,顺为资本,北京顺为创业投资有限公司,顺赢投资基金,武汉顺赢股权投资合伙企业（有限合伙）,顺造科技,北京顺造科技有限公司,垂直硬件，房产家居，机器人,机械制造|电器机械及器材制造|家用电器制造,中国|北京市|海淀区,创业投资,初创期,2021-02-23,RMB,--,--,--,9.01,A,--,--,--,--,制造业|电气机械及器材制造业|家用电力器具制造,制造业|电子|日用电子器具制造业,--,2021.xls,0,2021,北京市,制造业,电气机械及器材制造业,0.4943613254317643,1.8773787985099897,-3.7656714832373854,-1.002034792075855,a
前海方舟【前海母基金】,前海方舟资产管理有限公司【前海股权投资基金（有限合伙）】,前海方舟,前海方舟资产管理有限公司,--,--,前海母基金,前海股权投资基金（有限合伙）,伟泰科技,常州伟泰科技股份有限公司,生产制造，仪器设备，专用设备，工业设备，冲压件，供应链管理，电子信息产业,机械制造|电器机械及器材制造,中国|江苏省|常州市,新三板定增,成熟期,2017-09-07,RMB,24.92,24.92,3.67,3.99,新三板定增,--,"1,126.79",165.78,--,制造业|电气机械及器材制造业,制造业|机械、设备、仪表|电器机械及器材制造业,全国中小企业股份转让系统(新三板),2017.xls,0,2017,江苏省,制造业,电气机械及器材制造业,0.4943613254317643,1.8773787985099897,-3.7656714832373854,-1.002034792075855,a
融创得厚【园梦创投】,山东同硕股权投资管理有限公司【济南园梦科技创业投资合伙企业（有限合伙）】,融创得厚,山东同硕股权投资管理有限公司,--,--,园梦创投,济南园梦科技创业投资合伙企业（有限合伙）,森峰科技,济南森峰激光科技股份有限公司,生产制造，光电,机械制造|电器机械及器材制造,中国|山东省|济南市|历城区,创业投资,成熟期,2018-12-10,RMB,--,--,--,2.00,A,--,--,--,--,制造业|电气机械及器材制造业,制造业|机械、设备、仪表|电器机械及器材制造业,--,2018.xls,0,2018,山东省,制造业,电气机械及器材制造业,0.4943613254317643,1.8773787985099897,-3.7656714832373854,-1.002034792075855,a
中广投资【中广源商大湾区科创产业基金】,广东中广投资管理有限公司【广州中广源商科创创业投资合伙企业（有限合伙）】,中广投资,广东中广投资管理有限公司,--,--,中广源商大湾区科创产业基金,广州中广源商科创创业投资合伙企业（有限合伙）,明阳电气,广东明阳电气股份有限公司,生产制造，自动化，自动化设备，仪器设备，仪器仪表，五金配件，五金制品，政府及公共服务，变电，电力供应，输配电，化工，轨交铁路，石油，数据中心，企业服务，新基建，新能源，股权投资，配电,机械制造|电器机械及器材制造,中国|广东省|中山市,成长资本,扩张期,2020-08-06,RMB,10.00,10.00,1.38,0.83,老股权转让,--,"1,198.70",171.85,--,制造业|电气机械及器材制造业,制造业|机械、设备、仪表|电器机械及器材制造业,深圳证券交易所创业板,2020.xls,0,2020,广东省,制造业,电气机械及器材制造业,0.4943613254317643,1.8773787985099897,-3.7656714832373854,-1.002034792075855,a
西高投【西安高新区战略性新兴产业引导基金】,西安高新技术产业风险投资有限责任公司【西安高新新兴产业投资基金合伙企业（有限合伙）】,西高投,西安高新技术产业风险投资有限责任公司,--,--,西安高新区战略性新兴产业引导基金,西安高新新兴产业投资基金合伙企业（有限合伙）,富士达线缆,西安富士达线缆有限公司,生产制造,机械制造|电器机械及器材制造|电工器械制造,中国|陕西省|西安市,天使投资,成熟期,2018-12-14,RMB,3.00,3.00,0.42,--,天使轮,张念,--,--,--,制造业|电气机械及器材制造业|电线、电缆、光缆及电工器材制造,制造业|机械、设备、仪表|电器机械及器材制造业|电工器械制造业,--,2018.xls,1,2018,陕西省,制造业,电气机械及器材制造业,0.4943613254317643,1.8773787985099897,-3.7656714832373854,-1.002034792075855,a
陆家嘴投资【余杭经开股权投资基金】,上海联嵘投资发展有限公司【杭州余杭经开股权投资基金合伙企业（有限合伙）】,浙江守成资产,浙江守成资产管理有限公司,陆家嘴投资,上海联嵘投资发展有限公司,余杭经开股权投资基金,杭州余杭经开股权投资基金合伙企业（有限合伙）,乐恒动力,浙江乐恒动力科技股份有限公司,垂直硬件，企业服务,机械制造|电器机械及器材制造,中国|浙江省|杭州市,新三板定增,扩张期,2018-10-29,RMB,10.00,10.00,1.45,16.50,新三板定增,--,60.62,8.80,--,制造业|电气机械及器材制造业,制造业|机械、设备、仪表|电器机械及器材制造业,全国中小企业股份转让系统(新三板),2018.xls,1,2018,浙江省,制造业,电气机械及器材制造业,0.4943613254317643,1.8773787985099897,-3.7656714832373854,-1.002034792075855,a
深圳峰林创投【福田区领航智能制造基金】,深圳峰林创业投资有限公司【深圳福田区领航智能制造股权投资基金合伙企业（有限合伙）】,深圳峰林创投,深圳峰林创业投资有限公司,--,--,福田区领航智能制造基金,深圳福田区领航智能制造股权投资基金合伙企业（有限合伙）,YouMe,深圳市你我网络科技有限公司,电子烟，生产制造，移动互联网，投资，英语学习，教育,机械制造|电器机械及器材制造,中国|广东省|深圳市,创业投资,扩张期,2021-03-11,RMB,--,--,--,--,A,--,--,--,--,制造业|电气机械及器材制造业,制造业|机械、设备、仪表|电器机械及器材制造业,--,2021.xls,0,2021,广东省,制造业,电气机械及器材制造业,0.4943613254317643,1.8773787985099897,-3.7656714832373854,-1.002034792075855,a
投控东海【深圳市投控东海中小微创业投资企业】,深圳市投控东海投资有限公司【深圳市投控东海中小微创业投资企业（有限合伙）】,投控东海,深圳市投控东海投资有限公司,--,--,深圳市投控东海中小微创业投资企业,深圳市投控东海中小微创业投资企业（有限合伙）,鑫汇科,深圳市鑫汇科股份有限公司,生产制造，家用电器,机械制造|电器机械及器材制造|家用电器制造,中国|广东省|深圳市,新三板定增,成熟期,2020-08-17,RMB,20.00,20.00,3.01,5.47,新三板定增,--,365.35,52.64,--,制造业|电气机械及器材制造业|家用电力器具制造,制造业|电子|日用电子器具制造业,北京证券交易所，全国中小企业股份转让系统(新三板),2020.xls,0,2020,广东省,制造业,电气机械及器材制造业,0.4943613254317643,1.8773787985099897,-3.7656714832373854,-1.002034792075855,a
君润创投【才富君润一期创投】,宁波君润创业投资管理有限公司【宁波才富君润一期创业投资合伙企业（有限合伙）】,君润创投,宁波君润创业投资管理有限公司,--,--,才富君润一期创投,宁波才富君润一期创业投资合伙企业（有限合伙）,德业股份,宁波德业科技股份有限公司,消费电子，变频器,机械制造|电器机械及器材制造|家用电器制造,中国|浙江省|宁波市|北仑区,成长资本,成熟期,2017-09-15,RMB,9.99,9.99,1.53,0.74,其他,--,"1,349.68",206.30,--,制造业|电气机械及器材制造业|家用电力器具制造,制造业|电子|日用电子器具制造业,上海证券交易所主板,2017.xls,0,2017,浙江省,制造业,电气机械及器材制造业,0.4943613254317643,1.8773787985099897,-3.7656714832373854,-1.002034792075855,a
赛伯乐【江油市工业引导基金】,赛伯乐投资集团有限公司【江油市绿科工业发展投资引导基金合伙企业（有限合伙）】,赛伯乐,赛伯乐投资集团有限公司,--,--,江油市工业引导基金,江油市绿科工业发展投资引导基金合伙企业（有限合伙）,世来光电,四川世来光电科技有限公司,节能环保，灯具，农业，火车,机械制造|电器机械及器材制造|照明器具制造,中国|四川省|绵阳市|江油市,天使投资,种子期,2020-03-16,RMB,--,--,--,--,种子轮,--,--,--,--,制造业|电气机械及器材制造业|照明器具制造,制造业|机械、设备、仪表|电器机械及器材制造业|照明器具制造业,--,2020.xls,1,2020,四川省,制造业,电气机械及器材制造业,0.4943613254317643,1.8773787985099897,-3.7656714832373854,-1.002034792075855,a
真格基金【深圳真格天达创业投资】（领投）,北京真格天成投资管理有限公司【深圳真格天达创业投资合伙企业（有限合伙）】（领投）,西藏达孜真格天祥投资,西藏达孜真格天祥投资管理有限公司,真格基金,北京真格天成投资管理有限公司,深圳真格天达创业投资,深圳真格天达创业投资合伙企业（有限合伙）,雷德蒙,深圳雷德蒙科技创新有限公司,消费生活，生活家电,机械制造|电器机械及器材制造|家用电器制造,中国|广东省|深圳市,创业投资,种子期,2021-03-11,RMB,21.07,21.07,3.32,5.84,天使轮,--,360.79,55.63,--,制造业|电气机械及器材制造业|家用电力器具制造,制造业|电子|日用电子器具制造业,--,2021.xls,0,2021,广东省,制造业,电气机械及器材制造业,0.4943613254317643,1.8773787985099897,-3.7656714832373854,-1.002034792075855,a
光谷人才投资【武汉光谷人才创业投资】,武汉光谷人才私募投资管理有限公司【武汉光谷人才创业投资合伙企业（有限合伙）】,光谷人才投资,武汉光谷人才私募投资管理有限公司,--,--,武汉光谷人才创业投资,武汉光谷人才创业投资合伙企业（有限合伙）,木神机器人,武汉木神机器人有限责任公司,机器人，物流，物流机器人，智能仓储，物流仓储，仓储机器人,机械制造|电器机械及器材制造,中国|湖北省,创业投资,扩张期,2018-12-21,RMB,--,--,--,5.00,A,--,--,--,--,制造业|电气机械及器材制造业,制造业|机械、设备、仪表|电器机械及器材制造业,--,2018.xls,0,2018,湖北省,制造业,电气机械及器材制造业,0.4943613254317643,1.8773787985099897,-3.7656714832373854,-1.002034792075855,a
深创投【深圳市红土天使股权投资基金】,深圳市创新投资集团有限公司【深圳市红土天使股权投资基金合伙企业（有限合伙）】,深创投红土股权投资,深创投红土私募股权投资基金管理（深圳）有限公司,深创投,深圳市创新投资集团有限公司,深圳市红土天使股权投资基金,深圳市红土天使股权投资基金合伙企业（有限合伙）,中驱电机,深圳市中驱电机有限公司,生产制造，减速机，电机制造,机械制造|电器机械及器材制造|电机制造,中国|广东省|深圳市,创业投资,扩张期,2021-07-20,RMB,--,--,--,4.48,天使轮,倪泽望,379.76,58.67,--,制造业|电气机械及器材制造业|电机制造,制造业|机械、设备、仪表|电器机械及器材制造业|电机制造业,--,2021.xls,0,2021,广东省,制造业,电气机械及器材制造业,0.4943613254317643,1.8773787985099897,-3.7656714832373854,-1.002034792075855,a
中山金控【中山市金奥股权投资】,中山创业投资有限公司【中山市金奥股权投资中心（有限合伙）】,中山金控,中山创业投资有限公司,--,--,中山市金奥股权投资,中山市金奥股权投资中心（有限合伙）,奥马冰箱,广东奥马冰箱有限公司,节能环保，生产制造，房产家居,机械制造|电器机械及器材制造|家用电器制造,中国|广东省|中山市,成长资本,扩张期,2020-03-13,RMB,230.00,230.00,33.03,10.00,其他,--,"2,300.00",330.27,--,制造业|电气机械及器材制造业|家用电力器具制造,制造业|电子|日用电子器具制造业,--,2020.xls,0,2020,广东省,制造业,电气机械及器材制造业,0.4943613254317643,1.8773787985099897,-3.7656714832373854,-1.002034792075855,a
毅达资本【江苏中小企业发展基金】,江苏毅达股权投资基金管理有限公司【江苏中小企业发展基金（有限合伙）】,毅达资本,江苏毅达股权投资基金管理有限公司,--,--,江苏中小企业发展基金,江苏中小企业发展基金（有限合伙）,博凡,浙江博凡动力装备股份有限公司,生产制造，仪器设备，专用设备，电力事业，高端装备制造,机械制造|电器机械及器材制造|电机制造,中国|浙江省|嘉兴市,新三板定增,成熟期,2018-01-22,RMB,40.00,40.00,6.24,--,新三板定增,--,--,--,--,制造业|电气机械及器材制造业|电机制造,制造业|机械、设备、仪表|电器机械及器材制造业|电机制造业,全国中小企业股份转让系统(新三板),2018.xls,0,2018,浙江省,制造业,电气机械及器材制造业,0.4943613254317643,1.8773787985099897,-3.7656714832373854,-1.002034792075855,a
西高投【西安高新区战略性新兴产业引导基金】,西安高新技术产业风险投资有限责任公司【西安高新新兴产业投资基金合伙企业（有限合伙）】,西高投,西安高新技术产业风险投资有限责任公司,--,--,西安高新区战略性新兴产业引导基金,西安高新新兴产业投资基金合伙企业（有限合伙）,开容电子,西安开容电子技术有限责任公司,电子元件，生产制造，屏蔽材料，滤波设备,机械制造|电器机械及器材制造|电工器械制造,中国|陕西省|西安市|雁塔区,创业投资,成熟期,2019-03-01,RMB,3.00,3.00,0.42,--,A,张念,--,--,--,制造业|电气机械及器材制造业|电线、电缆、光缆及电工器材制造,制造业|机械、设备、仪表|电器机械及器材制造业|电工器械制造业,--,2019.xls,1,2019,陕西省,制造业,电气机械及器材制造业,0.4943613254317643,1.8773787985099897,-3.7656714832373854,-1.002034792075855,a
吉富创投【吉富新四板企业成长基金】,吉富创业投资股份有限公司【佛山吉富股权投资合伙企业（有限合伙）】,佛山吉富投资,佛山吉富投资管理有限公司,吉富创投,吉富创业投资股份有限公司,吉富新四板企业成长基金,佛山吉富股权投资合伙企业（有限合伙）,福维德,广东福维德焊接股份有限公司,生产制造，材料，自动化，自动化设备,机械制造|电器机械及器材制造|电工器械制造,中国|广东省|广州市,创业投资,成熟期,2020-12-28,RMB,--,--,--,0.63,B,张忠新,348.78,53.38,--,制造业|电气机械及器材制造业|电线、电缆、光缆及电工器材制造,制造业|机械、设备、仪表|电器机械及器材制造业|电工器械制造业,--,2020.xls,0,2020,广东省,制造业,电气机械及器材制造业,0.4943613254317643,1.8773787985099897,-3.7656714832373854,-1.002034792075855,a
诚通基金【中国国有企业结构调整基金】,诚通基金管理有限公司【中国国有企业结构调整基金股份有限公司】,诚通基金,诚通基金管理有限公司,--,--,中国国有企业结构调整基金,中国国有企业结构调整基金股份有限公司,国电南瑞,国电南瑞科技股份有限公司,节能环保，生产制造，换电设备,机械制造|电器机械及器材制造,中国|江苏省|南京市,上市定增,成熟期,2018-04-11,RMB,"1,200.00","1,200.00",190.26,1.64,上市定增,--,"73,292.79","11,620.68",--,制造业|电气机械及器材制造业,制造业|机械、设备、仪表|电器机械及器材制造业,上海证券交易所主板,2018.xls,1,2018,江苏省,制造业,电气机械及器材制造业,0.4943613254317643,1.8773787985099897,-3.7656714832373854,-1.002034792075855,a
中金资本【中金文化消费产业基金】（领投）,中金资本运营有限公司【中金文化消费产业股权投资基金（厦门）合伙企业（有限合伙）】（领投）,中金资本,中金资本运营有限公司,--,--,中金文化消费产业基金,中金文化消费产业股权投资基金（厦门）合伙企业（有限合伙）,金史密斯,北京金史密斯科技股份有限公司,体育，工具软件，智能健身，体育用品，健身器材，垂直硬件，健身服务，体育运动,机械制造|电器机械及器材制造,中国|北京市|丰台区,成长资本,扩张期,2020-10-31,RMB,70.00,70.00,10.41,--,E,--,--,--,--,制造业|电气机械及器材制造业,制造业|机械、设备、仪表|电器机械及器材制造业,--,2020.xls,0,2020,北京市,制造业,电气机械及器材制造业,0.4943613254317643,1.8773787985099897,-3.7656714832373854,-1.002034792075855,a
上海至辉投资【国创至辉长三角动能基金】,上海至辉投资有限公司【苏州工业园区国创至辉长三角动能股权投资基金合伙企业（有限合伙）】,上海至辉投资,上海至辉投资有限公司,--,--,国创至辉长三角动能基金,苏州工业园区国创至辉长三角动能股权投资基金合伙企业（有限合伙）,未来电器,苏州未来电器股份有限公司,生产制造，断路器,机械制造|电器机械及器材制造|电工器械制造,中国|江苏省|苏州市,成长资本,成熟期,2020-12-21,RMB,16.00,16.00,2.33,0.95,B,--,"1,680.67",257.32,--,制造业|电气机械及器材制造业|电线、电缆、光缆及电工器材制造,制造业|机械、设备、仪表|电器机械及器材制造业|电工器械制造业,深圳证券交易所创业板，全国中小企业股份转让系统(新三板),2020.xls,0,2020,江苏省,制造业,电气机械及器材制造业,0.4943613254317643,1.8773787985099897,-3.7656714832373854,-1.002034792075855,a
余杭国投【余杭区产业发展引导基金】,杭州余杭国有资本投资运营集团有限公司【杭州余杭产业基金有限公司】,余杭国投,杭州余杭国有资本投资运营集团有限公司,--,--,余杭区产业发展引导基金,杭州余杭产业基金有限公司,得诚电力,杭州得诚电力科技股份有限公司,节能环保，电力设备，配电，专用设备，变电,机械制造|电器机械及器材制造,中国|浙江省|杭州市|余杭区,创业投资,成熟期,2020-12-18,RMB,--,--,--,12.41,A,--,--,--,--,制造业|电气机械及器材制造业,制造业|机械、设备、仪表|电器机械及器材制造业,--,2020.xls,0,2020,浙江省,制造业,电气机械及器材制造业,0.4943613254317643,1.8773787985099897,-3.7656714832373854,-1.002034792075855,a
明势资本【嘉兴自知一号基金】,北京明势合讯资本管理有限公司【嘉兴自知一号股权投资合伙企业（有限合伙）】,嘉兴自知投资,嘉兴自知股权投资管理有限公司,明势资本,北京明势合讯资本管理有限公司,嘉兴自知一号基金,嘉兴自知一号股权投资合伙企业（有限合伙）,德速智能,江苏德速智能机械股份有限公司,生产制造，机械制造,机械制造|电器机械及器材制造,中国|江苏省|常州市,成长资本,扩张期,2017-12-13,RMB,--,--,--,12.00,B,--,--,--,--,制造业|电气机械及器材制造业,制造业|机械、设备、仪表|电器机械及器材制造业,全国中小企业股份转让系统(新三板),2017.xls,0,2017,江苏省,制造业,电气机械及器材制造业,0.4943613254317643,1.8773787985099897,-3.7656714832373854,-1.002034792075855,a
国中资本【深圳国中中小企业发展私募股权投资基金】,国中资本【深圳国中中小企业发展私募股权投资基金合伙企业（有限合伙）】,国中创投,深圳国中创业投资管理有限公司,--,--,深圳国中中小企业发展私募股权投资基金,深圳国中中小企业发展私募股权投资基金合伙企业（有限合伙）,来福谐波,浙江来福谐波传动股份有限公司,医疗健康，机器人，医疗设备，工业机器人，生产制造，家用机器人,机械制造|电器机械及器材制造,中国|浙江省|绍兴市|嵊州市,成长资本,扩张期,2019-11-05,RMB,--,--,--,--,C,--,--,--,--,制造业|电气机械及器材制造业,制造业|机械、设备、仪表|电器机械及器材制造业,--,2019.xls,0,2019,浙江省,制造业,电气机械及器材制造业,0.4943613254317643,1.8773787985099897,-3.7656714832373854,-1.002034792075855,a
国开金融【国开制造业转型升级基金】,国开金融有限责任公司【国开制造业转型升级基金（有限合伙）】,国开投资,国开投资基金管理有限责任公司,国开金融,国开金融有限责任公司,国开制造业转型升级基金,国开制造业转型升级基金（有限合伙）,亨通海洋,江苏亨通海洋光网系统有限公司,光电，油气,机械制造|电器机械及器材制造,中国|江苏省|苏州市|常熟市,成长资本,扩张期,2021-05-22,RMB,500.00,500.00,77.24,8.33,A,--,"6,002.40",938.29,--,制造业|电气机械及器材制造业,制造业|机械、设备、仪表|电器机械及器材制造业,--,2021.xls,0,2021,江苏省,制造业,电气机械及器材制造业,0.4943613254317643,1.8773787985099897,-3.7656714832373854,-1.002034792075855,a
丽水市金融投资【浙江丽水生态经济产业基金】,丽水市金融投资控股有限责任公司【浙江丽水生态经济产业基金有限公司】,丽水市金融投资,丽水市金融投资控股有限责任公司,--,--,浙江丽水生态经济产业基金,浙江丽水生态经济产业基金有限公司,百事宝,浙江百事宝电器股份有限公司,生产制造，断路器，电源，过流保护器,机械制造|电器机械及器材制造,中国|浙江省|丽水市,新三板定增,成熟期,2019-07-23,RMB,30.00,30.00,4.36,9.01,新三板定增,--,332.96,48.42,--,制造业|电气机械及器材制造业,制造业|机械、设备、仪表|电器机械及器材制造业,全国中小企业股份转让系统(新三板),2019.xls,1,2019,浙江省,制造业,电气机械及器材制造业,0.4943613254317643,1.8773787985099897,-3.7656714832373854,-1.002034792075855,a
拉萨鸿新资管【当涂鸿新】,拉萨鸿新资产管理有限公司【当涂鸿新文化产业基金（有限合伙）】,拉萨鸿新资管,拉萨鸿新资产管理有限公司,--,--,当涂鸿新,当涂鸿新文化产业基金（有限合伙）,加西亚,加西亚电子电器股份有限公司,生产制造，断路器,机械制造|电器机械及器材制造,中国|浙江省|温州市,新三板定增,成熟期,2018-03-05,RMB,16.80,16.80,2.65,3.26,新三板定增,--,515.34,81.24,--,制造业|电气机械及器材制造业,制造业|机械、设备、仪表|电器机械及器材制造业,全国中小企业股份转让系统(新三板),2018.xls,1,2018,浙江省,制造业,电气机械及器材制造业,0.4943613254317643,1.8773787985099897,-3.7656714832373854,-1.002034792075855,a
善达投资【东方金泰高新技术创投基金】,上海善达投资管理有限公司【盐城经济技术开发区东方金泰高新技术创投基金（有限合伙）】,悦达金泰,江苏悦达金泰基金管理有限公司,善达投资,上海善达投资管理有限公司,东方金泰高新技术创投基金,盐城经济技术开发区东方金泰高新技术创投基金（有限合伙）,双龙电机,双龙集团上海防爆电机盐城股份有限公司,生产制造，电机制造,机械制造|电器机械及器材制造,中国|江苏省|盐城市,新三板定增,成熟期,2018-11-20,RMB,10.00,10.00,1.44,5.88,新三板定增,--,169.97,24.53,--,制造业|电气机械及器材制造业,制造业|机械、设备、仪表|电器机械及器材制造业,全国中小企业股份转让系统(新三板),2018.xls,0,2018,江苏省,制造业,电气机械及器材制造业,0.4943613254317643,1.8773787985099897,-3.7656714832373854,-1.002034792075855,a
中广投资【中广创投】,广东中广投资管理有限公司【湛江中广创业投资有限公司】,中广投资,广东中广投资管理有限公司,--,--,中广创投,湛江中广创业投资有限公司,鸿智科技,广东鸿智智能科技股份有限公司,生产制造，光电，3C电商，照明灯具，智能家电，家用电器，自动化，模具，金属制品,机械制造|电器机械及器材制造|家用电器制造,中国|广东省|湛江市,新三板定增,成熟期,2018-02-14,RMB,15.00,15.00,2.36,4.17,新三板定增,--,359.71,56.71,--,制造业|电气机械及器材制造业|家用电力器具制造,制造业|电子|日用电子器具制造业,北京证券交易所，全国中小企业股份转让系统(新三板),2018.xls,1,2018,广东省,制造业,电气机械及器材制造业,0.4943613254317643,1.8773787985099897,-3.7656714832373854,-1.002034792075855,a
泰恒投资【金投智盛创业投资】,杭州泰恒投资管理有限公司【杭州金投智盛创业投资合伙企业（有限合伙）】,泰恒投资,杭州泰恒投资管理有限公司,--,--,金投智盛创业投资,杭州金投智盛创业投资合伙企业（有限合伙）,吉众机电,杭州吉众机电股份有限公司,企业服务，模具,机械制造|电器机械及器材制造|电工器械制造,中国|浙江省|杭州市,成长资本,扩张期,2017-12-28,RMB,93.86,93.86,13.63,20.03,B,--,490.20,74.94,--,制造业|电气机械及器材制造业|电线、电缆、光缆及电工器材制造,制造业|机械、设备、仪表|电器机械及器材制造业|电工器械制造业,全国中小企业股份转让系统(新三板),2017.xls,0,2017,浙江省,制造业,电气机械及器材制造业,0.4943613254317643,1.8773787985099897,-3.7656714832373854,-1.002034792075855,a
科力投资【齐齐哈尔市科技成果转化风险投资引导基金】,黑龙江省科力高科技产业投资有限公司【齐齐哈尔市科技成果转化创业投资合伙企业（有限合伙）】,哈尔滨科力创投,哈尔滨科力创业投资管理有限公司,科力投资,黑龙江省科力高科技产业投资有限公司,齐齐哈尔市科技成果转化风险投资引导基金,齐齐哈尔市科技成果转化创业投资合伙企业（有限合伙）,红旭达科技,齐齐哈尔红旭达科技有限公司,机器人，灯具，广电设备制造，信息技术,机械制造|电器机械及器材制造,中国|黑龙江省|齐齐哈尔市|龙沙区,创业投资,成熟期,2018-02-11,RMB,--,--,--,--,A,--,--,--,--,制造业|电气机械及器材制造业,制造业|机械、设备、仪表|电器机械及器材制造业,--,2018.xls,1,2018,黑龙江省,制造业,电气机械及器材制造业,0.4943613254317643,1.8773787985099897,-3.7656714832373854,-1.002034792075855,a
顺为资本【顺赢投资基金】,北京顺为创业投资有限公司【武汉顺赢股权投资合伙企业（有限合伙）】,拉萨顺为资本投资,拉萨经济技术开发区顺为资本投资咨询有限公司,顺为资本,北京顺为创业投资有限公司,顺赢投资基金,武汉顺赢股权投资合伙企业（有限合伙）,猫猫狗狗科技,北京猫猫狗狗科技有限公司,生产制造，社交，宠物服务，宠物用品，消费生活,机械制造|电器机械及器材制造|家用电器制造,中国|北京市|海淀区,战略投资,初创期,2019-09-17,RMB,--,--,--,8.89,A,--,--,--,--,制造业|电气机械及器材制造业|家用电力器具制造,制造业|电子|日用电子器具制造业,--,2019.xls,0,2019,北京市,制造业,电气机械及器材制造业,0.4943613254317643,1.8773787985099897,-3.7656714832373854,-1.002034792075855,a
中关村发展集团【中关村发展启航创新基金】,中关村发展集团股份有限公司【北京中关村发展启航创新投资基金（有限合伙）】,启航投资,北京启航创业投资管理有限公司,中关村发展集团,中关村发展集团股份有限公司,中关村发展启航创新基金,北京中关村发展启航创新投资基金（有限合伙）,博清科技,北京博清科技有限公司,机器人,机械制造|电器机械及器材制造,中国|北京市|大兴区,成长资本,扩张期,2020-12-03,RMB,10.00,10.00,1.52,3.48,A,--,--,--,--,制造业|电气机械及器材制造业,制造业|机械、设备、仪表|电器机械及器材制造业,--,2020.xls,0,2020,北京市,制造业,电气机械及器材制造业,0.4943613254317643,1.8773787985099897,-3.7656714832373854,-1.002034792075855,a
创东方投资【创东方富饶投资基金】,深圳市创东方投资有限公司【深圳市创东方富饶股权投资基金合伙企业（有限合伙）】,创东方投资,深圳市创东方投资有限公司,--,--,创东方富饶投资基金,深圳市创东方富饶股权投资基金合伙企业（有限合伙）,晶讯软件,深圳市晶讯技术股份有限公司,智能家居，智能照明，家居物联网,机械制造|电器机械及器材制造|家用电器制造,中国|广东省|深圳市|福田区,创业投资,成熟期,2019-08-26,RMB,--,--,--,7.00,B,--,--,--,--,制造业|电气机械及器材制造业|家用电力器具制造,制造业|电子|日用电子器具制造业,--,2019.xls,0,2019,广东省,制造业,电气机械及器材制造业,0.4943613254317643,1.8773787985099897,-3.7656714832373854,-1.002034792075855,a
前海方舟【前海母基金】,前海方舟资产管理有限公司【前海股权投资基金（有限合伙）】,前海方舟,前海方舟资产管理有限公司,--,--,前海母基金,前海股权投资基金（有限合伙）,Curverobot,北京曲线智能装备有限公司,机器人，工业机器人，计算机视觉,机械制造|电器机械及器材制造,中国|北京市|朝阳区,创业投资,初创期,2019-05-30,RMB,--,--,--,--,Pre-A,--,--,--,--,制造业|电气机械及器材制造业,制造业|机械、设备、仪表|电器机械及器材制造业,--,2019.xls,0,2019,北京市,制造业,电气机械及器材制造业,0.4943613254317643,1.8773787985099897,-3.7656714832373854,-1.002034792075855,a
深创投【江苏红土智能基金】,深圳市创新投资集团有限公司【江苏疌泉红土智能创业投资基金（有限合伙）】,红土智能创投,江苏红土智能创业投资管理企业（有限合伙）,深创投,深圳市创新投资集团有限公司,江苏红土智能基金,江苏疌泉红土智能创业投资基金（有限合伙）,埃夫特,埃夫特智能装备股份有限公司,汽车交通，机器人，生产制造，投资，能源矿产，工业自动化，机器人系统集成,机械制造|电器机械及器材制造,中国|安徽省|芜湖市|鸠江区,成长资本,成熟期,2019-04-30,RMB,5.85,5.85,0.87,0.13,其他,--,"4,586.24",681.60,--,制造业|电气机械及器材制造业,制造业|机械、设备、仪表|电器机械及器材制造业,上海证券交易所科创板,2019.xls,0,2019,安徽省,制造业,电气机械及器材制造业,0.4943613254317643,1.8773787985099897,-3.7656714832373854,-1.002034792075855,a
上海国盛资本【胜超投资】,上海国盛资本管理有限公司【上海胜超股权投资合伙企业（有限合伙）】,上海国盛资本,上海国盛资本管理有限公司,--,--,胜超投资,上海胜超股权投资合伙企业（有限合伙）,徐工集团工程机械,徐工集团工程机械有限公司,生产制造，金属制品，企业服务，仪器设备，全方位营销,机械制造|电器机械及器材制造,中国|江苏省|徐州市,成长资本,成熟期,2020-10-19,RMB,"3,200.13","3,200.13",493.22,10.02,其他,李维刚,"31,695.57","4,707.36",--,制造业|电气机械及器材制造业,制造业|机械、设备、仪表|电器机械及器材制造业,--,2020.xls,0,2020,江苏省,制造业,电气机械及器材制造业,0.4943613254317643,1.8773787985099897,-3.7656714832373854,-1.002034792075855,a
长春汇泽【汇福智能装备基金】,长春汇泽投资有限公司【长春汇福智能装备创业投资合伙企业（有限合伙）】,长春汇泽,长春汇泽投资有限公司,--,--,汇福智能装备基金,长春汇福智能装备创业投资合伙企业（有限合伙）,新春兴,江苏新春兴再生资源有限责任公司,生产制造，二氧化硫脱硫，铅，固废处理,机械制造|电器机械及器材制造,中国|江苏省|徐州市,成长资本,成熟期,2018-05-02,RMB,--,--,--,--,B,--,--,--,--,制造业|电气机械及器材制造业,制造业|机械、设备、仪表|电器机械及器材制造业,--,2018.xls,0,2018,江苏省,制造业,电气机械及器材制造业,0.4943613254317643,1.8773787985099897,-3.7656714832373854,-1.002034792075855,a
光大控股【光控郑州国投基金】,中国光大控股有限公司【光控郑州国投新产业投资基金合伙企业（有限合伙）】,光大汇益伟业,光大汇益伟业投资管理（北京）有限公司,光大控股,中国光大控股有限公司,光控郑州国投基金,光控郑州国投新产业投资基金合伙企业（有限合伙）,海泰新能,唐山海泰新能科技股份有限公司,太阳能，太阳能光伏，硅片，多晶硅片，多晶硅锭,机械制造|电器机械及器材制造,中国|河北省|唐山市,新三板定增,成熟期,2018-06-11,RMB,79.93,79.93,11.82,10.06,新三板定增,--,793.73,124.01,--,制造业|电气机械及器材制造业,制造业|机械、设备、仪表|电器机械及器材制造业,北京证券交易所，全国中小企业股份转让系统(新三板),2018.xls,0,2018,河北省,制造业,电气机械及器材制造业,0.4943613254317643,1.8773787985099897,-3.7656714832373854,-1.002034792075855,a
迈朴资本【陕西省高技术服务创投基金】,西安迈朴资本管理有限公司【陕西省高技术服务创业投资基金（有限合伙）】,迈朴资本,西安迈朴资本管理有限公司,--,--,陕西省高技术服务创投基金,陕西省高技术服务创业投资基金（有限合伙）,力信电气,上海力信电气技术有限公司,汽车交通，新能源，新能源汽车，生产制造，驱动系统,机械制造|电器机械及器材制造,中国|上海市,--,扩张期,2017-11-14,RMB,--,--,--,--,A,--,334.90,50.46,--,制造业|电气机械及器材制造业,制造业|机械、设备、仪表|电器机械及器材制造业,--,2017.xls,1,2017,上海市,制造业,电气机械及器材制造业,0.4943613254317643,1.8773787985099897,-3.7656714832373854,-1.002034792075855,a
九派资本【九派格金智云智能制造基金】（领投）,深圳市前海九派资本管理合伙企业（有限合伙）【深圳九派格金智云智能制造产业投资企业（有限合伙）】（领投）,九派资本,深圳市前海九派资本管理合伙企业（有限合伙）,--,--,九派格金智云智能制造基金,深圳九派格金智云智能制造产业投资企业（有限合伙）,九天中创自动化,深圳市九天中创自动化设备有限公司,生产制造，光电，通用设备，化工,机械制造|电器机械及器材制造,中国|广东省|深圳市,成长资本,扩张期,2019-03-15,RMB,--,--,--,--,A,--,--,--,--,制造业|电气机械及器材制造业,制造业|机械、设备、仪表|电器机械及器材制造业,--,2019.xls,0,2019,广东省,制造业,电气机械及器材制造业,0.4943613254317643,1.8773787985099897,-3.7656714832373854,-1.002034792075855,a
汇誉投资湖州【汇智翔顺股权投资基金（青岛）】,汇誉私募基金管理（湖州）有限公司【汇智翔顺股权投资基金（青岛）合伙企业（有限合伙）】,汇誉投资湖州,汇誉私募基金管理（湖州）有限公司,--,--,汇智翔顺股权投资基金（青岛）,汇智翔顺股权投资基金（青岛）合伙企业（有限合伙）,浙江天马,浙江天马轴承集团有限公司,汽车交通，生产制造，轴承，风电轴承,机械制造|电器机械及器材制造,中国|浙江省|湖州市,创业投资,成熟期,2021-01-08,RMB,--,--,--,--,A,--,--,--,--,制造业|电气机械及器材制造业,制造业|机械、设备、仪表|电器机械及器材制造业,--,2021.xls,0,2021,浙江省,制造业,电气机械及器材制造业,0.4943613254317643,1.8773787985099897,-3.7656714832373854,-1.002034792075855,a
赛富投资基金【厦门赛富股权投资基金】,赛富亚洲投资基金管理公司【厦门赛富股权投资合伙企业（有限合伙）】,赛富盛元,天津赛富盛元投资管理中心（有限合伙）,赛富投资基金,赛富亚洲投资基金管理公司,厦门赛富股权投资基金,厦门赛富股权投资合伙企业（有限合伙）,菲仕,宁波菲仕技术股份有限公司,生产制造，伺服电机，电机制造,机械制造|电器机械及器材制造|电机制造,中国|浙江省|宁波市|北仑区,创业投资,成熟期,2019-03-25,RMB,100.00,100.00,14.90,--,B,--,--,--,--,制造业|电气机械及器材制造业|电机制造,制造业|机械、设备、仪表|电器机械及器材制造业|电机制造业,--,2019.xls,0,2019,浙江省,制造业,电气机械及器材制造业,0.4943613254317643,1.8773787985099897,-3.7656714832373854,-1.002034792075855,a
中原联创【河南农开裕】,河南中原联创投资基金管理有限公司【河南农开裕新先进制造业投资基金（有限合伙）】,中原联创,河南中原联创投资基金管理有限公司,--,--,河南农开裕,河南农开裕新先进制造业投资基金（有限合伙）,中岳非晶,河南中岳非晶新型材料股份有限公司,生产制造，材料，合金材料，电力供应，企业服务，电子信息产业,机械制造|电器机械及器材制造,中国|河南省|郑州市,新三板定增,扩张期,2018-01-23,RMB,96.00,96.00,15.00,--,新三板定增,--,--,--,--,制造业|电气机械及器材制造业,制造业|机械、设备、仪表|电器机械及器材制造业,全国中小企业股份转让系统(新三板),2018.xls,1,2018,河南省,制造业,电气机械及器材制造业,0.4943613254317643,1.8773787985099897,-3.7656714832373854,-1.002034792075855,a
晨道投资【长江晨道基金】,宁波梅山保税港区晨道投资合伙企业（有限合伙）【长江晨道（湖北）新能源产业投资合伙企业（有限合伙）】,晨道投资,宁波梅山保税港区晨道投资合伙企业（有限合伙）,--,--,长江晨道基金,长江晨道（湖北）新能源产业投资合伙企业（有限合伙）,国力股份,昆山国力电子科技股份有限公司,新能源，电子元件，新能源汽车，继电器，交流特高压电容器，特高压电源控制，普通继电器,机械制造|电器机械及器材制造,中国|江苏省|昆山市,成长资本,成熟期,2019-03-29,RMB,41.00,41.00,6.36,4.10,Pre-IPO,--,"1,055.04",156.68,--,制造业|电气机械及器材制造业,制造业|机械、设备、仪表|电器机械及器材制造业,上海证券交易所科创板,2019.xls,0,2019,江苏省,制造业,电气机械及器材制造业,0.4943613254317643,1.8773787985099897,-3.7656714832373854,-1.002034792075855,a
松禾资本【松禾成长基金】,深圳市松禾资本管理有限公司【深圳市松禾成长股权投资合伙企业（有限合伙）】,深圳松禾成长,深圳市松禾成长基金管理有限公司,松禾资本,深圳市松禾资本管理有限公司,松禾成长基金,深圳市松禾成长股权投资合伙企业（有限合伙）,越疆科技,深圳市越疆科技股份有限公司,机器人,机械制造|电器机械及器材制造,中国|广东省|深圳市,--,初创期,2018-05-31,RMB,70.00,70.00,10.90,--,A,白云帆,--,--,--,制造业|电气机械及器材制造业,制造业|机械、设备、仪表|电器机械及器材制造业,--,2018.xls,0,2018,广东省,制造业,电气机械及器材制造业,0.4943613254317643,1.8773787985099897,-3.7656714832373854,-1.002034792075855,a
远致瑞信【远致瑞信混改基金】,深圳市远致瑞信股权投资管理有限公司【深圳市远致瑞信混改股权投资基金合伙企业（有限合伙）】,远致瑞信,深圳市远致瑞信股权投资管理有限公司,--,--,远致瑞信混改基金,深圳市远致瑞信混改股权投资基金合伙企业（有限合伙）,联得装备,深圳市联得自动化装备股份有限公司,生产制造，企业服务，工业自动化，自动化，自动化设备,机械制造|电器机械及器材制造,中国|广东省|深圳市,上市定增,成熟期,2021-04-22,RMB,62.75,62.75,9.69,1.97,上市定增,--,"3,376.48",520.24,46.11,制造业|电气机械及器材制造业,制造业|机械、设备、仪表|电器机械及器材制造业,深圳证券交易所创业板,2021.xls,0,2021,广东省,制造业,电气机械及器材制造业,0.4943613254317643,1.8773787985099897,-3.7656714832373854,-1.002034792075855,a
苏豪一带一路【江苏一带一路投资基金】,江苏苏豪一带一路资本管理有限公司【江苏一带一路投资基金（有限合伙）】,苏豪一带一路,江苏苏豪一带一路资本管理有限公司,--,--,江苏一带一路投资基金,江苏一带一路投资基金（有限合伙）,威腾电气,威腾电气集团股份有限公司,生产制造，模具，铝制品,机械制造|电器机械及器材制造,中国|江苏省|镇江市,新三板定增,成熟期,2017-11-17,RMB,45.00,45.00,6.95,5.24,新三板定增,--,859.53,129.69,--,制造业|电气机械及器材制造业,制造业|机械、设备、仪表|电器机械及器材制造业,上海证券交易所科创板，全国中小企业股份转让系统(新三板),2017.xls,1,2017,江苏省,制造业,电气机械及器材制造业,0.4943613254317643,1.8773787985099897,-3.7656714832373854,-1.002034792075855,a
锡创投【无锡金投领航投资】,无锡市创新投资集团有限公司【无锡金投领航产业升级并购投资企业（有限合伙）】,无锡金投资本,无锡金投资本私募基金管理有限公司,锡创投,无锡市创新投资集团有限公司,无锡金投领航投资,无锡金投领航产业升级并购投资企业（有限合伙）,宝胜股份,宝胜科技创新股份有限公司,生产制造，企业服务,机械制造|电器机械及器材制造,中国|江苏省|扬州市,上市定增,成熟期,2020-02-20,RMB,50.00,50.00,7.14,1.09,上市定增,--,"4,595.59",656.40,--,制造业|电气机械及器材制造业,制造业|机械、设备、仪表|电器机械及器材制造业,上海证券交易所主板,2020.xls,0,2020,江苏省,制造业,电气机械及器材制造业,0.4943613254317643,1.8773787985099897,-3.7656714832373854,-1.002034792075855,a
华侨城（亚洲）【华侨城旅文科技基金】（领投）,华侨城（亚洲）控股有限公司【东莞市华侨城旅文科技投资合伙企业（有限合伙）】（领投）,华鑫投资,深圳市华侨城华鑫股权投资管理有限公司,华侨城（亚洲）,华侨城（亚洲）控股有限公司,华侨城旅文科技基金,东莞市华侨城旅文科技投资合伙企业（有限合伙）,逸动科技,广东逸动科技有限公司,生产制造，机器人，水上运动,机械制造|电器机械及器材制造|电机制造,中国|广东省|东莞市,成长资本,扩张期,2020-09-30,RMB,--,--,--,8.11,B,--,569.84,88.26,--,制造业|电气机械及器材制造业|电机制造,制造业|机械、设备、仪表|电器机械及器材制造业|电机制造业,--,2020.xls,0,2020,广东省,制造业,电气机械及器材制造业,0.4943613254317643,1.8773787985099897,-3.7656714832373854,-1.002034792075855,a
西高投【西安高新区战略性新兴产业引导基金】,西安高新技术产业风险投资有限责任公司【西安高新新兴产业投资基金合伙企业（有限合伙）】,西高投,西安高新技术产业风险投资有限责任公司,--,--,西安高新区战略性新兴产业引导基金,西安高新新兴产业投资基金合伙企业（有限合伙）,西瑞控制,西安西瑞控制技术股份有限公司,大数据，企业服务，物联网，大数据技术,机械制造|电器机械及器材制造,中国|陕西省|西安市,天使投资,成熟期,2019-04-19,RMB,5.00,5.00,0.70,--,天使轮,张念,--,--,--,制造业|电气机械及器材制造业,制造业|机械、设备、仪表|电器机械及器材制造业,全国中小企业股份转让系统(新三板),2019.xls,1,2019,陕西省,制造业,电气机械及器材制造业,0.4943613254317643,1.8773787985099897,-3.7656714832373854,-1.002034792075855,a
顺为资本【顺赢投资基金】,北京顺为创业投资有限公司【武汉顺赢股权投资合伙企业（有限合伙）】,拉萨顺为资本投资,拉萨经济技术开发区顺为资本投资咨询有限公司,顺为资本,北京顺为创业投资有限公司,顺赢投资基金,武汉顺赢股权投资合伙企业（有限合伙）,美仕杰,宁波美高厨具有限公司,生产制造，房产家居,机械制造|电器机械及器材制造,中国|浙江省|宁波市|海曙区,创业投资,扩张期,2020-10-10,RMB,--,--,--,9.01,A,--,--,--,--,制造业|电气机械及器材制造业,制造业|机械、设备、仪表|电器机械及器材制造业,--,2020.xls,0,2020,浙江省,制造业,电气机械及器材制造业,0.4943613254317643,1.8773787985099897,-3.7656714832373854,-1.002034792075855,a
航发基金管理【国发航空发动机基金】,航发基金管理有限公司【北京国发航空发动机产业投资基金中心（有限合伙）】,航发基金管理,航发基金管理有限公司,--,--,国发航空发动机基金,北京国发航空发动机产业投资基金中心（有限合伙）,航发动力,中国航发动力股份有限公司,汽车交通，生产制造，发动机，航空发动机机匣，航空发动机短舱,机械制造|电器机械及器材制造,中国|陕西省|西安市|未央区,成长资本,成熟期,2019-04-20,RMB,--,--,--,--,上市定增,--,--,--,--,制造业|电气机械及器材制造业,制造业|机械、设备、仪表|电器机械及器材制造业,上海证券交易所主板,2019.xls,0,2019,陕西省,制造业,电气机械及器材制造业,0.4943613254317643,1.8773787985099897,-3.7656714832373854,-1.002034792075855,a
贵鑫瑞和创投【贵州省新型工业化发展股权投资基金】,贵州省贵鑫瑞和创业投资管理有限责任公司【贵州省新型工业化发展股权投资基金合伙企业（有限合伙）】,贵鑫瑞和创投,贵州省贵鑫瑞和创业投资管理有限责任公司,--,--,贵州省新型工业化发展股权投资基金,贵州省新型工业化发展股权投资基金合伙企业（有限合伙）,中航电梯,贵州中航电梯有限责任公司,生产制造，金属材料，电线光缆，建材，能源矿产，仪器设备，通用设备，钢制品，电力供应，配电,机械制造|电器机械及器材制造,中国|贵州省|遵义市|汇川区,创业投资,成熟期,2021-07-07,RMB,--,--,--,10.85,A,--,--,--,--,制造业|电气机械及器材制造业,制造业|机械、设备、仪表|电器机械及器材制造业,--,2021.xls,1,2021,贵州省,制造业,电气机械及器材制造业,0.4943613254317643,1.8773787985099897,-3.7656714832373854,-1.002034792075855,a
上海国盛资本【国改基金】,上海国盛资本管理有限公司【上海国企改革发展股权投资基金合伙企业（有限合伙）】,上海国盛资本,上海国盛资本管理有限公司,--,--,国改基金,上海国企改革发展股权投资基金合伙企业（有限合伙）,至纯科技,上海至纯洁净系统科技股份有限公司,电子元件，生产制造，太阳能光伏，企业服务，金融,机械制造|电器机械及器材制造,中国|上海市|闵行区,上市定增,成熟期,2019-04-25,RMB,200.00,200.00,29.71,3.78,上市定增,--,"5,289.05",785.81,167.93,制造业|电气机械及器材制造业,制造业|机械、设备、仪表|电器机械及器材制造业,上海证券交易所主板,2019.xls,1,2019,上海市,制造业,电气机械及器材制造业,0.4943613254317643,1.8773787985099897,-3.7656714832373854,-1.002034792075855,a
上海瑞高投资【安庆宜秀龙山凤水产业引导基金】,上海瑞高投资有限公司【安庆宜秀龙山凤水产业引导基金（有限合伙）】,金通宜安投资,安庆金通宜安投资管理合伙企业（有限合伙）,上海瑞高投资,上海瑞高投资有限公司,安庆宜秀龙山凤水产业引导基金,安庆宜秀龙山凤水产业引导基金（有限合伙）,无锡同方聚能控制,无锡同方聚能控制科技有限公司,企业服务,机械制造|电器机械及器材制造|电机制造,中国|江苏省|无锡市|滨湖区,--,扩张期,2020-12-30,RMB,--,--,--,--,A,--,--,--,--,制造业|电气机械及器材制造业|电机制造,制造业|机械、设备、仪表|电器机械及器材制造业|电机制造业,--,2020.xls,1,2020,江苏省,制造业,电气机械及器材制造业,0.4943613254317643,1.8773787985099897,-3.7656714832373854,-1.002034792075855,a
国科新能创投【东源电器新能源汽车子基金I期】,合肥国科新能股权投资管理合伙企业（有限合伙）【新能源汽车科技创新（合肥）股权投资合伙企业（有限合伙）】,国科新能创投,合肥国科新能股权投资管理合伙企业（有限合伙）,--,--,东源电器新能源汽车子基金I期,新能源汽车科技创新（合肥）股权投资合伙企业（有限合伙）,永达制造,六安永达机械股份有限公司,生产制造，电动工具,机械制造|电器机械及器材制造,中国|安徽省|六安市|金安区,创业投资,成熟期,2018-05-28,RMB,--,--,--,--,A,--,--,--,--,制造业|电气机械及器材制造业,制造业|机械、设备、仪表|电器机械及器材制造业,--,2018.xls,0,2018,安徽省,制造业,电气机械及器材制造业,0.4943613254317643,1.8773787985099897,-3.7656714832373854,-1.002034792075855,a
济南财金【山东济清基金】,济南财金投资管理有限公司【山东济清股权投资基金合伙企业（有限合伙）】,济南财金,济南财金投资管理有限公司,--,--,山东济清基金,山东济清股权投资基金合伙企业（有限合伙）,山东北辰,山东北辰机电设备股份有限公司,生产制造，企业服务,机械制造|电器机械及器材制造,中国|山东省|济南市,新三板定增,成熟期,2021-02-26,RMB,14.85,14.85,2.30,3.88,新三板定增,--,382.68,59.31,--,制造业|电气机械及器材制造业,制造业|机械、设备、仪表|电器机械及器材制造业,全国中小企业股份转让系统(新三板),2021.xls,0,2021,山东省,制造业,电气机械及器材制造业,0.4943613254317643,1.8773787985099897,-3.7656714832373854,-1.002034792075855,a
国新基金【中国国有资本风险投资基金】,中国国新基金管理有限公司【中国国有资本风险投资基金股份有限公司】,国新风投深圳,国新风险投资管理（深圳）有限公司,国新基金,中国国新基金管理有限公司,中国国有资本风险投资基金,中国国有资本风险投资基金股份有限公司,中船汉光,中船汉光科技股份有限公司,材料,机械制造|电器机械及器材制造,中国|河北省|邯郸市,--,种子期,2000-06-15,RMB,--,--,--,--,A,--,--,--,--,制造业|电气机械及器材制造业,制造业|机械、设备、仪表|电器机械及器材制造业,深圳证券交易所创业板,2000-2012.xls,1,2000,河北省,制造业,电气机械及器材制造业,0.4943613254317643,1.8773787985099897,-3.7656714832373854,-1.002034792075855,a
誉华投资【安徽省创投资本基金】,安徽誉华投资管理有限公司【安徽省创投资本基金有限公司】,誉华投资,安徽誉华投资管理有限公司,--,--,安徽省创投资本基金,安徽省创投资本基金有限公司,昊方机电,安徽昊方机电股份有限公司,生产制造，汽车交通，金融,机械制造|电器机械及器材制造,中国|安徽省|蚌埠市,--,成熟期,2011-04-12,RMB,40.15,40.15,6.14,4.56,C,李波,880.48,134.55,--,制造业|电气机械及器材制造业,制造业|机械、设备、仪表|电器机械及器材制造业,全国中小企业股份转让系统(新三板),2000-2012.xls,0,2011,安徽省,制造业,电气机械及器材制造业,0.4943613254317643,1.8773787985099897,-3.7656714832373854,-1.002034792075855,a
深创投【红土科信创投】,深圳市创新投资集团有限公司【广州红土科信创业投资有限公司】,广东红土创投,广东红土创业投资管理有限公司,深创投,深圳市创新投资集团有限公司,红土科信创投,广州红土科信创业投资有限公司,凯盛科技,凯盛科技股份有限公司,生产制造，材料,机械制造|电器机械及器材制造,中国|安徽省|蚌埠市,上市定增,成熟期,2015-12-11,RMB,7.00,7.00,1.09,0.10,上市定增,--,"6,942.14","1,080.72",--,制造业|电气机械及器材制造业,制造业|机械、设备、仪表|电器机械及器材制造业,上海证券交易所主板,2015.xls,0,2015,安徽省,制造业,电气机械及器材制造业,0.4943613254317643,1.8773787985099897,-3.7656714832373854,-1.002034792075855,a
吉富创投【吉富新四板企业成长基金】,吉富创业投资股份有限公司【佛山吉富股权投资合伙企业（有限合伙）】,佛山吉富投资,佛山吉富投资管理有限公司,吉富创投,吉富创业投资股份有限公司,吉富新四板企业成长基金,佛山吉富股权投资合伙企业（有限合伙）,博思尼,佛山市博思尼智能科技有限公司,VR·AR，VR硬件，VR技术，互联网,机械制造|电器机械及器材制造,中国|广东省|佛山市,--,种子期,2017-03-20,RMB,5.00,5.00,0.75,5.56,A,--,--,--,--,制造业|电气机械及器材制造业,制造业|机械、设备、仪表|电器机械及器材制造业,--,2017.xls,0,2017,广东省,制造业,电气机械及器材制造业,0.4943613254317643,1.8773787985099897,-3.7656714832373854,-1.002034792075855,a
中银投资【浙商产业投资基金】,中银集团投资有限公司【浙江浙商产业投资基金合伙企业（有限合伙）】,中银投资浙商产业基金,中银投资浙商产业基金管理（浙江）有限公司,中银投资,中银集团投资有限公司,浙商产业投资基金,浙江浙商产业投资基金合伙企业（有限合伙）,三花智控,浙江三花智能控制股份有限公司,生产制造，电子商务,机械制造|电器机械及器材制造,中国|浙江省|绍兴市,上市定增,成熟期,2010-12-28,RMB,150.00,150.00,22.64,1.68,上市定增,--,"8,927.43","1,347.50",--,制造业|电气机械及器材制造业,制造业|机械、设备、仪表|电器机械及器材制造业,深圳证券交易所主板,2000-2012.xls,0,2010,浙江省,制造业,电气机械及器材制造业,0.4943613254317643,1.8773787985099897,-3.7656714832373854,-1.002034792075855,a
中车时代投资【中车时代创业基金】,株洲中车时代高新投资有限公司【杭州时代鼎丰创业投资合伙企业（有限合伙）】,中车时代投资,株洲中车时代高新投资有限公司,--,--,中车时代创业基金,杭州时代鼎丰创业投资合伙企业（有限合伙）,奥祥股份,北京航天奥祥科技股份有限公司,生产制造，汽车交通，轨交铁路,机械制造|电器机械及器材制造,中国|北京市|房山区,--,扩张期,2017-03-30,RMB,8.82,8.82,1.28,15.00,A,--,58.83,8.54,--,制造业|电气机械及器材制造业,制造业|机械、设备、仪表|电器机械及器材制造业,全国中小企业股份转让系统(新三板),2017.xls,0,2017,北京市,制造业,电气机械及器材制造业,0.4943613254317643,1.8773787985099897,-3.7656714832373854,-1.002034792075855,a
四川产业振兴基金【四川制造业协同发展基金】,四川产业振兴发展投资基金有限公司【四川制造业协同发展基金合伙企业（有限合伙）】,协同振兴私募股权投资,四川协同振兴私募股权投资基金管理有限公司,四川产业振兴基金,四川产业振兴发展投资基金有限公司,四川制造业协同发展基金,四川制造业协同发展基金合伙企业（有限合伙）,伟力得能源,四川伟力得能源股份有限公司,节能环保，生产制造，自动化，滤波设备，石油，钢材,机械制造|电器机械及器材制造|电工器械制造,中国|四川省|乐山市,成长资本,成熟期,2021-12-02,RMB,50.00,50.00,7.27,11.11,A,郭庆,450.00,70.62,--,制造业|电气机械及器材制造业|电线、电缆、光缆及电工器材制造,制造业|机械、设备、仪表|电器机械及器材制造业|电工器械制造业,全国中小企业股份转让系统(新三板),2021.xls,0,2021,四川省,制造业,电气机械及器材制造业,0.4943613254317643,1.8773787985099897,-3.7656714832373854,-1.002034792075855,a
拉萨鸿新资管【当涂鸿新】,拉萨鸿新资产管理有限公司【当涂鸿新文化产业基金（有限合伙）】,拉萨鸿新资管,拉萨鸿新资产管理有限公司,--,--,当涂鸿新,当涂鸿新文化产业基金（有限合伙）,金龙电机,浙江金龙电机股份有限公司,节能环保，生产制造，电机制造,机械制造|电器机械及器材制造|电机制造,中国|浙江省|台州市,成长资本,成熟期,2017-04-13,RMB,15.11,15.11,2.19,3.16,C,--,479.08,69.54,--,制造业|电气机械及器材制造业|电机制造,制造业|机械、设备、仪表|电器机械及器材制造业|电机制造业,全国中小企业股份转让系统(新三板),2017.xls,1,2017,浙江省,制造业,电气机械及器材制造业,0.4943613254317643,1.8773787985099897,-3.7656714832373854,-1.002034792075855,a
深创投【河北红土基金】,深圳市创新投资集团有限公司【河北红土创业投资有限公司】,深创新投资,深创新投资管理顾问（北京）有限公司,深创投,深圳市创新投资集团有限公司,河北红土基金,河北红土创业投资有限公司,华通线缆,河北华通线缆集团股份有限公司,生产制造，电线光缆,机械制造|电器机械及器材制造,中国|河北省|唐山市,新三板定增,成熟期,2016-12-05,RMB,20.00,20.00,2.80,1.91,新三板定增,倪泽望,"1,047.62",152.20,--,制造业|电气机械及器材制造业,制造业|机械、设备、仪表|电器机械及器材制造业,上海证券交易所主板，全国中小企业股份转让系统(新三板),2016.xls,1,2016,河北省,制造业,电气机械及器材制造业,0.4943613254317643,1.8773787985099897,-3.7656714832373854,-1.002034792075855,a
亦联资本【深圳亦联基金】,上海亦联股权投资管理合伙企业（有限合伙）【深圳亦联股权投资基金合伙企业（有限合伙）】,亦联资本,上海亦联股权投资管理合伙企业（有限合伙）,--,--,深圳亦联基金,深圳亦联股权投资基金合伙企业（有限合伙）,EPEIOS,深圳市金领马科技有限公司,生活家电,机械制造|电器机械及器材制造,中国|广东省|深圳市|盐田区,天使投资,种子期,2021-09-10,RMB,--,--,--,4.51,天使轮,--,51.15,7.92,--,制造业|电气机械及器材制造业,制造业|机械、设备、仪表|电器机械及器材制造业,--,2021.xls,0,2021,广东省,制造业,电气机械及器材制造业,0.4943613254317643,1.8773787985099897,-3.7656714832373854,-1.002034792075855,a
九鼎投资【嘉昊九鼎】,昆吾九鼎投资控股股份有限公司【嘉兴嘉昊九鼎投资中心（有限合伙）】,西藏昆吾九鼎,西藏昆吾九鼎投资管理有限公司,九鼎投资,昆吾九鼎投资控股股份有限公司,嘉昊九鼎,嘉兴嘉昊九鼎投资中心（有限合伙）,科林电气,石家庄科林电气股份有限公司,生产制造，电力供应，技术研发,机械制造|电器机械及器材制造,中国|河北省|石家庄市,--,成熟期,2010-07-30,RMB,38.00,38.00,5.61,15.07,A,--,252.16,37.22,--,制造业|电气机械及器材制造业,制造业|机械、设备、仪表|电器机械及器材制造业,上海证券交易所主板,2000-2012.xls,0,2010,河北省,制造业,电气机械及器材制造业,0.4943613254317643,1.8773787985099897,-3.7656714832373854,-1.002034792075855,a
东湖资本【东湖创新创投基金】,武汉东湖国隆股权投资基金管理有限公司【武汉东湖创新创业投资基金有限公司】,东湖创新投,武汉东湖创新投资管理有限公司,东湖资本,武汉东湖国隆股权投资基金管理有限公司,东湖创新创投基金,武汉东湖创新创业投资基金有限公司,富升智装,湖北富升智能装备股份有限公司,生产制造，仪器设备，能源矿产，建筑，五金配件，智能装备，仪器仪表，材料，化工,机械制造|电器机械及器材制造,中国|湖北省|鄂州市,--,成熟期,2014-01-15,RMB,20.00,20.00,3.28,20.20,C,--,99.01,16.25,--,制造业|电气机械及器材制造业,制造业|机械、设备、仪表|电器机械及器材制造业,全国中小企业股份转让系统(新三板),2013-2014.xls,0,2014,湖北省,制造业,电气机械及器材制造业,0.4943613254317643,1.8773787985099897,-3.7656714832373854,-1.002034792075855,a
中原海云投资【新安财富创投基金】,河南中原海云股权投资基金管理有限公司【河南新安财富节能环保创业投资基金（有限合伙）】,中原海云投资,河南中原海云股权投资基金管理有限公司,--,--,新安财富创投基金,河南新安财富节能环保创业投资基金（有限合伙）,达能电气,辽宁达能电气股份有限公司,光电，企业服务，土壤污染检测设备,机械制造|电器机械及器材制造,中国|辽宁省|沈阳市,--,成熟期,2017-05-10,RMB,12.00,12.00,1.74,5.01,B,--,219.99,31.85,--,制造业|电气机械及器材制造业,制造业|机械、设备、仪表|电器机械及器材制造业,全国中小企业股份转让系统(新三板),2017.xls,0,2017,辽宁省,制造业,电气机械及器材制造业,0.4943613254317643,1.8773787985099897,-3.7656714832373854,-1.002034792075855,a
达泰资本【悦达泰和二期】,苏州达泰创业投资管理有限公司【江苏悦达泰和股权投资基金中心（有限合伙）】,达泰股权投资,江苏达泰股权投资基金管理有限公司,达泰资本,苏州达泰创业投资管理有限公司,悦达泰和二期,江苏悦达泰和股权投资基金中心（有限合伙）,凯乐士科技,无锡凯乐士科技有限公司,生产制造，企业服务，机器人，自动化，光电，通用设备，物联网，综合性软件，信息技术，微电子，五金配件，工业控制，建筑智能化，物流设备，电子信息产业，自动化系统，建筑,机械制造|电器机械及器材制造,中国|江苏省|苏州市,--,种子期,2014-09-02,RMB,15.00,15.00,2.43,10.56,A,李泉生,142.05,23.04,--,制造业|电气机械及器材制造业,制造业|机械、设备、仪表|电器机械及器材制造业,--,2013-2014.xls,0,2014,江苏省,制造业,电气机械及器材制造业,0.4943613254317643,1.8773787985099897,-3.7656714832373854,-1.002034792075855,a
水木创投【水木扬帆基金】,北京水木国鼎投资管理有限公司【北京水木扬帆创业投资中心（有限合伙）】,水木创投,北京水木国鼎投资管理有限公司,--,--,水木扬帆基金,北京水木扬帆创业投资中心（有限合伙）,清源继保,北京清源继保科技有限公司,生产制造，配电模块,机械制造|电器机械及器材制造,中国|北京市|海淀区,--,种子期,2015-11-10,--,--,--,--,15.00,种子轮,--,--,--,--,制造业|电气机械及器材制造业,制造业|机械、设备、仪表|电器机械及器材制造业,--,2015.xls,0,2015,北京市,制造业,电气机械及器材制造业,0.4943613254317643,1.8773787985099897,-3.7656714832373854,-1.002034792075855,a
达晨财智【达晨银雷】,达晨财智【达晨银雷高新（北京）创业投资有限公司】,达晨财智,深圳市达晨财智创业投资管理有限公司,--,--,达晨银雷,达晨银雷高新（北京）创业投资有限公司,森源东标,北京东标电气有限公司,生产制造，自动化控制，工业自动化，自动化，变频器，人工智能算法,机械制造|电器机械及器材制造|电工器械制造,中国|北京市|石景山区,--,扩张期,2009-12-28,RMB,15.00,15.00,2.20,--,A,谭浩,--,--,--,制造业|电气机械及器材制造业|电线、电缆、光缆及电工器材制造,制造业|机械、设备、仪表|电器机械及器材制造业|电工器械制造业,--,2000-2012.xls,0,2009,北京市,制造业,电气机械及器材制造业,0.4943613254317643,1.8773787985099897,-3.7656714832373854,-1.002034792075855,a
国投创益【央企乡村产业投资基金】,国投创益产业基金管理有限公司【中央企业乡村产业投资基金股份有限公司】,国投创益,国投创益产业基金管理有限公司,--,--,央企乡村产业投资基金,中央企业乡村产业投资基金股份有限公司,钵施然,新疆钵施然智能农机股份有限公司,农业，生产制造，专用设备，仪器设备，农用机械,机械制造|电器机械及器材制造,中国|新疆|塔城地区|乌苏市,天使投资,种子期,2009-08-26,--,--,--,--,--,天使轮,--,--,--,--,制造业|电气机械及器材制造业,制造业|机械、设备、仪表|电器机械及器材制造业,--,2000-2012.xls,1,2009,新疆,制造业,电气机械及器材制造业,0.4943613254317643,1.8773787985099897,-3.7656714832373854,-1.002034792075855,a
力合科创集团【力合新能源创投】,力合科创集团有限公司【深圳力合新能源创业投资基金有限公司】,力合科创,深圳市力合科创基金管理有限公司,力合创投,深圳市力合创业投资有限公司,力合新能源创投,深圳力合新能源创业投资基金有限公司,瑞能股份,深圳市瑞能实业股份有限公司,汽车交通，生产制造，动力电池，电动工具，新能源，新能源汽车电池管理，新型锂电池材料，电池系统，汽车电池系统，储能系统，直流特高压电容器，特高压电源控制,机械制造|电器机械及器材制造,中国|广东省|深圳市,新三板定增,成熟期,2016-10-19,RMB,--,--,--,4.94,新三板定增,--,303.64,45.08,--,制造业|电气机械及器材制造业,制造业|机械、设备、仪表|电器机械及器材制造业,全国中小企业股份转让系统(新三板),2016.xls,0,2016,广东省,制造业,电气机械及器材制造业,0.4943613254317643,1.8773787985099897,-3.7656714832373854,-1.002034792075855,a
南通投资【南通科创基金】,南通投资管理有限公司【南通科技创业投资有限公司】,南通科技创投,南通科技创业投资管理有限公司,南通投资,南通投资管理有限公司,南通科创基金,南通科技创业投资有限公司,恺誉照明,南通恺誉照明科技有限公司,信息技术，生产制造,机械制造|电器机械及器材制造,中国|江苏省|南通市,天使投资,种子期,2010-07-29,RMB,--,--,--,--,天使轮,--,--,--,--,制造业|电气机械及器材制造业,制造业|机械、设备、仪表|电器机械及器材制造业,--,2000-2012.xls,1,2010,江苏省,制造业,电气机械及器材制造业,0.4943613254317643,1.8773787985099897,-3.7656714832373854,-1.002034792075855,a
方广资本【方广三期基金】（领投）,上海方广投资管理有限公司【苏州方广三期创业投资合伙企业（有限合伙）】（领投）,方广资本,上海方广投资管理有限公司,--,--,方广三期基金,苏州方广三期创业投资合伙企业（有限合伙）,索迪龙,上海索迪龙自动化股份有限公司,生产制造，伺服电机，压力传感器，电机制造,机械制造|电器机械及器材制造,中国|上海市|浦东新区,创业投资,成熟期,2021-08-20,RMB,--,--,--,4.29,A,--,732.64,112.74,--,制造业|电气机械及器材制造业,制造业|机械、设备、仪表|电器机械及器材制造业,--,2021.xls,0,2021,上海市,制造业,电气机械及器材制造业,0.4943613254317643,1.8773787985099897,-3.7656714832373854,-1.002034792075855,a
首科三新【三新基金】,北京首科三新投资基金管理有限公司【北京三新创业科技成果转化投资基金（有限合伙）】,首科三新,北京首科三新投资基金管理有限公司,--,--,三新基金,北京三新创业科技成果转化投资基金（有限合伙）,中技克美,北京中技克美谐波传动股份有限公司,生产制造，体育运动,机械制造|电器机械及器材制造,中国|北京市|顺义区,--,成熟期,2016-05-09,RMB,--,--,--,24.00,A,--,--,--,--,制造业|电气机械及器材制造业,制造业|机械、设备、仪表|电器机械及器材制造业,全国中小企业股份转让系统(新三板),2016.xls,1,2016,北京市,制造业,电气机械及器材制造业,0.4943613254317643,1.8773787985099897,-3.7656714832373854,-1.002034792075855,a
南车创投【北京华舆华盛创业投资】,北京中车创业投资有限公司【北京华舆华盛创业投资企业（有限合伙）】,南车创投,北京中车创业投资有限公司,--,--,北京华舆华盛创业投资,北京华舆华盛创业投资企业（有限合伙）,金鑫集团,无锡金鑫集团股份有限公司,汽车交通，生产制造，铁路建设，零部件制造，五金配件,机械制造|电器机械及器材制造,中国|江苏省|无锡市,创业投资,成熟期,2016-04-30,RMB,--,--,--,--,A+,--,--,--,--,制造业|电气机械及器材制造业,制造业|机械、设备、仪表|电器机械及器材制造业,--,2016.xls,0,2016,江苏省,制造业,电气机械及器材制造业,0.4943613254317643,1.8773787985099897,-3.7656714832373854,-1.002034792075855,a
浙江联合基金【常山联合投资基金】,浙江联合中小企业股权投资基金管理有限公司【常山县联合股权投资基金合伙企业（有限合伙）】,浙江联合基金,浙江联合中小企业股权投资基金管理有限公司,--,--,常山联合投资基金,常山县联合股权投资基金合伙企业（有限合伙）,紫燕无人飞行器,珠海紫燕无人飞行器有限公司,汽车交通，无人机，生产制造，信息系统集成，发动机，消费级无人机,机械制造|电器机械及器材制造,中国|广东省|珠海市,天使投资,种子期,2014-05-16,RMB,--,--,--,--,种子轮,--,--,--,--,制造业|电气机械及器材制造业,制造业|机械、设备、仪表|电器机械及器材制造业,--,2013-2014.xls,1,2014,广东省,制造业,电气机械及器材制造业,0.4943613254317643,1.8773787985099897,-3.7656714832373854,-1.002034792075855,a
兴证资本【平潭雄鹰创业基金】,兴证创新资本管理有限公司【平潭雄鹰创业投资合伙企业（有限合伙）】,兴潭投资,福建省兴潭私募股权投资管理有限公司,兴证资本,兴证创新资本管理有限公司,平潭雄鹰创业基金,平潭雄鹰创业投资合伙企业（有限合伙）,纳仕达,福建纳仕达电子股份有限公司,生产制造，企业服务，文体行业,机械制造|电器机械及器材制造,中国|福建省|福州市|平潭县,创业投资,成熟期,2016-04-01,RMB,30.00,30.00,4.48,6.60,A,檀文,454.55,70.38,--,制造业|电气机械及器材制造业,制造业|机械、设备、仪表|电器机械及器材制造业,全国中小企业股份转让系统(新三板),2016.xls,1,2016,福建省,制造业,电气机械及器材制造业,0.4943613254317643,1.8773787985099897,-3.7656714832373854,-1.002034792075855,a
郑州国投资产【郑州重点产业知识产权运营基金】,郑州市国投资产管理有限公司【郑州高新产业知识产权运营基金（有限合伙）】,郑州国投资产,郑州市国投资产管理有限公司,--,--,郑州重点产业知识产权运营基金,郑州高新产业知识产权运营基金（有限合伙）,佛光设备,郑州佛光发电设备股份有限公司,新能源，生产制造,机械制造|电器机械及器材制造|电机制造,中国|河南省|郑州市|中原区,创业投资,成熟期,2021-09-30,RMB,--,--,--,2.85,A,--,--,--,--,制造业|电气机械及器材制造业|电机制造,制造业|机械、设备、仪表|电器机械及器材制造业|电机制造业,--,2021.xls,1,2021,河南省,制造业,电气机械及器材制造业,0.4943613254317643,1.8773787985099897,-3.7656714832373854,-1.002034792075855,a
招商资本【新能源汽车高技术创投基金】,招商局资本投资有限责任公司【陕西省新能源汽车高技术创业投资基金（有限合伙）】,陕西鸿创,陕西鸿创投资管理有限公司,招商资本,招商局资本投资有限责任公司,新能源汽车高技术创投基金,陕西省新能源汽车高技术创业投资基金（有限合伙）,同力股份,陕西同力重工股份有限公司,生产制造，汽车交通，汽车制造,机械制造|电器机械及器材制造,中国|陕西省|西安市,--,成熟期,2016-01-25,RMB,21.12,21.12,3.21,6.00,D,--,352.00,53.50,--,制造业|电气机械及器材制造业,制造业|机械、设备、仪表|电器机械及器材制造业,北京证券交易所，全国中小企业股份转让系统(新三板),2016.xls,1,2016,陕西省,制造业,电气机械及器材制造业,0.4943613254317643,1.8773787985099897,-3.7656714832373854,-1.002034792075855,a
中芯聚源【聚源中小企业发展创业投资基金（绍兴）】,中芯聚源股权投资管理（上海）有限公司【聚源中小企业发展创业投资基金（绍兴）合伙企业（有限合伙）】,中芯聚源投资,中芯聚源股权投资管理（天津）合伙企业（有限合伙）,中芯聚源,中芯聚源股权投资管理（上海）有限公司,聚源中小企业发展创业投资基金（绍兴）,聚源中小企业发展创业投资基金（绍兴）合伙企业（有限合伙）,苏磁,苏州苏磁智能科技有限公司,仪器设备，生产制造,机械制造|电器机械及器材制造|电机制造,中国|江苏省|苏州市|相城区,创业投资,扩张期,2021-11-29,RMB,--,--,--,10.39,Pre-A,孙玉望,275.03,43.06,--,制造业|电气机械及器材制造业|电机制造,制造业|机械、设备、仪表|电器机械及器材制造业|电机制造业,--,2021.xls,0,2021,江苏省,制造业,电气机械及器材制造业,0.4943613254317643,1.8773787985099897,-3.7656714832373854,-1.002034792075855,a
清控高创【高创清控】,青岛清控高创投资管理有限公司【青岛高创清控股权投资基金企业（有限合伙）】,清控高创,青岛清控高创投资管理有限公司,--,--,高创清控,青岛高创清控股权投资基金企业（有限合伙）,远大特材,山东远大特材科技股份有限公司,生产制造，金属材料，材料,机械制造|电器机械及器材制造,中国|山东省|德州市,新三板定增,扩张期,2016-04-08,RMB,3.00,3.00,0.46,0.38,新三板定增,--,779.62,120.54,--,制造业|电气机械及器材制造业,制造业|机械、设备、仪表|电器机械及器材制造业,全国中小企业股份转让系统(新三板),2016.xls,0,2016,山东省,制造业,电气机械及器材制造业,0.4943613254317643,1.8773787985099897,-3.7656714832373854,-1.002034792075855,a
佛山金茂【佛山创业基金】,佛山今茂私募股权投资基金管理有限公司【佛山创业投资有限公司】,佛山金茂,佛山今茂私募股权投资基金管理有限公司,--,--,佛山创业基金,佛山创业投资有限公司,佛山市南海区新升电业制造有限公司,广东新昇电业科技股份有限公司,生产制造，企业服务，光电，机械制造,机械制造|电器机械及器材制造|其他电器机械及器材制造,中国|广东省|佛山市|三水区,--,扩张期,2012-02-25,--,--,--,--,--,A,--,--,--,--,制造业|电气机械及器材制造业|输配电及控制设备制造|变压器、整流器和电感器制造,制造业|机械、设备、仪表|电器机械及器材制造业|输配电及控制设备制造业,--,2000-2012.xls,1,2012,广东省,制造业,电气机械及器材制造业,0.4943613254317643,1.8773787985099897,-3.7656714832373854,-1.002034792075855,a
拉萨鸿新资管【当涂鸿新】,拉萨鸿新资产管理有限公司【当涂鸿新文化产业基金（有限合伙）】,拉萨鸿新资管,拉萨鸿新资产管理有限公司,--,--,当涂鸿新,当涂鸿新文化产业基金（有限合伙）,振江股份,江苏振江新能源装备股份有限公司,生产制造，仪器设备，专用设备，机械制造，五金配件,机械制造|电器机械及器材制造,中国|江苏省|无锡市,--,成熟期,2015-12-16,RMB,35.00,35.00,5.42,5.38,D,--,650.12,100.62,--,制造业|电气机械及器材制造业,制造业|机械、设备、仪表|电器机械及器材制造业,上海证券交易所主板,2015.xls,1,2015,江苏省,制造业,电气机械及器材制造业,0.4943613254317643,1.8773787985099897,-3.7656714832373854,-1.002034792075855,a
深圳中兴合创【中兴合创鲲鹏信息技术创投基金】,深圳市中兴合创投资管理有限公司【深圳市中兴合创鲲鹏信息技术创业投资基金（有限合伙）】,深圳中兴合创,深圳市中兴合创投资管理有限公司,--,--,中兴合创鲲鹏信息技术创投基金,深圳市中兴合创鲲鹏信息技术创业投资基金（有限合伙）,快仓,上海快仓智能科技有限公司,生产制造，物流仓储，自动化，智能仓储，机器人，仓储机器人,机械制造|电器机械及器材制造,中国|上海市|徐汇区,创业投资,初创期,2016-01-18,RMB,--,--,--,--,A+,--,--,--,--,制造业|电气机械及器材制造业,制造业|机械、设备、仪表|电器机械及器材制造业,--,2016.xls,0,2016,上海市,制造业,电气机械及器材制造业,0.4943613254317643,1.8773787985099897,-3.7656714832373854,-1.002034792075855,a
天奇创投【成都青铜汇股权投资基金】,南京天奇海衡创业投资管理有限公司【成都青铜汇股权投资基金合伙企业（有限合伙）】,成都天奇投资,成都天奇海正股权投资基金管理有限公司,天奇创投,南京天奇海衡创业投资管理有限公司,成都青铜汇股权投资基金,成都青铜汇股权投资基金合伙企业（有限合伙）,猫王收音机,深圳市云动创想科技有限公司,智能硬件，消费电子，垂直硬件,机械制造|电器机械及器材制造|家用电器制造,中国|广东省|深圳市,创业投资,扩张期,2017-02-16,RMB,10.00,10.00,1.50,--,A+,--,--,--,--,制造业|电气机械及器材制造业|家用电力器具制造,制造业|电子|日用电子器具制造业,--,2017.xls,0,2017,广东省,制造业,电气机械及器材制造业,0.4943613254317643,1.8773787985099897,-3.7656714832373854,-1.002034792075855,a
长江产业投资集团【湖北高富信创业基金】,长江产业投资集团有限公司【湖北高富信创业投资有限公司】,高成创业,武汉高成创业投资管理有限公司,湖北高投集团,湖北省高新产业投资集团有限公司,湖北高富信创业基金,湖北高富信创业投资有限公司,拓斯达,广东拓斯达科技股份有限公司,工业机器人，生产制造，智能制造，高端装备制造，机器人，自动化设备,机械制造|电器机械及器材制造,中国|广东省|东莞市,--,扩张期,2014-12-10,RMB,9.50,9.50,1.55,1.00,B,周爱清,"1,266.67",206.87,39.12,制造业|电气机械及器材制造业,制造业|机械、设备、仪表|电器机械及器材制造业,深圳证券交易所创业板，全国中小企业股份转让系统(新三板),2013-2014.xls,0,2014,广东省,制造业,电气机械及器材制造业,0.4943613254317643,1.8773787985099897,-3.7656714832373854,-1.002034792075855,a
中科招商【中科高新创投】,中科招商投资管理集团股份有限公司【石狮中科高新创业投资合伙企业（有限合伙）】,中科招商,中科招商投资管理集团股份有限公司,--,--,中科高新创投,石狮中科高新创业投资合伙企业（有限合伙）,永信科技,福建永信数控科技股份有限公司,生产制造，自动化设备，自动化，专用设备,机械制造|电器机械及器材制造|电机制造,中国|福建省|泉州市,新三板定增,成熟期,2016-04-12,RMB,12.00,12.00,1.86,6.06,新三板定增,--,83.35,12.89,--,制造业|电气机械及器材制造业|电机制造,制造业|机械、设备、仪表|电器机械及器材制造业|电机制造业,全国中小企业股份转让系统(新三板),2016.xls,1,2016,福建省,制造业,电气机械及器材制造业,0.4943613254317643,1.8773787985099897,-3.7656714832373854,-1.002034792075855,a
创东方投资【先进制造三期基金】（领投）,深圳市创东方投资有限公司【深圳市创东方富博股权投资基金合伙企业（有限合伙）】（领投）,创东方投资,深圳市创东方投资有限公司,--,--,先进制造三期基金,深圳市创东方富博股权投资基金合伙企业（有限合伙）,康弘智能,深圳市康弘智能健康科技股份有限公司,生产制造，空气净化器，智能家居，垂直硬件，智能家电,机械制造|电器机械及器材制造|家用电器制造,中国|广东省|深圳市|南山区,成长资本,成熟期,2021-09-14,RMB,--,--,--,3.50,Pre-IPO,肖水龙,"1,075.38",165.82,--,制造业|电气机械及器材制造业|家用电力器具制造,制造业|电子|日用电子器具制造业,--,2021.xls,0,2021,广东省,制造业,电气机械及器材制造业,0.4943613254317643,1.8773787985099897,-3.7656714832373854,-1.002034792075855,a
融创得厚【园梦创投】,山东同硕股权投资管理有限公司【济南园梦科技创业投资合伙企业（有限合伙）】,融创得厚,山东同硕股权投资管理有限公司,--,--,园梦创投,济南园梦科技创业投资合伙企业（有限合伙）,泰莱电气,山东泰莱电气股份有限公司,生产制造，配电，变电，专用设备，熔断器,机械制造|电器机械及器材制造,中国|山东省|济南市,--,扩张期,2015-12-30,RMB,4.94,4.94,0.76,3.52,A,--,140.34,21.63,--,制造业|电气机械及器材制造业,制造业|机械、设备、仪表|电器机械及器材制造业,全国中小企业股份转让系统(新三板),2015.xls,0,2015,山东省,制造业,电气机械及器材制造业,0.4943613254317643,1.8773787985099897,-3.7656714832373854,-1.002034792075855,a
佛山金控【佛山产业金融引导基金】,佛山市金融投资控股有限公司【佛山市产业金融引导基金有限公司】,佛山金控,佛山市金融投资控股有限公司,--,--,佛山产业金融引导基金,佛山市产业金融引导基金有限公司,慧谷科技,佛山慧谷科技股份有限公司,生产制造，智能装备，仪器设备,机械制造|电器机械及器材制造,中国|广东省|佛山市|南海区,--,种子期,2011-01-12,--,--,--,--,--,种子轮,--,--,--,--,制造业|电气机械及器材制造业,制造业|机械、设备、仪表|电器机械及器材制造业,--,2000-2012.xls,1,2011,广东省,制造业,电气机械及器材制造业,0.4943613254317643,1.8773787985099897,-3.7656714832373854,-1.002034792075855,a
蓝源资本【海达鼎兴创投】,浙江蓝源投资管理有限公司【宁波海达鼎兴创业投资有限公司】,宁波海达鼎兴投资,宁波海达鼎兴投资管理有限公司,蓝源资本,浙江蓝源投资管理有限公司,海达鼎兴创投,宁波海达鼎兴创业投资有限公司,泰禾智能,合肥泰禾智能科技集团股份有限公司,人工智能，机器人，农业，生产制造，材料，光电，贸易服务，自动化，仪器设备，五金配件，物流仓储，物流服务，物流设备，综合性软件,机械制造|电器机械及器材制造,中国|安徽省|合肥市,--,扩张期,2012-04-06,RMB,15.00,15.00,2.38,3.80,A,--,254.96,40.42,--,制造业|电气机械及器材制造业,制造业|机械、设备、仪表|电器机械及器材制造业,上海证券交易所主板,2000-2012.xls,1,2012,安徽省,制造业,电气机械及器材制造业,0.4943613254317643,1.8773787985099897,-3.7656714832373854,-1.002034792075855,a
华菱津杉【华菱津杉（湖南）信息产业创业投资基金】,湖南华菱津杉投资管理有限公司【华菱津杉（湖南）信息产业创业投资基金企业（有限合伙）】,华菱津杉,湖南华菱津杉投资管理有限公司,--,--,华菱津杉（湖南）信息产业创业投资基金,华菱津杉（湖南）信息产业创业投资基金企业（有限合伙）,中坤股份,长沙中坤电子科技有限责任公司,节能环保，生产制造，新能源，变电，电力供应，智能家电，继电器，自动化，汽车交通，信息系统集成,机械制造|电器机械及器材制造,中国|湖南省|长沙市,新三板定增,扩张期,2016-08-05,RMB,7.60,7.60,1.14,5.00,新三板定增,--,152.03,23.34,--,制造业|电气机械及器材制造业,制造业|机械、设备、仪表|电器机械及器材制造业,全国中小企业股份转让系统(新三板),2016.xls,0,2016,湖南省,制造业,电气机械及器材制造业,0.4943613254317643,1.8773787985099897,-3.7656714832373854,-1.002034792075855,a
招商资本【漳州开发区招科创新生态智慧创业基金合伙企业】,招商局资本投资有限责任公司【漳州开发区招科创新生态智慧创业投资基金合伙企业（有限合伙）】,招商招科资本管理,深圳市招商招科资本管理有限责任公司,招商资本,招商局资本投资有限责任公司,漳州开发区招科创新生态智慧创业基金合伙企业,漳州开发区招科创新生态智慧创业投资基金合伙企业（有限合伙）,太龙照明,太龙电子股份有限公司,节能环保，生产制造，照明灯具,机械制造|电器机械及器材制造|照明器具制造,中国|福建省|漳州市,上市定增,成熟期,2021-08-18,RMB,16.00,16.00,2.47,0.63,上市定增,--,"2,544.53",391.98,105.10,制造业|电气机械及器材制造业|照明器具制造,制造业|机械、设备、仪表|电器机械及器材制造业|照明器具制造业,深圳证券交易所创业板,2021.xls,0,2021,福建省,制造业,电气机械及器材制造业,0.4943613254317643,1.8773787985099897,-3.7656714832373854,-1.002034792075855,a
珠海高科创投【珠海高新天使创业投资】,珠海高科金投创业投资管理有限公司【珠海高新天使创业投资有限公司】,珠海高科创投,珠海高科金投创业投资管理有限公司,--,--,珠海高新天使创业投资,珠海高新天使创业投资有限公司,云洲智能,珠海云洲智能科技股份有限公司,无人机，体育运动,机械制造|电器机械及器材制造,中国|广东省|珠海市,--,扩张期,2016-03-11,RMB,13.64,13.64,2.09,--,B,--,--,--,--,制造业|电气机械及器材制造业,制造业|机械、设备、仪表|电器机械及器材制造业,--,2016.xls,1,2016,广东省,制造业,电气机械及器材制造业,0.4943613254317643,1.8773787985099897,-3.7656714832373854,-1.002034792075855,a
深高新投【深圳市人才创新创业二号股权投资基金】,深圳市高新投集团有限公司【深圳市人才创新创业二号股权投资基金合伙企业（有限合伙）】,深圳高新投人才投资,深圳市高新投人才股权投资基金管理有限公司,深高新投,深圳市高新投集团有限公司,深圳市人才创新创业二号股权投资基金,深圳市人才创新创业二号股权投资基金合伙企业（有限合伙）,弘远电气,深圳弘远电气有限公司,企业服务，新能源，生产制造，电子信息产业，贸易服务，自动化，工业自动化，软件工具,机械制造|电器机械及器材制造,中国|广东省|深圳市|龙岗区,创业投资,扩张期,2021-10-21,RMB,--,--,--,1.14,A,--,"1,744.19",272.94,--,制造业|电气机械及器材制造业,制造业|机械、设备、仪表|电器机械及器材制造业,--,2021.xls,0,2021,广东省,制造业,电气机械及器材制造业,0.4943613254317643,1.8773787985099897,-3.7656714832373854,-1.002034792075855,a
杭州原动力资产【杭州下城产业基金】,杭州原动力资产管理有限公司【杭州拱墅产业投资基金有限公司】,杭州原动力资产,杭州原动力资产管理有限公司,--,--,杭州下城产业基金,杭州拱墅产业投资基金有限公司,科润智控,科润智能控制股份有限公司,生产制造，电子信息产业，自动化，综合性软件，电力供应，输配电，特高压换流变压器，金属制品,机械制造|电器机械及器材制造,中国|浙江省|衢州市,创业投资,种子期,2004-02-16,RMB,--,--,--,--,其他,--,--,--,--,制造业|电气机械及器材制造业,制造业|机械、设备、仪表|电器机械及器材制造业,北京证券交易所，全国中小企业股份转让系统(新三板),2000-2012.xls,1,2004,浙江省,制造业,电气机械及器材制造业,0.4943613254317643,1.8773787985099897,-3.7656714832373854,-1.002034792075855,a
蓝源资本【海达鼎兴创投】,浙江蓝源投资管理有限公司【宁波海达鼎兴创业投资有限公司】,宁波海达鼎兴投资,宁波海达鼎兴投资管理有限公司,蓝源资本,浙江蓝源投资管理有限公司,海达鼎兴创投,宁波海达鼎兴创业投资有限公司,震裕科技,宁波震裕科技股份有限公司,--,机械制造|电器机械及器材制造|电机制造,中国|浙江省|宁波市,创业投资,成熟期,2012-09-27,RMB,21.00,21.00,3.23,5.00,A,--,420.00,66.20,--,制造业|电气机械及器材制造业|电机制造,制造业|机械、设备、仪表|电器机械及器材制造业|电机制造业,深圳证券交易所创业板,2000-2012.xls,1,2012,浙江省,制造业,电气机械及器材制造业,0.4943613254317643,1.8773787985099897,-3.7656714832373854,-1.002034792075855,a
深创投【东莞红土基金】,深圳市创新投资集团有限公司【东莞红土创业投资有限公司】,红土创业,东莞红土创业投资管理有限公司,深创投,深圳市创新投资集团有限公司,东莞红土基金,东莞红土创业投资有限公司,怡合达,东莞怡合达自动化股份有限公司,生产制造，自动化，自动化设备，采购服务，企业服务,机械制造|电器机械及器材制造,中国|广东省|东莞市,成长资本,扩张期,2017-06-28,RMB,50.00,50.00,7.26,5.00,A,倪泽望,"1,000.00",146.94,--,制造业|电气机械及器材制造业,制造业|机械、设备、仪表|电器机械及器材制造业,深圳证券交易所创业板,2017.xls,0,2017,广东省,制造业,电气机械及器材制造业,0.4943613254317643,1.8773787985099897,-3.7656714832373854,-1.002034792075855,a
顺为资本【天津海河顺科股权投资】,北京顺为创业投资有限公司【天津海河顺科股权投资合伙企业（有限合伙）】,拉萨顺为资本投资,拉萨经济技术开发区顺为资本投资咨询有限公司,顺为资本,北京顺为创业投资有限公司,天津海河顺科股权投资,天津海河顺科股权投资合伙企业（有限合伙）,HITH,佛山市星曼信息科技有限公司,机器人，按摩椅，健康管理,机械制造|电器机械及器材制造,中国|广东省|佛山市|顺德区,创业投资,扩张期,2021-08-13,RMB,5.00,5.00,0.77,10.00,A,程天,50.00,7.72,--,制造业|电气机械及器材制造业,制造业|机械、设备、仪表|电器机械及器材制造业,--,2021.xls,0,2021,广东省,制造业,电气机械及器材制造业,0.4943613254317643,1.8773787985099897,-3.7656714832373854,-1.002034792075855,a
海达联石创投【兴石创投基金】,天津海达联石创业投资管理有限公司【河北兴石创业投资有限公司】,海达联石创投,天津海达联石创业投资管理有限公司,--,--,兴石创投基金,河北兴石创业投资有限公司,中原内配,中原内配集团股份有限公司,供应链管理,机械制造|电器机械及器材制造,中国|河南省|焦作市,上市定增,成熟期,2012-10-17,RMB,49.50,49.50,7.85,1.96,上市定增,--,"2,530.23",401.45,20.09,制造业|电气机械及器材制造业,制造业|机械、设备、仪表|电器机械及器材制造业,深圳证券交易所主板,2000-2012.xls,1,2012,河南省,制造业,电气机械及器材制造业,0.4943613254317643,1.8773787985099897,-3.7656714832373854,-1.002034792075855,a
方正和生【北京元培科技创新投资】,方正和生投资有限责任公司【北京元培科技创新投资中心（有限合伙）】,方正和生,方正和生投资有限责任公司,--,--,北京元培科技创新投资,北京元培科技创新投资中心（有限合伙）,开浦科技,浙江开浦科技有限公司,生产制造，智能制造，企业服务，通用类企业服务，生活消费品，计算机视觉，自动化，机器人,机械制造|电器机械及器材制造|照明器具制造,中国|浙江省|杭州市|临安区,创业投资,扩张期,2021-08-12,RMB,--,--,--,--,A,--,--,--,--,制造业|电气机械及器材制造业|照明器具制造,制造业|机械、设备、仪表|电器机械及器材制造业|照明器具制造业,--,2021.xls,0,2021,浙江省,制造业,电气机械及器材制造业,0.4943613254317643,1.8773787985099897,-3.7656714832373854,-1.002034792075855,a
中国风投【北京建华创业基金】,中国风险投资有限公司【北京建华创业投资有限公司】,北京中投建华管理基金,北京中投建华投资管理有限公司,中国风投,中国风险投资有限公司,北京建华创业基金,北京建华创业投资有限公司,嘉和热系统,江苏嘉和热系统股份有限公司,汽车交通，生产制造，汽车零部件,机械制造|电器机械及器材制造|电工器械制造,中国|江苏省|扬州市|广陵区,成长资本,成熟期,2016-09-30,RMB,--,--,--,6.17,B,王一军,--,--,--,制造业|电气机械及器材制造业|电线、电缆、光缆及电工器材制造,制造业|机械、设备、仪表|电器机械及器材制造业|电工器械制造业,--,2016.xls,0,2016,江苏省,制造业,电气机械及器材制造业,0.4943613254317643,1.8773787985099897,-3.7656714832373854,-1.002034792075855,a
中芯聚源【聚源中小企业发展创业投资基金（绍兴）】,中芯聚源股权投资管理（上海）有限公司【聚源中小企业发展创业投资基金（绍兴）合伙企业（有限合伙）】,中芯聚源投资,中芯聚源股权投资管理（天津）合伙企业（有限合伙）,中芯聚源,中芯聚源股权投资管理（上海）有限公司,聚源中小企业发展创业投资基金（绍兴）,聚源中小企业发展创业投资基金（绍兴）合伙企业（有限合伙）,先锋半导体,江苏先锋精密科技股份有限公司,生产制造，金属制品，能源矿产，零部件制造,机械制造|电器机械及器材制造|电机制造,中国|江苏省|泰州市|靖江市,成长资本,成熟期,2021-12-28,RMB,--,--,--,--,A,孙玉望,"2,060.00",325.54,--,制造业|电气机械及器材制造业|电机制造,制造业|机械、设备、仪表|电器机械及器材制造业|电机制造业,--,2021.xls,0,2021,江苏省,制造业,电气机械及器材制造业,0.4943613254317643,1.8773787985099897,-3.7656714832373854,-1.002034792075855,a
广西铁投发展基金管理【广西铁路发展基金】,广西铁投发展基金管理有限公司【广西铁路发展投资基金（有限合伙）】,广西铁投发展基金管理,广西铁投发展基金管理有限公司,--,--,广西铁路发展基金,广西铁路发展投资基金（有限合伙）,中电兴发,安徽中电兴发与鑫龙科技股份有限公司,生产制造，企业服务，工业自动化，汽车交通，输配电，特高压开关，医药，信息化管理，特高压换流变压器，金融，供水服务，化工，电力供应，自动化，投资，仪器仪表，专用设备,机械制造|电器机械及器材制造,中国|安徽省|芜湖市,上市定增,成熟期,2016-10-12,RMB,110.00,110.00,16.38,1.06,上市定增,--,"10,404.27","1,549.68",133.77,制造业|电气机械及器材制造业,制造业|机械、设备、仪表|电器机械及器材制造业,深圳证券交易所主板,2016.xls,1,2016,安徽省,制造业,电气机械及器材制造业,0.4943613254317643,1.8773787985099897,-3.7656714832373854,-1.002034792075855,a
科发资本【宁波科发海鼎创业基金】,浙江科发资本管理有限公司【宁波科发海鼎创业投资合伙企业（有限合伙）】,科发资本,浙江科发资本管理有限公司,--,--,宁波科发海鼎创业基金,宁波科发海鼎创业投资合伙企业（有限合伙）,锦澄科技,宁波锦澄电子科技股份有限公司,生产制造，企业服务，医疗健康,机械制造|电器机械及器材制造,中国|浙江省|宁波市,--,扩张期,2015-09-18,RMB,10.00,10.00,1.57,15.36,A,--,65.12,10.23,--,制造业|电气机械及器材制造业,制造业|机械、设备、仪表|电器机械及器材制造业,全国中小企业股份转让系统(新三板),2015.xls,0,2015,浙江省,制造业,电气机械及器材制造业,0.4943613254317643,1.8773787985099897,-3.7656714832373854,-1.002034792075855,a
郑州国投资产【郑洛新国投双创发展创投基金】,郑州市国投资产管理有限公司【河南省郑洛新国投双创发展创业投资基金（有限合伙）】,郑州国投资产,郑州市国投资产管理有限公司,--,--,郑洛新国投双创发展创投基金,河南省郑洛新国投双创发展创业投资基金（有限合伙）,平原智能装备,河南平原智能装备股份有限公司,生产制造，自动化,机械制造|电器机械及器材制造,中国|河南省|开封市,发起设立,种子期,2002-07-10,RMB,--,--,--,--,其他,--,--,--,--,制造业|电气机械及器材制造业,制造业|机械、设备、仪表|电器机械及器材制造业,全国中小企业股份转让系统(新三板),2000-2012.xls,1,2002,河南省,制造业,电气机械及器材制造业,0.4943613254317643,1.8773787985099897,-3.7656714832373854,-1.002034792075855,a
劲邦资本【青岛劲邦创业投资】,上海劲邦股权投资管理有限公司【青岛劲邦创业投资合伙企业（有限合伙）】,劲邦投资,青岛劲邦股权投资管理合伙企业（有限合伙）,劲邦资本,上海劲邦股权投资管理有限公司,青岛劲邦创业投资,青岛劲邦创业投资合伙企业（有限合伙）,安达科技,贵州安达科技能源股份有限公司,新能源，生产制造，材料，电池材料，正极材料，锂电池,机械制造|电器机械及器材制造,中国|贵州省|贵阳市|开阳县,新三板定增,成熟期,2015-07-23,RMB,16.50,16.50,2.40,1.85,新三板定增,--,890.28,145.55,--,制造业|电气机械及器材制造业,制造业|机械、设备、仪表|电器机械及器材制造业,北京证券交易所，全国中小企业股份转让系统(新三板),2015.xls,0,2015,贵州省,制造业,电气机械及器材制造业,0.4943613254317643,1.8773787985099897,-3.7656714832373854,-1.002034792075855,a
国厚投资【铜陵欣荣铜基基金】,安徽国厚投资管理有限公司【铜陵欣荣铜基新材料产业发展基金（有限合伙）】,国厚投资,安徽国厚投资管理有限公司,--,--,铜陵欣荣铜基基金,铜陵欣荣铜基新材料产业发展基金（有限合伙）,兢强科技,铜陵兢强电子科技股份有限公司,生产制造，电线光缆,机械制造|电器机械及器材制造|电工器械制造,中国|安徽省|铜陵市,--,成熟期,2016-08-31,RMB,15.23,15.23,2.28,13.00,B,--,117.19,17.55,--,制造业|电气机械及器材制造业|电线、电缆、光缆及电工器材制造,制造业|机械、设备、仪表|电器机械及器材制造业|电工器械制造业,全国中小企业股份转让系统(新三板),2016.xls,1,2016,安徽省,制造业,电气机械及器材制造业,0.4943613254317643,1.8773787985099897,-3.7656714832373854,-1.002034792075855,a
重庆环保基金【沐桥股权投资基金】,重庆环保产业私募股权投资基金管理有限公司【重庆沐桥股权投资基金合伙企业（有限合伙）】,重庆环保基金,重庆环保产业私募股权投资基金管理有限公司,--,--,沐桥股权投资基金,重庆沐桥股权投资基金合伙企业（有限合伙）,沪宁股份,杭州沪宁电梯部件股份有限公司,生产制造,机械制造|电器机械及器材制造,中国|浙江省|杭州市,上市定增,成熟期,2021-12-08,RMB,17.00,17.00,2.67,0.92,上市定增,--,"1,851.31",290.73,34.14,制造业|电气机械及器材制造业,制造业|机械、设备、仪表|电器机械及器材制造业,深圳证券交易所创业板,2021.xls,0,2021,浙江省,制造业,电气机械及器材制造业,0.4943613254317643,1.8773787985099897,-3.7656714832373854,-1.002034792075855,a
中科科创【广东中科白云新兴创业基金】,广东中科科创创业投资管理有限责任公司【广东中科白云新兴产业创业投资基金有限公司】,中科科创,广东中科科创创业投资管理有限责任公司,--,--,广东中科白云新兴创业基金,广东中科白云新兴产业创业投资基金有限公司,日丰股份,广东日丰电缆股份有限公司,生产制造，电线光缆,机械制造|电器机械及器材制造|电工器械制造,中国|广东省|中山市,--,扩张期,2013-09-05,RMB,19.00,19.00,3.08,4.00,A,--,475.00,76.95,--,制造业|电气机械及器材制造业|电线、电缆、光缆及电工器材制造,制造业|机械、设备、仪表|电器机械及器材制造业|电工器械制造业,深圳证券交易所主板,2013-2014.xls,1,2013,广东省,制造业,电气机械及器材制造业,0.4943613254317643,1.8773787985099897,-3.7656714832373854,-1.002034792075855,a
普惠正通【惠通高创创投】,北京普惠正通投资有限公司【安阳惠通高创新材料创业投资合伙企业（有限合伙）】,惠通高创,北京惠通高创投资管理中心（有限合伙）,普惠正通,北京普惠正通投资有限公司,惠通高创创投,安阳惠通高创新材料创业投资合伙企业（有限合伙）,科慧科技,郑州科慧科技股份有限公司,生产制造，机器人，自动化,机械制造|电器机械及器材制造|电工器械制造,中国|河南省|郑州市,--,成熟期,2015-08-05,RMB,6.00,6.00,0.98,4.92,B,--,121.84,19.92,--,制造业|电气机械及器材制造业|电线、电缆、光缆及电工器材制造,制造业|机械、设备、仪表|电器机械及器材制造业|电工器械制造业,全国中小企业股份转让系统(新三板),2015.xls,0,2015,河南省,制造业,电气机械及器材制造业,0.4943613254317643,1.8773787985099897,-3.7656714832373854,-1.002034792075855,a
中鼎开源【河南科技风投基金】,中鼎开源创业投资管理有限公司【河南省中原科创风险投资基金（有限合伙）】,中鼎开源,中鼎开源创业投资管理有限公司,--,--,河南科技风投基金,河南省中原科创风险投资基金（有限合伙）,麦佳农业,郑州麦佳农业科技有限公司,农业，种植加工,机械制造|电器机械及器材制造,中国|河南省|郑州市|金水区,创业投资,扩张期,2016-08-25,RMB,--,--,--,12.00,A,--,--,--,--,制造业|电气机械及器材制造业,制造业|机械、设备、仪表|电器机械及器材制造业,--,2016.xls,1,2016,河南省,制造业,电气机械及器材制造业,0.4943613254317643,1.8773787985099897,-3.7656714832373854,-1.002034792075855,a
中科科创【广东中科白云新兴创业基金】,广东中科科创创业投资管理有限责任公司【广东中科白云新兴产业创业投资基金有限公司】,中科科创,广东中科科创创业投资管理有限责任公司,--,--,广东中科白云新兴创业基金,广东中科白云新兴产业创业投资基金有限公司,晶科电子,广东晶科电子股份有限公司,电子元件，生产制造，照明灯具，光电，投资，科研机构，电子信息产业，芯片制造，LED器件，芯片研发,机械制造|电器机械及器材制造,中国|广东省|广州市,--,种子期,2006-08-30,--,--,--,--,--,种子轮,--,--,--,--,制造业|电气机械及器材制造业,制造业|机械、设备、仪表|电器机械及器材制造业,全国中小企业股份转让系统(新三板),2000-2012.xls,1,2006,广东省,制造业,电气机械及器材制造业,0.4943613254317643,1.8773787985099897,-3.7656714832373854,-1.002034792075855,a
南车创投【北京华舆华盛创业投资】,北京中车创业投资有限公司【北京华舆华盛创业投资企业（有限合伙）】,南车创投,北京中车创业投资有限公司,--,--,北京华舆华盛创业投资,北京华舆华盛创业投资企业（有限合伙）,康平铁科,青岛康平高铁科技股份有限公司,生产制造，玻璃，钢制品，模具，五金配件，汽车交通，铁，铁路建设,机械制造|电器机械及器材制造,中国|山东省|青岛市,--,成熟期,2015-06-01,RMB,35.00,35.00,5.72,2.50,A,--,"1,400.00",228.77,--,制造业|电气机械及器材制造业,制造业|机械、设备、仪表|电器机械及器材制造业,全国中小企业股份转让系统(新三板),2015.xls,0,2015,山东省,制造业,电气机械及器材制造业,0.4943613254317643,1.8773787985099897,-3.7656714832373854,-1.002034792075855,a
同创博润创投【陕西高端装备高技术创业投资基金】,西安同创博润创业投资管理中心（有限合伙企业）【陕西高端装备高技术创业投资基金（有限合伙）】,同创博润创投,西安同创博润创业投资管理中心（有限合伙企业）,--,--,陕西高端装备高技术创业投资基金,陕西高端装备高技术创业投资基金（有限合伙）,天元智能,陕西天元智能再制造股份有限公司,新材料，材料，制造技术，仪器设备，生产制造,机械制造|电器机械及器材制造,中国|陕西省,创业投资,扩张期,2015-05-20,RMB,--,--,--,11.45,A,--,--,--,--,制造业|电气机械及器材制造业,制造业|机械、设备、仪表|电器机械及器材制造业,--,2015.xls,1,2015,陕西省,制造业,电气机械及器材制造业,0.4943613254317643,1.8773787985099897,-3.7656714832373854,-1.002034792075855,a
华菱津杉【华菱津杉（湖南）信息产业创业投资基金】,湖南华菱津杉投资管理有限公司【华菱津杉（湖南）信息产业创业投资基金企业（有限合伙）】,华菱津杉,湖南华菱津杉投资管理有限公司,--,--,华菱津杉（湖南）信息产业创业投资基金,华菱津杉（湖南）信息产业创业投资基金企业（有限合伙）,五新隧装,湖南五新隧道智能装备股份有限公司,生产制造，智能装备，房产家居，物流服务,机械制造|电器机械及器材制造,中国|湖南省|长沙市,创业投资,扩张期,2015-05-26,RMB,25.00,25.00,3.93,9.14,A,--,273.58,44.76,--,制造业|电气机械及器材制造业,制造业|机械、设备、仪表|电器机械及器材制造业,北京证券交易所，全国中小企业股份转让系统(新三板),2015.xls,0,2015,湖南省,制造业,电气机械及器材制造业,0.4943613254317643,1.8773787985099897,-3.7656714832373854,-1.002034792075855,a
北京六合【北京外经贸基金】,北京六合基金管理有限公司【北京外经贸发展引导基金（有限合伙）】,北京六合,北京六合基金管理有限公司,--,--,北京外经贸基金,北京外经贸发展引导基金（有限合伙）,博威能源,北京博威能源科技股份有限公司,生产制造，汽车交通，新能源汽车,机械制造|电器机械及器材制造,中国|北京市|海淀区,新三板定增,成熟期,2017-06-09,RMB,60.00,60.00,8.83,7.74,新三板定增,--,565.66,83.27,--,制造业|电气机械及器材制造业,制造业|机械、设备、仪表|电器机械及器材制造业,全国中小企业股份转让系统(新三板),2017.xls,1,2017,北京市,制造业,电气机械及器材制造业,0.4943613254317643,1.8773787985099897,-3.7656714832373854,-1.002034792075855,a
国发创投【国发聚富创投基金】,苏州国发创业投资控股有限公司【苏州国发聚富创业投资有限公司】,国发融富创投,苏州国发融富创业投资管理企业（有限合伙）,国发创投,苏州国发创业投资控股有限公司,国发聚富创投基金,苏州国发聚富创业投资有限公司,军工智能,无锡军工智能电气股份有限公司,机械制造，断路器,机械制造|电器机械及器材制造|电工器械制造,中国|江苏省|无锡市,成长资本,成熟期,2013-02-26,RMB,9.43,9.43,1.33,3.82,A,陆甜,246.86,39.27,--,制造业|电气机械及器材制造业|电线、电缆、光缆及电工器材制造,制造业|机械、设备、仪表|电器机械及器材制造业|电工器械制造业,全国中小企业股份转让系统(新三板),2013-2014.xls,0,2013,江苏省,制造业,电气机械及器材制造业,0.4943613254317643,1.8773787985099897,-3.7656714832373854,-1.002034792075855,a
同威投资【深圳市大唐同威高技术创业基金】,大唐同威投资管理（深圳）有限公司【深圳市大唐同威高技术创业投资基金（有限合伙）】,同威投资,大唐同威投资管理（深圳）有限公司,--,--,深圳市大唐同威高技术创业基金,深圳市大唐同威高技术创业投资基金（有限合伙）,紫光照明,深圳市紫光照明技术股份有限公司,生产制造，企业服务,机械制造|电器机械及器材制造,中国|广东省|深圳市,--,扩张期,2015-08-11,RMB,22.00,22.00,3.60,10.00,A,--,220.00,35.97,--,制造业|电气机械及器材制造业,制造业|机械、设备、仪表|电器机械及器材制造业,全国中小企业股份转让系统(新三板),2015.xls,0,2015,广东省,制造业,电气机械及器材制造业,0.4943613254317643,1.8773787985099897,-3.7656714832373854,-1.002034792075855,a
国晟资本【宿迁市泗洪县产业引导股权投资基金】,国晟众城（江苏）创业投资有限公司【宿迁市泗洪县产业引导股权投资基金合伙企业（有限合伙）】,国晟创投,国晟（江苏）创业投资有限公司,国晟资本,国晟众城（江苏）创业投资有限公司,宿迁市泗洪县产业引导股权投资基金,宿迁市泗洪县产业引导股权投资基金合伙企业（有限合伙）,精湛基业机车,江苏精湛基业机车部件有限公司,材料，金属材料，发动机,机械制造|电器机械及器材制造,中国|江苏省|宿迁市|泗洪县,天使投资,初创期,2021-12-03,RMB,--,--,--,16.67,天使轮,--,--,--,--,制造业|电气机械及器材制造业,制造业|机械、设备、仪表|电器机械及器材制造业,--,2021.xls,1,2021,江苏省,制造业,电气机械及器材制造业,0.4943613254317643,1.8773787985099897,-3.7656714832373854,-1.002034792075855,a
天创资本【天津创投引导基金】,天津创业投资管理有限公司【天津创业投资有限公司】,天创资本,天津创业投资管理有限公司,--,--,天津创投引导基金,天津创业投资有限公司,思为机器设备,天津思为机器设备有限公司,生产制造，投资,机械制造|电器机械及器材制造,中国|天津市|津南区,--,初创期,2009-08-01,RMB,4.00,4.00,0.59,--,A,--,--,--,--,制造业|电气机械及器材制造业,制造业|机械、设备、仪表|电器机械及器材制造业,--,2000-2012.xls,1,2009,天津市,制造业,电气机械及器材制造业,0.4943613254317643,1.8773787985099897,-3.7656714832373854,-1.002034792075855,a
深创投【红土君晟创投基金】,深圳市创新投资集团有限公司【佛山红土君晟创业投资合伙企业（有限合伙）】,红土君晟创投,珠海横琴红土君晟创业投资管理合伙企业（有限合伙）,深创投,深圳市创新投资集团有限公司,红土君晟创投基金,佛山红土君晟创业投资合伙企业（有限合伙）,箭牌家居,箭牌家居集团股份有限公司,生产制造，陶瓷，房产家居，橱柜,建筑/工程|家具,中国|广东省|佛山市,成长资本,扩张期,2020-10-22,RMB,25.00,25.00,3.57,0.22,B,倪泽望,"11,250.00","1,684.61",--,制造业|家具制造业,制造业|木材、家具|家具制造业,深圳证券交易所主板,2020.xls,0,2020,广东省,制造业,家具制造业,0.4988289999999999,0.7546241507537689,-3.8006059547738698,-1.002298864321608,a
海邦投资【浙江海邦人才基金】,海邦投资【浙江海邦人才创业投资合伙企业（有限合伙）】,杭州海邦投资,杭州海邦投资管理有限公司,--,--,浙江海邦人才基金,浙江海邦人才创业投资合伙企业（有限合伙）,恒林股份,恒林家居股份有限公司,生产制造，独立品牌，消费生活,建筑/工程|家具,中国|浙江省|湖州市,--,成熟期,2011-03-16,RMB,25.20,25.20,3.83,3.00,B,--,840.00,127.82,--,制造业|家具制造业,制造业|木材、家具|家具制造业,上海证券交易所主板,2000-2012.xls,0,2011,浙江省,制造业,家具制造业,0.4988289999999999,0.7546241507537689,-3.8006059547738698,-1.002298864321608,a
武汉汇博永道创投【誉达通创业投资基金】,武汉零度创新创业投资管理有限公司【武汉誉达通创业投资基金合伙企业（有限合伙）】,武汉汇博永道创投,武汉零度创新创业投资管理有限公司,--,--,誉达通创业投资基金,武汉誉达通创业投资基金合伙企业（有限合伙）,领普科技,武汉领普科技有限公司,家装，智能家居，家居物联网,建筑/工程|家具,中国|湖北省|武汉市,成长资本,扩张期,2017-08-28,RMB,--,--,--,--,A,--,--,--,--,制造业|家具制造业,制造业|木材、家具|家具制造业,--,2017.xls,0,2017,湖北省,制造业,家具制造业,0.4988289999999999,0.7546241507537689,-3.8006059547738698,-1.002298864321608,a
中哲创投【宁波潘火基金】,宁波中哲创业投资管理合伙企业（有限合伙）【宁波潘火创新产业引导股权投资合伙企业（有限合伙）】,中哲创投,宁波中哲创业投资管理合伙企业（有限合伙）,--,--,宁波潘火基金,宁波潘火创新产业引导股权投资合伙企业（有限合伙）,趣睡科技,成都趣睡科技股份有限公司,品质家居,建筑/工程|家具,中国|四川省|成都市,成长资本,扩张期,2019-11-25,RMB,33.16,33.16,4.84,2.00,老股权转让,--,"1,563.14",222.33,--,制造业|家具制造业,制造业|木材、家具|家具制造业,深圳证券交易所创业板,2019.xls,1,2019,四川省,制造业,家具制造业,0.4988289999999999,0.7546241507537689,-3.8006059547738698,-1.002298864321608,a
平衡资本【平衡创投】,南京平衡资本管理中心（普通合伙）【南通平衡创业投资基金中心（有限合伙）】,南通平衡资本,南通平衡资本管理中心（有限合伙）,平衡资本,南京平衡资本管理中心（普通合伙）,平衡创投,南通平衡创业投资基金中心（有限合伙）,久正工学,南通市久正人体工学股份有限公司,企业服务，生产制造，垂直硬件，文体行业，房产家居，教育,建筑/工程|家具,中国|江苏省|南通市,新三板定增,成熟期,2018-05-04,RMB,20.00,20.00,3.14,4.76,新三板定增,--,419.95,65.89,--,制造业|家具制造业,制造业|木材、家具|家具制造业,全国中小企业股份转让系统(新三板),2018.xls,1,2018,江苏省,制造业,家具制造业,0.4988289999999999,0.7546241507537689,-3.8006059547738698,-1.002298864321608,a
浙商创投【杭州钱江浙商创业基金】,浙商创投股份有限公司【杭州钱江浙商创业投资合伙企业（有限合伙）】,浙商创投,浙商创投股份有限公司,--,--,杭州钱江浙商创业基金,杭州钱江浙商创业投资合伙企业（有限合伙）,喜临门,喜临门家具股份有限公司,生产制造，品质家居,建筑/工程|家具,中国|浙江省|绍兴市,--,成熟期,2009-07-31,RMB,18.00,18.00,2.63,3.33,A,--,540.54,79.12,--,制造业|家具制造业,制造业|木材、家具|家具制造业,上海证券交易所主板,2000-2012.xls,0,2009,浙江省,制造业,家具制造业,0.4988289999999999,0.7546241507537689,-3.8006059547738698,-1.002298864321608,a
保利资本【共青城齐利股权投资】,保利（横琴）资本管理有限公司【共青城齐利股权投资合伙企业（有限合伙）】,保利资本,保利（横琴）资本管理有限公司,--,--,共青城齐利股权投资,共青城齐利股权投资合伙企业（有限合伙）,皮阿诺,广东皮阿诺科学艺术家居股份有限公司,生产制造，房产家居,建筑/工程|家具,中国|广东省|中山市,上市定增,成熟期,2021-01-27,RMB,36.15,36.15,5.52,1.01,上市定增,--,"3,586.37",554.61,--,制造业|家具制造业,制造业|木材、家具|家具制造业,深圳证券交易所主板,2021.xls,0,2021,广东省,制造业,家具制造业,0.4988289999999999,0.7546241507537689,-3.8006059547738698,-1.002298864321608,a
毅达资本【江苏疌泉毅达融京股权并购投资基金】,江苏毅达股权投资基金管理有限公司【江苏疌泉毅达融京股权并购投资基金（有限合伙）】,苏州毅达融京资管,南京毅达融京资本管理合伙企业（有限合伙）,毅达资本,江苏毅达股权投资基金管理有限公司,江苏疌泉毅达融京股权并购投资基金,江苏疌泉毅达融京股权并购投资基金（有限合伙）,梦百合,梦百合家居科技股份有限公司,生产制造，房产家居，品质家居,建筑/工程|家具,中国|江苏省|南通市,上市定增,成熟期,2020-11-30,RMB,120.00,120.00,18.25,1.19,上市定增,--,"10,018.06","1,523.54",25.54,制造业|家具制造业,制造业|木材、家具|家具制造业,上海证券交易所主板,2020.xls,0,2020,江苏省,制造业,家具制造业,0.4988289999999999,0.7546241507537689,-3.8006059547738698,-1.002298864321608,a
拉萨鸿新资管【当涂鸿新】,拉萨鸿新资产管理有限公司【当涂鸿新文化产业基金（有限合伙）】,拉萨鸿新资管,拉萨鸿新资产管理有限公司,--,--,当涂鸿新,当涂鸿新文化产业基金（有限合伙）,永裕家居,浙江永裕家居股份有限公司,电子商务，生产制造，房产家居,建筑/工程|家具,中国|浙江省|湖州市,新三板定增,成熟期,2016-12-22,RMB,15.18,15.18,2.18,3.59,新三板定增,--,422.84,60.85,--,制造业|家具制造业,制造业|木材、家具|家具制造业,全国中小企业股份转让系统(新三板),2016.xls,1,2016,浙江省,制造业,家具制造业,0.4988289999999999,0.7546241507537689,-3.8006059547738698,-1.002298864321608,a
经纬创投【经纬创达创投】,经纬创投（北京）投资管理顾问有限公司【经纬创达（杭州）创业投资合伙企业（有限合伙）】,经纬(杭州)投资管理有限公司,经纬（杭州）投资管理有限公司,经纬创投,经纬创投（北京）投资管理顾问有限公司,经纬创达创投,经纬创达（杭州）创业投资合伙企业（有限合伙）,集友艺术框业,莆田市集友艺术框业有限公司,生产制造，电子商务，艺术品，房产家居，文体行业,建筑/工程|家具,中国|福建省,创业投资,成熟期,2012-01-01,RMB,--,--,--,--,A,--,--,--,--,制造业|家具制造业,制造业|木材、家具|家具制造业,--,2000-2012.xls,0,2012,福建省,制造业,家具制造业,0.4988289999999999,0.7546241507537689,-3.8006059547738698,-1.002298864321608,a
海通开元【锦绣中原】,海通开元投资有限公司【锦绣中原（洛阳）创业投资中心（有限合伙）】,海通创新,海通创新私募基金管理有限公司,海通开元,海通开元投资有限公司,锦绣中原,锦绣中原（洛阳）创业投资中心（有限合伙）,汉鸿木业,广东汉鸿木业有限公司,生产制造，滑板制造,清洁技术|新材料,中国|广东省|韶关市,--,扩张期,2014-04-02,RMB,30.00(e),30.00(e),4.51(e),--,A,--,--,--,--,制造业|化学原料及化学制品制造业,制造业|石油、化学、塑胶、塑料|化学原料及化学制品制造业,--,2013-2014.xls,1,2014,广东省,制造业,化学原料及化学制品制造业,0.4994562946453602,1.8208338082422204,-3.722104999158957,-0.9923660984020184,a
招商资本【伊敦传媒基金】,招商局资本投资有限责任公司【深圳市伊敦传媒投资基金合伙企业（有限合伙）】,招商金台,深圳市招商金台资本管理有限责任公司,招商资本,招商局资本投资有限责任公司,伊敦传媒基金,深圳市伊敦传媒投资基金合伙企业（有限合伙）,百佳年代,常州百佳年代薄膜科技股份有限公司,新材料，生产制造，塑料,化工原料及加工|其他化工原料及加工,中国|江苏省|常州市|武进区,战略投资,成熟期,2020-12-31,RMB,--,--,--,0.91,Pre-IPO,--,"2,857.14",435.82,--,制造业|化学原料及化学制品制造业,制造业|石油、化学、塑胶、塑料|化学原料及化学制品制造业,--,2020.xls,0,2020,江苏省,制造业,化学原料及化学制品制造业,0.4994562946453602,1.8208338082422204,-3.722104999158957,-0.9923660984020184,a
协立投资【镇江君鼎协立基金】,南京协立投资管理有限公司【镇江君鼎协立创业投资有限公司】,协立投资,南京协立投资管理有限公司,--,--,镇江君鼎协立基金,镇江君鼎协立创业投资有限公司,三超新材,南京三超新材料股份有限公司,生产制造，金刚石，材料,化工原料及加工|新材料,中国|江苏省|南京市,--,成熟期,2014-08-25,RMB,25.00,25.00,4.06,6.71,B,--,372.37,60.43,--,制造业|化学原料及化学制品制造业,制造业|石油、化学、塑胶、塑料|化学原料及化学制品制造业,深圳证券交易所创业板,2013-2014.xls,0,2014,江苏省,制造业,化学原料及化学制品制造业,0.4994562946453602,1.8208338082422204,-3.722104999158957,-0.9923660984020184,a
险峰K2VC【险峰旗云】,险峰K2VC【杭州险峰旗云投资合伙企业（有限合伙）】,险峰长晴,西藏险峰长晴创业投资管理有限公司,险峰长青,北京险峰长青投资咨询有限公司,险峰旗云,杭州险峰旗云投资合伙企业（有限合伙）,寻梦说,上海寻梦说生物科技有限公司,消费生活，化妆品品牌，建筑，营销策划，材料，物业管理，房产家居，贸易服务，生物技术，办公用品，五金配件，咨询服务，技术研发,化工原料及加工,中国|上海市|宝山区,创业投资,初创期,2019-07-08,RMB,20.00,20.00,2.91,19.69,Pre-A,--,50.79,7.39,--,制造业|化学原料及化学制品制造业,制造业|石油、化学、塑胶、塑料,--,2019.xls,0,2019,上海市,制造业,化学原料及化学制品制造业,0.4994562946453602,1.8208338082422204,-3.722104999158957,-0.9923660984020184,a
前海方舟【前海母基金】,前海方舟资产管理有限公司【前海股权投资基金（有限合伙）】,前海方舟,前海方舟资产管理有限公司,--,--,前海母基金,前海股权投资基金（有限合伙）,勤邦新材料,宁波勤邦新材料科技股份有限公司,生产制造，化工，新材料，材料,清洁技术|新材料,中国|浙江省|宁波市|象山县,成长资本,扩张期,2021-01-03,RMB,--,--,--,2.54,B,--,771.96,119.23,--,制造业|化学原料及化学制品制造业,制造业|石油、化学、塑胶、塑料|化学原料及化学制品制造业,--,2021.xls,0,2021,浙江省,制造业,化学原料及化学制品制造业,0.4994562946453602,1.8208338082422204,-3.722104999158957,-0.9923660984020184,a
富德欣懋投资【富德高科新材基金】,北京富德欣懋投资管理咨询有限公司【河南富德高科新材创业投资基金合伙企业（有限合伙）】,富德科材,北京富德科材投资管理有限公司,富德欣懋投资,北京富德欣懋投资管理咨询有限公司,富德高科新材基金,河南富德高科新材创业投资基金合伙企业（有限合伙）,天马新材,河南天马新材料股份有限公司,新材料，生产制造，陶瓷化合物靶材，耐火材料，玻璃，陶瓷，特高压电线电缆，特高压电源控制，直流高压电抗器，交流特高压变压器，特高压绝缘器件，特高压电器检测,化工原料及加工|新材料,中国|河南省|郑州市,新三板定增,成熟期,2019-03-28,RMB,10.97,10.97,1.63,6.59,新三板定增,--,166.46,24.75,--,制造业|化学原料及化学制品制造业,制造业|石油、化学、塑胶、塑料|化学原料及化学制品制造业,北京证券交易所，全国中小企业股份转让系统(新三板),2019.xls,0,2019,河南省,制造业,化学原料及化学制品制造业,0.4994562946453602,1.8208338082422204,-3.722104999158957,-0.9923660984020184,a
领汇创投【浙江领汇】,上海领汇起源私募基金管理有限公司【浙江领庆创业投资有限公司】,领汇创投,上海领汇起源私募基金管理有限公司,--,--,浙江领汇,浙江领庆创业投资有限公司,海优新材,上海海优威新材料股份有限公司,新材料，生产制造，材料，膜材料,化工原料及加工|新材料,中国|上海市|浦东新区,创业投资,扩张期,2014-03-27,RMB,10.00,10.00,1.55,3.33,B,--,299.91,48.81,--,制造业|化学原料及化学制品制造业,制造业|石油、化学、塑胶、塑料|化学原料及化学制品制造业,上海证券交易所科创板，全国中小企业股份转让系统(新三板),2013-2014.xls,0,2014,上海市,制造业,化学原料及化学制品制造业,0.4994562946453602,1.8208338082422204,-3.722104999158957,-0.9923660984020184,a
贵鑫瑞和创投【贵州省新型工业化发展股权投资基金】,贵州省贵鑫瑞和创业投资管理有限责任公司【贵州省新型工业化发展股权投资基金合伙企业（有限合伙）】,贵鑫瑞和创投,贵州省贵鑫瑞和创业投资管理有限责任公司,--,--,贵州省新型工业化发展股权投资基金,贵州省新型工业化发展股权投资基金合伙企业（有限合伙）,贵州锦麟化工,贵州锦麟化工有限责任公司,企业服务，化工，煤炭,化工原料及加工|化工原料生产,中国|贵州省|毕节市|七星关区,创业投资,成熟期,2021-12-06,RMB,--,--,--,17.60,A,--,--,--,--,制造业|化学原料及化学制品制造业|基础化学原料制造,制造业|石油、化学、塑胶、塑料,--,2021.xls,1,2021,贵州省,制造业,化学原料及化学制品制造业,0.4994562946453602,1.8208338082422204,-3.722104999158957,-0.9923660984020184,a
衡庐资产【上饶衡庐产业引导基金】,上海衡庐资产管理有限公司【上饶衡庐产业引导基金中心（有限合伙）】,衡庐资产,上海衡庐资产管理有限公司,--,--,上饶衡庐产业引导基金,上饶衡庐产业引导基金中心（有限合伙）,瑞旭实业,瑞旭实业有限公司,汽车交通，塑料制品，橡胶，建材，太阳能光伏，汽车零部件，五金配件，模具,化工原料及加工|新材料,中国|江西省|上饶市|铅山县,创业投资,初创期,2021-12-07,--,--,--,--,--,A,--,--,--,--,制造业|化学原料及化学制品制造业,制造业|石油、化学、塑胶、塑料|化学原料及化学制品制造业,--,2021.xls,1,2021,江西省,制造业,化学原料及化学制品制造业,0.4994562946453602,1.8208338082422204,-3.722104999158957,-0.9923660984020184,a
金石投资【金石制造业转型升级新材料基金】,金石投资有限公司【金石制造业转型升级新材料基金（有限合伙）】,金石投资,金石投资有限公司,--,--,金石制造业转型升级新材料基金,金石制造业转型升级新材料基金（有限合伙）,纳维科技,苏州纳维科技有限公司,电子元件，光电,清洁技术|新材料,中国|江苏省|苏州市,成长资本,成熟期,2021-11-30,RMB,--,--,--,1.77,C+,--,"1,048.22",157.18,--,制造业|化学原料及化学制品制造业,制造业|石油、化学、塑胶、塑料|化学原料及化学制品制造业,--,2021.xls,0,2021,江苏省,制造业,化学原料及化学制品制造业,0.4994562946453602,1.8208338082422204,-3.722104999158957,-0.9923660984020184,a
中原联创【河南中小企业发展基金】,河南中原联创投资基金管理有限公司【河南省中小企业发展基金（有限合伙）】,中原联创,河南中原联创投资基金管理有限公司,--,--,河南中小企业发展基金,河南省中小企业发展基金（有限合伙）,元昊新材料,鹤壁元昊新材料集团股份有限公司,新材料,化工原料及加工|新材料,中国|河南省|鹤壁市|淇滨区,创业投资,扩张期,2021-11-30,RMB,30.00,30.00,4.72,--,A,--,--,--,--,制造业|化学原料及化学制品制造业,制造业|石油、化学、塑胶、塑料|化学原料及化学制品制造业,--,2021.xls,1,2021,河南省,制造业,化学原料及化学制品制造业,0.4994562946453602,1.8208338082422204,-3.722104999158957,-0.9923660984020184,a
海通开元【吉农基金】,海通开元投资有限公司【吉林省现代农业和新兴产业投资基金有限公司】,海通吉禾投资,海通吉禾私募股权投资基金管理有限责任公司,海通开元,海通开元投资有限公司,吉农基金,吉林省现代农业和新兴产业投资基金有限公司,融汇管通,山东融汇管通股份有限公司,生产制造，塑料,化工原料及加工|其他化工原料及加工,中国|山东省|济南市,--,扩张期,2014-07-15,RMB,30.00(e),30.00(e),4.88(e),11.11,B,--,270.03,43.92,--,制造业|化学原料及化学制品制造业,制造业|石油、化学、塑胶、塑料|化学原料及化学制品制造业,全国中小企业股份转让系统(新三板),2013-2014.xls,0,2014,山东省,制造业,化学原料及化学制品制造业,0.4994562946453602,1.8208338082422204,-3.722104999158957,-0.9923660984020184,a
蓝源资本【海达鼎兴创投】,浙江蓝源投资管理有限公司【宁波海达鼎兴创业投资有限公司】,宁波海达鼎兴投资,宁波海达鼎兴投资管理有限公司,蓝源资本,浙江蓝源投资管理有限公司,海达鼎兴创投,宁波海达鼎兴创业投资有限公司,聚石化学,广东聚石化学股份有限公司,生产制造，材料，塑料，节能环保，改性塑料,化工原料及加工|其他化工原料及加工,中国|广东省|清远市,创业投资,扩张期,2013-09-13,RMB,15.00,15.00,2.32,4.39,A,--,342.02,55.55,--,制造业|化学原料及化学制品制造业,制造业|石油、化学、塑胶、塑料|化学原料及化学制品制造业,上海证券交易所科创板，全国中小企业股份转让系统(新三板),2013-2014.xls,1,2013,广东省,制造业,化学原料及化学制品制造业,0.4994562946453602,1.8208338082422204,-3.722104999158957,-0.9923660984020184,a
安芙兰资本【旌德中安绿色健康产业基金】,安芙兰资本【旌德中安绿色健康产业基金合伙企业（有限合伙）】,北京安芙兰投资,北京安芙兰投资中心（有限合伙）,北京安芙兰资本,北京安芙兰创业投资有限公司,旌德中安绿色健康产业基金,旌德中安绿色健康产业基金合伙企业（有限合伙）,利夫生物,合肥利夫生物科技有限公司,新材料，医药，生产制造，材料，生物基材料聚合,化工原料及加工|新材料,中国|安徽省|合肥市,创业投资,扩张期,2019-07-01,RMB,--,--,--,9.09,A,--,--,--,--,制造业|化学原料及化学制品制造业,制造业|石油、化学、塑胶、塑料|化学原料及化学制品制造业,--,2019.xls,1,2019,安徽省,制造业,化学原料及化学制品制造业,0.4994562946453602,1.8208338082422204,-3.722104999158957,-0.9923660984020184,a
华映资本【华映六期人民币基金】,华映资本管理有限公司【南京华映中小企业发展基金合伙企业（有限合伙）】,华映资本,华映资本管理有限公司,--,--,华映六期人民币基金,南京华映中小企业发展基金合伙企业（有限合伙）,缙嘉国际,上海缙嘉科技有限公司,化妆品品牌,化工原料及加工|日用化学,中国|上海市|青浦区,创业投资,扩张期,2021-12-03,RMB,--,--,--,2.81,A,--,--,--,--,制造业|化学原料及化学制品制造业|日用化学产品制造,制造业|石油、化学、塑胶、塑料|化学原料及化学制品制造业|日用化学产品制造业,--,2021.xls,0,2021,上海市,制造业,化学原料及化学制品制造业,0.4994562946453602,1.8208338082422204,-3.722104999158957,-0.9923660984020184,a
维思资本【维思资本二期基金】,上海捷宝投资有限公司【杭州维思捷朗股权投资合伙企业（有限合伙）】,杭州维思,杭州维思投资合伙企业（有限合伙）,维思资本,上海捷宝投资有限公司,维思资本二期基金,杭州维思捷朗股权投资合伙企业（有限合伙）,久吾高科,江苏久吾高科技股份有限公司,生产制造，陶瓷，陶瓷膜,化工原料及加工|新材料,中国|江苏省|南京市,--,成熟期,2013-12-11,RMB,81.50,81.50,13.34,11.31,A,李泓辉,720.55,117.90,--,制造业|化学原料及化学制品制造业,制造业|石油、化学、塑胶、塑料|化学原料及化学制品制造业,深圳证券交易所创业板,2013-2014.xls,0,2013,江苏省,制造业,化学原料及化学制品制造业,0.4994562946453602,1.8208338082422204,-3.722104999158957,-0.9923660984020184,a
中国风投【济南建华创业基金】,中国风险投资有限公司【济南建华创业投资合伙企业（有限合伙）】,济南建华管理基金,济南建华投资管理有限公司,中国风投,中国风险投资有限公司,济南建华创业基金,济南建华创业投资合伙企业（有限合伙）,万合胶业,沈阳万合胶业股份有限公司,生产制造，医疗健康，卫生用品，印刷，石油衍生品,化工原料及加工|化工原料生产,中国|辽宁省|沈阳市,新三板定增,成熟期,2019-06-04,RMB,12.00,12.00,1.74,18.18,新三板定增,--,66.01,9.58,--,制造业|化学原料及化学制品制造业|基础化学原料制造,制造业|石油、化学、塑胶、塑料,全国中小企业股份转让系统(新三板),2019.xls,0,2019,辽宁省,制造业,化学原料及化学制品制造业,0.4994562946453602,1.8208338082422204,-3.722104999158957,-0.9923660984020184,a
普惠正通【惠通高创创投】,北京普惠正通投资有限公司【安阳惠通高创新材料创业投资合伙企业（有限合伙）】,惠通高创,北京惠通高创投资管理中心（有限合伙）,普惠正通,北京普惠正通投资有限公司,惠通高创创投,安阳惠通高创新材料创业投资合伙企业（有限合伙）,晶锐材料,河南晶锐新材料股份有限公司,新材料，生产制造，金刚石,化工原料及加工|其他化工原料及加工,中国|河南省|郑州市,--,成熟期,2013-12-27,RMB,36.00,36.00,5.89,23.53,A,--,153.02,25.02,--,制造业|化学原料及化学制品制造业,制造业|石油、化学、塑胶、塑料|化学原料及化学制品制造业,全国中小企业股份转让系统(新三板),2013-2014.xls,0,2013,河南省,制造业,化学原料及化学制品制造业,0.4994562946453602,1.8208338082422204,-3.722104999158957,-0.9923660984020184,a
深创投【东莞红土基金】,深圳市创新投资集团有限公司【东莞红土创业投资有限公司】,红土创业,东莞红土创业投资管理有限公司,深创投,深圳市创新投资集团有限公司,东莞红土基金,东莞红土创业投资有限公司,国立科技,广东泉为科技股份有限公司,生产制造，高分子材料，节能环保，电子商务，家用电器,化工原料及加工|新材料,中国|广东省|东莞市,成长资本,成熟期,2013-12-31,RMB,--,--,--,--,A,李守宇,315.00,51.62,--,制造业|化学原料及化学制品制造业,制造业|石油、化学、塑胶、塑料|化学原料及化学制品制造业,深圳证券交易所创业板,2013-2014.xls,0,2013,广东省,制造业,化学原料及化学制品制造业,0.4994562946453602,1.8208338082422204,-3.722104999158957,-0.9923660984020184,a
深创投【红土君晟基金】,深圳市创新投资集团有限公司【红土君晟（广东）创业投资合伙企业（有限合伙）】,红土君晟创投,珠海横琴红土君晟创业投资管理合伙企业（有限合伙）,深创投,深圳市创新投资集团有限公司,红土君晟基金,红土君晟（广东）创业投资合伙企业（有限合伙）,宝德利,广东宝德利新材料科技股份有限公司,新材料，农业，生产制造，化工,化工原料及加工|新材料,中国|广东省|江门市,创业投资,成熟期,2020-12-30,RMB,--,--,--,--,A,--,--,--,--,制造业|化学原料及化学制品制造业,制造业|石油、化学、塑胶、塑料|化学原料及化学制品制造业,全国中小企业股份转让系统(新三板),2020.xls,0,2020,广东省,制造业,化学原料及化学制品制造业,0.4994562946453602,1.8208338082422204,-3.722104999158957,-0.9923660984020184,a
中投公司【中咨华盖绿色产业基金】,中国投资有限责任公司【海宁市中咨华盖绿色产业投资合伙企业（有限合伙）】,中咨华盖,中咨华盖投资管理（上海）有限公司,中投公司,中国投资有限责任公司,中咨华盖绿色产业基金,海宁市中咨华盖绿色产业投资合伙企业（有限合伙）,万凯新材,万凯新材料股份有限公司,新材料，生产制造，塑料制品,化工原料及加工|新材料,中国|浙江省|嘉兴市|海宁市,成长资本,成熟期,2019-04-30,RMB,30.00,30.00,4.21,1.25,老股权转让,--,"2,400.73",356.79,--,制造业|化学原料及化学制品制造业,制造业|石油、化学、塑胶、塑料|化学原料及化学制品制造业,深圳证券交易所创业板,2019.xls,0,2019,浙江省,制造业,化学原料及化学制品制造业,0.4994562946453602,1.8208338082422204,-3.722104999158957,-0.9923660984020184,a
联升资本【联升创投】,上海联升投资管理有限公司【上海联升创业投资有限公司】,联升资本,上海联升投资管理有限公司,--,--,联升创投,上海联升创业投资有限公司,瑞华泰,深圳瑞华泰薄膜科技股份有限公司,新材料，电子元件，生产制造，干电池,化工原料及加工|新材料,中国|广东省|深圳市,成长资本,扩张期,2014-01-21,RMB,60.02,60.02,9.83,16.22,D,--,369.91,60.56,--,制造业|化学原料及化学制品制造业,制造业|石油、化学、塑胶、塑料|化学原料及化学制品制造业,上海证券交易所科创板,2013-2014.xls,0,2014,广东省,制造业,化学原料及化学制品制造业,0.4994562946453602,1.8208338082422204,-3.722104999158957,-0.9923660984020184,a
深高新投【常州高新投创投】,深圳市高新投集团有限公司【常州高新投创业投资有限公司】,常州高新投,常州高新投创业投资管理有限公司,深高新投,深圳市高新投集团有限公司,常州高新投创投,常州高新投创业投资有限公司,圣帕新材,广东圣帕新材料股份有限公司,生产制造，太阳能，新材料，光伏电池，光伏背板,化工原料及加工|新材料,中国|广东省|惠州市,--,扩张期,2014-01-29,RMB,5.00,5.00,0.82,3.70,A,--,135.00,22.11,--,制造业|化学原料及化学制品制造业,制造业|石油、化学、塑胶、塑料|化学原料及化学制品制造业,全国中小企业股份转让系统(新三板),2013-2014.xls,0,2014,广东省,制造业,化学原料及化学制品制造业,0.4994562946453602,1.8208338082422204,-3.722104999158957,-0.9923660984020184,a
九派创投【湖北九派创业基金】,武汉九派投资管理有限公司【湖北九派创业投资有限公司】,九派创投,武汉九派投资管理有限公司,--,--,湖北九派创业基金,湖北九派创业投资有限公司,集泰股份,广州集泰化工股份有限公司,新材料，生产制造，环保材料，光伏密封胶,化工原料及加工|新材料,中国|广东省|广州市,--,扩张期,2014-01-29,RMB,20.00,20.00,3.28,5.71,C,--,350.03,57.33,--,制造业|化学原料及化学制品制造业,制造业|石油、化学、塑胶、塑料|化学原料及化学制品制造业,深圳证券交易所主板,2013-2014.xls,0,2014,广东省,制造业,化学原料及化学制品制造业,0.4994562946453602,1.8208338082422204,-3.722104999158957,-0.9923660984020184,a
毅达资本【江苏高投毅达中小贰号创业投资】,江苏毅达股权投资基金管理有限公司【江苏高投毅达中小贰号创业投资合伙企业（有限合伙）】,毅达汇中创投,南京毅达汇中创业投资管理合伙企业（有限合伙）,毅达资本,江苏毅达股权投资基金管理有限公司,江苏高投毅达中小贰号创业投资,江苏高投毅达中小贰号创业投资合伙企业（有限合伙）,米格新材料,江苏米格新材料股份有限公司,新材料,化工原料及加工|新材料,中国|江苏省|宿迁市|泗洪县,创业投资,初创期,2021-12-01,RMB,--,--,--,4.36,A,应文禄,--,--,--,制造业|化学原料及化学制品制造业,制造业|石油、化学、塑胶、塑料|化学原料及化学制品制造业,--,2021.xls,0,2021,江苏省,制造业,化学原料及化学制品制造业,0.4994562946453602,1.8208338082422204,-3.722104999158957,-0.9923660984020184,a
扬州龙投资本管理【龙投创海壹号基金】,扬州龙投资本管理有限公司【扬州龙投创海壹号产业基金合伙企业（有限合伙）】,扬州龙投资本管理,扬州龙投资本管理有限公司,--,--,龙投创海壹号基金,扬州龙投创海壹号产业基金合伙企业（有限合伙）,东宝股份,江苏东宝农化股份有限公司,农业，生产制造，医药，化肥农药,化工原料及加工|农药及肥料,中国|江苏省|扬州市,新三板定增,成熟期,2020-12-23,RMB,10.00,10.00,1.53,3.93,新三板定增,--,254.78,38.96,--,制造业|化学原料及化学制品制造业,制造业|石油、化学、塑胶、塑料|化学原料及化学制品制造业,全国中小企业股份转让系统(新三板),2020.xls,0,2020,江苏省,制造业,化学原料及化学制品制造业,0.4994562946453602,1.8208338082422204,-3.722104999158957,-0.9923660984020184,a
深创投【红土创盈基金】,深圳市创新投资集团有限公司【河南红土创盈投资合伙企业（有限合伙）】,广东红土创投,广东红土创业投资管理有限公司,深创投,深圳市创新投资集团有限公司,红土创盈基金,河南红土创盈投资合伙企业（有限合伙）,陕西瑞科,陕西瑞科新材料股份有限公司,医疗健康，新材料，生产制造，催化剂，贵金属，有色金属，大气治理催化剂,化工原料及加工|化工原料生产,中国|陕西省|宝鸡市,新三板定增,成熟期,2020-12-23,RMB,5.00,5.00,0.70,0.43,新三板定增,倪泽望,"1,170.02",178.94,--,制造业|化学原料及化学制品制造业|基础化学原料制造,制造业|石油、化学、塑胶、塑料,全国中小企业股份转让系统(新三板),2020.xls,1,2020,陕西省,制造业,化学原料及化学制品制造业,0.4994562946453602,1.8208338082422204,-3.722104999158957,-0.9923660984020184,a
领汇创投【浙江领汇】,上海领汇起源私募基金管理有限公司【浙江领庆创业投资有限公司】,领汇创投,上海领汇起源私募基金管理有限公司,--,--,浙江领汇,浙江领庆创业投资有限公司,智锐新材料,宁波智锐新材料有限公司,新材料，生产制造，光电，材料，留学生租房,化工原料及加工|新材料,中国|浙江省|宁波市,--,种子期,2014-02-18,RMB,2.00,2.00,0.33,--,--,陈波,--,--,--,制造业|化学原料及化学制品制造业,制造业|石油、化学、塑胶、塑料|化学原料及化学制品制造业,--,2013-2014.xls,0,2014,浙江省,制造业,化学原料及化学制品制造业,0.4994562946453602,1.8208338082422204,-3.722104999158957,-0.9923660984020184,a
海通开元【锦绣中原】,海通开元投资有限公司【锦绣中原（洛阳）创业投资中心（有限合伙）】,海通创新,海通创新私募基金管理有限公司,海通开元,海通开元投资有限公司,锦绣中原,锦绣中原（洛阳）创业投资中心（有限合伙）,麦士德福,深圳市麦士德福科技股份有限公司,生产制造，模具，五金制品，医疗健康,化工原料及加工|新材料,中国|广东省|深圳市,--,扩张期,2013-07-29,--,--,--,--,--,天使轮,--,--,--,--,制造业|化学原料及化学制品制造业,制造业|石油、化学、塑胶、塑料|化学原料及化学制品制造业,--,2013-2014.xls,1,2013,广东省,制造业,化学原料及化学制品制造业,0.4994562946453602,1.8208338082422204,-3.722104999158957,-0.9923660984020184,a
合肥高投【合肥新兴产业创业投资】,合肥高新创业投资管理合伙企业（有限合伙）【合肥新兴产业创业投资合伙企业（有限合伙）】,合肥高投,合肥高新创业投资管理合伙企业（有限合伙）,--,--,合肥新兴产业创业投资,合肥新兴产业创业投资合伙企业（有限合伙）,晟捷新能源,安徽晟捷新能源科技股份有限公司,电子元件，生产制造，锂电池膜，化工,清洁技术|新材料,中国|安徽省|马鞍山市,创业投资,扩张期,2020-12-18,RMB,20.00,20.00,3.06,2.54,C+,杨明,--,--,--,制造业|化学原料及化学制品制造业,制造业|石油、化学、塑胶、塑料|化学原料及化学制品制造业,--,2020.xls,1,2020,安徽省,制造业,化学原料及化学制品制造业,0.4994562946453602,1.8208338082422204,-3.722104999158957,-0.9923660984020184,a
兴业国信【疌泉绿色产业基金】,兴业国信资产管理有限公司【江苏疌泉绿色产业股权投资基金（有限合伙）】,兴投（北京）资本,兴投（北京）资本管理有限公司,兴业国信,兴业国信资产管理有限公司,疌泉绿色产业基金,江苏疌泉绿色产业股权投资基金（有限合伙）,中伟股份,中伟新材料股份有限公司,新材料，新能源，材料，锂电池膜,清洁技术|新材料,中国|贵州省|铜仁市,创业投资,扩张期,2019-04-16,RMB,90.78,90.78,13.59,1.51,A,--,"5,612.23",813.44,--,制造业|化学原料及化学制品制造业,制造业|石油、化学、塑胶、塑料|化学原料及化学制品制造业,深圳证券交易所创业板,2019.xls,0,2019,贵州省,制造业,化学原料及化学制品制造业,0.4994562946453602,1.8208338082422204,-3.722104999158957,-0.9923660984020184,a
深创投【山东红土创投】,深圳市创新投资集团有限公司【山东红土创业投资有限公司】,烟台红土创业,烟台红土创业投资管理有限公司,深创投,深圳市创新投资集团有限公司,山东红土创投,山东红土创业投资有限公司,一诺威,山东一诺威聚氨酯股份有限公司,节能环保，体育运动，生产制造，材料，环保材料，建筑，建材，化工,化工原料及加工|化工原料生产,中国|山东省|淄博市,成长资本,扩张期,2013-07-18,RMB,7.60,7.60,1.10,1.72,A,--,441.70,71.64,--,制造业|化学原料及化学制品制造业|基础化学原料制造,制造业|石油、化学、塑胶、塑料,北京证券交易所，全国中小企业股份转让系统(新三板),2013-2014.xls,0,2013,山东省,制造业,化学原料及化学制品制造业,0.4994562946453602,1.8208338082422204,-3.722104999158957,-0.9923660984020184,a
荷塘创投【启迪汇德创投】,荷塘创业投资管理（北京）有限公司【北京启迪汇德创业投资有限公司】,荷塘创投,荷塘创业投资管理（北京）有限公司,--,--,启迪汇德创投,北京启迪汇德创业投资有限公司,康美特,北京康美特科技股份有限公司,生产制造，太阳能，高分子材料，材料，锂电池，新材料，汽车交通,清洁技术|新材料,中国|北京市|海淀区,--,扩张期,2014-01-07,RMB,10.00,10.00,1.64,5.00,A,--,200.00,32.76,--,制造业|化学原料及化学制品制造业,制造业|石油、化学、塑胶、塑料|化学原料及化学制品制造业,全国中小企业股份转让系统(新三板),2013-2014.xls,0,2014,北京市,制造业,化学原料及化学制品制造业,0.4994562946453602,1.8208338082422204,-3.722104999158957,-0.9923660984020184,a
惠华基金【国家军民融合产业投资基金】,惠华基金管理有限公司【国家军民融合产业投资基金有限责任公司】,惠华基金,惠华基金管理有限公司,--,--,国家军民融合产业投资基金,国家军民融合产业投资基金有限责任公司,博云新材,湖南博云新材料股份有限公司,新材料，生产制造，材料，船舶零部件制造，咨询服务，技术研发,化工原料及加工|新材料,中国|湖南省|长沙市,上市定增,成熟期,2021-08-06,RMB,231.90,231.90,35.88,6.53,上市定增,--,"3,553.27",549.83,112.34,制造业|化学原料及化学制品制造业,制造业|石油、化学、塑胶、塑料|化学原料及化学制品制造业,深圳证券交易所主板,2021.xls,1,2021,湖南省,制造业,化学原料及化学制品制造业,0.4994562946453602,1.8208338082422204,-3.722104999158957,-0.9923660984020184,a
晨道投资【长江晨道基金】,宁波梅山保税港区晨道投资合伙企业（有限合伙）【长江晨道（湖北）新能源产业投资合伙企业（有限合伙）】,晨道投资,宁波梅山保税港区晨道投资合伙企业（有限合伙）,--,--,长江晨道基金,长江晨道（湖北）新能源产业投资合伙企业（有限合伙）,升华新材,江西升华新材料有限公司,新材料，新能源，新能源汽车，生产制造，新型锂电池材料，材料，正极材料,化工原料及加工|新材料,中国|江西省|宜春市,成长资本,扩张期,2021-01-11,RMB,164.00,164.00,25.34,72.78,A,--,456.00,70.33,--,制造业|化学原料及化学制品制造业,制造业|石油、化学、塑胶、塑料|化学原料及化学制品制造业,--,2021.xls,0,2021,江西省,制造业,化学原料及化学制品制造业,0.4994562946453602,1.8208338082422204,-3.722104999158957,-0.9923660984020184,a
联新资本【上海联新三期创业投资】,上海联新投资管理有限公司【上海联新三期创业投资中心（有限合伙）】,联一投资,上海联新资本管理有限公司,联新资本,上海联新投资管理有限公司,上海联新三期创业投资,上海联新三期创业投资中心（有限合伙）,上美股份,上海上美化妆品股份有限公司,消费生活，化妆品品牌,化工原料及加工|日用化学,中国|上海市|普陀区,创业投资,成熟期,2015-04-21,RMB,80.00,80.00,11.61,2.42,A,--,690.36,112.70,--,制造业|化学原料及化学制品制造业|日用化学产品制造,制造业|石油、化学、塑胶、塑料|化学原料及化学制品制造业|日用化学产品制造业,香港证券交易所主板,2015.xls,0,2015,上海市,制造业,化学原料及化学制品制造业,0.4994562946453602,1.8208338082422204,-3.722104999158957,-0.9923660984020184,a
同创伟业【深圳市同创中科前海科控天使创业投资】,深圳同创伟业资产管理股份有限公司【深圳市同创中科前海科控天使创业投资合伙企业（有限合伙）】,同创锦绣,深圳同创锦绣资产管理有限公司,同创伟业,深圳同创伟业资产管理股份有限公司,深圳市同创中科前海科控天使创业投资,深圳市同创中科前海科控天使创业投资合伙企业（有限合伙）,中科玖源,浙江中科玖源新材料有限公司,生产制造，材料,化工原料及加工|新材料,中国|浙江省|金华市,创业投资,初创期,2021-02-09,RMB,--,--,--,11.03,天使轮,郑伟鹤,90.66,13.94,--,制造业|化学原料及化学制品制造业,制造业|石油、化学、塑胶、塑料|化学原料及化学制品制造业,--,2021.xls,0,2021,浙江省,制造业,化学原料及化学制品制造业,0.4994562946453602,1.8208338082422204,-3.722104999158957,-0.9923660984020184,a
中启资本【中启洞鉴投资基金】,中启私募基金管理（海南）有限公司【湖南中启洞鉴私募股权投资合伙企业（有限合伙）】,中启资本,中启私募基金管理（海南）有限公司,--,--,中启洞鉴投资基金,湖南中启洞鉴私募股权投资合伙企业（有限合伙）,海正生材,浙江海正生物材料股份有限公司,消费生活，新材料，农业，生产制造,化工原料及加工|新材料,中国|浙江省|台州市|椒江区,成长资本,成熟期,2021-02-09,RMB,80.00,80.00,11.67,6.88,Pre-IPO,乜君兴,"1,162.84",180.19,--,制造业|化学原料及化学制品制造业,制造业|石油、化学、塑胶、塑料|化学原料及化学制品制造业,上海证券交易所科创板,2021.xls,0,2021,浙江省,制造业,化学原料及化学制品制造业,0.4994562946453602,1.8208338082422204,-3.722104999158957,-0.9923660984020184,a
国悦君安资本【国信君安创投】,上海国悦君安股权投资基金管理有限公司【南通国信君安创业投资有限公司】,国信君安,南通国信君安创业投资管理有限公司,国悦君安资本,上海国悦君安股权投资基金管理有限公司,国信君安创投,南通国信君安创业投资有限公司,氟特电池,苏州氟特电池材料股份有限公司,节能环保，新材料，生产制造，材料，锂电池,化工原料及加工|化工原料生产,中国|江苏省|苏州市,--,扩张期,2015-04-30,RMB,--,--,--,7.04,天使轮,--,--,--,--,制造业|化学原料及化学制品制造业|基础化学原料制造,制造业|石油、化学、塑胶、塑料,全国中小企业股份转让系统(新三板),2015.xls,1,2015,江苏省,制造业,化学原料及化学制品制造业,0.4994562946453602,1.8208338082422204,-3.722104999158957,-0.9923660984020184,a
十月资本【拾岳禾安一期创投基金】,上海十月资产管理有限公司【六安拾岳禾安一期创业投资合伙企业（有限合伙）】,拾岳投资,合肥拾岳投资管理合伙企业（有限合伙）,十月资本,上海十月资产管理有限公司,拾岳禾安一期创投基金,六安拾岳禾安一期创业投资合伙企业（有限合伙）,万朗磁塑,安徽万朗磁塑股份有限公司,生产制造，塑料,化工原料及加工|化工原料生产,中国|安徽省|合肥市,创业投资,成熟期,2018-12-29,RMB,30.00,30.00,4.71,3.61,C,--,831.02,121.08,--,制造业|化学原料及化学制品制造业|基础化学原料制造,制造业|石油、化学、塑胶、塑料,上海证券交易所主板,2018.xls,0,2018,安徽省,制造业,化学原料及化学制品制造业,0.4994562946453602,1.8208338082422204,-3.722104999158957,-0.9923660984020184,a
保利资本【保利·碧桂园产业链赋能基金】,保利（横琴）资本管理有限公司【广西柳州保碧赋能投资基金合伙企业（有限合伙）】,保利资本,保利（横琴）资本管理有限公司,--,--,保利·碧桂园产业链赋能基金,广西柳州保碧赋能投资基金合伙企业（有限合伙）,江苏德法瑞,江苏德法瑞新材料科技有限公司,节能环保，生产制造，房产家居,清洁技术|新材料,中国|江苏省|南通市,成长资本,扩张期,2021-02-19,RMB,16.67,16.67,2.58,12.08,A,--,138.01,21.38,--,制造业|化学原料及化学制品制造业,制造业|石油、化学、塑胶、塑料|化学原料及化学制品制造业,--,2021.xls,0,2021,江苏省,制造业,化学原料及化学制品制造业,0.4994562946453602,1.8208338082422204,-3.722104999158957,-0.9923660984020184,a
国投创新【先进制造产业投资基金】,国投创新投资管理有限公司【先进制造产业投资基金（有限合伙）】,国投创新,国投创新投资管理有限公司,--,--,先进制造产业投资基金,先进制造产业投资基金（有限合伙）,凯金能源,广东凯金新能源科技股份有限公司,生产制造，负极材料，锂电池，材料，新能源，材料磨具,清洁技术|新材料,中国|广东省|东莞市,--,扩张期,2018-12-29,RMB,150.00,150.00,22.41,--,--,--,--,--,--,制造业|化学原料及化学制品制造业,制造业|石油、化学、塑胶、塑料|化学原料及化学制品制造业,全国中小企业股份转让系统(新三板),2018.xls,1,2018,广东省,制造业,化学原料及化学制品制造业,0.4994562946453602,1.8208338082422204,-3.722104999158957,-0.9923660984020184,a
浙科投资【浙科汇琪创投基金】,浙江浙科投资管理有限公司【绍兴上虞浙科汇琪创业投资合伙企业（有限合伙）】,浙科投资,浙江浙科投资管理有限公司,--,--,浙科汇琪创投基金,绍兴上虞浙科汇琪创业投资合伙企业（有限合伙）,凯大催化,杭州凯大催化金属材料股份有限公司,新材料，生产制造，贵金属，催化剂，大气治理催化剂，新能源,化工原料及加工|新材料,中国|浙江省|杭州市,新三板定增,成熟期,2021-02-22,RMB,8.64,8.64,1.34,0.79,新三板定增,--,"1,096.55",169.68,--,制造业|化学原料及化学制品制造业,制造业|石油、化学、塑胶、塑料|化学原料及化学制品制造业,北京证券交易所，全国中小企业股份转让系统(新三板),2021.xls,0,2021,浙江省,制造业,化学原料及化学制品制造业,0.4994562946453602,1.8208338082422204,-3.722104999158957,-0.9923660984020184,a
清控高创【高创清控】,青岛清控高创投资管理有限公司【青岛高创清控股权投资基金企业（有限合伙）】,清控高创,青岛清控高创投资管理有限公司,--,--,高创清控,青岛高创清控股权投资基金企业（有限合伙）,宏祥新材,宏祥新材料股份有限公司,新材料，生产制造，材料,清洁技术|新材料,中国|山东省|德州市,--,成熟期,2015-05-15,RMB,7.41,7.41,1.21,1.06,B,--,699.06,114.21,--,制造业|化学原料及化学制品制造业,制造业|石油、化学、塑胶、塑料|化学原料及化学制品制造业,全国中小企业股份转让系统(新三板),2015.xls,0,2015,山东省,制造业,化学原料及化学制品制造业,0.4994562946453602,1.8208338082422204,-3.722104999158957,-0.9923660984020184,a
兴烨创投【福建新一代信息技术创业基金】,上海兴烨创业投资有限公司【福建新一代信息技术创业投资有限合伙企业】,兴正创业,福建兴正创业投资有限公司,兴烨创投,上海兴烨创业投资有限公司,福建新一代信息技术创业基金,福建新一代信息技术创业投资有限合伙企业,阿石创,福建阿石创新材料股份有限公司,新材料，电子元件，光通信，生产制造，材料，膜材料,化工原料及加工|新材料,中国|福建省|福州市,--,成熟期,2015-05-29,RMB,18.86,18.86,3.08,6.99,A,--,269.85,44.09,--,制造业|化学原料及化学制品制造业,制造业|石油、化学、塑胶、塑料|化学原料及化学制品制造业,深圳证券交易所创业板,2015.xls,0,2015,福建省,制造业,化学原料及化学制品制造业,0.4994562946453602,1.8208338082422204,-3.722104999158957,-0.9923660984020184,a
合肥创新投【合肥市天使投资基金】,合肥市创新科技风险投资有限公司【合肥市天使投资基金有限公司】,合肥创新投,合肥市创新科技风险投资有限公司,--,--,合肥市天使投资基金,合肥市天使投资基金有限公司,豪森泰,安徽春和明生环保新材料科技有限公司,新材料,清洁技术|新材料,中国|安徽省|合肥市|肥东县,创业投资,初创期,2021-11-17,--,--,--,--,12.00,天使轮,--,--,--,--,制造业|化学原料及化学制品制造业,制造业|石油、化学、塑胶、塑料|化学原料及化学制品制造业,--,2021.xls,1,2021,安徽省,制造业,化学原料及化学制品制造业,0.4994562946453602,1.8208338082422204,-3.722104999158957,-0.9923660984020184,a
长江产业投资集团【仙桃新动能产业基金】,长江产业投资集团有限公司【仙桃新动能产业发展投资基金（有限合伙）】,湖北科创投资,湖北科创投资管理有限公司,湖北高投集团,湖北省高新产业投资集团有限公司,仙桃新动能产业基金,仙桃新动能产业发展投资基金（有限合伙）,创新特科,武汉创新特科技有限公司,--,化工原料及加工|化工原料生产,中国|湖北省|仙桃市,创业投资,扩张期,2021-02-26,RMB,20.00,20.00,3.06,--,B,--,--,--,--,制造业|化学原料及化学制品制造业|基础化学原料制造,制造业|石油、化学、塑胶、塑料,--,2021.xls,1,2021,湖北省,制造业,化学原料及化学制品制造业,0.4994562946453602,1.8208338082422204,-3.722104999158957,-0.9923660984020184,a
万联天泽【广州天泽中鼎投资】,万联天泽资本投资有限公司【广州天泽中鼎股权投资中心（有限合伙）】,万联天泽,万联天泽资本投资有限公司,--,--,广州天泽中鼎投资,广州天泽中鼎股权投资中心（有限合伙）,鹿山新材,广州鹿山新材料股份有限公司,新材料，材料,化工原料及加工|新材料,中国|广东省|广州市|黄埔区,创业投资,成熟期,2018-11-29,RMB,6.40,6.40,0.92,1.00,老股权转让,--,641.69,92.52,--,制造业|化学原料及化学制品制造业,制造业|石油、化学、塑胶、塑料|化学原料及化学制品制造业,上海证券交易所主板,2018.xls,0,2018,广东省,制造业,化学原料及化学制品制造业,0.4994562946453602,1.8208338082422204,-3.722104999158957,-0.9923660984020184,a
德同资本【陕西新材料高技术创投基金】,德同资本管理有限公司【陕西省新材料高技术创业投资基金（有限合伙）】,德同福方投资,陕西德同福方投资管理有限公司,德同资本,德同资本管理有限公司,陕西新材料高技术创投基金,陕西省新材料高技术创业投资基金（有限合伙）,玛珂特新材,西安玛珂特新材料科技股份有限公司,文体行业，材料，石油化工，密封件,清洁技术|新材料,中国|陕西省|西安市,--,种子期,2015-04-03,RMB,--,--,--,16.69,A,--,--,--,--,制造业|化学原料及化学制品制造业,制造业|石油、化学、塑胶、塑料|化学原料及化学制品制造业,--,2015.xls,1,2015,陕西省,制造业,化学原料及化学制品制造业,0.4994562946453602,1.8208338082422204,-3.722104999158957,-0.9923660984020184,a
川流投资【川流新材料基金】,上海川流私募基金管理有限公司【分宜川流长枫新材料投资合伙企业（有限合伙）】,川流投资,上海川流私募基金管理有限公司,--,--,川流新材料基金,分宜川流长枫新材料投资合伙企业（有限合伙）,康鹏科技,上海康鹏科技股份有限公司,生产制造，材料，精细化工，化工,化工原料及加工|新材料,中国|上海市|普陀区,成长资本,成熟期,2018-11-27,RMB,35.00,35.00,4.89,1.79,老股权转让,--,"1,958.69",281.98,--,制造业|化学原料及化学制品制造业,制造业|石油、化学、塑胶、塑料|化学原料及化学制品制造业,纽约证券交易所，上海证券交易所科创板,2018.xls,0,2018,上海市,制造业,化学原料及化学制品制造业,0.4994562946453602,1.8208338082422204,-3.722104999158957,-0.9923660984020184,a
普惠正通【惠通高创创投】,北京普惠正通投资有限公司【安阳惠通高创新材料创业投资合伙企业（有限合伙）】,惠通高创,北京惠通高创投资管理中心（有限合伙）,普惠正通,北京普惠正通投资有限公司,惠通高创创投,安阳惠通高创新材料创业投资合伙企业（有限合伙）,瑞丰新材,新乡市瑞丰新材料股份有限公司,新材料，生产制造,化工原料及加工|新材料,中国|河南省|新乡市,创业投资,成熟期,2015-06-30,RMB,10.00,10.00,1.63,0.92,A,--,"1,089.32",178.09,--,制造业|化学原料及化学制品制造业,制造业|石油、化学、塑胶、塑料|化学原料及化学制品制造业,深圳证券交易所创业板,2015.xls,0,2015,河南省,制造业,化学原料及化学制品制造业,0.4994562946453602,1.8208338082422204,-3.722104999158957,-0.9923660984020184,a
联创华凯创投【联创华凯装备创投基金】,河南联创华凯创业投资基金管理有限公司【河南联创华凯先进装备制造创业投资基金（有限合伙）】,联创华凯创投,河南联创华凯创业投资基金管理有限公司,--,--,联创华凯装备创投基金,河南联创华凯先进装备制造创业投资基金（有限合伙）,鹏飞股份,洛阳鹏飞耐磨材料股份有限公司,生产制造，综合零售，材料，陶瓷，碳化硅,化工原料及加工|新材料,中国|河南省|洛阳市,--,成熟期,2015-07-03,RMB,20.00,20.00,3.27,7.30,C,--,228.46,37.35,--,制造业|化学原料及化学制品制造业,制造业|石油、化学、塑胶、塑料|化学原料及化学制品制造业,全国中小企业股份转让系统(新三板),2015.xls,0,2015,河南省,制造业,化学原料及化学制品制造业,0.4994562946453602,1.8208338082422204,-3.722104999158957,-0.9923660984020184,a
康大恒远投资【青岛静远】,山东康大恒远投资管理股份有限公司【青岛静远创业投资有限公司】,康大恒远投资,山东康大恒远投资管理股份有限公司,--,--,青岛静远,青岛静远创业投资有限公司,中科华联,青岛中科华联新材料股份有限公司,生产制造，新型锂电池材料，电池隔膜，电池材料，锂电池膜，钒电池隔膜，锂电池隔膜,化工原料及加工|新材料,中国|山东省|青岛市,--,扩张期,2015-07-16,RMB,5.15,5.15,0.81,7.81,种子轮,--,65.99,10.79,--,制造业|化学原料及化学制品制造业,制造业|石油、化学、塑胶、塑料|化学原料及化学制品制造业,全国中小企业股份转让系统(新三板),2015.xls,0,2015,山东省,制造业,化学原料及化学制品制造业,0.4994562946453602,1.8208338082422204,-3.722104999158957,-0.9923660984020184,a
深创投【红土创业】,深圳市创新投资集团有限公司【南宁红土邕深创业投资有限公司】,贵州红土创新,贵州红土创新资本管理有限公司,深创投,深圳市创新投资集团有限公司,红土创业,南宁红土邕深创业投资有限公司,金穗生态,广西金穗生态科技集团股份有限公司,农业，生产制造，生物肥料，自动化，农业生产，技术研发，节能环保，建筑，定位系统,化工原料及加工|化工原料生产,中国|广西|南宁市,新三板定增,扩张期,2018-11-13,RMB,15.00,15.00,2.18,6.67,新三板定增,--,225.00,32.68,--,制造业|化学原料及化学制品制造业|基础化学原料制造,制造业|石油、化学、塑胶、塑料,全国中小企业股份转让系统(新三板),2018.xls,1,2018,广西,制造业,化学原料及化学制品制造业,0.4994562946453602,1.8208338082422204,-3.722104999158957,-0.9923660984020184,a
贵鑫瑞和创投【贵州省新型工业化发展股权投资基金】,贵州省贵鑫瑞和创业投资管理有限责任公司【贵州省新型工业化发展股权投资基金合伙企业（有限合伙）】,贵鑫瑞和创投,贵州省贵鑫瑞和创业投资管理有限责任公司,--,--,贵州省新型工业化发展股权投资基金,贵州省新型工业化发展股权投资基金合伙企业（有限合伙）,磷化新材,贵州磷化新材料科技有限责任公司,--,化工原料及加工|新材料,中国|贵州省|黔南布依族苗族自治州|福泉市,创业投资,种子期,2021-11-12,RMB,--,--,--,46.15,A,--,--,--,--,制造业|化学原料及化学制品制造业,制造业|石油、化学、塑胶、塑料|化学原料及化学制品制造业,--,2021.xls,1,2021,贵州省,制造业,化学原料及化学制品制造业,0.4994562946453602,1.8208338082422204,-3.722104999158957,-0.9923660984020184,a
平衡资本【平衡创投】,南京平衡资本管理中心（普通合伙）【南通平衡创业投资基金中心（有限合伙）】,南通平衡资本,南通平衡资本管理中心（有限合伙）,平衡资本,南京平衡资本管理中心（普通合伙）,平衡创投,南通平衡创业投资基金中心（有限合伙）,四新科技,江苏四新科技应用研究所股份有限公司,生产制造，化工,化工原料及加工|化工原料生产,中国|江苏省|南京市|鼓楼区,新三板定增,成熟期,2018-11-07,RMB,5.00,5.00,0.73,2.63,新三板定增,--,189.83,27.57,--,制造业|化学原料及化学制品制造业|基础化学原料制造,制造业|石油、化学、塑胶、塑料,全国中小企业股份转让系统(新三板),2018.xls,1,2018,江苏省,制造业,化学原料及化学制品制造业,0.4994562946453602,1.8208338082422204,-3.722104999158957,-0.9923660984020184,a
毅达资本【高投毅达宁海创投基金】,江苏毅达股权投资基金管理有限公司【江苏高投毅达宁海创业投资基金（有限合伙）】,南京毅达投资,南京毅达股权投资管理企业（有限合伙）,毅达资本,江苏毅达股权投资基金管理有限公司,高投毅达宁海创投基金,江苏高投毅达宁海创业投资基金（有限合伙）,奥莱特,江苏奥莱特新材料股份有限公司,生产制造，贸易服务，建筑原料，化工，建筑，材料,化工原料及加工|新材料,中国|江苏省|南京市,创业投资,成熟期,2021-03-06,RMB,--,--,--,--,B,杨燃,--,--,--,制造业|化学原料及化学制品制造业,制造业|石油、化学、塑胶、塑料|化学原料及化学制品制造业,--,2021.xls,0,2021,江苏省,制造业,化学原料及化学制品制造业,0.4994562946453602,1.8208338082422204,-3.722104999158957,-0.9923660984020184,a
长江产业投资集团【湖北科创天使基金】,长江产业投资集团有限公司【湖北科创天使投资有限公司】,湖北科创投资,湖北科创投资管理有限公司,湖北高投集团,湖北省高新产业投资集团有限公司,湖北科创天使基金,湖北科创天使投资有限公司,爱国石化,湖北爱国石化有限公司,汽车交通，生产制造，石油化工，机械制造,化工原料及加工|化工原料生产,中国|湖北省|荆门市|掇刀区,--,成熟期,2018-11-05,RMB,--,--,--,--,B,--,--,--,--,制造业|化学原料及化学制品制造业|基础化学原料制造,制造业|石油、化学、塑胶、塑料,--,2018.xls,0,2018,湖北省,制造业,化学原料及化学制品制造业,0.4994562946453602,1.8208338082422204,-3.722104999158957,-0.9923660984020184,a
方正多策【重庆禾优高通股权投资】,杭州方正多策投资管理合伙企业（有限合伙）【重庆禾优高通股权投资合伙企业（有限合伙）】,方正多策,杭州方正多策投资管理合伙企业（有限合伙）,--,--,重庆禾优高通股权投资,重庆禾优高通股权投资合伙企业（有限合伙）,惠和化德,上海惠和化德生物科技有限公司,化工，危险化学品，化工原料，生物技术，仪器仪表,化工原料及加工|其他化工原料及加工,中国|上海市|奉贤区,天使投资,扩张期,2021-11-12,RMB,--,--,--,--,天使轮,--,--,--,--,制造业|化学原料及化学制品制造业,制造业|石油、化学、塑胶、塑料|化学原料及化学制品制造业,--,2021.xls,0,2021,上海市,制造业,化学原料及化学制品制造业,0.4994562946453602,1.8208338082422204,-3.722104999158957,-0.9923660984020184,a
越秀产业基金【越秀智创升级基金】,广州越秀产业投资基金管理股份有限公司【广州越秀智创升级产业投资基金合伙企业（有限合伙）】,越秀产业基金,广州越秀产业投资基金管理股份有限公司,--,--,越秀智创升级基金,广州越秀智创升级产业投资基金合伙企业（有限合伙）,广钢气体,广州广钢气体能源股份有限公司,投资，化工，股权投资，能源矿产，天然气，物流仓储，物流服务，技术研发，定位系统，生活家电,化工原料及加工|其他化工原料及加工,中国|广东省|广州市|南沙区,成长资本,扩张期,2021-03-08,RMB,70.00,70.00,9.74,3.75,A,--,"1,867.05",288.15,--,制造业|化学原料及化学制品制造业,制造业|石油、化学、塑胶、塑料|化学原料及化学制品制造业,上海证券交易所科创板,2021.xls,0,2021,广东省,制造业,化学原料及化学制品制造业,0.4994562946453602,1.8208338082422204,-3.722104999158957,-0.9923660984020184,a
贵鑫瑞和创投【贵州省科技成果转化基金创业投资】,贵州省贵鑫瑞和创业投资管理有限责任公司【贵州省科技成果转化基金创业投资有限责任公司】,贵鑫瑞和创投,贵州省贵鑫瑞和创业投资管理有限责任公司,--,--,贵州省科技成果转化基金创业投资,贵州省科技成果转化基金创业投资有限责任公司,汇成新材,贵州大龙汇成新材料有限公司,医药，生产制造，材料，新型锂电池材料，锂电池，锂电池膜,化工原料及加工|新材料,中国|贵州省|铜仁市|玉屏侗族自治县,创业投资,扩张期,2015-08-05,RMB,--,--,--,20.00,A,--,--,--,--,制造业|化学原料及化学制品制造业,制造业|石油、化学、塑胶、塑料|化学原料及化学制品制造业,--,2015.xls,1,2015,贵州省,制造业,化学原料及化学制品制造业,0.4994562946453602,1.8208338082422204,-3.722104999158957,-0.9923660984020184,a
清控银杏【清控银杏南通创业投资基金】,清控银杏创业投资管理（北京）有限公司【清控银杏南通创业投资基金合伙企业（有限合伙）】,清控银杏,清控银杏创业投资管理（北京）有限公司,--,--,清控银杏南通创业投资基金,清控银杏南通创业投资基金合伙企业（有限合伙）,优萃生物,上海优萃生物科技有限公司,消费生活，护肤品品牌,化工原料及加工|日用化学,中国|上海市|浦东新区,成长资本,扩张期,2018-10-29,RMB,--,--,--,--,D,--,--,--,--,制造业|化学原料及化学制品制造业|日用化学产品制造,制造业|石油、化学、塑胶、塑料|化学原料及化学制品制造业|日用化学产品制造业,--,2018.xls,0,2018,上海市,制造业,化学原料及化学制品制造业,0.4994562946453602,1.8208338082422204,-3.722104999158957,-0.9923660984020184,a
国隆资本【深圳市启赋国隆中小微企业基金】,深圳市国隆资本股权投资管理有限公司【深圳市启赋国隆中小微企业股权投资基金合伙企业（有限合伙）】,国隆资本,深圳市国隆资本股权投资管理有限公司,--,--,深圳市启赋国隆中小微企业基金,深圳市启赋国隆中小微企业股权投资基金合伙企业（有限合伙）,有为化学,深圳有为技术控股集团有限公司,电子元件，家装，材料,化工原料及加工|新材料,中国|广东省|深圳市,成长资本,成熟期,2021-03-09,RMB,--,--,--,1.43,C+,--,"1,400.56",214.36,--,制造业|化学原料及化学制品制造业,制造业|石油、化学、塑胶、塑料|化学原料及化学制品制造业,--,2021.xls,0,2021,广东省,制造业,化学原料及化学制品制造业,0.4994562946453602,1.8208338082422204,-3.722104999158957,-0.9923660984020184,a
长江产业投资集团【湖北量科高投创业基金】,长江产业投资集团有限公司【湖北量科高投创业投资有限公司】,高晖创投,武汉高晖创投管理顾问有限公司,湖北高投集团,湖北省高新产业投资集团有限公司,湖北量科高投创业基金,湖北量科高投创业投资有限公司,祥源新材,湖北祥源新材科技股份有限公司,生产制造，材料，聚乙烯,化工原料及加工|新材料,中国|湖北省|孝感市,创业投资,成熟期,2015-06-25,RMB,10.00,10.00,1.42,8.67,A,周爱清,115.30,18.86,--,制造业|化学原料及化学制品制造业,制造业|石油、化学、塑胶、塑料|化学原料及化学制品制造业,深圳证券交易所创业板，全国中小企业股份转让系统(新三板),2015.xls,0,2015,湖北省,制造业,化学原料及化学制品制造业,0.4994562946453602,1.8208338082422204,-3.722104999158957,-0.9923660984020184,a
金城资本【兰州科技产业基金】,金城资本管理有限公司【兰州科技产业发展投资基金（有限合伙）】,金城资本,金城资本管理有限公司,--,--,兰州科技产业基金,兰州科技产业发展投资基金（有限合伙）,金润宏成新材料科技,兰州金润宏成新材料科技有限公司,大气治理催化剂,化工原料及加工|其他化工原料及加工,中国|甘肃省|兰州市|安宁区,--,成熟期,2019-03-21,RMB,--,--,--,--,A+,--,--,--,--,制造业|化学原料及化学制品制造业,制造业|石油、化学、塑胶、塑料|化学原料及化学制品制造业,--,2019.xls,1,2019,甘肃省,制造业,化学原料及化学制品制造业,0.4994562946453602,1.8208338082422204,-3.722104999158957,-0.9923660984020184,a
中科院资本【国科联动（绍兴柯桥）创业投资】（领投）,中科院资本管理有限公司【国科联动（绍兴柯桥）创业投资合伙企业（有限合伙）】（领投）,中科院资本,中科院资本管理有限公司,--,--,国科联动（绍兴柯桥）创业投资,国科联动（绍兴柯桥）创业投资合伙企业（有限合伙）,材华科技,浙江材华科技有限公司,医疗健康，新材料，生产制造，农业,化工原料及加工|新材料,中国|浙江省|绍兴市,天使投资,初创期,2021-11-19,RMB,5.00,5.00,0.70,2.04,Pre-A,--,245.00,38.39,--,制造业|化学原料及化学制品制造业,制造业|石油、化学、塑胶、塑料|化学原料及化学制品制造业,--,2021.xls,0,2021,浙江省,制造业,化学原料及化学制品制造业,0.4994562946453602,1.8208338082422204,-3.722104999158957,-0.9923660984020184,a
方广资本【方广三期基金】,上海方广投资管理有限公司【苏州方广三期创业投资合伙企业（有限合伙）】,方广资本,上海方广投资管理有限公司,--,--,方广三期基金,苏州方广三期创业投资合伙企业（有限合伙）,泽睿新材料,湖南泽睿新材料有限公司,新材料，复合材料，技术研发，材料,化工原料及加工|新材料,中国|湖南省|长沙市|岳麓区,创业投资,初创期,2021-11-19,RMB,--,--,--,--,A,--,--,--,--,制造业|化学原料及化学制品制造业,制造业|石油、化学、塑胶、塑料|化学原料及化学制品制造业,--,2021.xls,0,2021,湖南省,制造业,化学原料及化学制品制造业,0.4994562946453602,1.8208338082422204,-3.722104999158957,-0.9923660984020184,a
中国风投【北京建华创业基金】,中国风险投资有限公司【北京建华创业投资有限公司】,北京中投建华管理基金,北京中投建华投资管理有限公司,中国风投,中国风险投资有限公司,北京建华创业基金,北京建华创业投资有限公司,航天华宇,北京航天华宇科技有限公司,生产制造，建筑工程，企业服务，建筑，仪器设备，外包服务，电子信息产业，综合性软件,清洁技术|新材料,中国|北京市|大兴区,创业投资,种子期,2014-09-16,RMB,5.00,5.00,0.73,3.31,A,王一军,151.06,24.58,--,制造业|化学原料及化学制品制造业,制造业|石油、化学、塑胶、塑料|化学原料及化学制品制造业,--,2013-2014.xls,0,2014,北京市,制造业,化学原料及化学制品制造业,0.4994562946453602,1.8208338082422204,-3.722104999158957,-0.9923660984020184,a
招商资本【中垦基金】,招商局资本投资有限责任公司【中国农垦产业发展基金（有限合伙）】,招垦资本,招垦资本管理（北京）有限公司,招商资本,招商局资本投资有限责任公司,中垦基金,中国农垦产业发展基金（有限合伙）,云天化,云南云天化股份有限公司,新材料，农业，生产制造，电池隔膜，锂电池隔膜,化工原料及加工|农药及肥料,中国|云南省|昆明市,上市定增,成熟期,2021-01-14,RMB,200.00,200.00,30.95,2.36,上市定增,--,"8,471.82","1,311.33",21.46,制造业|化学原料及化学制品制造业,制造业|石油、化学、塑胶、塑料|化学原料及化学制品制造业,上海证券交易所主板,2021.xls,1,2021,云南省,制造业,化学原料及化学制品制造业,0.4994562946453602,1.8208338082422204,-3.722104999158957,-0.9923660984020184,a
锡创投【无锡市金程创投基金】,无锡市创新投资集团有限公司【无锡市金程创业投资有限公司】,无锡金投资本,无锡金投资本私募基金管理有限公司,锡创投,无锡市创新投资集团有限公司,无锡市金程创投基金,无锡市金程创业投资有限公司,华东锌盾科技,无锡华东锌盾科技有限公司,企业服务，材料，环保材料，铁，化工,化工原料及加工|其他化工原料及加工,中国|江苏省|无锡市,--,成熟期,2019-03-12,RMB,--,--,--,6.00,A,--,--,--,--,制造业|化学原料及化学制品制造业,制造业|石油、化学、塑胶、塑料|化学原料及化学制品制造业,--,2019.xls,1,2019,江苏省,制造业,化学原料及化学制品制造业,0.4994562946453602,1.8208338082422204,-3.722104999158957,-0.9923660984020184,a
余杭国投【余杭区产业发展引导基金】,杭州余杭国有资本投资运营集团有限公司【杭州余杭产业基金有限公司】,余杭国投,杭州余杭国有资本投资运营集团有限公司,--,--,余杭区产业发展引导基金,杭州余杭产业基金有限公司,巨力材料,杭州巨力绝缘材料有限公司,生产制造，材料，绝缘材料,化工原料及加工|化工原料生产,中国|浙江省|杭州市|余杭区,创业投资,成熟期,2019-03-11,RMB,--,--,--,24.24,A,--,--,--,--,制造业|化学原料及化学制品制造业|基础化学原料制造,制造业|石油、化学、塑胶、塑料,--,2019.xls,0,2019,浙江省,制造业,化学原料及化学制品制造业,0.4994562946453602,1.8208338082422204,-3.722104999158957,-0.9923660984020184,a
毅达资本【江苏疌泉高投毅达化工新材料创业投资】,江苏毅达股权投资基金管理有限公司【江苏疌泉高投毅达化工新材料创业投资合伙企业（有限合伙）】,南京毅达投资,南京毅达股权投资管理企业（有限合伙）,毅达资本,江苏毅达股权投资基金管理有限公司,江苏疌泉高投毅达化工新材料创业投资,江苏疌泉高投毅达化工新材料创业投资合伙企业（有限合伙）,都铂高分子,常州都铂高分子有限公司,新材料，生产制造，材料，精细化工,化工原料及加工|新材料,中国|江苏省|常州市|新北区,成长资本,扩张期,2021-01-15,RMB,--,--,--,4.51,A,王彬,446.14,69.32,--,制造业|化学原料及化学制品制造业,制造业|石油、化学、塑胶、塑料|化学原料及化学制品制造业,--,2021.xls,0,2021,江苏省,制造业,化学原料及化学制品制造业,0.4994562946453602,1.8208338082422204,-3.722104999158957,-0.9923660984020184,a
西安拓金【陕西现代能源创业基金】,西安拓金投资管理合伙企业（有限合伙）【陕西省现代能源创业投资基金有限公司】,西安拓金,西安拓金投资管理合伙企业（有限合伙）,--,--,陕西现代能源创业基金,陕西省现代能源创业投资基金有限公司,万德股份,西安万德能源化学股份有限公司,生产制造，化工,化工原料及加工|化工原料生产,中国|陕西省|西安市,--,成熟期,2014-09-18,RMB,19.50,19.50,3.17,7.22,B,--,270.03,43.94,--,制造业|化学原料及化学制品制造业|基础化学原料制造,制造业|石油、化学、塑胶、塑料,全国中小企业股份转让系统(新三板),2013-2014.xls,1,2014,陕西省,制造业,化学原料及化学制品制造业,0.4994562946453602,1.8208338082422204,-3.722104999158957,-0.9923660984020184,a
安益资本【芜湖瑞建汽车产业创业基金】,上海安益资产管理集团有限公司【芜湖瑞建汽车产业创业投资有限公司】,芜湖安益,芜湖安益投资管理有限公司,安益资本,上海安益资产管理集团有限公司,芜湖瑞建汽车产业创业基金,芜湖瑞建汽车产业创业投资有限公司,森泰股份,安徽森泰木塑集团股份有限公司,节能环保，新材料，生产制造，材料，房产家居,化工原料及加工|新材料,中国|安徽省|宣城市,创业投资,扩张期,2014-11-01,RMB,30.00,30.00,4.36,10.00,A,--,300.08,48.84,--,制造业|化学原料及化学制品制造业,制造业|石油、化学、塑胶、塑料|化学原料及化学制品制造业,深圳证券交易所创业板,2013-2014.xls,0,2014,安徽省,制造业,化学原料及化学制品制造业,0.4994562946453602,1.8208338082422204,-3.722104999158957,-0.9923660984020184,a
安徽投资集团【淮北市成长型中小企业基金】,安徽省投资集团控股有限公司【淮北市成长型中小企业基金有限公司】,安徽创投,安徽省创业投资有限公司,安徽投资集团,安徽省投资集团控股有限公司,淮北市成长型中小企业基金,淮北市成长型中小企业基金有限公司,国风塑业,安徽国风新材料股份有限公司,新材料，塑料，电子商务,化工原料及加工|其他化工原料及加工,中国|安徽省|合肥市,上市定增,成熟期,2021-01-18,RMB,60.00,60.00,9.18,1.48,上市定增,--,"4,049.80",626.58,--,制造业|化学原料及化学制品制造业,制造业|石油、化学、塑胶、塑料|化学原料及化学制品制造业,深圳证券交易所主板,2021.xls,0,2021,安徽省,制造业,化学原料及化学制品制造业,0.4994562946453602,1.8208338082422204,-3.722104999158957,-0.9923660984020184,a
东方富海【深圳南山中小企业发展基金】（领投）,深圳市东方富海投资管理股份有限公司【中小企业发展基金（深圳南山有限合伙）】（领投）,富海中小企业发展基金,深圳市富海中小企业发展基金股权投资管理有限公司,东方富海,深圳市东方富海投资管理股份有限公司,深圳南山中小企业发展基金,中小企业发展基金（深圳南山有限合伙）,湖南德智新材料,湖南德智新材料有限公司,新材料，材料，复合材料，陶瓷，碳化硅,化工原料及加工|新材料,中国|湖南省|株洲市,创业投资,扩张期,2021-01-18,RMB,--,--,--,11.39,B,肖群,175.59,27.17,--,制造业|化学原料及化学制品制造业,制造业|石油、化学、塑胶、塑料|化学原料及化学制品制造业,--,2021.xls,0,2021,湖南省,制造业,化学原料及化学制品制造业,0.4994562946453602,1.8208338082422204,-3.722104999158957,-0.9923660984020184,a
郑州国投资产【郑州重点产业知识产权运营基金】,郑州市国投资产管理有限公司【郑州高新产业知识产权运营基金（有限合伙）】,郑州国投资产,郑州市国投资产管理有限公司,--,--,郑州重点产业知识产权运营基金,郑州高新产业知识产权运营基金（有限合伙）,泛锐熠辉,巩义市泛锐熠辉复合材料有限公司,新材料，碳纤维，生产制造，材料，复合材料，塑料制品，陶瓷，建筑，环保设备，仪器设备，模具，综合性软件，建筑原料，节能环保，金属制品，塑料,化工原料及加工|新材料,中国|河南省|郑州市|巩义市,创业投资,扩张期,2021-01-19,RMB,--,--,--,3.62,B+,--,--,--,--,制造业|化学原料及化学制品制造业,制造业|石油、化学、塑胶、塑料|化学原料及化学制品制造业,--,2021.xls,1,2021,河南省,制造业,化学原料及化学制品制造业,0.4994562946453602,1.8208338082422204,-3.722104999158957,-0.9923660984020184,a
汉江资本【樊城区襄江产业基金】,襄阳汉江资本投资管理有限公司【襄阳樊城区汉江新动能产业基金合伙企业（有限合伙）】,汉江资本,襄阳汉江资本投资管理有限公司,--,--,樊城区襄江产业基金,襄阳樊城区汉江新动能产业基金合伙企业（有限合伙）,金环新材,湖北金环新材料科技有限公司,生产制造，化工,化工原料及加工|新材料,中国|湖北省|襄阳市,战略投资,扩张期,2021-11-26,RMB,30.00,30.00,4.69,--,战略投资,--,--,--,--,制造业|化学原料及化学制品制造业,制造业|石油、化学、塑胶、塑料|化学原料及化学制品制造业,--,2021.xls,1,2021,湖北省,制造业,化学原料及化学制品制造业,0.4994562946453602,1.8208338082422204,-3.722104999158957,-0.9923660984020184,a
君和资本【上海申创股权基金】,君和资本【上海申创股权投资基金合伙企业（有限合伙）】,上海君和立成投资,上海君和立成投资管理中心（有限合伙）,君和资本,君和资本,上海申创股权基金,上海申创股权投资基金合伙企业（有限合伙）,福莱特,福莱特玻璃集团股份有限公司,生产制造，玻璃,清洁技术|新材料,中国|浙江省|嘉兴市,上市定增,成熟期,2021-01-19,RMB,100.00,100.00,15.42,0.16,上市定增,--,"63,099.44","9,730.81",--,制造业|化学原料及化学制品制造业,制造业|石油、化学、塑胶、塑料|化学原料及化学制品制造业,香港证券交易所主板，上海证券交易所主板,2021.xls,0,2021,浙江省,制造业,化学原料及化学制品制造业,0.4994562946453602,1.8208338082422204,-3.722104999158957,-0.9923660984020184,a
力合科创集团【力合新能源创投】,力合科创集团有限公司【深圳力合新能源创业投资基金有限公司】,力合科创,深圳市力合科创基金管理有限公司,力合创投,深圳市力合创业投资有限公司,力合新能源创投,深圳力合新能源创业投资基金有限公司,信汇生物,北京信汇生物能源科技有限公司,生产制造，物业管理，金融，化工,化工原料及加工,中国|北京市,--,扩张期,2014-12-01,RMB,--,--,--,4.00,--,--,--,--,--,制造业|化学原料及化学制品制造业,制造业|石油、化学、塑胶、塑料,--,2013-2014.xls,0,2014,北京市,制造业,化学原料及化学制品制造业,0.4994562946453602,1.8208338082422204,-3.722104999158957,-0.9923660984020184,a
前海方舟【中原前海母基金】,前海方舟资产管理有限公司【中原前海股权投资基金（有限合伙）】,前海方舟,前海方舟资产管理有限公司,--,--,中原前海母基金,中原前海股权投资基金（有限合伙）,聚仁化工,湖南聚仁化工新材料科技有限公司,新材料，生产制造,化工原料及加工|新材料,中国|湖南省|岳阳市,成长资本,扩张期,2021-02-02,RMB,--,--,--,--,C,--,--,--,--,制造业|化学原料及化学制品制造业,制造业|石油、化学、塑胶、塑料|化学原料及化学制品制造业,--,2021.xls,0,2021,湖南省,制造业,化学原料及化学制品制造业,0.4994562946453602,1.8208338082422204,-3.722104999158957,-0.9923660984020184,a
科创文华【北京科创文华】,北京科创文华投资管理有限公司【北京科创文华创业投资中心（有限合伙）】,科创文华,北京科创文华投资管理有限公司,--,--,北京科创文华,北京科创文华创业投资中心（有限合伙）,联科科技,山东联科科技股份有限公司,化工，环保材料,化工原料及加工|其他化工原料及加工,中国|山东省|潍坊市|青州市,创业投资,成熟期,2019-02-26,RMB,19.80,19.80,2.96,2.26,A,--,877.83,131.11,--,制造业|化学原料及化学制品制造业,制造业|石油、化学、塑胶、塑料|化学原料及化学制品制造业,深圳证券交易所主板,2019.xls,0,2019,山东省,制造业,化学原料及化学制品制造业,0.4994562946453602,1.8208338082422204,-3.722104999158957,-0.9923660984020184,a
合肥创新投【合肥市天使投资基金】,合肥市创新科技风险投资有限公司【合肥市天使投资基金有限公司】,合肥创新投,合肥市创新科技风险投资有限公司,--,--,合肥市天使投资基金,合肥市天使投资基金有限公司,启威生物,安徽启威生物科技有限公司,消费生活,化工原料及加工|日用化学,中国|安徽省|合肥市,创业投资,扩张期,2019-02-19,RMB,--,--,--,5.00,A,--,--,--,--,制造业|化学原料及化学制品制造业|日用化学产品制造,制造业|石油、化学、塑胶、塑料|化学原料及化学制品制造业|日用化学产品制造业,--,2019.xls,1,2019,安徽省,制造业,化学原料及化学制品制造业,0.4994562946453602,1.8208338082422204,-3.722104999158957,-0.9923660984020184,a
余杭国投【余杭区产业发展引导基金】,杭州余杭国有资本投资运营集团有限公司【杭州余杭产业基金有限公司】,余杭国投,杭州余杭国有资本投资运营集团有限公司,--,--,余杭区产业发展引导基金,杭州余杭产业基金有限公司,南晶玻璃,浙江南晶玻璃科技股份有限公司,生产制造，材料，玻璃,化工原料及加工|其他化工原料及加工,中国|浙江省|杭州市,创业投资,成熟期,2021-01-21,RMB,--,--,--,15.09,A,--,--,--,--,制造业|化学原料及化学制品制造业,制造业|石油、化学、塑胶、塑料|化学原料及化学制品制造业,全国中小企业股份转让系统(新三板),2021.xls,0,2021,浙江省,制造业,化学原料及化学制品制造业,0.4994562946453602,1.8208338082422204,-3.722104999158957,-0.9923660984020184,a
金镒资本【珠海金镒铭基金】,金镒（珠海）股权投资管理有限公司【珠海金镒铭股权投资基金合伙企业（有限合伙）】,金镒资本,金镒（珠海）股权投资管理有限公司,--,--,珠海金镒铭基金,珠海金镒铭股权投资基金合伙企业（有限合伙）,华熙生物,华熙生物科技股份有限公司,医疗健康，生产制造，材料,化工原料及加工|日用化学,中国|山东省|济南市,并购投资,成熟期,2019-02-14,RMB,150.00,150.00,22.14,1.00,其他,--,"15,054.10","2,222.20",--,制造业|化学原料及化学制品制造业|日用化学产品制造,制造业|石油、化学、塑胶、塑料|化学原料及化学制品制造业|日用化学产品制造业,上海证券交易所科创板,2019.xls,0,2019,山东省,制造业,化学原料及化学制品制造业,0.4994562946453602,1.8208338082422204,-3.722104999158957,-0.9923660984020184,a
国开金融【国开制造业转型升级基金】,国开金融有限责任公司【国开制造业转型升级基金（有限合伙）】,国开投资,国开投资基金管理有限责任公司,国开金融,国开金融有限责任公司,国开制造业转型升级基金,国开制造业转型升级基金（有限合伙）,华鑫新材,株洲时代华鑫新材料技术有限公司,新材料，生产制造，材料，绝缘材料,化工原料及加工|新材料,中国|湖南省|株洲市,天使投资,初创期,2021-01-21,RMB,--,--,--,--,天使轮,--,--,--,--,制造业|化学原料及化学制品制造业,制造业|石油、化学、塑胶、塑料|化学原料及化学制品制造业,--,2021.xls,0,2021,湖南省,制造业,化学原料及化学制品制造业,0.4994562946453602,1.8208338082422204,-3.722104999158957,-0.9923660984020184,a
毅达资本【江苏中小企业发展基金】,江苏毅达股权投资基金管理有限公司【江苏中小企业发展基金（有限合伙）】,毅达资本,江苏毅达股权投资基金管理有限公司,--,--,江苏中小企业发展基金,江苏中小企业发展基金（有限合伙）,泰特尔,江苏泰特尔新材料科技股份有限公司,生产制造，精细化工，化工,化工原料及加工|新材料,中国|江苏省|泰州市,创业投资,成熟期,2019-02-11,RMB,--,--,--,4.76,A,--,--,--,--,制造业|化学原料及化学制品制造业,制造业|石油、化学、塑胶、塑料|化学原料及化学制品制造业,--,2019.xls,0,2019,江苏省,制造业,化学原料及化学制品制造业,0.4994562946453602,1.8208338082422204,-3.722104999158957,-0.9923660984020184,a
兴陇基金【甘肃省兰州新区产业投资基金】,甘肃兴陇基金管理有限公司【甘肃省兰州新区绿色产业投资基金合伙企业（有限合伙）】,兴陇基金,甘肃兴陇基金管理有限公司,--,--,甘肃省兰州新区产业投资基金,甘肃省兰州新区绿色产业投资基金合伙企业（有限合伙）,智鹏科技,甘肃智鹏科技有限公司,消费生活，化工，危险化学品，化工原料,化工原料及加工|化工原料生产,中国|甘肃省|兰州市|永登县,创业投资,初创期,2021-01-21,RMB,--,--,--,--,A,--,--,--,--,制造业|化学原料及化学制品制造业|基础化学原料制造,制造业|石油、化学、塑胶、塑料,--,2021.xls,1,2021,甘肃省,制造业,化学原料及化学制品制造业,0.4994562946453602,1.8208338082422204,-3.722104999158957,-0.9923660984020184,a
合肥创新投【合肥市天使投资基金】,合肥市创新科技风险投资有限公司【合肥市天使投资基金有限公司】,合肥创新投,合肥市创新科技风险投资有限公司,--,--,合肥市天使投资基金,合肥市天使投资基金有限公司,屹珹材料,安徽屹珹新材料科技有限公司,新材料，生产制造，材料，复合材料，医用膜材料,清洁技术|新材料,中国|安徽省|合肥市,创业投资,初创期,2019-01-31,RMB,--,--,--,6.49,A,--,--,--,--,制造业|化学原料及化学制品制造业,制造业|石油、化学、塑胶、塑料|化学原料及化学制品制造业,--,2019.xls,1,2019,安徽省,制造业,化学原料及化学制品制造业,0.4994562946453602,1.8208338082422204,-3.722104999158957,-0.9923660984020184,a
中芯聚源【聚源聚芯集成电路基金】,中芯聚源股权投资管理（上海）有限公司【上海聚源聚芯集成电路产业股权投资基金中心（有限合伙）】,中芯聚源,中芯聚源股权投资管理（上海）有限公司,--,--,聚源聚芯集成电路基金,上海聚源聚芯集成电路产业股权投资基金中心（有限合伙）,天奈科技,江苏天奈科技股份有限公司,新材料，生产制造，材料,化工原料及加工|新材料,中国|江苏省|镇江市,--,扩张期,2019-01-25,RMB,21.80,21.80,3.33,1.36,其他,孙玉望,"1,599.84",235.48,--,制造业|化学原料及化学制品制造业,制造业|石油、化学、塑胶、塑料|化学原料及化学制品制造业,上海证券交易所科创板,2019.xls,0,2019,江苏省,制造业,化学原料及化学制品制造业,0.4994562946453602,1.8208338082422204,-3.722104999158957,-0.9923660984020184,a
金浦投资【上海金浦并购基金】,金浦产业投资基金管理有限公司【上海金浦国调并购股权投资基金合伙企业（有限合伙）】,上海金浦创新投资,上海金浦创新股权投资管理有限公司,金浦投资,金浦产业投资基金管理有限公司,上海金浦并购基金,上海金浦国调并购股权投资基金合伙企业（有限合伙）,恒兴新材,江苏恒兴新材料科技股份有限公司,生产制造，化工，化工原料，新材料,化工原料及加工|新材料,中国|江苏省|无锡市|宜兴市,成长资本,成熟期,2019-01-25,RMB,60.00,60.00,8.58,7.69,A,--,780.78,114.92,--,制造业|化学原料及化学制品制造业,制造业|石油、化学、塑胶、塑料|化学原料及化学制品制造业,--,2019.xls,0,2019,江苏省,制造业,化学原料及化学制品制造业,0.4994562946453602,1.8208338082422204,-3.722104999158957,-0.9923660984020184,a
优势资本【瑞兴于经济带发展基金】,优势资本【瑞金市瑞兴于经济带发展基金（有限合伙）】,优势金控（上海）资产,优势金控（上海）资产管理有限公司,--,--,瑞兴于经济带发展基金,瑞金市瑞兴于经济带发展基金（有限合伙）,赣悦新材,江西赣悦新材料有限公司,新材料，新能源，太阳能光伏，太阳能，玻璃，材料,化工原料及加工|新材料,中国|江西省|赣州市|定南县,战略投资,初创期,2021-01-25,RMB,10.00,10.00,1.46,--,战略投资,--,--,--,--,制造业|化学原料及化学制品制造业,制造业|石油、化学、塑胶、塑料|化学原料及化学制品制造业,--,2021.xls,1,2021,江西省,制造业,化学原料及化学制品制造业,0.4994562946453602,1.8208338082422204,-3.722104999158957,-0.9923660984020184,a
银河投资【吉林省银河生物产业创业投资基金】,中国银河投资管理有限公司【吉林省银河生物产业创业投资基金合伙企业（有限合伙）】,银河吉星创投,北京银河吉星创业投资有限责任公司,银河投资,中国银河投资管理有限公司,吉林省银河生物产业创业投资基金,吉林省银河生物产业创业投资基金合伙企业（有限合伙）,格兰尼,福建省格兰尼生物工程股份有限公司,生产制造，生物工程,化工原料及加工|化工原料生产,中国|福建省|龙岩市,新三板定增,扩张期,2019-01-22,RMB,30.00,30.00,4.57,4.57,新三板定增,--,656.46,96.75,--,制造业|化学原料及化学制品制造业|基础化学原料制造,制造业|石油、化学、塑胶、塑料,全国中小企业股份转让系统(新三板),2019.xls,0,2019,福建省,制造业,化学原料及化学制品制造业,0.4994562946453602,1.8208338082422204,-3.722104999158957,-0.9923660984020184,a
合肥高投【合肥新兴产业创业投资】,合肥高新创业投资管理合伙企业（有限合伙）【合肥新兴产业创业投资合伙企业（有限合伙）】,合肥高投,合肥高新创业投资管理合伙企业（有限合伙）,--,--,合肥新兴产业创业投资,合肥新兴产业创业投资合伙企业（有限合伙）,微晶科技,合肥微晶材料科技有限公司,新材料，企业服务，生产制造，材料，量子材料，石墨烯，咨询服务，膜材料，石墨烯薄膜,化工原料及加工|新材料,中国|安徽省|合肥市,天使投资,扩张期,2021-01-27,RMB,--,--,--,5.15,Pre-A,--,--,--,--,制造业|化学原料及化学制品制造业,制造业|石油、化学、塑胶、塑料|化学原料及化学制品制造业,--,2021.xls,1,2021,安徽省,制造业,化学原料及化学制品制造业,0.4994562946453602,1.8208338082422204,-3.722104999158957,-0.9923660984020184,a
榆煤基金【榆林煤炭资源转化引导基金】,榆林市煤炭转化基金投资管理有限公司【榆林市煤炭资源转化引导基金合伙企业（有限合伙）】,榆煤基金,榆林市煤炭转化基金投资管理有限公司,--,--,榆林煤炭资源转化引导基金,榆林市煤炭资源转化引导基金合伙企业（有限合伙）,三精科技,咸阳三精科技股份有限公司,生产制造，橡胶，精细化工,化工原料及加工|新材料,中国|陕西省|咸阳市,天使投资,成熟期,2019-01-16,RMB,--,--,--,--,Pre-A,--,--,--,--,制造业|化学原料及化学制品制造业,制造业|石油、化学、塑胶、塑料|化学原料及化学制品制造业,全国中小企业股份转让系统(新三板),2019.xls,1,2019,陕西省,制造业,化学原料及化学制品制造业,0.4994562946453602,1.8208338082422204,-3.722104999158957,-0.9923660984020184,a
青枫投资管理【幸汇云峰基金】,常州青枫股权投资管理有限公司【常州幸汇云峰产业投资基金中心（有限合伙）】,青枫投资管理,常州青枫股权投资管理有限公司,--,--,幸汇云峰基金,常州幸汇云峰产业投资基金中心（有限合伙）,泰瑞新材,江苏宝坤新材料科技股份有限公司,新材料，生产制造，材料,清洁技术|新材料,中国|江苏省|常州市,新三板定增,扩张期,2019-02-22,RMB,12.00,12.00,1.79,10.00,新三板定增,--,120.00,17.87,--,制造业|化学原料及化学制品制造业,制造业|石油、化学、塑胶、塑料|化学原料及化学制品制造业,全国中小企业股份转让系统(新三板),2019.xls,0,2019,江苏省,制造业,化学原料及化学制品制造业,0.4994562946453602,1.8208338082422204,-3.722104999158957,-0.9923660984020184,a
毅达资本【泰州市转型升级产业基金】,江苏毅达股权投资基金管理有限公司【泰州市转型升级产业投资基金（有限合伙）】,南京毅达投资,南京毅达股权投资管理企业（有限合伙）,毅达资本,江苏毅达股权投资基金管理有限公司,泰州市转型升级产业基金,泰州市转型升级产业投资基金（有限合伙）,华盛锂电,江苏华盛锂电材料股份有限公司,锂电池，电池电解液,化工原料及加工|化工原料生产,中国|江苏省|苏州市,创业投资,成熟期,2020-12-16,RMB,12.00,12.00,1.67,1.00,老股权转让,应文禄,"1,200.57",183.81,--,制造业|化学原料及化学制品制造业|基础化学原料制造,制造业|石油、化学、塑胶、塑料,上海证券交易所科创板,2020.xls,1,2020,江苏省,制造业,化学原料及化学制品制造业,0.4994562946453602,1.8208338082422204,-3.722104999158957,-0.9923660984020184,a
中启资本【中启洞鉴投资基金】,中启私募基金管理（海南）有限公司【湖南中启洞鉴私募股权投资合伙企业（有限合伙）】,中启资本,中启私募基金管理（海南）有限公司,--,--,中启洞鉴投资基金,湖南中启洞鉴私募股权投资合伙企业（有限合伙）,蓝启新材料,湖南蓝启新材料有限公司,新材料，农业，生产制造，材料,化工原料及加工|新材料,中国|湖南省|长沙市,创业投资,种子期,2019-08-27,RMB,--,--,--,49.00,A,--,122.45,17.29,--,制造业|化学原料及化学制品制造业,制造业|石油、化学、塑胶、塑料|化学原料及化学制品制造业,--,2019.xls,0,2019,湖南省,制造业,化学原料及化学制品制造业,0.4994562946453602,1.8208338082422204,-3.722104999158957,-0.9923660984020184,a
沃衍资本【沃衍资本创投三期基金】,北京沃衍资本管理中心（有限合伙）【福州嘉衍创业投资合伙企业（有限合伙）】,沃衍资本,北京沃衍资本管理中心（有限合伙）,--,--,沃衍资本创投三期基金,福州嘉衍创业投资合伙企业（有限合伙）,汉韦聚合物,常州汉韦聚合物有限公司,新材料，塑料，太阳能，太阳能光伏，光伏膜，太阳能组件,化工原料及加工|新材料,中国|江苏省|常州市|天宁区,成长资本,初创期,2021-12-07,RMB,100.00,100.00,15.69,9.09,A,丁哲波,"1,100.11",172.60,--,制造业|化学原料及化学制品制造业,制造业|石油、化学、塑胶、塑料|化学原料及化学制品制造业,--,2021.xls,0,2021,江苏省,制造业,化学原料及化学制品制造业,0.4994562946453602,1.8208338082422204,-3.722104999158957,-0.9923660984020184,a
国晟资本【宿迁市产业发展基金】,国晟众城（江苏）创业投资有限公司【宿迁市产业发展基金（有限合伙）】,国晟资本,国晟众城（江苏）创业投资有限公司,--,--,宿迁市产业发展基金,宿迁市产业发展基金（有限合伙）,苏讯新材,江苏苏讯新材料科技股份有限公司,新材料，生产制造，铁，金属制品，钢材,化工原料及加工|新材料,中国|江苏省|宿迁市,创业投资,成熟期,2020-03-27,RMB,--,--,--,13.51,A,--,--,--,--,制造业|化学原料及化学制品制造业,制造业|石油、化学、塑胶、塑料|化学原料及化学制品制造业,--,2020.xls,1,2020,江苏省,制造业,化学原料及化学制品制造业,0.4994562946453602,1.8208338082422204,-3.722104999158957,-0.9923660984020184,a
长石资本【劲石基金】,上海长郢石私募基金管理有限公司【东莞长劲石股权投资合伙企业（有限合伙）】,长石创投,广东长石创业投资合伙企业（有限合伙）,长石资本,上海长郢石私募基金管理有限公司,劲石基金,东莞长劲石股权投资合伙企业（有限合伙）,赐彩新材,江西赐彩新材料股份有限公司,环保材料，技术研发,化工原料及加工|新材料,中国|江西省|赣州市|定南县,成长资本,成熟期,2020-03-26,RMB,--,--,--,3.00,老股权转让,汪恭彬,500.00,70.68,--,制造业|化学原料及化学制品制造业,制造业|石油、化学、塑胶、塑料|化学原料及化学制品制造业,--,2020.xls,0,2020,江西省,制造业,化学原料及化学制品制造业,0.4994562946453602,1.8208338082422204,-3.722104999158957,-0.9923660984020184,a
达晨财智【达晨创通基金】,达晨财智【深圳市达晨创通股权投资企业（有限合伙）】,达晨财智,深圳市达晨财智创业投资管理有限公司,--,--,达晨创通基金,深圳市达晨创通股权投资企业（有限合伙）,天加新材,天加新材料集团股份有限公司,新材料，生产制造，材料，塑料,化工原料及加工|新材料,中国|江苏省|苏州市,新三板定增,成熟期,2020-09-17,RMB,40.00,40.00,5.90,15.70,新三板定增,--,254.81,37.57,--,制造业|化学原料及化学制品制造业,制造业|石油、化学、塑胶、塑料|化学原料及化学制品制造业,全国中小企业股份转让系统(新三板),2020.xls,0,2020,江苏省,制造业,化学原料及化学制品制造业,0.4994562946453602,1.8208338082422204,-3.722104999158957,-0.9923660984020184,a
接力基金【上海大学生创投】,接力基金【上海大学生创业投资有限公司】,新中欧创投,上海新中欧创业投资管理有限公司,--,--,上海大学生创投,上海大学生创业投资有限公司,泰坦科技,上海泰坦科技股份有限公司,新材料，企业服务，医药，生产制造，物流服务,化工原料及加工|化工原料生产,中国|上海市|徐汇区,创业投资,初创期,2010-01-13,RMB,1.50,1.50,0.22,18.75,A,--,8.00,1.17,--,制造业|化学原料及化学制品制造业|基础化学原料制造,制造业|石油、化学、塑胶、塑料,上海证券交易所科创板，全国中小企业股份转让系统(新三板),2000-2012.xls,0,2010,上海市,制造业,化学原料及化学制品制造业,0.4994562946453602,1.8208338082422204,-3.722104999158957,-0.9923660984020184,a
黑龙江大正德润投资【黑龙江农业基金】,黑龙江省大正德润投资管理有限公司【黑龙江省现代农业基金（有限合伙）】,黑龙江大正德润投资,黑龙江省大正德润投资管理有限公司,--,--,黑龙江农业基金,黑龙江省现代农业基金（有限合伙）,中农控股,中农集团控股股份有限公司,农业，生产制造，贸易服务，化工，化肥农药，农业生产,化工原料及加工|农药及肥料,中国|北京市|西城区,创业投资,种子期,2010-04-16,RMB,--,--,--,--,A,--,"1,200.42",175.86,--,制造业|化学原料及化学制品制造业,制造业|石油、化学、塑胶、塑料|化学原料及化学制品制造业,--,2000-2012.xls,1,2010,北京市,制造业,化学原料及化学制品制造业,0.4994562946453602,1.8208338082422204,-3.722104999158957,-0.9923660984020184,a
紫金科创【南京市新兴产业发展基金】,南京紫金科技创业投资有限公司【南京市产业发展基金有限公司】,南京紫金创投,南京紫金创投基金管理有限责任公司,紫金科创,南京紫金科技创业投资有限公司,南京市新兴产业发展基金,南京市产业发展基金有限公司,艾津农化,江苏艾津作物科技集团有限公司,农业，化肥农药,化工原料及加工|农药及肥料,中国|江苏省|南京市|六合区,天使投资,成熟期,2021-12-24,RMB,--,--,--,--,天使轮,--,--,--,--,制造业|化学原料及化学制品制造业,制造业|石油、化学、塑胶、塑料|化学原料及化学制品制造业,--,2021.xls,1,2021,江苏省,制造业,化学原料及化学制品制造业,0.4994562946453602,1.8208338082422204,-3.722104999158957,-0.9923660984020184,a
国中资本【深圳国中中小企业发展私募股权投资基金】,国中资本【深圳国中中小企业发展私募股权投资基金合伙企业（有限合伙）】,国中创投,深圳国中创业投资管理有限公司,--,--,深圳国中中小企业发展私募股权投资基金,深圳国中中小企业发展私募股权投资基金合伙企业（有限合伙）,凯德石英,北京凯德石英股份有限公司,生产制造，化工,化工原料及加工|新材料,中国|北京市|通州区,新三板定增,成熟期,2020-09-21,RMB,10.40,10.40,1.46,1.33,新三板定增,--,780.02,115.40,--,制造业|化学原料及化学制品制造业,制造业|石油、化学、塑胶、塑料|化学原料及化学制品制造业,北京证券交易所，全国中小企业股份转让系统(新三板),2020.xls,0,2020,北京市,制造业,化学原料及化学制品制造业,0.4994562946453602,1.8208338082422204,-3.722104999158957,-0.9923660984020184,a
珠海高科创投【珠海高新天使创业投资】,珠海高科金投创业投资管理有限公司【珠海高新天使创业投资有限公司】,珠海高科创投,珠海高科金投创业投资管理有限公司,--,--,珠海高新天使创业投资,珠海高新天使创业投资有限公司,亿特立新材料,珠海亿特立新材料有限公司,新材料，材料，复合材料，陶瓷，电子封装材料,化工原料及加工|新材料,中国|广东省|珠海市|香洲区,创业投资,种子期,2020-03-18,RMB,--,--,--,--,A,--,--,--,--,制造业|化学原料及化学制品制造业,制造业|石油、化学、塑胶、塑料|化学原料及化学制品制造业,--,2020.xls,1,2020,广东省,制造业,化学原料及化学制品制造业,0.4994562946453602,1.8208338082422204,-3.722104999158957,-0.9923660984020184,a
中冀投资【中冀新材料创投基金】,中冀投资股份有限公司【辽宁中冀新材料创业投资合伙企业（有限合伙）】,中冀普银,天津中冀普银股权投资基金管理有限公司,中冀投资,中冀投资股份有限公司,中冀新材料创投基金,辽宁中冀新材料创业投资合伙企业（有限合伙）,鲁北化工,山东鲁北化工股份有限公司,农业，生产制造，化工,化工原料及加工|化工原料生产,中国|山东省|滨州市,上市定增,成熟期,2020-09-23,RMB,40.00,40.00,5.89,1.22,上市定增,--,"3,271.95",482.08,13.55,制造业|化学原料及化学制品制造业|基础化学原料制造,制造业|石油、化学、塑胶、塑料,上海证券交易所主板,2020.xls,0,2020,山东省,制造业,化学原料及化学制品制造业,0.4994562946453602,1.8208338082422204,-3.722104999158957,-0.9923660984020184,a
慧眼投资【慧眼投资】,上海慧眼投资管理有限公司【上海慧眼投资中心（有限合伙）】,慧眼投资,上海慧眼投资管理有限公司,--,--,慧眼投资,上海慧眼投资中心（有限合伙）,纳尔股份,上海纳尔实业股份有限公司,生产制造，材料,化工原料及加工|新材料,中国|上海市|浦东新区,--,扩张期,2010-06-11,RMB,9.25,9.25,1.35,4.83,A,--,191.51,28.05,--,制造业|化学原料及化学制品制造业,制造业|石油、化学、塑胶、塑料|化学原料及化学制品制造业,深圳证券交易所主板,2000-2012.xls,0,2010,上海市,制造业,化学原料及化学制品制造业,0.4994562946453602,1.8208338082422204,-3.722104999158957,-0.9923660984020184,a
余杭国投【余杭区产业发展引导基金】,杭州余杭国有资本投资运营集团有限公司【杭州余杭产业基金有限公司】,余杭国投,杭州余杭国有资本投资运营集团有限公司,--,--,余杭区产业发展引导基金,杭州余杭产业基金有限公司,超探新材,杭州超探新材料科技有限公司,新材料，碳纤维，材料，石墨烯，碳材料,化工原料及加工|新材料,中国|浙江省|杭州市,创业投资,扩张期,2020-03-06,RMB,--,--,--,2.78,Pre-A,--,--,--,--,制造业|化学原料及化学制品制造业,制造业|石油、化学、塑胶、塑料|化学原料及化学制品制造业,--,2020.xls,0,2020,浙江省,制造业,化学原料及化学制品制造业,0.4994562946453602,1.8208338082422204,-3.722104999158957,-0.9923660984020184,a
晨道投资【长江晨道基金】,宁波梅山保税港区晨道投资合伙企业（有限合伙）【长江晨道（湖北）新能源产业投资合伙企业（有限合伙）】,晨道投资,宁波梅山保税港区晨道投资合伙企业（有限合伙）,--,--,长江晨道基金,长江晨道（湖北）新能源产业投资合伙企业（有限合伙）,金杨股份,无锡市金杨新材料股份有限公司,新材料，生产制造，锂电池膜，机体结构件，锂电池，材料,化工原料及加工|新材料,中国|江苏省|无锡市,成长资本,成熟期,2020-09-27,RMB,45.49,45.49,6.30,4.46,Pre-IPO,--,"1,020.19",149.76,--,制造业|化学原料及化学制品制造业,制造业|石油、化学、塑胶、塑料|化学原料及化学制品制造业,深圳证券交易所创业板,2020.xls,0,2020,江苏省,制造业,化学原料及化学制品制造业,0.4994562946453602,1.8208338082422204,-3.722104999158957,-0.9923660984020184,a
毅达资本【江苏中小企业发展基金】,江苏毅达股权投资基金管理有限公司【江苏中小企业发展基金（有限合伙）】,毅达资本,江苏毅达股权投资基金管理有限公司,--,--,江苏中小企业发展基金,江苏中小企业发展基金（有限合伙）,瑞华技术,常州瑞华化工工程技术股份有限公司,生产制造，化工，石油化工，石油，化工燃料,化工原料及加工|其他化工原料及加工,中国|江苏省|常州市,新三板定增,成熟期,2020-09-29,RMB,20.00,20.00,2.93,0.03,新三板定增,--,"59,173.81","8,669.90",--,制造业|化学原料及化学制品制造业,制造业|石油、化学、塑胶、塑料|化学原料及化学制品制造业,全国中小企业股份转让系统(新三板),2020.xls,0,2020,江苏省,制造业,化学原料及化学制品制造业,0.4994562946453602,1.8208338082422204,-3.722104999158957,-0.9923660984020184,a
苏民投【苏民投睿晟基金】,江苏民营投资控股有限公司【南京苏民投睿晟股权投资合伙企业（有限合伙）】,苏民投资无锡,苏民投资管理无锡有限公司,苏民投,江苏民营投资控股有限公司,苏民投睿晟基金,南京苏民投睿晟股权投资合伙企业（有限合伙）,海科新源,山东海科新源材料科技股份有限公司,新能源汽车，生产制造，锂电池,化工原料及加工|其他化工原料及加工,中国|山东省|东营市,成长资本,成熟期,2020-09-16,RMB,50.00,50.00,7.01,1.71,A,--,"2,924.97",428.74,--,制造业|化学原料及化学制品制造业,制造业|石油、化学、塑胶、塑料|化学原料及化学制品制造业,深圳证券交易所创业板,2020.xls,0,2020,山东省,制造业,化学原料及化学制品制造业,0.4994562946453602,1.8208338082422204,-3.722104999158957,-0.9923660984020184,a
深创投【吉林红土创投】,深圳市创新投资集团有限公司【吉林省红土创业投资有限公司】,深创投红土股权投资,深创投红土私募股权投资基金管理（深圳）有限公司,深创投,深圳市创新投资集团有限公司,吉林红土创投,吉林省红土创业投资有限公司,科龙建筑,吉林科龙建筑节能科技股份有限公司,节能环保，生产制造，建筑,清洁技术|新材料,中国|吉林省|吉林市,创业投资,成熟期,2010-09-01,RMB,--,--,--,--,A,李守宇,--,--,--,制造业|化学原料及化学制品制造业,制造业|石油、化学、塑胶、塑料|化学原料及化学制品制造业,--,2000-2012.xls,0,2010,吉林省,制造业,化学原料及化学制品制造业,0.4994562946453602,1.8208338082422204,-3.722104999158957,-0.9923660984020184,a
中芯聚源【聚源中小企业发展创业投资基金（绍兴）】,中芯聚源股权投资管理（上海）有限公司【聚源中小企业发展创业投资基金（绍兴）合伙企业（有限合伙）】,中芯聚源投资,中芯聚源股权投资管理（天津）合伙企业（有限合伙）,中芯聚源,中芯聚源股权投资管理（上海）有限公司,聚源中小企业发展创业投资基金（绍兴）,聚源中小企业发展创业投资基金（绍兴）合伙企业（有限合伙）,先普气体,上海先普气体技术有限公司,生产制造，光电，化工,化工原料及加工|化工原料生产,中国|上海市|闵行区,创业投资,扩张期,2021-12-22,RMB,--,--,--,8.16,A,孙玉望,392.16,61.56,--,制造业|化学原料及化学制品制造业|基础化学原料制造,制造业|石油、化学、塑胶、塑料,--,2021.xls,0,2021,上海市,制造业,化学原料及化学制品制造业,0.4994562946453602,1.8208338082422204,-3.722104999158957,-0.9923660984020184,a
雷石投资【深圳市龙岗区雷石诚泰创业投资基金】,天津雷石泰合股权投资基金管理合伙企业（有限合伙）【深圳市龙岗区雷石诚泰创业投资基金合伙企业（有限合伙）】,雷石瑞鸿投资,深圳市龙岗区雷石瑞鸿股权投资管理合伙企业（有限合伙）,雷石投资,天津雷石泰合股权投资基金管理合伙企业（有限合伙）,深圳市龙岗区雷石诚泰创业投资基金,深圳市龙岗区雷石诚泰创业投资基金合伙企业（有限合伙）,三义高科,陕西三义高科石墨新材料有限公司,新材料，负极材料,清洁技术|新材料,中国|陕西省|宝鸡市,成长资本,初创期,2020-09-30,RMB,--,--,--,9.09,A,--,660.07,100.95,--,制造业|化学原料及化学制品制造业,制造业|石油、化学、塑胶、塑料|化学原料及化学制品制造业,--,2020.xls,0,2020,陕西省,制造业,化学原料及化学制品制造业,0.4994562946453602,1.8208338082422204,-3.722104999158957,-0.9923660984020184,a
广发信德【广州信德创业营基金】（领投）,广发信德投资管理有限公司【广州信德创业营股权投资合伙企业（有限合伙）】（领投）,广发信德,广发信德投资管理有限公司,--,--,广州信德创业营基金,广州信德创业营股权投资合伙企业（有限合伙）,漫仕,深圳蔓狮科技有限公司,医疗健康，健康管理，数字信息,化工原料及加工|日用化学,中国|广东省|深圳市,天使投资,种子期,2020-02-10,RMB,13.25,13.25,1.90,2.76,天使轮,--,--,--,--,制造业|化学原料及化学制品制造业|日用化学产品制造,制造业|石油、化学、塑胶、塑料|化学原料及化学制品制造业|日用化学产品制造业,--,2020.xls,0,2020,广东省,制造业,化学原料及化学制品制造业,0.4994562946453602,1.8208338082422204,-3.722104999158957,-0.9923660984020184,a
瑞业投资【芜湖瑞业股权基金】,上海瑞业投资管理中心（有限合伙）【芜湖瑞业股权投资基金（有限合伙）】,瑞业投资,上海瑞业投资管理中心（有限合伙）,--,--,芜湖瑞业股权基金,芜湖瑞业股权投资基金（有限合伙）,美佳新材,安徽美佳新材料股份有限公司,新材料，生产制造，化工，电子封装材料，环保材料，环氧树脂,化工原料及加工|新材料,中国|安徽省|芜湖市,--,成熟期,2010-12-29,RMB,25.00,25.00,3.77,8.93,A,--,288.00,43.47,--,制造业|化学原料及化学制品制造业,制造业|石油、化学、塑胶、塑料|化学原料及化学制品制造业,全国中小企业股份转让系统(新三板),2000-2012.xls,0,2010,安徽省,制造业,化学原料及化学制品制造业,0.4994562946453602,1.8208338082422204,-3.722104999158957,-0.9923660984020184,a
共青城梵宇投资管理合伙企业（有限合伙）【合肥梵宇新兴产业创投基金】,共青城梵宇投资管理合伙企业（有限合伙）【合肥梵宇新兴产业创投基金合伙企业（有限合伙）】,共青城梵宇投资管理合伙企业（有限合伙）,共青城梵宇投资管理合伙企业（有限合伙）,--,--,合肥梵宇新兴产业创投基金,合肥梵宇新兴产业创投基金合伙企业（有限合伙）,凯盛新材,山东凯盛新材料股份有限公司,新材料，生产制造，化工，化工合成材料,化工原料及加工|新材料,中国|山东省|淄博市,成长资本,成熟期,2020-02-01,RMB,18.90,18.90,2.74,1.20,其他,--,"1,577.75",229.07,--,制造业|化学原料及化学制品制造业,制造业|石油、化学、塑胶、塑料|化学原料及化学制品制造业,深圳证券交易所创业板，全国中小企业股份转让系统(新三板),2020.xls,0,2020,山东省,制造业,化学原料及化学制品制造业,0.4994562946453602,1.8208338082422204,-3.722104999158957,-0.9923660984020184,a
天创资本【天以基金】,天津创业投资管理有限公司【天津天以生物医药股权投资基金有限公司】,天创资本,天津创业投资管理有限公司,--,--,天以基金,天津天以生物医药股权投资基金有限公司,兴柏生物工程,石家庄市兴柏生物工程有限公司,医药，农业，原料药，生产制造，兽药，医疗健康，化工，生物肥料,化工原料及加工|农药及肥料,中国|河北省|石家庄市,--,扩张期,2011-01-11,RMB,40.00(e),40.00(e),6.04(e),9.49,A,高哲铭,421.67,63.68,--,制造业|化学原料及化学制品制造业|肥料制造,制造业|石油、化学、塑胶、塑料|化学原料及化学制品制造业|化学肥料制造业,--,2000-2012.xls,0,2011,河北省,制造业,化学原料及化学制品制造业,0.4994562946453602,1.8208338082422204,-3.722104999158957,-0.9923660984020184,a
中金资本【中金启辰新兴产业股权投资基金】,中金资本运营有限公司【中金启辰（苏州）新兴产业股权投资基金合伙企业（有限合伙）】,中金资本,中金资本运营有限公司,--,--,中金启辰新兴产业股权投资基金,中金启辰（苏州）新兴产业股权投资基金合伙企业（有限合伙）,鲁信新材料,苏州鲁信新材料科技有限公司,3D打印，生产制造，仪器设备,清洁技术|新材料,中国|江苏省|苏州市,成长资本,扩张期,2020-01-21,RMB,70.00,70.00,10.79,13.46,B,--,520.31,75.84,--,制造业|化学原料及化学制品制造业,制造业|石油、化学、塑胶、塑料|化学原料及化学制品制造业,--,2020.xls,0,2020,江苏省,制造业,化学原料及化学制品制造业,0.4994562946453602,1.8208338082422204,-3.722104999158957,-0.9923660984020184,a
天创资本【天冀创投基金】,天津创业投资管理有限公司【河北天冀创业投资有限公司】,天创资本,天津创业投资管理有限公司,--,--,天冀创投基金,河北天冀创业投资有限公司,久日新材,天津久日新材料股份有限公司,新材料，生产制造，材料,化工原料及加工|新材料,中国|天津市|北辰区,--,成熟期,2011-01-30,RMB,10.01,10.01,1.52,6.56,A,--,152.63,23.15,--,制造业|化学原料及化学制品制造业,制造业|石油、化学、塑胶、塑料|化学原料及化学制品制造业,上海证券交易所科创板，全国中小企业股份转让系统(新三板),2000-2012.xls,0,2011,天津市,制造业,化学原料及化学制品制造业,0.4994562946453602,1.8208338082422204,-3.722104999158957,-0.9923660984020184,a
毅达资本【徐州高新创投基金】,江苏毅达股权投资基金管理有限公司【徐州高新创业投资有限公司】,南京毅达投资,南京毅达股权投资管理企业（有限合伙）,毅达资本,江苏毅达股权投资基金管理有限公司,徐州高新创投基金,徐州高新创业投资有限公司,斯尔克,徐州斯尔克纤维科技股份有限公司,生产制造，化学纤维,化工原料及加工|化工原料生产,中国|江苏省|徐州市,--,扩张期,2011-03-25,RMB,11.99,11.99,1.83,1.80,A,--,666.00,101.56,--,制造业|化学原料及化学制品制造业|基础化学原料制造,制造业|石油、化学、塑胶、塑料,全国中小企业股份转让系统(新三板),2000-2012.xls,1,2011,江苏省,制造业,化学原料及化学制品制造业,0.4994562946453602,1.8208338082422204,-3.722104999158957,-0.9923660984020184,a
毅达资本【江苏中小企业发展基金】,江苏毅达股权投资基金管理有限公司【江苏中小企业发展基金（有限合伙）】,毅达资本,江苏毅达股权投资基金管理有限公司,--,--,江苏中小企业发展基金,江苏中小企业发展基金（有限合伙）,鹏达环保,山东鹏达生态科技股份有限公司,新材料，农业，生产制造，材料,清洁技术|新材料,中国|山东省|淄博市,创业投资,扩张期,2020-01-08,RMB,70.00,70.00,10.08,3.06,A,--,"2,287.58",329.39,--,制造业|化学原料及化学制品制造业,制造业|石油、化学、塑胶、塑料|化学原料及化学制品制造业,--,2020.xls,0,2020,山东省,制造业,化学原料及化学制品制造业,0.4994562946453602,1.8208338082422204,-3.722104999158957,-0.9923660984020184,a
长江产业投资集团【湖北量科高投创业基金】,长江产业投资集团有限公司【湖北量科高投创业投资有限公司】,高晖创投,武汉高晖创投管理顾问有限公司,湖北高投集团,湖北省高新产业投资集团有限公司,湖北量科高投创业基金,湖北量科高投创业投资有限公司,光华伟业,深圳光华伟业股份有限公司,新材料，生产制造，材料，化工,化工原料及加工|化工原料生产,中国|广东省|深圳市,--,扩张期,2011-03-30,RMB,5.00,5.00,0.76,2.17,A,--,229.99,35.07,--,制造业|化学原料及化学制品制造业|基础化学原料制造,制造业|石油、化学、塑胶、塑料,全国中小企业股份转让系统(新三板),2000-2012.xls,0,2011,广东省,制造业,化学原料及化学制品制造业,0.4994562946453602,1.8208338082422204,-3.722104999158957,-0.9923660984020184,a
宁夏国投基金【宁夏政府产业引导基金】,宁夏国投基金管理有限公司【宁夏产业引导基金管理中心（有限公司）】,宁夏国投基金,宁夏国投基金管理有限公司,--,--,宁夏政府产业引导基金,宁夏产业引导基金管理中心（有限公司）,泰胜生物,宁夏泰胜生物科技有限公司,医疗健康，医药，原料药，生活消费品，化工，化肥农药，化学试剂，危险化学品，生物技术，仪器设备，五金配件，化妆品品牌,化工原料及加工|化工原料生产,中国|宁夏|银川市|灵武市,创业投资,初创期,2020-01-02,--,--,--,--,13.33,A,--,--,--,--,制造业|化学原料及化学制品制造业|基础化学原料制造,制造业|石油、化学、塑胶、塑料,--,2020.xls,1,2020,宁夏,制造业,化学原料及化学制品制造业,0.4994562946453602,1.8208338082422204,-3.722104999158957,-0.9923660984020184,a
华润资本【润科基金】,华润资本管理有限公司【润科（上海）股权投资基金合伙企业（有限合伙）】,深圳华润资本,深圳市华润资本股权投资有限公司,华润资本,华润资本管理有限公司,润科基金,润科（上海）股权投资基金合伙企业（有限合伙）,菲沃泰,江苏菲沃泰纳米科技股份有限公司,生产制造，垂直硬件，技术研发,化工原料及加工|新材料,中国|江苏省|无锡市|惠山区,成长资本,扩张期,2020-10-21,RMB,110.00,110.00,16.32,2.97,Pre-IPO,--,"3,766.48",564.48,--,制造业|化学原料及化学制品制造业,制造业|石油、化学、塑胶、塑料|化学原料及化学制品制造业,上海证券交易所科创板,2020.xls,0,2020,江苏省,制造业,化学原料及化学制品制造业,0.4994562946453602,1.8208338082422204,-3.722104999158957,-0.9923660984020184,a
中原联创【农开先进基金】,河南中原联创投资基金管理有限公司【河南农开先进制造业投资基金（有限合伙）】,中原联创,河南中原联创投资基金管理有限公司,--,--,农开先进基金,河南农开先进制造业投资基金（有限合伙）,银金达,河南银金达新材料股份有限公司,新材料，生产制造，材料,化工原料及加工|新材料,中国|河南省|新乡市|卫辉市,创业投资,种子期,2010-11-02,--,--,--,--,--,Pre-A,--,--,--,--,制造业|化学原料及化学制品制造业,制造业|石油、化学、塑胶、塑料|化学原料及化学制品制造业,--,2000-2012.xls,1,2010,河南省,制造业,化学原料及化学制品制造业,0.4994562946453602,1.8208338082422204,-3.722104999158957,-0.9923660984020184,a
国发创投【中鑫国发债转股基金】,苏州国发创业投资控股有限公司【中鑫国发（苏州）债转股股权投资企业（有限合伙）】,国发资产,苏州国发资产管理有限公司,国发创投,苏州国发创业投资控股有限公司,中鑫国发债转股基金,中鑫国发（苏州）债转股股权投资企业（有限合伙）,亨通光导新材料,江苏亨通光导新材料有限公司,新材料,清洁技术|新材料,中国|江苏省|苏州市,天使投资,扩张期,2019-12-27,RMB,40.00,40.00,5.89,0.57,Pre-A,--,"6,993.01","1,000.73",--,制造业|化学原料及化学制品制造业,制造业|石油、化学、塑胶、塑料|化学原料及化学制品制造业,--,2019.xls,0,2019,江苏省,制造业,化学原料及化学制品制造业,0.4994562946453602,1.8208338082422204,-3.722104999158957,-0.9923660984020184,a
蓝源资本【海达鼎兴创投】,浙江蓝源投资管理有限公司【宁波海达鼎兴创业投资有限公司】,宁波海达鼎兴投资,宁波海达鼎兴投资管理有限公司,蓝源资本,浙江蓝源投资管理有限公司,海达鼎兴创投,宁波海达鼎兴创业投资有限公司,合复新材料,上海合复新材料科技有限公司,新材料，生产制造，材料,清洁技术|新材料,中国|上海市|浦东新区,天使投资,种子期,2009-11-26,RMB,--,--,--,--,种子轮,--,--,--,--,制造业|化学原料及化学制品制造业,制造业|石油、化学、塑胶、塑料|化学原料及化学制品制造业,--,2000-2012.xls,1,2009,上海市,制造业,化学原料及化学制品制造业,0.4994562946453602,1.8208338082422204,-3.722104999158957,-0.9923660984020184,a
深创投【坪山区红土创新发展创投】,深圳市创新投资集团有限公司【深圳市坪山区红土创新发展创业投资有限公司】,深创投红土股权投资,深创投红土私募股权投资基金管理（深圳）有限公司,深创投,深圳市创新投资集团有限公司,坪山区红土创新发展创投,深圳市坪山区红土创新发展创业投资有限公司,广东宝通,深圳鑫宝通材料科技有限公司,生产制造，复合材料，材料，机场，市政工程，五金配件,化工原料及加工|新材料,中国|广东省|惠州市|惠阳区,创业投资,成熟期,2020-04-20,RMB,--,--,--,--,B,--,--,--,--,制造业|化学原料及化学制品制造业,制造业|石油、化学、塑胶、塑料|化学原料及化学制品制造业,--,2020.xls,0,2020,广东省,制造业,化学原料及化学制品制造业,0.4994562946453602,1.8208338082422204,-3.722104999158957,-0.9923660984020184,a
星陀资本【咸宁星陀威盛】,北京星陀私募基金管理有限责任公司【咸宁星陀威盛股权投资管理合伙企业（有限合伙）】,星陀资本,北京星陀私募基金管理有限责任公司,--,--,咸宁星陀威盛,咸宁星陀威盛股权投资管理合伙企业（有限合伙）,花印,北京龙和隆盛生物技术股份有限公司,消费生活，电子商务，生产制造，独立品牌,化工原料及加工|日用化学,中国|北京市|西城区,成长资本,扩张期,2020-07-02,RMB,30.00,30.00,4.15,2.50,C,刘泽辉,"1,200.00",169.71,--,制造业|化学原料及化学制品制造业|日用化学产品制造,制造业|石油、化学、塑胶、塑料|化学原料及化学制品制造业|日用化学产品制造业,--,2020.xls,0,2020,北京市,制造业,化学原料及化学制品制造业,0.4994562946453602,1.8208338082422204,-3.722104999158957,-0.9923660984020184,a
中原联创【河南中小企业发展基金】,河南中原联创投资基金管理有限公司【河南省中小企业发展基金（有限合伙）】,中原联创,河南中原联创投资基金管理有限公司,--,--,河南中小企业发展基金,河南省中小企业发展基金（有限合伙）,天祥新材,河南天祥新材料股份有限公司,新材料，生产制造，石油,化工原料及加工|新材料,中国|河南省|郑州市,创业投资,种子期,2001-02-27,--,--,--,--,--,Pre-A,--,--,--,--,制造业|化学原料及化学制品制造业,制造业|石油、化学、塑胶、塑料|化学原料及化学制品制造业,全国中小企业股份转让系统(新三板),2000-2012.xls,1,2001,河南省,制造业,化学原料及化学制品制造业,0.4994562946453602,1.8208338082422204,-3.722104999158957,-0.9923660984020184,a
航天投资【国华基金】,航天投资控股有限公司【国华军民融合产业发展基金（有限合伙）】,国华军民融合发展,国华军民融合产业发展基金管理有限公司,航天投资,航天投资控股有限公司,国华基金,国华军民融合产业发展基金（有限合伙）,三沃化学,西安航天三沃化学有限公司,材料，环保材料，化工，创业投资，新材料，投资,化工原料及加工|新材料,中国|陕西省|西安市|阎良区,天使投资,成熟期,2020-07-08,RMB,--,--,--,22.04,天使轮,--,--,--,--,制造业|化学原料及化学制品制造业,制造业|石油、化学、塑胶、塑料|化学原料及化学制品制造业,--,2020.xls,1,2020,陕西省,制造业,化学原料及化学制品制造业,0.4994562946453602,1.8208338082422204,-3.722104999158957,-0.9923660984020184,a
中科科创【广东中科白云新兴创业基金】,广东中科科创创业投资管理有限责任公司【广东中科白云新兴产业创业投资基金有限公司】,中科科创,广东中科科创创业投资管理有限责任公司,--,--,广东中科白云新兴创业基金,广东中科白云新兴产业创业投资基金有限公司,立达尔生物,广州立达尔生物科技股份有限公司,节能环保，农业，生产制造，饲料，饲料添加剂，生物技术,化工原料及加工|其他化工原料及加工,中国|广东省|广州市|黄埔区,天使投资,种子期,2001-06-07,RMB,--,--,--,--,天使轮,--,--,--,--,制造业|化学原料及化学制品制造业,制造业|石油、化学、塑胶、塑料|化学原料及化学制品制造业,--,2000-2012.xls,1,2001,广东省,制造业,化学原料及化学制品制造业,0.4994562946453602,1.8208338082422204,-3.722104999158957,-0.9923660984020184,a
陕投基金【陕西省民营经济高质量发展纾困基金】,陕西投资基金管理有限公司【陕西省民营经济高质量发展纾困基金合伙企业（有限合伙）】,陕投基金,陕西投资基金管理有限公司,--,--,陕西省民营经济高质量发展纾困基金,陕西省民营经济高质量发展纾困基金合伙企业（有限合伙）,内蒙古黑猫煤化工,内蒙古黑猫煤化工有限公司,消费生活，生产制造，化工，煤化工，化工燃料,化工原料及加工|化工原料生产,中国|内蒙古|巴彦淖尔市|乌拉特后旗,成长资本,扩张期,2020-06-30,RMB,500.00,500.00,76.24,17.32,A,张金峰,"2,886.84",407.70,--,制造业|化学原料及化学制品制造业|基础化学原料制造,制造业|石油、化学、塑胶、塑料,--,2020.xls,0,2020,内蒙古,制造业,化学原料及化学制品制造业,0.4994562946453602,1.8208338082422204,-3.722104999158957,-0.9923660984020184,a
金城资本【兰州科技产业基金】,金城资本管理有限公司【兰州科技产业发展投资基金（有限合伙）】,金城资本,金城资本管理有限公司,--,--,兰州科技产业基金,兰州科技产业发展投资基金（有限合伙）,裕隆气体,兰州裕隆气体股份有限公司,生产制造，化工，化工原料，废品回收，节能环保,化工原料及加工|化工原料生产,中国|甘肃省|兰州市,--,种子期,2001-10-11,RMB,--,--,--,--,其他,--,--,--,--,制造业|化学原料及化学制品制造业|基础化学原料制造,制造业|石油、化学、塑胶、塑料,全国中小企业股份转让系统(新三板),2000-2012.xls,1,2001,甘肃省,制造业,化学原料及化学制品制造业,0.4994562946453602,1.8208338082422204,-3.722104999158957,-0.9923660984020184,a
宁夏国投基金【宁夏政府产业引导基金】,宁夏国投基金管理有限公司【宁夏产业引导基金管理中心（有限公司）】,宁夏国投基金,宁夏国投基金管理有限公司,--,--,宁夏政府产业引导基金,宁夏产业引导基金管理中心（有限公司）,百川科技,宁夏百川科技有限公司,电子元件，生产制造，化工，材料,化工原料及加工|化工原料生产,中国|宁夏|银川市|灵武市,成长资本,初创期,2020-07-18,RMB,200.00,200.00,28.55,28.57,A,--,700.04,99.94,--,制造业|化学原料及化学制品制造业|基础化学原料制造,制造业|石油、化学、塑胶、塑料,--,2020.xls,1,2020,宁夏,制造业,化学原料及化学制品制造业,0.4994562946453602,1.8208338082422204,-3.722104999158957,-0.9923660984020184,a
中信建投资本【浙江浙创好雨新兴产业基金】,中信建投资本管理有限公司【浙江浙创好雨新兴产业股权投资合伙企业（有限合伙）】,中信建投资本,中信建投资本管理有限公司,--,--,浙江浙创好雨新兴产业基金,浙江浙创好雨新兴产业股权投资合伙企业（有限合伙）,侨源股份,四川侨源气体股份有限公司,医疗健康，医药，生产制造，化工制剂,化工原料及加工|化工原料生产,中国|四川省|成都市|都江堰市,创业投资,成熟期,2020-06-29,RMB,--,--,--,0.70,老股权转让,徐涛,945.24,133.97,--,制造业|化学原料及化学制品制造业|基础化学原料制造,制造业|石油、化学、塑胶、塑料,深圳证券交易所创业板,2020.xls,0,2020,四川省,制造业,化学原料及化学制品制造业,0.4994562946453602,1.8208338082422204,-3.722104999158957,-0.9923660984020184,a
北部湾产业投资基金【北部湾直投基金】,北部湾产业投资基金管理有限公司【广西北部湾产业直投基金（有限合伙）】,北部湾产业投资基金,北部湾产业投资基金管理有限公司,--,--,北部湾直投基金,广西北部湾产业直投基金（有限合伙）,广西新天德能源,广西新天德能源有限公司,节能环保，化工，石油化工，石油，饲料,化工原料及加工|日用化学,中国|广西|钦州市|钦南区,--,种子期,2002-02-08,RMB,--,--,--,--,其他,--,--,--,--,制造业|化学原料及化学制品制造业|日用化学产品制造,制造业|石油、化学、塑胶、塑料|化学原料及化学制品制造业|日用化学产品制造业,--,2000-2012.xls,1,2002,广西,制造业,化学原料及化学制品制造业,0.4994562946453602,1.8208338082422204,-3.722104999158957,-0.9923660984020184,a
迈朴资本【陕西省高技术服务创投基金】,西安迈朴资本管理有限公司【陕西省高技术服务创业投资基金（有限合伙）】,迈朴资本,西安迈朴资本管理有限公司,--,--,陕西省高技术服务创投基金,陕西省高技术服务创业投资基金（有限合伙）,凯立新材,西安凯立新材料股份有限公司,新材料，生产制造，大气治理催化剂,化工原料及加工|新材料,中国|陕西省|西安市,--,种子期,2002-03-15,RMB,--,--,--,3.21,其他,--,--,--,--,制造业|化学原料及化学制品制造业,制造业|石油、化学、塑胶、塑料|化学原料及化学制品制造业,上海证券交易所科创板，全国中小企业股份转让系统(新三板),2000-2012.xls,1,2002,陕西省,制造业,化学原料及化学制品制造业,0.4994562946453602,1.8208338082422204,-3.722104999158957,-0.9923660984020184,a
上海军民融合投资【上海军民融合基金】,上海军民融合产业私募基金管理有限公司【上海军民融合产业股权投资基金合伙企业（有限合伙）】,上海军民融合投资,上海军民融合产业私募基金管理有限公司,--,--,上海军民融合基金,上海军民融合产业股权投资基金合伙企业（有限合伙）,新扬股份,江苏新扬新材料股份有限公司,新材料，碳纤维，生产制造，材料，玻璃,化工原料及加工|新材料,中国|江苏省|扬州市,发起设立,种子期,2002-06-11,RMB,--,--,--,--,其他,--,--,--,--,制造业|化学原料及化学制品制造业,制造业|石油、化学、塑胶、塑料|化学原料及化学制品制造业,全国中小企业股份转让系统(新三板),2000-2012.xls,1,2002,江苏省,制造业,化学原料及化学制品制造业,0.4994562946453602,1.8208338082422204,-3.722104999158957,-0.9923660984020184,a
蚌投集团【蚌埠市产业引导基金】,蚌埠投资集团有限公司【蚌埠市产业引导基金有限公司】,蚌投集团,蚌埠投资集团有限公司,--,--,蚌埠市产业引导基金,蚌埠市产业引导基金有限公司,安徽复材科技,安徽复材科技有限公司,复合材料，海洋工程,化工原料及加工|新材料,中国|安徽省|蚌埠市|怀远县,创业投资,扩张期,2020-06-18,RMB,--,--,--,5.36,A,--,--,--,--,制造业|化学原料及化学制品制造业,制造业|石油、化学、塑胶、塑料|化学原料及化学制品制造业,--,2020.xls,1,2020,安徽省,制造业,化学原料及化学制品制造业,0.4994562946453602,1.8208338082422204,-3.722104999158957,-0.9923660984020184,a
安元基金【安庆安元基金】,安徽安元投资基金管理有限公司【安庆安元投资基金有限公司】,安元基金,安徽安元投资基金管理有限公司,--,--,安庆安元基金,安庆安元投资基金有限公司,时联特溶,安徽时联特种溶剂股份有限公司,生产制造，化工，化学试剂，生活消费品，仪器仪表，医疗健康，精细化工，节能环保,化工原料及加工|化工原料生产,中国|安徽省|安庆市,--,种子期,2002-06-24,RMB,--,--,--,--,其他,--,--,--,--,制造业|化学原料及化学制品制造业|基础化学原料制造,制造业|石油、化学、塑胶、塑料,全国中小企业股份转让系统(新三板),2000-2012.xls,1,2002,安徽省,制造业,化学原料及化学制品制造业,0.4994562946453602,1.8208338082422204,-3.722104999158957,-0.9923660984020184,a
贵鑫瑞和创投【贵州省新型工业化发展股权投资基金】,贵州省贵鑫瑞和创业投资管理有限责任公司【贵州省新型工业化发展股权投资基金合伙企业（有限合伙）】,贵鑫瑞和创投,贵州省贵鑫瑞和创业投资管理有限责任公司,--,--,贵州省新型工业化发展股权投资基金,贵州省新型工业化发展股权投资基金合伙企业（有限合伙）,黔玻永太,贵州黔玻永太新材料有限公司,新材料，玻璃，建筑，光学，玻璃纤维，烟粉除尘，氮氧化物脱硝,化工原料及加工|新材料,中国|贵州省|黔东南苗族侗族自治州|凯里市,天使投资,初创期,2021-12-24,RMB,--,--,--,24.40,天使轮,--,--,--,--,制造业|化学原料及化学制品制造业,制造业|石油、化学、塑胶、塑料|化学原料及化学制品制造业,--,2021.xls,1,2021,贵州省,制造业,化学原料及化学制品制造业,0.4994562946453602,1.8208338082422204,-3.722104999158957,-0.9923660984020184,a
深圳中创信投资【河南中创信环保产业创业投资基金】,深圳中创信股权投资基金管理有限公司【河南中创信环保产业创业投资基金（有限合伙）】,深圳中创信投资,深圳中创信股权投资基金管理有限公司,--,--,河南中创信环保产业创业投资基金,河南中创信环保产业创业投资基金（有限合伙）,联合精密材料,河南联合精密材料股份有限公司,生产制造，材料，贸易服务，五金配件，地产建筑，仪器设备，材料研磨设备,化工原料及加工|新材料,中国|河南省|郑州市|金水区,发起设立,种子期,2002-06-26,RMB,--,--,--,--,其他,--,--,--,--,制造业|化学原料及化学制品制造业,制造业|石油、化学、塑胶、塑料|化学原料及化学制品制造业,--,2000-2012.xls,1,2002,河南省,制造业,化学原料及化学制品制造业,0.4994562946453602,1.8208338082422204,-3.722104999158957,-0.9923660984020184,a
川流投资【川流新材料基金】,上海川流私募基金管理有限公司【分宜川流长枫新材料投资合伙企业（有限合伙）】,川流投资,上海川流私募基金管理有限公司,--,--,川流新材料基金,分宜川流长枫新材料投资合伙企业（有限合伙）,泰吉诺,苏州泰吉诺新材料科技有限公司,新材料，生产制造，材料,化工原料及加工|新材料,中国|江苏省|苏州市|常熟市,创业投资,初创期,2020-06-08,RMB,--,--,--,8.19,A,--,122.15,17.21,--,制造业|化学原料及化学制品制造业,制造业|石油、化学、塑胶、塑料|化学原料及化学制品制造业,--,2020.xls,0,2020,江苏省,制造业,化学原料及化学制品制造业,0.4994562946453602,1.8208338082422204,-3.722104999158957,-0.9923660984020184,a
鼎嘉创投【上海张江创投】,上海鼎嘉创业投资管理有限公司【上海张江创业投资有限公司】,鼎嘉创投,上海鼎嘉创业投资管理有限公司,--,--,上海张江创投,上海张江创业投资有限公司,爱世博,上海爱世博有机硅材料有限公司,材料,清洁技术|新材料,中国|上海市,--,种子期,2002-07-23,RMB,0.30,0.30,0.04,15.00,A,--,2.00,0.24,--,制造业|化学原料及化学制品制造业,制造业|石油、化学、塑胶、塑料|化学原料及化学制品制造业,--,2000-2012.xls,0,2002,上海市,制造业,化学原料及化学制品制造业,0.4994562946453602,1.8208338082422204,-3.722104999158957,-0.9923660984020184,a
中车资本【青岛中车转型升级基金】,中车资本管理有限公司【中车（青岛）制造业转型升级私募股权投资基金合伙企业（有限合伙）】,中车（北京）转型升级基金,中车（北京）转型升级基金管理有限公司,中车资本,中车资本管理有限公司,青岛中车转型升级基金,中车（青岛）制造业转型升级私募股权投资基金合伙企业（有限合伙）,中钛装备,沈阳中钛装备制造有限公司,生产制造，材料,化工原料及加工|新材料,中国|辽宁省|沈阳市,成长资本,扩张期,2021-12-30,RMB,--,--,--,4.65,B+,赵华燕,"2,533.52",397.60,--,制造业|化学原料及化学制品制造业,制造业|石油、化学、塑胶、塑料|化学原料及化学制品制造业,--,2021.xls,0,2021,辽宁省,制造业,化学原料及化学制品制造业,0.4994562946453602,1.8208338082422204,-3.722104999158957,-0.9923660984020184,a
长石资本【劲石基金】,上海长郢石私募基金管理有限公司【东莞长劲石股权投资合伙企业（有限合伙）】,长石创投,广东长石创业投资合伙企业（有限合伙）,长石资本,上海长郢石私募基金管理有限公司,劲石基金,东莞长劲石股权投资合伙企业（有限合伙）,天脉导热,苏州天脉导热科技股份有限公司,生产制造，品质家居,化工原料及加工|新材料,中国|江苏省|苏州市,成长资本,成熟期,2020-06-01,RMB,15.00,15.00,2.10,2.16,B,--,"3,202.29",449.03,--,制造业|化学原料及化学制品制造业,制造业|石油、化学、塑胶、塑料|化学原料及化学制品制造业,--,2020.xls,0,2020,江苏省,制造业,化学原料及化学制品制造业,0.4994562946453602,1.8208338082422204,-3.722104999158957,-0.9923660984020184,a
中科科创【广东中科白云新兴创业基金】,广东中科科创创业投资管理有限责任公司【广东中科白云新兴产业创业投资基金有限公司】,中科科创,广东中科科创创业投资管理有限责任公司,--,--,广东中科白云新兴创业基金,广东中科白云新兴产业创业投资基金有限公司,珠海国佳,珠海国佳新材股份有限公司,新材料，生产制造，材料，医用膜材料,清洁技术|新材料,中国|广东省|珠海市,天使投资,种子期,2003-12-26,RMB,--,--,--,--,天使轮,--,--,--,--,制造业|化学原料及化学制品制造业,制造业|石油、化学、塑胶、塑料|化学原料及化学制品制造业,全国中小企业股份转让系统(新三板),2000-2012.xls,1,2003,广东省,制造业,化学原料及化学制品制造业,0.4994562946453602,1.8208338082422204,-3.722104999158957,-0.9923660984020184,a
中国电科【中电科核心技术研发股权投资基金（北京）】（领投）,中国电子科技集团有限公司【中电科核心技术研发股权投资基金（北京）合伙企业（有限合伙）】（领投）,中电科网信,中电科网信私募基金管理有限公司,电科资本,中电科投资控股有限公司,中电科核心技术研发股权投资基金（北京）,中电科核心技术研发股权投资基金（北京）合伙企业（有限合伙）,锦艺新材,苏州锦艺新材料科技股份有限公司,新材料，材料,化工原料及加工|新材料,中国|江苏省|苏州市|姑苏区,创业投资,成熟期,2021-12-28,RMB,--,--,--,--,B,安鹏,--,--,--,制造业|化学原料及化学制品制造业,制造业|石油、化学、塑胶、塑料|化学原料及化学制品制造业,--,2021.xls,0,2021,江苏省,制造业,化学原料及化学制品制造业,0.4994562946453602,1.8208338082422204,-3.722104999158957,-0.9923660984020184,a
中金资本【中金文化消费产业基金】,中金资本运营有限公司【中金文化消费产业股权投资基金（厦门）合伙企业（有限合伙）】,中金资本,中金资本运营有限公司,--,--,中金文化消费产业基金,中金文化消费产业股权投资基金（厦门）合伙企业（有限合伙）,萧雅股份,上海萧雅生物科技股份有限公司,消费生活,化工原料及加工|日用化学,中国|上海市|奉贤区,成长资本,扩张期,2021-12-27,RMB,--,--,--,--,C,--,--,--,--,制造业|化学原料及化学制品制造业|日用化学产品制造,制造业|石油、化学、塑胶、塑料|化学原料及化学制品制造业|日用化学产品制造业,全国中小企业股份转让系统(新三板),2021.xls,0,2021,上海市,制造业,化学原料及化学制品制造业,0.4994562946453602,1.8208338082422204,-3.722104999158957,-0.9923660984020184,a
毅达资本【江苏疌泉高投毅达化工新材料创业投资】,江苏毅达股权投资基金管理有限公司【江苏疌泉高投毅达化工新材料创业投资合伙企业（有限合伙）】,南京毅达投资,南京毅达股权投资管理企业（有限合伙）,毅达资本,江苏毅达股权投资基金管理有限公司,江苏疌泉高投毅达化工新材料创业投资,江苏疌泉高投毅达化工新材料创业投资合伙企业（有限合伙）,苏州华一,苏州华一新能源科技股份有限公司,生产制造，电池电解液,化工原料及加工|化工原料生产,中国|江苏省|苏州市|太仓市,成长资本,成熟期,2021-12-24,RMB,--,--,--,1.54,B,应文禄,"1,780.10",279.49,--,制造业|化学原料及化学制品制造业|基础化学原料制造,制造业|石油、化学、塑胶、塑料,--,2021.xls,0,2021,江苏省,制造业,化学原料及化学制品制造业,0.4994562946453602,1.8208338082422204,-3.722104999158957,-0.9923660984020184,a
毅达资本【安徽专精特新基金】,江苏毅达股权投资基金管理有限公司【黄山高新毅达新安江专精特新创业投资基金（有限合伙）】,安徽毅达汇承投资,安徽毅达汇承股权投资管理企业（有限合伙）,毅达资本,江苏毅达股权投资基金管理有限公司,安徽专精特新基金,黄山高新毅达新安江专精特新创业投资基金（有限合伙）,肯特催化,肯特催化材料股份有限公司,农业，生产制造，化工，催化剂,化工原料及加工|化工原料生产,中国|浙江省|台州市,新三板定增,成熟期,2020-04-30,RMB,39.72,39.72,5.59,5.63,新三板定增,--,704.89,99.70,--,制造业|化学原料及化学制品制造业|基础化学原料制造,制造业|石油、化学、塑胶、塑料,全国中小企业股份转让系统(新三板),2020.xls,0,2020,浙江省,制造业,化学原料及化学制品制造业,0.4994562946453602,1.8208338082422204,-3.722104999158957,-0.9923660984020184,a
榆煤基金【榆林煤炭资源转化引导基金】,榆林市煤炭转化基金投资管理有限公司【榆林市煤炭资源转化引导基金合伙企业（有限合伙）】,榆煤基金,榆林市煤炭转化基金投资管理有限公司,--,--,榆林煤炭资源转化引导基金,榆林市煤炭资源转化引导基金合伙企业（有限合伙）,艾科莱特新材料,陕西艾科莱特新材料有限公司,新材料，高分子材料,化工原料及加工|新材料,中国|陕西省|榆林市|榆阳区,创业投资,初创期,2020-09-07,RMB,--,--,--,25.00,A,--,--,--,--,制造业|化学原料及化学制品制造业,制造业|石油、化学、塑胶、塑料|化学原料及化学制品制造业,--,2020.xls,1,2020,陕西省,制造业,化学原料及化学制品制造业,0.4994562946453602,1.8208338082422204,-3.722104999158957,-0.9923660984020184,a
红点中国【红点驰辰基金】,红点创投中国基金【宁波梅山保税港区红点驰辰股权投资合伙企业（有限合伙）】,鹰潭锐普鲲鹏,鹰潭锐普鲲鹏资产管理有限合伙企业,红点中国,红点创投中国基金,红点驰辰基金,宁波梅山保税港区红点驰辰股权投资合伙企业（有限合伙）,理然,深圳市理然化妆品有限公司,消费生活，生活服务，化妆品品牌,化工原料及加工|日用化学,中国|广东省|深圳市,创业投资,初创期,2020-09-09,RMB,--,--,--,3.23,A,--,--,--,--,制造业|化学原料及化学制品制造业|日用化学产品制造,制造业|石油、化学、塑胶、塑料|化学原料及化学制品制造业|日用化学产品制造业,--,2020.xls,0,2020,广东省,制造业,化学原料及化学制品制造业,0.4994562946453602,1.8208338082422204,-3.722104999158957,-0.9923660984020184,a
时代伯乐【南通时代伯乐创业基金】,深圳市时代伯乐创业投资管理有限公司【南通时代伯乐创业投资合伙企业（有限合伙）】,时代伯乐,深圳市时代伯乐创业投资管理有限公司,--,--,南通时代伯乐创业基金,南通时代伯乐创业投资合伙企业（有限合伙）,原邦材料,浙江原邦材料科技有限公司,新材料，生产制造，材料,化工原料及加工|新材料,中国|浙江省|舟山市,创业投资,扩张期,2020-09-10,RMB,--,--,--,--,A,--,--,--,--,制造业|化学原料及化学制品制造业,制造业|石油、化学、塑胶、塑料|化学原料及化学制品制造业,--,2020.xls,0,2020,浙江省,制造业,化学原料及化学制品制造业,0.4994562946453602,1.8208338082422204,-3.722104999158957,-0.9923660984020184,a
陕投基金【榆林民营经济发展基金】,陕西投资基金管理有限公司【榆林市民营经济发展基金合伙企业（有限合伙）】,陕投基金,陕西投资基金管理有限公司,--,--,榆林民营经济发展基金,榆林市民营经济发展基金合伙企业（有限合伙）,国普活性炭,神木市国普活性炭有限公司,--,化工原料及加工|化工原料生产,中国|陕西省|榆林市,成长资本,初创期,2020-09-10,RMB,--,--,--,44.67,A,张金峰,--,--,--,制造业|化学原料及化学制品制造业|基础化学原料制造,制造业|石油、化学、塑胶、塑料,--,2020.xls,0,2020,陕西省,制造业,化学原料及化学制品制造业,0.4994562946453602,1.8208338082422204,-3.722104999158957,-0.9923660984020184,a
颍科创投【安华兴达基金】,阜阳市颍科创新投资有限公司【阜阳安华兴达股权投资合伙企业（有限合伙）】,颍科基金,阜阳市颍科基金管理有限公司,颍科创投,阜阳市颍科创新投资有限公司,安华兴达基金,阜阳安华兴达股权投资合伙企业（有限合伙）,浙江杭摩,杭摩新材料集团股份有限公司,新材料，生产制造，化工，VR·AR,化工原料及加工|化工原料生产,中国|浙江省|湖州市,新三板定增,成熟期,2020-06-08,RMB,20.00,20.00,2.82,2.20,新三板定增,--,910.89,128.36,--,制造业|化学原料及化学制品制造业|基础化学原料制造,制造业|石油、化学、塑胶、塑料,全国中小企业股份转让系统(新三板),2020.xls,1,2020,浙江省,制造业,化学原料及化学制品制造业,0.4994562946453602,1.8208338082422204,-3.722104999158957,-0.9923660984020184,a
晨道投资【长江晨道基金】,宁波梅山保税港区晨道投资合伙企业（有限合伙）【长江晨道（湖北）新能源产业投资合伙企业（有限合伙）】,晨道投资,宁波梅山保税港区晨道投资合伙企业（有限合伙）,--,--,长江晨道基金,长江晨道（湖北）新能源产业投资合伙企业（有限合伙）,研一新材料,深圳市研一新材料有限责任公司,新材料，新能源，能源矿产，高分子材料,清洁技术|新材料,中国|广东省|深圳市,天使投资,种子期,2019-12-27,RMB,--,--,--,9.12,A,--,--,--,--,制造业|化学原料及化学制品制造业,制造业|石油、化学、塑胶、塑料|化学原料及化学制品制造业,--,2019.xls,0,2019,广东省,制造业,化学原料及化学制品制造业,0.4994562946453602,1.8208338082422204,-3.722104999158957,-0.9923660984020184,a
毅达资本【安徽专精特新基金】,江苏毅达股权投资基金管理有限公司【黄山高新毅达新安江专精特新创业投资基金（有限合伙）】,安徽毅达汇承投资,安徽毅达汇承股权投资管理企业（有限合伙）,毅达资本,江苏毅达股权投资基金管理有限公司,安徽专精特新基金,黄山高新毅达新安江专精特新创业投资基金（有限合伙）,新远科技,安徽新远科技股份有限公司,生产制造，节能环保，化工，电子封装材料，环氧树脂,清洁技术|新材料,中国|安徽省|黄山市,创业投资,种子期,2019-12-26,RMB,100.00,100.00,14.33,10.36,A,--,965.25,138.29,--,制造业|化学原料及化学制品制造业,制造业|石油、化学、塑胶、塑料|化学原料及化学制品制造业,--,2019.xls,0,2019,安徽省,制造业,化学原料及化学制品制造业,0.4994562946453602,1.8208338082422204,-3.722104999158957,-0.9923660984020184,a
泰恒投资【金投智业基金】,杭州泰恒投资管理有限公司【杭州金投智业创业投资合伙企业（有限合伙）】,泰恒投资,杭州泰恒投资管理有限公司,--,--,金投智业基金,杭州金投智业创业投资合伙企业（有限合伙）,和顺科技,杭州和顺科技股份有限公司,生产制造，材料，化工,化工原料及加工|化工原料生产,中国|浙江省|杭州市,成长资本,成熟期,2019-12-26,RMB,13.50,13.50,2.12,2.50,Pre-IPO,--,540.00,77.36,--,制造业|化学原料及化学制品制造业|基础化学原料制造,制造业|石油、化学、塑胶、塑料,深圳证券交易所创业板，全国中小企业股份转让系统(新三板),2019.xls,0,2019,浙江省,制造业,化学原料及化学制品制造业,0.4994562946453602,1.8208338082422204,-3.722104999158957,-0.9923660984020184,a
上海超越摩尔投资【上海超越摩尔基金】,上海超越摩尔私募基金管理有限公司【上海超越摩尔股权投资基金合伙企业（有限合伙）】,上海超越摩尔投资,上海超越摩尔私募基金管理有限公司,--,--,上海超越摩尔基金,上海超越摩尔股权投资基金合伙企业（有限合伙）,创智成功,深圳创智芯联科技股份有限公司,新材料，企业服务，节能环保，房屋租赁，贸易服务，光电，消费生活,清洁技术|新材料,中国|广东省|深圳市,创业投资,成熟期,2021-12-14,RMB,--,--,--,1.87,B,--,--,--,--,制造业|化学原料及化学制品制造业,制造业|石油、化学、塑胶、塑料|化学原料及化学制品制造业,--,2021.xls,0,2021,广东省,制造业,化学原料及化学制品制造业,0.4994562946453602,1.8208338082422204,-3.722104999158957,-0.9923660984020184,a
联升资本【联升创投】,上海联升投资管理有限公司【上海联升创业投资有限公司】,联升资本,上海联升投资管理有限公司,--,--,联升创投,上海联升创业投资有限公司,瑞杰新材,常州瑞杰新材料科技有限公司,生产制造，塑料，塑料制品,化工原料及加工|其他化工原料及加工,中国|江苏省|常州市,--,扩张期,2012-05-21,RMB,20.00,20.00,3.17,10.00,A,--,200.00,31.69,--,制造业|化学原料及化学制品制造业,制造业|石油、化学、塑胶、塑料|化学原料及化学制品制造业,全国中小企业股份转让系统(新三板),2000-2012.xls,0,2012,江苏省,制造业,化学原料及化学制品制造业,0.4994562946453602,1.8208338082422204,-3.722104999158957,-0.9923660984020184,a
荷塘创投【启迪汇德创投】,荷塘创业投资管理（北京）有限公司【北京启迪汇德创业投资有限公司】,荷塘创投,荷塘创业投资管理（北京）有限公司,--,--,启迪汇德创投,北京启迪汇德创业投资有限公司,依科曼,北京依科曼生物技术股份有限公司,农业，生产制造，种植加工,化工原料及加工|农药及肥料,中国|北京市|海淀区,--,扩张期,2012-05-22,RMB,8.69,8.69,1.38,8.89,C,--,97.76,15.50,--,制造业|化学原料及化学制品制造业,制造业|石油、化学、塑胶、塑料|化学原料及化学制品制造业,全国中小企业股份转让系统(新三板),2000-2012.xls,0,2012,北京市,制造业,化学原料及化学制品制造业,0.4994562946453602,1.8208338082422204,-3.722104999158957,-0.9923660984020184,a
洛克利【中盈洛克利】,洛克利集团【山西中盈洛克利创业投资有限公司】,洛克利投资,洛克利（北京）投资管理顾问有限公司,洛克利,洛克利集团,中盈洛克利,山西中盈洛克利创业投资有限公司,新傲,上海新傲科技股份有限公司,生产制造，材料,化工原料及加工|新材料,中国|上海市|嘉定区,--,成熟期,2012-05-31,RMB,--,--,--,--,B,席理,--,--,--,制造业|化学原料及化学制品制造业,制造业|石油、化学、塑胶、塑料|化学原料及化学制品制造业,--,2000-2012.xls,1,2012,上海市,制造业,化学原料及化学制品制造业,0.4994562946453602,1.8208338082422204,-3.722104999158957,-0.9923660984020184,a
天堂硅谷【天堂硅谷合胜创业】,天堂硅谷资产管理集团有限公司【浙江天堂硅谷合胜创业投资有限公司】,天堂硅谷,天堂硅谷资产管理集团有限公司,--,--,天堂硅谷合胜创业,浙江天堂硅谷合胜创业投资有限公司,兴发弹簧,杭州兴发弹簧有限公司,汽车交通，生产制造，企业服务,化工原料及加工|其他化工原料及加工,中国|浙江省|杭州市|富阳区,--,成熟期,2012-06-04,RMB,10.00,10.00,1.58,--,A,--,--,--,--,制造业|化学原料及化学制品制造业,制造业|石油、化学、塑胶、塑料|化学原料及化学制品制造业,--,2000-2012.xls,0,2012,浙江省,制造业,化学原料及化学制品制造业,0.4994562946453602,1.8208338082422204,-3.722104999158957,-0.9923660984020184,a
中芯聚源【中芯海河西青基金】,中芯聚源股权投资管理（上海）有限公司【中芯海河赛达（天津）产业投资基金中心（有限合伙）】,中芯聚源投资,中芯聚源股权投资管理（天津）合伙企业（有限合伙）,中芯聚源,中芯聚源股权投资管理（上海）有限公司,中芯海河西青基金,中芯海河赛达（天津）产业投资基金中心（有限合伙）,绿菱气体,天津绿菱气体有限公司,生产制造，光电,化工原料及加工|化工原料生产,中国|天津市|滨海新区,创业投资,扩张期,2021-12-10,RMB,--,--,--,--,A,孙玉望,--,--,--,制造业|化学原料及化学制品制造业|基础化学原料制造,制造业|石油、化学、塑胶、塑料,--,2021.xls,0,2021,天津市,制造业,化学原料及化学制品制造业,0.4994562946453602,1.8208338082422204,-3.722104999158957,-0.9923660984020184,a
吉富创投【启兴基金】,吉富创业投资股份有限公司【合肥启兴股权投资合伙企业（有限合伙）】,吉强投资,合肥吉强股权投资管理合伙企业（有限合伙）,吉富创投,吉富创业投资股份有限公司,启兴基金,合肥启兴股权投资合伙企业（有限合伙）,浦诺菲,浦诺菲新材料有限公司,新材料，生产制造，材料，膜材料，光学薄膜,化工原料及加工|新材料,中国|浙江省|宁波市,创业投资,种子期,2019-09-11,RMB,4.00,4.00,0.56,--,天使轮,--,--,--,--,制造业|化学原料及化学制品制造业,制造业|石油、化学、塑胶、塑料|化学原料及化学制品制造业,--,2019.xls,0,2019,浙江省,制造业,化学原料及化学制品制造业,0.4994562946453602,1.8208338082422204,-3.722104999158957,-0.9923660984020184,a
海邦投资【宁波北岸智谷海邦创业投资基金】,海邦投资【宁波北岸智谷海邦创业投资合伙企业（有限合伙）】,浙江海邦投资,浙江海邦投资管理有限公司,--,--,宁波北岸智谷海邦创业投资基金,宁波北岸智谷海邦创业投资合伙企业（有限合伙）,汇甬新材,浙江汇甬新材料有限公司,材料，化工，膜材料，环保技术,清洁技术|新材料,中国|浙江省|宁波市|江北区,天使投资,初创期,2019-09-09,RMB,--,--,--,--,天使轮,--,--,--,--,制造业|化学原料及化学制品制造业,制造业|石油、化学、塑胶、塑料|化学原料及化学制品制造业,--,2019.xls,0,2019,浙江省,制造业,化学原料及化学制品制造业,0.4994562946453602,1.8208338082422204,-3.722104999158957,-0.9923660984020184,a
佛山金茂【佛山拓展创业基金】,佛山今茂私募股权投资基金管理有限公司【佛山拓展创业投资有限公司】,佛山金茂,佛山今茂私募股权投资基金管理有限公司,--,--,佛山拓展创业基金,佛山拓展创业投资有限公司,天安新材,广东天安新材料股份有限公司,新材料，汽车交通，生产制造，材料，汽车内饰,化工原料及加工|新材料,中国|广东省|佛山市,--,成熟期,2012-08-24,RMB,2.47,2.47,0.39,3.00,A,--,82.33,13.01,--,制造业|化学原料及化学制品制造业,制造业|石油、化学、塑胶、塑料|化学原料及化学制品制造业,上海证券交易所主板,2000-2012.xls,1,2012,广东省,制造业,化学原料及化学制品制造业,0.4994562946453602,1.8208338082422204,-3.722104999158957,-0.9923660984020184,a
荷塘创投【启迪汇德创投】,荷塘创业投资管理（北京）有限公司【北京启迪汇德创业投资有限公司】,荷塘创投,荷塘创业投资管理（北京）有限公司,--,--,启迪汇德创投,北京启迪汇德创业投资有限公司,岱勒新材,长沙岱勒新材料科技股份有限公司,电子元件，生产制造，材料，金刚石，新能源，芯片设计，新材料,化工原料及加工|新材料,中国|湖南省|长沙市,--,扩张期,2012-08-29,RMB,--,--,--,6.03,B,--,--,--,--,制造业|化学原料及化学制品制造业,制造业|石油、化学、塑胶、塑料|化学原料及化学制品制造业,深圳证券交易所创业板,2000-2012.xls,0,2012,湖南省,制造业,化学原料及化学制品制造业,0.4994562946453602,1.8208338082422204,-3.722104999158957,-0.9923660984020184,a
宁夏国投基金【宁夏政府产业引导基金】,宁夏国投基金管理有限公司【宁夏产业引导基金管理中心（有限公司）】,宁夏国投基金,宁夏国投基金管理有限公司,--,--,宁夏政府产业引导基金,宁夏产业引导基金管理中心（有限公司）,宁夏恒力生物,宁夏中科生物新材料有限公司,新材料，生产制造，材料，化工,化工原料及加工|新材料,中国|宁夏|石嘴山市,--,初创期,2019-09-03,RMB,--,--,--,10.00,A,--,--,--,--,制造业|化学原料及化学制品制造业,制造业|石油、化学、塑胶、塑料|化学原料及化学制品制造业,--,2019.xls,1,2019,宁夏,制造业,化学原料及化学制品制造业,0.4994562946453602,1.8208338082422204,-3.722104999158957,-0.9923660984020184,a
国投创合【军民融合发展基金】,国投创合基金管理有限公司【军民融合发展产业投资基金（有限合伙）】,国投创合投资,国投创合（上海）投资管理有限公司,国投创合,国投创合基金管理有限公司,军民融合发展基金,军民融合发展产业投资基金（有限合伙）,衡益特陶新材料,上海衡益特陶新材料有限公司,新材料，生产制造，材料，陶瓷,化工原料及加工|新材料,中国|上海市|宝山区,创业投资,扩张期,2019-09-03,RMB,25.00,25.00,3.72,12.20,A,--,--,--,--,制造业|化学原料及化学制品制造业,制造业|石油、化学、塑胶、塑料|化学原料及化学制品制造业,--,2019.xls,1,2019,上海市,制造业,化学原料及化学制品制造业,0.4994562946453602,1.8208338082422204,-3.722104999158957,-0.9923660984020184,a
国新基金【深圳诺河基金】,中国国新基金管理有限公司【深圳诺河投资合伙企业（有限合伙）】,国新风投深圳,国新风险投资管理（深圳）有限公司,国新基金,中国国新基金管理有限公司,深圳诺河基金,深圳诺河投资合伙企业（有限合伙）,诺菲纳米,苏州诺菲纳米科技有限公司,生产制造，材料，光学元件,化工原料及加工|新材料,中国|江苏省|苏州市,成长资本,扩张期,2019-09-02,RMB,--,--,--,2.88,C,--,866.55,122.26,--,制造业|化学原料及化学制品制造业,制造业|石油、化学、塑胶、塑料|化学原料及化学制品制造业,--,2019.xls,0,2019,江苏省,制造业,化学原料及化学制品制造业,0.4994562946453602,1.8208338082422204,-3.722104999158957,-0.9923660984020184,a
深创投【福州市红土创业投资基金】,深圳市创新投资集团有限公司【福州市红土创业投资合伙企业（有限合伙）】,深创投红土股权投资,深创投红土私募股权投资基金管理（深圳）有限公司,深创投,深圳市创新投资集团有限公司,福州市红土创业投资基金,福州市红土创业投资合伙企业（有限合伙）,久策气体,福建久策气体股份有限公司,生产制造，化工，天然气，物流服务,化工原料及加工|化工原料生产,中国|福建省|福州市|福清市,成长资本,扩张期,2019-10-08,RMB,20.06,20.06,2.99,5.01,A,--,370.04,52.32,--,制造业|化学原料及化学制品制造业|基础化学原料制造,制造业|石油、化学、塑胶、塑料,--,2019.xls,0,2019,福建省,制造业,化学原料及化学制品制造业,0.4994562946453602,1.8208338082422204,-3.722104999158957,-0.9923660984020184,a
深创投【东莞红土创业投资基金】,深圳市创新投资集团有限公司【东莞红土创业投资基金合伙企业（有限合伙）】,深创投红土股权投资,深创投红土私募股权投资基金管理（深圳）有限公司,深创投,深圳市创新投资集团有限公司,东莞红土创业投资基金,东莞红土创业投资基金合伙企业（有限合伙）,墨睿科技,广东墨睿科技有限公司,新材料，石墨烯，材料，气体扩散层，量子材料,化工原料及加工|新材料,中国|广东省|东莞市,创业投资,扩张期,2019-09-01,RMB,4.99,4.99,0.70,5.30,A,--,94.16,13.28,--,制造业|化学原料及化学制品制造业,制造业|石油、化学、塑胶、塑料|化学原料及化学制品制造业,--,2019.xls,0,2019,广东省,制造业,化学原料及化学制品制造业,0.4994562946453602,1.8208338082422204,-3.722104999158957,-0.9923660984020184,a
九鼎投资【中关村九鼎军民融合基金】,昆吾九鼎投资控股股份有限公司【北京中关村九鼎君旻投资中心（有限合伙）】,昆吾九鼎投资,昆吾九鼎投资管理有限公司,九鼎投资,昆吾九鼎投资控股股份有限公司,中关村九鼎军民融合基金,北京中关村九鼎君旻投资中心（有限合伙）,辉腾科技,四川辉腾科技股份有限公司,企业服务，新材料,化工原料及加工|新材料,中国|四川省|自贡市,--,扩张期,2015-08-24,RMB,--,--,--,3.25,D,--,--,--,--,制造业|化学原料及化学制品制造业,制造业|石油、化学、塑胶、塑料|化学原料及化学制品制造业,全国中小企业股份转让系统(新三板),2015.xls,0,2015,四川省,制造业,化学原料及化学制品制造业,0.4994562946453602,1.8208338082422204,-3.722104999158957,-0.9923660984020184,a
海通开元【吉农基金】,海通开元投资有限公司【吉林省现代农业和新兴产业投资基金有限公司】,海通吉禾投资,海通吉禾私募股权投资基金管理有限责任公司,海通开元,海通开元投资有限公司,吉农基金,吉林省现代农业和新兴产业投资基金有限公司,广信材料,江苏广信感光新材料股份有限公司,新材料，生产制造，材料,化工原料及加工|新材料,中国|江苏省|无锡市,--,扩张期,2012-09-24,RMB,32.63,32.63,5.15,7.95,B,--,410.50,64.74,--,制造业|化学原料及化学制品制造业,制造业|石油、化学、塑胶、塑料|化学原料及化学制品制造业,深圳证券交易所创业板,2000-2012.xls,0,2012,江苏省,制造业,化学原料及化学制品制造业,0.4994562946453602,1.8208338082422204,-3.722104999158957,-0.9923660984020184,a
河北创业基地投资【张家口基金】,河北创业基地投资管理有限公司【张家口宣科双创天使创业投资基金有限公司】,河北创业基地投资,河北创业基地投资管理有限公司,--,--,张家口基金,张家口宣科双创天使创业投资基金有限公司,真信粘土,河北真信粘土科技发展有限公司,农业，饲料，饲料添加剂,化工原料及加工|其他化工原料及加工,中国|河北省|张家口市|宣化区,创业投资,扩张期,2019-08-21,RMB,--,--,--,16.67,A,--,--,--,--,制造业|化学原料及化学制品制造业,制造业|石油、化学、塑胶、塑料|化学原料及化学制品制造业,--,2019.xls,1,2019,河北省,制造业,化学原料及化学制品制造业,0.4994562946453602,1.8208338082422204,-3.722104999158957,-0.9923660984020184,a
松禾资本【松禾成长基金】,深圳市松禾资本管理有限公司【深圳市松禾成长股权投资合伙企业（有限合伙）】,深圳松禾成长,深圳市松禾成长基金管理有限公司,松禾资本,深圳市松禾资本管理有限公司,松禾成长基金,深圳市松禾成长股权投资合伙企业（有限合伙）,美信电子,美信新材料股份有限公司,生产制造，电子商务，3C电商,化工原料及加工|新材料,中国|广东省|深圳市|南山区,创业投资,成熟期,2019-08-20,RMB,--,--,--,3.33,A,--,--,--,--,制造业|化学原料及化学制品制造业,制造业|石油、化学、塑胶、塑料|化学原料及化学制品制造业,--,2019.xls,0,2019,广东省,制造业,化学原料及化学制品制造业,0.4994562946453602,1.8208338082422204,-3.722104999158957,-0.9923660984020184,a
普华资本【头头是道基金】,浙江普华天勤股权投资管理有限公司【浙江诸暨头头是道投资合伙企业（有限合伙）】,杭州大头投资,杭州大头投资管理有限公司,普华资本,浙江普华天勤股权投资管理有限公司,头头是道基金,浙江诸暨头头是道投资合伙企业（有限合伙）,林清轩,上海林清轩生物科技有限公司,消费生活，农业,化工原料及加工|日用化学,中国|上海市|松江区,成长资本,扩张期,2020-12-04,RMB,40.00,40.00,6.08,3.81,A,曹国熊,--,--,--,制造业|化学原料及化学制品制造业|日用化学产品制造,制造业|石油、化学、塑胶、塑料|化学原料及化学制品制造业|日用化学产品制造业,--,2020.xls,0,2020,上海市,制造业,化学原料及化学制品制造业,0.4994562946453602,1.8208338082422204,-3.722104999158957,-0.9923660984020184,a
国发创投【苏州市姑苏人才基金】（领投）,苏州国发创业投资控股有限公司【苏州市姑苏人才创业投资企业（有限合伙）】（领投）,国发股权基金,苏州国发股权投资基金管理有限公司,国发创投,苏州国发创业投资控股有限公司,苏州市姑苏人才基金,苏州市姑苏人才创业投资企业（有限合伙）,睿尔思科技,苏州睿尔思科技有限公司,新材料，材料，陶瓷化合物靶材,化工原料及加工|新材料,中国|江苏省|苏州市|常熟市,天使投资,初创期,2021-12-08,RMB,--,--,--,--,Pre-A,沈莹娴,--,--,--,制造业|化学原料及化学制品制造业,制造业|石油、化学、塑胶、塑料|化学原料及化学制品制造业,--,2021.xls,1,2021,江苏省,制造业,化学原料及化学制品制造业,0.4994562946453602,1.8208338082422204,-3.722104999158957,-0.9923660984020184,a
领汇创投【浙江领汇】,上海领汇起源私募基金管理有限公司【浙江领庆创业投资有限公司】,领汇创投,上海领汇起源私募基金管理有限公司,--,--,浙江领汇,浙江领庆创业投资有限公司,扬帆新材,浙江扬帆新材料股份有限公司,新材料，生产制造，化工，材料,化工原料及加工|新材料,中国|浙江省|绍兴市,创业投资,扩张期,2012-10-29,USD,1.58,10.19,1.58,3.26,A,--,457.76,72.67,--,制造业|化学原料及化学制品制造业,制造业|石油、化学、塑胶、塑料|化学原料及化学制品制造业,深圳证券交易所创业板,2000-2012.xls,0,2012,浙江省,制造业,化学原料及化学制品制造业,0.4994562946453602,1.8208338082422204,-3.722104999158957,-0.9923660984020184,a
中科科创【广东中科白云新兴创业基金】,广东中科科创创业投资管理有限责任公司【广东中科白云新兴产业创业投资基金有限公司】,中科科创,广东中科科创创业投资管理有限责任公司,--,--,广东中科白云新兴创业基金,广东中科白云新兴产业创业投资基金有限公司,诺斯贝尔,诺斯贝尔化妆品股份有限公司,消费生活，生产制造，化妆品品牌,化工原料及加工|日用化学,中国|广东省|中山市,--,扩张期,2012-11-02,RMB,21.00,21.00,3.33,1.50,B,--,704.35,111.72,--,制造业|化学原料及化学制品制造业|日用化学产品制造,制造业|石油、化学、塑胶、塑料|化学原料及化学制品制造业|日用化学产品制造业,全国中小企业股份转让系统(新三板),2000-2012.xls,1,2012,广东省,制造业,化学原料及化学制品制造业,0.4994562946453602,1.8208338082422204,-3.722104999158957,-0.9923660984020184,a
农开产业【河南省产业集聚区基金】,河南农开产业基金投资有限责任公司【河南省产业集聚区发展投资有限责任公司】,鸿博资本管理,河南鸿博资本管理有限公司,农开产业,河南农开产业基金投资有限责任公司,河南省产业集聚区基金,河南省产业集聚区发展投资有限责任公司,中大恒源,河南中大恒源生物科技股份有限公司,消费生活，农业，五金配件，化妆品品牌，食品添加剂，生物技术，酒水饮料，食品饮料，调味品，饲料，专用设备，生活消费品，饲料添加剂,化工原料及加工|化工原料生产,中国|河南省|漯河市|临颍县,创业投资,种子期,2012-12-14,--,--,--,--,--,A,--,--,--,--,制造业|化学原料及化学制品制造业|基础化学原料制造,制造业|石油、化学、塑胶、塑料,--,2000-2012.xls,1,2012,河南省,制造业,化学原料及化学制品制造业,0.4994562946453602,1.8208338082422204,-3.722104999158957,-0.9923660984020184,a
五源资本【五源资本人民币二期基金】,五源资本【南京五源启兴创业投资中心（有限合伙）】,上海兴畔投资,上海兴畔投资管理咨询有限公司,五源资本,五源资本,五源资本人民币二期基金,南京五源启兴创业投资中心（有限合伙）,逐本,杭州舒彩网络科技有限公司,生产制造，消费生活,化工原料及加工|日用化学,中国|浙江省|杭州市,成长资本,扩张期,2020-12-10,USD,1.88,12.31,1.88,--,A,袁野,--,--,--,制造业|化学原料及化学制品制造业|日用化学产品制造,制造业|石油、化学、塑胶、塑料|化学原料及化学制品制造业|日用化学产品制造业,--,2020.xls,0,2020,浙江省,制造业,化学原料及化学制品制造业,0.4994562946453602,1.8208338082422204,-3.722104999158957,-0.9923660984020184,a
清源投资【常州东方引导基金】,深圳清源投资管理股份有限公司【常州东方产业引导创业投资有限责任公司】,常州清源东方投资,常州清源东方投资管理合伙企业（有限合伙）,清源投资,深圳清源投资管理股份有限公司,常州东方引导基金,常州东方产业引导创业投资有限责任公司,星源材质,深圳市星源材质科技股份有限公司,生产制造，锂电池，锂电池膜，电池隔膜，锂电池隔膜,化工原料及加工|其他化工原料及加工,中国|广东省|深圳市,上市定增,成熟期,2019-07-31,RMB,177.00,177.00,27.39,--,上市定增,潘海峰,"5,153.03",732.33,25.43,制造业|化学原料及化学制品制造业,制造业|石油、化学、塑胶、塑料|化学原料及化学制品制造业,深圳证券交易所创业板,2019.xls,1,2019,广东省,制造业,化学原料及化学制品制造业,0.4994562946453602,1.8208338082422204,-3.722104999158957,-0.9923660984020184,a
方正和生【安徽和壮高新技术成果基金】,方正和生投资有限责任公司【安徽和壮高新技术成果基金合伙企业（有限合伙）】,方正和生,方正和生投资有限责任公司,--,--,安徽和壮高新技术成果基金,安徽和壮高新技术成果基金合伙企业（有限合伙）,润晶科技,镇江润晶高纯化工科技股份有限公司,电子元件，生产制造，二氧化硫脱硫,化工原料及加工|化工原料生产,中国|江苏省|镇江市,新三板定增,成熟期,2020-12-15,RMB,60.00,60.00,9.18,9.29,新三板定增,李尧琦,645.73,98.79,--,制造业|化学原料及化学制品制造业|基础化学原料制造,制造业|石油、化学、塑胶、塑料,全国中小企业股份转让系统(新三板),2020.xls,0,2020,江苏省,制造业,化学原料及化学制品制造业,0.4994562946453602,1.8208338082422204,-3.722104999158957,-0.9923660984020184,a
浙江弘日宝玺创新投资【象山弘日基金】,浙江弘日宝玺创新投资管理有限公司【象山弘日股权投资基金合伙企业（有限合伙）】,浙江弘日宝玺创新投资,浙江弘日宝玺创新投资管理有限公司,--,--,象山弘日基金,象山弘日股权投资基金合伙企业（有限合伙）,科普特,浙江科普特新材料有限公司,新材料，材料，汽车内饰，汽车用品,化工原料及加工|新材料,中国|浙江省|宁波市|象山县,天使投资,初创期,2019-07-24,RMB,--,--,--,4.17,天使轮,--,--,--,--,制造业|化学原料及化学制品制造业,制造业|石油、化学、塑胶、塑料|化学原料及化学制品制造业,--,2019.xls,1,2019,浙江省,制造业,化学原料及化学制品制造业,0.4994562946453602,1.8208338082422204,-3.722104999158957,-0.9923660984020184,a
中国风投【北京建华创业基金】,中国风险投资有限公司【北京建华创业投资有限公司】,北京中投建华管理基金,北京中投建华投资管理有限公司,中国风投,中国风险投资有限公司,北京建华创业基金,北京建华创业投资有限公司,盛磁科技,北京盛磁科技有限公司,生产制造，材料，消费生活，铁,化工原料及加工|新材料,中国|北京市,--,成熟期,2012-09-01,RMB,10.00(e),10.00(e),1.58(e),4.55,A,孙集平,219.78,34.64,--,制造业|化学原料及化学制品制造业,制造业|石油、化学、塑胶、塑料|化学原料及化学制品制造业,--,2000-2012.xls,0,2012,北京市,制造业,化学原料及化学制品制造业,0.4994562946453602,1.8208338082422204,-3.722104999158957,-0.9923660984020184,a
高特佳投资【合肥高特佳创投（高特佳融辉和高特佳永辉）】,深圳市高特佳投资集团有限公司【合肥高特佳创业投资有限责任公司】,高特佳投资,深圳市高特佳投资集团有限公司,--,--,合肥高特佳创投（高特佳融辉和高特佳永辉）,合肥高特佳创业投资有限责任公司,杰事杰,合肥杰事杰新材料股份有限公司,新材料，生产制造，材料，塑料，改性塑料,化工原料及加工|化工原料生产,中国|安徽省|合肥市,--,扩张期,2012-04-06,RMB,19.50,19.50,3.09,1.25,B,--,"1,560.00",247.34,--,制造业|化学原料及化学制品制造业|基础化学原料制造,制造业|石油、化学、塑胶、塑料,全国中小企业股份转让系统(新三板),2000-2012.xls,0,2012,安徽省,制造业,化学原料及化学制品制造业,0.4994562946453602,1.8208338082422204,-3.722104999158957,-0.9923660984020184,a
惠华基金【国家军民融合产业投资基金】,惠华基金管理有限公司【国家军民融合产业投资基金有限责任公司】,惠华基金,惠华基金管理有限公司,--,--,国家军民融合产业投资基金,国家军民融合产业投资基金有限责任公司,昊华科技,昊华化工科技集团股份有限公司,生产制造，化工，天然气，催化剂,化工原料及加工|化工原料生产,中国|四川省|成都市,上市定增,成熟期,2019-10-10,RMB,450.04,450.04,63.63,4.22,上市定增,--,"10,659.58","1,507.12",19.93,制造业|化学原料及化学制品制造业|基础化学原料制造,制造业|石油、化学、塑胶、塑料,上海证券交易所主板,2019.xls,1,2019,四川省,制造业,化学原料及化学制品制造业,0.4994562946453602,1.8208338082422204,-3.722104999158957,-0.9923660984020184,a
前海方舟【前海母基金】,前海方舟资产管理有限公司【前海股权投资基金（有限合伙）】,前海方舟,前海方舟资产管理有限公司,--,--,前海母基金,前海股权投资基金（有限合伙）,康碳科技,上海康碳复合材料科技有限公司,医疗健康，新材料，复合材料,清洁技术|新材料,中国|上海市|嘉定区,创业投资,初创期,2019-10-11,RMB,8.00,8.00,1.13,5.33,B,--,--,--,--,制造业|化学原料及化学制品制造业,制造业|石油、化学、塑胶、塑料|化学原料及化学制品制造业,--,2019.xls,0,2019,上海市,制造业,化学原料及化学制品制造业,0.4994562946453602,1.8208338082422204,-3.722104999158957,-0.9923660984020184,a
深创投【红土创业】,深圳市创新投资集团有限公司【南宁红土邕深创业投资有限公司】,贵州红土创新,贵州红土创新资本管理有限公司,深创投,深圳市创新投资集团有限公司,红土创业,南宁红土邕深创业投资有限公司,贝利特,贝利特化学股份有限公司,生产制造，化工，金融,化工原料及加工|化工原料生产,中国|宁夏|石嘴山市,天使投资,成熟期,2019-12-25,RMB,--,--,--,--,天使轮,--,--,--,--,制造业|化学原料及化学制品制造业|基础化学原料制造,制造业|石油、化学、塑胶、塑料,全国中小企业股份转让系统(新三板),2019.xls,1,2019,宁夏,制造业,化学原料及化学制品制造业,0.4994562946453602,1.8208338082422204,-3.722104999158957,-0.9923660984020184,a
财通资本【财通春晖投资基金】,浙江财通资本投资有限公司【绍兴市上虞区财通春晖股权投资基金合伙企业（有限合伙）】,财通资本,浙江财通资本投资有限公司,--,--,财通春晖投资基金,绍兴市上虞区财通春晖股权投资基金合伙企业（有限合伙）,亿得新材料,浙江亿得新材料股份有限公司,染料，化工,化工原料及加工|新材料,中国|浙江省|杭州市|萧山区,成长资本,成熟期,2020-10-22,RMB,15.00,15.00,2.28,1.75,Pre-IPO,--,857.14,128.35,--,制造业|化学原料及化学制品制造业,制造业|石油、化学、塑胶、塑料|化学原料及化学制品制造业,--,2020.xls,0,2020,浙江省,制造业,化学原料及化学制品制造业,0.4994562946453602,1.8208338082422204,-3.722104999158957,-0.9923660984020184,a
贵鑫瑞和创投【贵州省新型工业化发展股权投资基金】,贵州省贵鑫瑞和创业投资管理有限责任公司【贵州省新型工业化发展股权投资基金合伙企业（有限合伙）】,贵鑫瑞和创投,贵州省贵鑫瑞和创业投资管理有限责任公司,--,--,贵州省新型工业化发展股权投资基金,贵州省新型工业化发展股权投资基金合伙企业（有限合伙）,中伟兴阳,贵州中伟兴阳储能科技有限公司,新材料，新能源，新能源汽车，材料，能源技术，科技推广应用服务，新能源汽车电池管理，广电设备制造，技术研发，汽车电池系统,化工原料及加工|化工原料生产,中国|贵州省|贵阳市|开阳县,天使投资,种子期,2021-12-16,RMB,--,--,--,48.00,种子轮,--,--,--,--,制造业|化学原料及化学制品制造业|基础化学原料制造,制造业|石油、化学、塑胶、塑料,--,2021.xls,1,2021,贵州省,制造业,化学原料及化学制品制造业,0.4994562946453602,1.8208338082422204,-3.722104999158957,-0.9923660984020184,a
青岛拥湾【新疆拥湾高新股权投资】,青岛拥湾私募基金管理集团股份有限公司【新疆拥湾高新股权投资合伙企业（有限合伙）】,青岛拥湾,青岛拥湾私募基金管理集团股份有限公司,--,--,新疆拥湾高新股权投资,新疆拥湾高新股权投资合伙企业（有限合伙）,海利尔,海利尔药业集团股份有限公司,农业，生产制造，化肥农药,化工原料及加工|农药及肥料,中国|山东省|青岛市,--,成熟期,2011-05-27,RMB,2.73,2.73,0.42,1.01,A,--,269.99,41.60,--,制造业|化学原料及化学制品制造业,制造业|石油、化学、塑胶、塑料|化学原料及化学制品制造业,上海证券交易所主板,2000-2012.xls,0,2011,山东省,制造业,化学原料及化学制品制造业,0.4994562946453602,1.8208338082422204,-3.722104999158957,-0.9923660984020184,a
金雨茂物【金溧创投基金】,金雨茂物投资管理股份有限公司【南京金溧创业投资合伙企业（有限合伙）】,西藏金缘,西藏金缘投资管理有限公司,金雨茂物,金雨茂物投资管理股份有限公司,金溧创投基金,南京金溧创业投资合伙企业（有限合伙）,维琪科技,深圳市维琪科技股份有限公司,消费生活，技术研发，医疗健康，通用类企业服务，化妆品品牌,化工原料及加工|日用化学,中国|广东省|深圳市|宝安区,成长资本,成熟期,2021-12-16,RMB,--,--,--,1.50,A,许颙良,"1,677.85",265.39,--,制造业|化学原料及化学制品制造业|日用化学产品制造,制造业|石油、化学、塑胶、塑料|化学原料及化学制品制造业|日用化学产品制造业,--,2021.xls,1,2021,广东省,制造业,化学原料及化学制品制造业,0.4994562946453602,1.8208338082422204,-3.722104999158957,-0.9923660984020184,a
惠华基金【国家军民融合产业投资基金】,惠华基金管理有限公司【国家军民融合产业投资基金有限责任公司】,惠华基金,惠华基金管理有限公司,--,--,国家军民融合产业投资基金,国家军民融合产业投资基金有限责任公司,同益中,北京同益中新材料科技股份有限公司,新材料，生产制造，复合材料，聚乙烯,化工原料及加工|新材料,中国|北京市|通州区,成长资本,成熟期,2019-12-18,RMB,197.54,197.54,30.92,22.42,Pre-IPO,--,881.17,125.94,--,制造业|化学原料及化学制品制造业,制造业|石油、化学、塑胶、塑料|化学原料及化学制品制造业,上海证券交易所科创板,2019.xls,1,2019,北京市,制造业,化学原料及化学制品制造业,0.4994562946453602,1.8208338082422204,-3.722104999158957,-0.9923660984020184,a
接力基金【接力基金II】,接力基金【上海创业接力投资中心（有限合伙）】,新中欧创投,上海新中欧创业投资管理有限公司,--,--,接力基金II,上海创业接力投资中心（有限合伙）,浦江特种气体,上海浦江特种气体有限公司,生产制造，天然气，化工，电子商务,化工原料及加工|化工原料生产,中国|上海市,--,成熟期,2011-08-01,RMB,5.00,5.00,0.78,3.00,A,--,166.67,25.88,--,制造业|化学原料及化学制品制造业|基础化学原料制造,制造业|石油、化学、塑胶、塑料,--,2000-2012.xls,0,2011,上海市,制造业,化学原料及化学制品制造业,0.4994562946453602,1.8208338082422204,-3.722104999158957,-0.9923660984020184,a
毅达资本【江苏疌泉高投毅达化工新材料创业投资】,江苏毅达股权投资基金管理有限公司【江苏疌泉高投毅达化工新材料创业投资合伙企业（有限合伙）】,南京毅达投资,南京毅达股权投资管理企业（有限合伙）,毅达资本,江苏毅达股权投资基金管理有限公司,江苏疌泉高投毅达化工新材料创业投资,江苏疌泉高投毅达化工新材料创业投资合伙企业（有限合伙）,惠通科技,扬州惠通科技股份有限公司,企业服务，化工,化工原料及加工|化工原料生产,中国|江苏省|扬州市|邗江区,成长资本,成熟期,2021-12-15,RMB,--,--,--,3.32,B,应文禄,--,--,--,制造业|化学原料及化学制品制造业|基础化学原料制造,制造业|石油、化学、塑胶、塑料,--,2021.xls,0,2021,江苏省,制造业,化学原料及化学制品制造业,0.4994562946453602,1.8208338082422204,-3.722104999158957,-0.9923660984020184,a
九派创投【湖北九派创业基金】,武汉九派投资管理有限公司【湖北九派创业投资有限公司】,九派创投,武汉九派投资管理有限公司,--,--,湖北九派创业基金,湖北九派创业投资有限公司,振华化学,湖北振华化学股份有限公司,消费生活，生产制造，化工，硫酸，晶体，医疗健康,化工原料及加工|化工原料生产,中国|湖北省|黄石市,--,扩张期,2011-10-04,RMB,--,--,--,2.25,C,周爱清,890.21,139.86,--,制造业|化学原料及化学制品制造业|基础化学原料制造,制造业|石油、化学、塑胶、塑料,上海证券交易所主板,2000-2012.xls,0,2011,湖北省,制造业,化学原料及化学制品制造业,0.4994562946453602,1.8208338082422204,-3.722104999158957,-0.9923660984020184,a
东方富海【深圳市富海新材二期创业基金】,深圳市东方富海投资管理股份有限公司【深圳市富海新材二期创业投资基金合伙企业（有限合伙）】,深圳富海鑫湾投资,深圳市富海鑫湾股权投资基金管理企业（有限合伙）,东方富海,深圳市东方富海投资管理股份有限公司,深圳市富海新材二期创业基金,深圳市富海新材二期创业投资基金合伙企业（有限合伙）,原速科技,深圳市原速科技有限公司,农业，生产制造，新材料，材料，膜材料,清洁技术|新材料,中国|广东省|深圳市|宝安区,创业投资,初创期,2019-11-28,RMB,--,--,--,16.67,Pre-A,韩雪松,239.95,34.11,--,制造业|化学原料及化学制品制造业,制造业|石油、化学、塑胶、塑料|化学原料及化学制品制造业,--,2019.xls,0,2019,广东省,制造业,化学原料及化学制品制造业,0.4994562946453602,1.8208338082422204,-3.722104999158957,-0.9923660984020184,a
小苗朗程【紫竹小苗朗新创投基金】,小苗朗程【上海紫竹小苗朗新创业投资合伙企业（有限合伙）】,上海小苗朗程投资,上海小苗朗程投资管理有限公司,--,--,紫竹小苗朗新创投基金,上海紫竹小苗朗新创业投资合伙企业（有限合伙）,唯万密封,上海唯万密封科技股份有限公司,生产制造，密封件，模具,化工原料及加工|其他化工原料及加工,中国|上海市|浦东新区,成长资本,成熟期,2019-11-27,RMB,10.00,10.00,1.39,1.49,B,--,671.14,95.41,--,制造业|化学原料及化学制品制造业,制造业|石油、化学、塑胶、塑料|化学原料及化学制品制造业,深圳证券交易所创业板,2019.xls,0,2019,上海市,制造业,化学原料及化学制品制造业,0.4994562946453602,1.8208338082422204,-3.722104999158957,-0.9923660984020184,a
金城资本【兰州科技创新创业基金】,金城资本管理有限公司【兰州科技创新创业风险投资基金（有限合伙）】,金城资本,金城资本管理有限公司,--,--,兰州科技创新创业基金,兰州科技创新创业风险投资基金（有限合伙）,兰州助剂厂,兰州助剂厂股份有限公司,医药，化工,化工原料及加工|化工原料生产,中国|甘肃省|兰州市|永登县,创业投资,成熟期,2020-11-09,RMB,--,--,--,11.05,A,--,--,--,--,制造业|化学原料及化学制品制造业|基础化学原料制造,制造业|石油、化学、塑胶、塑料,--,2020.xls,1,2020,甘肃省,制造业,化学原料及化学制品制造业,0.4994562946453602,1.8208338082422204,-3.722104999158957,-0.9923660984020184,a
明德投资【金控明德跃升基金】,北京融和明德投资管理有限公司【柳州金控明德跃升股权投资管理中心（有限合伙）】,金控明德,柳州金控明德基金管理有限责任公司,明德投资,北京融和明德投资管理有限公司,金控明德跃升基金,柳州金控明德跃升股权投资管理中心（有限合伙）,德高化成,天津德高化成新材料股份有限公司,新材料，电子元件，橡胶，材料，光电,化工原料及加工|新材料,中国|天津市|滨海新区,新三板定增,成熟期,2019-11-20,RMB,5.03,5.03,0.72,4.58,新三板定增,--,109.90,15.69,--,制造业|化学原料及化学制品制造业,制造业|石油、化学、塑胶、塑料|化学原料及化学制品制造业,全国中小企业股份转让系统(新三板),2019.xls,0,2019,天津市,制造业,化学原料及化学制品制造业,0.4994562946453602,1.8208338082422204,-3.722104999158957,-0.9923660984020184,a
领汇创投【浙江领汇】,上海领汇起源私募基金管理有限公司【浙江领庆创业投资有限公司】,领汇创投,上海领汇起源私募基金管理有限公司,--,--,浙江领汇,浙江领庆创业投资有限公司,中易碳素,嘉兴中易碳素科技有限公司,消费电子，生产制造，材料，干电池，3C电商,化工原料及加工|新材料,中国|浙江省|嘉兴市|南湖区,天使投资,种子期,2011-10-24,RMB,--,--,--,--,天使轮,--,--,--,--,制造业|化学原料及化学制品制造业,制造业|石油、化学、塑胶、塑料|化学原料及化学制品制造业,--,2000-2012.xls,0,2011,浙江省,制造业,化学原料及化学制品制造业,0.4994562946453602,1.8208338082422204,-3.722104999158957,-0.9923660984020184,a
中科院创投【中科院科技成果转化母基金】,中科院创业投资管理有限公司【中科院科技成果转化创业投资基金（武汉）合伙企业（有限合伙）】,中科院创投,中科院创业投资管理有限公司,--,--,中科院科技成果转化母基金,中科院科技成果转化创业投资基金（武汉）合伙企业（有限合伙）,天目先导,溧阳天目先导电池材料科技有限公司,新材料，生产制造，材料，新型锂电池材料，负极材料，正极材料，纳米制造，锂电池,清洁技术|新材料,中国|江苏省|常州市,创业投资,初创期,2019-11-19,RMB,--,--,--,2.78,B,--,--,--,--,制造业|化学原料及化学制品制造业,制造业|石油、化学、塑胶、塑料|化学原料及化学制品制造业,--,2019.xls,0,2019,江苏省,制造业,化学原料及化学制品制造业,0.4994562946453602,1.8208338082422204,-3.722104999158957,-0.9923660984020184,a
东湖资本【东湖创新创投基金】,武汉东湖国隆股权投资基金管理有限公司【武汉东湖创新创业投资基金有限公司】,东湖创新投,武汉东湖创新投资管理有限公司,东湖资本,武汉东湖国隆股权投资基金管理有限公司,东湖创新创投基金,武汉东湖创新创业投资基金有限公司,鄂信钻石,鄂信钻石新材料股份有限公司,生产制造，合金材料，材料，超硬材料，新材料，模具,清洁技术|新材料,中国|湖北省|鄂州市,--,成熟期,2011-11-02,RMB,2.27,2.27,0.36,6.98,A,--,32.59,5.15,--,制造业|化学原料及化学制品制造业,制造业|石油、化学、塑胶、塑料|化学原料及化学制品制造业,全国中小企业股份转让系统(新三板),2000-2012.xls,0,2011,湖北省,制造业,化学原料及化学制品制造业,0.4994562946453602,1.8208338082422204,-3.722104999158957,-0.9923660984020184,a
合肥创新投【合肥市天使投资基金】,合肥市创新科技风险投资有限公司【合肥市天使投资基金有限公司】,合肥创新投,合肥市创新科技风险投资有限公司,--,--,合肥市天使投资基金,合肥市天使投资基金有限公司,天曜新材料,合肥天曜新材料科技有限公司,新材料，半导体元件，材料，晶体，广电设备制造，专用设备，膜材料,清洁技术|新材料,中国|安徽省|合肥市|蜀山区,创业投资,种子期,2020-11-10,RMB,--,--,--,2.78,A,--,71.99,10.89,--,制造业|化学原料及化学制品制造业,制造业|石油、化学、塑胶、塑料|化学原料及化学制品制造业,--,2020.xls,1,2020,安徽省,制造业,化学原料及化学制品制造业,0.4994562946453602,1.8208338082422204,-3.722104999158957,-0.9923660984020184,a
济南科创投【科信创投】,济南科技创业投资集团有限公司【济南科信创业投资有限公司】,济南科创投,济南科技创业投资集团有限公司,--,--,科信创投,济南科信创业投资有限公司,中农联合,山东中农联合生物科技股份有限公司,农业，生产制造，化肥农药,化工原料及加工|农药及肥料,中国|山东省|济南市,--,扩张期,2011-11-19,RMB,5.00,5.00,0.76,1.52,A,--,330.03,51.93,--,制造业|化学原料及化学制品制造业,制造业|石油、化学、塑胶、塑料|化学原料及化学制品制造业,深圳证券交易所主板，全国中小企业股份转让系统(新三板),2000-2012.xls,0,2011,山东省,制造业,化学原料及化学制品制造业,0.4994562946453602,1.8208338082422204,-3.722104999158957,-0.9923660984020184,a
接力基金【上海大学生创投】,接力基金【上海大学生创业投资有限公司】,新中欧创投,上海新中欧创业投资管理有限公司,--,--,上海大学生创投,上海大学生创业投资有限公司,同化新材料,上海同化新材料科技有限公司,生产制造，化工，教育,清洁技术|新材料,中国|上海市,--,初创期,2011-11-25,RMB,6.00,6.00,0.94,--,A,--,--,--,--,制造业|化学原料及化学制品制造业,制造业|石油、化学、塑胶、塑料|化学原料及化学制品制造业,--,2000-2012.xls,0,2011,上海市,制造业,化学原料及化学制品制造业,0.4994562946453602,1.8208338082422204,-3.722104999158957,-0.9923660984020184,a
唐兴资本【西安唐兴科创基金】,唐兴天下投资管理（西安）有限责任公司【西安唐兴科创投资基金合伙企业（有限合伙）】,唐兴资本,唐兴天下投资管理（西安）有限责任公司,--,--,西安唐兴科创基金,西安唐兴科创投资基金合伙企业（有限合伙）,西部新锆,西安西部新锆科技股份有限公司,新材料，材料,化工原料及加工|新材料,中国|陕西省|西安市,战略投资,扩张期,2020-11-15,RMB,20.08,20.08,3.03,1.22,战略投资,宫蒲玲,"1,645.90",248.31,--,制造业|化学原料及化学制品制造业,制造业|石油、化学、塑胶、塑料|化学原料及化学制品制造业,--,2020.xls,0,2020,陕西省,制造业,化学原料及化学制品制造业,0.4994562946453602,1.8208338082422204,-3.722104999158957,-0.9923660984020184,a
清源投资【苏州清策基金】（领投）,深圳清源投资管理股份有限公司【苏州清策创业投资合伙企业（有限合伙）】（领投）,深圳清源时代投资,深圳清源时代投资管理控股有限公司,清源投资,深圳清源投资管理股份有限公司,苏州清策基金,苏州清策创业投资合伙企业（有限合伙）,富烯科技,常州富烯科技股份有限公司,新材料，石墨烯,化工原料及加工|新材料,中国|江苏省|常州市|武进区,创业投资,扩张期,2019-11-07,RMB,--,--,--,--,Pre-A,陈思广,--,--,--,制造业|化学原料及化学制品制造业,制造业|石油、化学、塑胶、塑料|化学原料及化学制品制造业,--,2019.xls,0,2019,江苏省,制造业,化学原料及化学制品制造业,0.4994562946453602,1.8208338082422204,-3.722104999158957,-0.9923660984020184,a
国晟资本【宿迁市产业发展基金】,国晟众城（江苏）创业投资有限公司【宿迁市产业发展基金（有限合伙）】,国晟资本,国晟众城（江苏）创业投资有限公司,--,--,宿迁市产业发展基金,宿迁市产业发展基金（有限合伙）,鑫博高分子材料,江苏鑫博高分子材料有限公司,化学纤维,化工原料及加工|新材料,中国|江苏省|宿迁市|宿城区,创业投资,扩张期,2020-11-18,RMB,--,--,--,27.27,A,--,--,--,--,制造业|化学原料及化学制品制造业,制造业|石油、化学、塑胶、塑料|化学原料及化学制品制造业,--,2020.xls,1,2020,江苏省,制造业,化学原料及化学制品制造业,0.4994562946453602,1.8208338082422204,-3.722104999158957,-0.9923660984020184,a
沃衍资本【沃衍资本创投三期基金】,北京沃衍资本管理中心（有限合伙）【福州嘉衍创业投资合伙企业（有限合伙）】,沃衍资本,北京沃衍资本管理中心（有限合伙）,--,--,沃衍资本创投三期基金,福州嘉衍创业投资合伙企业（有限合伙）,当盛新材,厦门当盛新材料有限公司,新材料，材料,化工原料及加工|新材料,中国|福建省|厦门市|海沧区,成长资本,扩张期,2021-12-15,RMB,--,--,--,0.86,A,--,--,--,--,制造业|化学原料及化学制品制造业,制造业|石油、化学、塑胶、塑料|化学原料及化学制品制造业,--,2021.xls,0,2021,福建省,制造业,化学原料及化学制品制造业,0.4994562946453602,1.8208338082422204,-3.722104999158957,-0.9923660984020184,a
华安嘉业【安华创投基金】,华安嘉业投资管理有限公司【安徽安华创新风险投资基金有限公司】,华安嘉业,华安嘉业投资管理有限公司,--,--,安华创投基金,安徽安华创新风险投资基金有限公司,会通股份,会通新材料股份有限公司,新材料，电子元件，生产制造，材料,化工原料及加工|新材料,中国|安徽省|合肥市,成长资本,成熟期,2019-10-30,RMB,80.00,80.00,11.33,2.89,C,--,"2,764.82",391.52,--,制造业|化学原料及化学制品制造业,制造业|石油、化学、塑胶、塑料|化学原料及化学制品制造业,上海证券交易所科创板,2019.xls,0,2019,安徽省,制造业,化学原料及化学制品制造业,0.4994562946453602,1.8208338082422204,-3.722104999158957,-0.9923660984020184,a
荷塘创投【启迪汇德创投】,荷塘创业投资管理（北京）有限公司【北京启迪汇德创业投资有限公司】,荷塘创投,荷塘创业投资管理（北京）有限公司,--,--,启迪汇德创投,北京启迪汇德创业投资有限公司,翔丰华,深圳市翔丰华科技股份有限公司,汽车交通，新能源汽车，生产制造，负极材料，锂电池,化工原料及加工|新材料,中国|广东省|深圳市,创业投资,初创期,2012-02-23,RMB,6.00,6.00,0.88,10.00,B,罗茁,60.00,9.52,--,制造业|化学原料及化学制品制造业,制造业|石油、化学、塑胶、塑料|化学原料及化学制品制造业,深圳证券交易所创业板,2000-2012.xls,0,2012,广东省,制造业,化学原料及化学制品制造业,0.4994562946453602,1.8208338082422204,-3.722104999158957,-0.9923660984020184,a
招商资本【张家港市招港基金】,招商局资本投资有限责任公司【张家港市招港股权投资合伙企业（有限合伙）】,招商局资本,招商局资本管理有限责任公司,招商资本,招商局资本投资有限责任公司,张家港市招港基金,张家港市招港股权投资合伙企业（有限合伙）,菲利华,湖北菲利华石英玻璃股份有限公司,电子元件，生产制造，材料，光电，玻璃，玻璃纤维,化工原料及加工|新材料,中国|湖北省|荆州市,上市定增,成熟期,2019-10-24,RMB,50.50,50.50,7.14,--,上市定增,--,"6,149.74",869.20,38.06,制造业|化学原料及化学制品制造业,制造业|石油、化学、塑胶、塑料|化学原料及化学制品制造业,深圳证券交易所创业板,2019.xls,1,2019,湖北省,制造业,化学原料及化学制品制造业,0.4994562946453602,1.8208338082422204,-3.722104999158957,-0.9923660984020184,a
国投创合【国投创合国家新兴产业引导基金】,国投创合基金管理有限公司【国投创合国家新兴产业创业投资引导基金（有限合伙）】,国投创合,国投创合基金管理有限公司,--,--,国投创合国家新兴产业引导基金,国投创合国家新兴产业创业投资引导基金（有限合伙）,博雅新材料,眉山博雅新材料股份有限公司,材料，晶体，玻璃,化工原料及加工|新材料,中国|四川省|眉山市|东坡区,--,扩张期,2020-11-24,--,--,--,--,--,B,--,--,--,--,制造业|化学原料及化学制品制造业,制造业|石油、化学、塑胶、塑料|化学原料及化学制品制造业,--,2020.xls,1,2020,四川省,制造业,化学原料及化学制品制造业,0.4994562946453602,1.8208338082422204,-3.722104999158957,-0.9923660984020184,a
南京崇宁资本【疌泉中设智慧建筑基金】,崇宁资本管理有限公司【江苏疌泉中设智慧建筑产业投资基金（有限合伙）】,南京崇宁资本,崇宁资本管理有限公司,--,--,疌泉中设智慧建筑基金,江苏疌泉中设智慧建筑产业投资基金（有限合伙）,润泰股份,润泰新材料股份有限公司,新材料，生产制造，化工，节能环保,化工原料及加工|化工原料生产,中国|江苏省|泰州市,成长资本,成熟期,2020-11-24,RMB,25.20,25.20,3.90,1.70,C,--,"1,481.14",225.37,--,制造业|化学原料及化学制品制造业|基础化学原料制造,制造业|石油、化学、塑胶、塑料,全国中小企业股份转让系统(新三板),2020.xls,0,2020,江苏省,制造业,化学原料及化学制品制造业,0.4994562946453602,1.8208338082422204,-3.722104999158957,-0.9923660984020184,a
中国风投【北京建华创业基金】,中国风险投资有限公司【北京建华创业投资有限公司】,北京中投建华管理基金,北京中投建华投资管理有限公司,中国风投,中国风险投资有限公司,北京建华创业基金,北京建华创业投资有限公司,高祥特种管道,长春高祥特种管道有限公司,金属化纸介电容,化工原料及加工|新材料,中国|吉林省|长春市|朝阳区,--,成熟期,2012-03-01,RMB,9.60,9.60,1.53,6.26,A,谷柏,--,--,--,制造业|化学原料及化学制品制造业,制造业|石油、化学、塑胶、塑料|化学原料及化学制品制造业,--,2000-2012.xls,0,2012,吉林省,制造业,化学原料及化学制品制造业,0.4994562946453602,1.8208338082422204,-3.722104999158957,-0.9923660984020184,a
山鹰资本【深圳市山鹰时代伯乐基金】,山鹰投资管理有限公司【深圳市山鹰时代伯乐股权投资合伙企业（有限合伙）】,山鹰资本,山鹰投资管理有限公司,--,--,深圳市山鹰时代伯乐基金,深圳市山鹰时代伯乐股权投资合伙企业（有限合伙）,埃得新材料,埃得新材料有限公司,新材料，生产制造，材料，化工制剂,化工原料及加工|新材料,中国|安徽省,创业投资,初创期,2019-07-22,RMB,--,--,--,25.93,A,--,154.26,22.44,--,制造业|化学原料及化学制品制造业,制造业|石油、化学、塑胶、塑料|化学原料及化学制品制造业,--,2019.xls,0,2019,安徽省,制造业,化学原料及化学制品制造业,0.4994562946453602,1.8208338082422204,-3.722104999158957,-0.9923660984020184,a
蚌投集团【蚌埠市产业引导基金】,蚌埠投资集团有限公司【蚌埠市产业引导基金有限公司】,蚌投集团,蚌埠投资集团有限公司,--,--,蚌埠市产业引导基金,蚌埠市产业引导基金有限公司,碳华新材料,安徽碳华新材料科技有限公司,节能环保，新材料，电子元件，生产制造,化工原料及加工|新材料,中国|安徽省|蚌埠市|蚌山区,创业投资,初创期,2021-03-12,RMB,--,--,--,3.12,A,--,--,--,--,制造业|化学原料及化学制品制造业,制造业|石油、化学、塑胶、塑料|化学原料及化学制品制造业,--,2021.xls,1,2021,安徽省,制造业,化学原料及化学制品制造业,0.4994562946453602,1.8208338082422204,-3.722104999158957,-0.9923660984020184,a
西高投【西安高新区战略性新兴产业引导基金】,西安高新技术产业风险投资有限责任公司【西安高新新兴产业投资基金合伙企业（有限合伙）】,西高投,西安高新技术产业风险投资有限责任公司,--,--,西安高新区战略性新兴产业引导基金,西安高新新兴产业投资基金合伙企业（有限合伙）,思强科技,西安西工大思强科技股份有限公司,生产制造，材料，磁性材料，新材料,清洁技术|新材料,中国|陕西省|西安市,创业投资,成熟期,2019-01-01,RMB,3.00,3.00,0.42,--,A,张念,--,--,--,制造业|化学原料及化学制品制造业,制造业|石油、化学、塑胶、塑料|化学原料及化学制品制造业,--,2019.xls,1,2019,陕西省,制造业,化学原料及化学制品制造业,0.4994562946453602,1.8208338082422204,-3.722104999158957,-0.9923660984020184,a
长江产业投资集团【潜江润泽高新技术产业公司基金】,长江产业投资集团有限公司【潜江润泽高新技术产业投资基金有限公司】,湖北高投集团,湖北省高新产业投资集团有限公司,长江产业投资集团,长江产业投资集团有限公司,潜江润泽高新技术产业公司基金,潜江润泽高新技术产业投资基金有限公司,方圆钛白,潜江方圆钛白有限公司,节能环保，化工,化工原料及加工|化工原料生产,中国|湖北省|潜江市,创业投资,成熟期,2020-07-03,--,--,--,--,3.85,B,--,--,--,--,制造业|化学原料及化学制品制造业|基础化学原料制造,制造业|石油、化学、塑胶、塑料,--,2020.xls,1,2020,湖北省,制造业,化学原料及化学制品制造业,0.4994562946453602,1.8208338082422204,-3.722104999158957,-0.9923660984020184,a
移盟资本【移盟起点一号】,深圳移盟资本管理合伙企业（有限合伙）【深圳移盟起点一号创业投资合伙企业（有限合伙）】,移盟资本,深圳移盟资本管理合伙企业（有限合伙）,--,--,移盟起点一号,深圳移盟起点一号创业投资合伙企业（有限合伙）,瑞凌新能源,宁波瑞凌新能源科技有限公司,新能源，农业，材料,清洁技术|新材料,中国|浙江省|宁波市,--,种子期,2018-03-16,RMB,--,--,--,--,A,--,--,--,--,制造业|化学原料及化学制品制造业,制造业|石油、化学、塑胶、塑料|化学原料及化学制品制造业,--,2018.xls,0,2018,浙江省,制造业,化学原料及化学制品制造业,0.4994562946453602,1.8208338082422204,-3.722104999158957,-0.9923660984020184,a
德同资本【陕西新材料高技术创投基金】,德同资本管理有限公司【陕西省新材料高技术创业投资基金（有限合伙）】,德同福方投资,陕西德同福方投资管理有限公司,德同资本,德同资本管理有限公司,陕西新材料高技术创投基金,陕西省新材料高技术创业投资基金（有限合伙）,新智汇科技,陕西新智汇科技股份有限公司,新材料，汽车交通，生产制造，材料，复合材料，销售服务，建材，汽车零部件，五金配件,化工原料及加工|其他化工原料及加工,中国|陕西省|安康市,创业投资,初创期,2016-01-25,RMB,--,--,--,--,天使轮,田立新,122.25,18.58,--,制造业|化学原料及化学制品制造业,制造业|石油、化学、塑胶、塑料|化学原料及化学制品制造业,--,2016.xls,1,2016,陕西省,制造业,化学原料及化学制品制造业,0.4994562946453602,1.8208338082422204,-3.722104999158957,-0.9923660984020184,a
清控银杏【银杏广博】,清控银杏创业投资管理（北京）有限公司【广东银杏广博创业投资合伙企业（有限合伙）】,广州银杏投资,广州银杏投资管理有限公司,清控银杏,清控银杏创业投资管理（北京）有限公司,银杏广博,广东银杏广博创业投资合伙企业（有限合伙）,盈博莱,佛山市盈博莱科技股份有限公司,生产制造，电池隔膜，锂电池隔膜,化工原料及加工|化工原料生产,中国|广东省|佛山市,新三板定增,扩张期,2018-03-23,RMB,4.02,4.02,0.64,1.33,新三板定增,--,302.26,47.85,--,制造业|化学原料及化学制品制造业|基础化学原料制造,制造业|石油、化学、塑胶、塑料,全国中小企业股份转让系统(新三板),2018.xls,0,2018,广东省,制造业,化学原料及化学制品制造业,0.4994562946453602,1.8208338082422204,-3.722104999158957,-0.9923660984020184,a
毅达资本【江苏中小企业发展基金】,江苏毅达股权投资基金管理有限公司【江苏中小企业发展基金（有限合伙）】,毅达资本,江苏毅达股权投资基金管理有限公司,--,--,江苏中小企业发展基金,江苏中小企业发展基金（有限合伙）,泽升科技,安徽泽升科技有限公司,生产制造，技术研发，医疗健康，化学试剂，医疗器械,化工原料及加工|化工原料生产,中国|安徽省|安庆市|宜秀区,成长资本,扩张期,2021-07-21,RMB,--,--,--,1.55,A,--,"1,931.52",302.07,--,制造业|化学原料及化学制品制造业|基础化学原料制造,制造业|石油、化学、塑胶、塑料,--,2021.xls,0,2021,安徽省,制造业,化学原料及化学制品制造业,0.4994562946453602,1.8208338082422204,-3.722104999158957,-0.9923660984020184,a
普惠正通【惠通高创创投】,北京普惠正通投资有限公司【安阳惠通高创新材料创业投资合伙企业（有限合伙）】,惠通高创,北京惠通高创投资管理中心（有限合伙）,普惠正通,北京普惠正通投资有限公司,惠通高创创投,安阳惠通高创新材料创业投资合伙企业（有限合伙）,杰科股份,河南杰科新材料有限公司,新材料，生产制造，聚氯乙烯，聚乙烯，材料，电线光缆，3C电商,化工原料及加工|新材料,中国|河南省|鹤壁市,新三板定增,扩张期,2016-02-26,RMB,8.00,8.00,1.22,3.56,新三板定增,--,247.30,37.86,--,制造业|化学原料及化学制品制造业,制造业|石油、化学、塑胶、塑料|化学原料及化学制品制造业,全国中小企业股份转让系统(新三板),2016.xls,0,2016,河南省,制造业,化学原料及化学制品制造业,0.4994562946453602,1.8208338082422204,-3.722104999158957,-0.9923660984020184,a
浙科投资【科威创投基金】,浙江浙科投资管理有限公司【长兴科威创业投资合伙企业（有限合伙）】,浙科友业,长兴浙科友业投资管理有限公司,浙科投资,浙江浙科投资管理有限公司,科威创投基金,长兴科威创业投资合伙企业（有限合伙）,绿色新材,湖州绿色新材股份有限公司,节能环保，生产制造，材料，建筑，化工,化工原料及加工|化工原料生产,中国|浙江省|湖州市|吴兴区,--,成熟期,2016-03-09,RMB,4.80,4.80,0.74,1.60,A,--,300.30,46.17,--,制造业|化学原料及化学制品制造业|基础化学原料制造,制造业|石油、化学、塑胶、塑料,全国中小企业股份转让系统(新三板),2016.xls,0,2016,浙江省,制造业,化学原料及化学制品制造业,0.4994562946453602,1.8208338082422204,-3.722104999158957,-0.9923660984020184,a
北极光创投【北极光人民币基金四期】,北极光创投【苏州极创欣源创业投资合伙企业（有限合伙）】,同源创业,苏州同源创业投资管理有限公司,北极光创投,北极光创投,北极光人民币基金四期,苏州极创欣源创业投资合伙企业（有限合伙）,珈凯生物,上海珈凯生物股份有限公司,生产制造，化妆品品牌,化工原料及加工|日用化学,中国|上海市|金山区,创业投资,扩张期,2021-08-17,RMB,--,--,--,--,B,--,--,--,--,制造业|化学原料及化学制品制造业|日用化学产品制造,制造业|石油、化学、塑胶、塑料|化学原料及化学制品制造业|日用化学产品制造业,--,2021.xls,0,2021,上海市,制造业,化学原料及化学制品制造业,0.4994562946453602,1.8208338082422204,-3.722104999158957,-0.9923660984020184,a
康成亨资本【嘉信元德股权投资】,深圳市康成亨资本管理集团有限公司【深圳市嘉信元德股权投资基金合伙企业（有限合伙）】,嘉霖信业投资,深圳市嘉霖信业股权投资管理有限公司,康成亨资本,深圳市康成亨资本管理集团有限公司,嘉信元德股权投资,深圳市嘉信元德股权投资基金合伙企业（有限合伙）,绚图新材科技,深圳市绚图新材科技有限公司,节能环保，新材料，生产制造，材料，纳米制造,清洁技术|新材料,中国|广东省|深圳市,天使投资,扩张期,2018-06-06,RMB,--,--,--,--,天使轮,--,--,--,--,制造业|化学原料及化学制品制造业,制造业|石油、化学、塑胶、塑料|化学原料及化学制品制造业,--,2018.xls,0,2018,广东省,制造业,化学原料及化学制品制造业,0.4994562946453602,1.8208338082422204,-3.722104999158957,-0.9923660984020184,a
君海创芯【江苏疌泉君海荣芯投资基金】,君海创芯（北京）咨询管理有限公司【江苏疌泉君海荣芯投资合伙企业（有限合伙）】,君海联芯投资,无锡君海联芯投资管理有限公司,君海创芯,君海创芯（北京）咨询管理有限公司,江苏疌泉君海荣芯投资基金,江苏疌泉君海荣芯投资合伙企业（有限合伙）,雅克科技,江苏雅克科技股份有限公司,电子元件，生产制造，材料，电子商务,化工原料及加工|新材料,中国|江苏省|无锡市,上市定增,成熟期,2021-09-10,RMB,50.00,50.00,7.74,0.12,上市定增,--,"43,310.88","6,708.00",104.75,制造业|化学原料及化学制品制造业,制造业|石油、化学、塑胶、塑料|化学原料及化学制品制造业,深圳证券交易所主板,2021.xls,0,2021,江苏省,制造业,化学原料及化学制品制造业,0.4994562946453602,1.8208338082422204,-3.722104999158957,-0.9923660984020184,a
中芯聚源【苏州聚源铸芯创投基金】（领投）,中芯聚源股权投资管理（上海）有限公司【苏州聚源铸芯创业投资合伙企业（有限合伙）】（领投）,中芯聚源,中芯聚源股权投资管理（上海）有限公司,--,--,苏州聚源铸芯创投基金,苏州聚源铸芯创业投资合伙企业（有限合伙）,矩阵多元,深圳市矩阵多元科技有限公司,材料，膜材料,化工原料及加工|新材料,中国|广东省|深圳市,创业投资,扩张期,2021-05-18,RMB,--,--,--,10.00,A,孙玉望,--,--,--,制造业|化学原料及化学制品制造业,制造业|石油、化学、塑胶、塑料|化学原料及化学制品制造业,--,2021.xls,0,2021,广东省,制造业,化学原料及化学制品制造业,0.4994562946453602,1.8208338082422204,-3.722104999158957,-0.9923660984020184,a
陆家嘴投资【余杭经开股权投资基金】,上海联嵘投资发展有限公司【杭州余杭经开股权投资基金合伙企业（有限合伙）】,浙江守成资产,浙江守成资产管理有限公司,陆家嘴投资,上海联嵘投资发展有限公司,余杭经开股权投资基金,杭州余杭经开股权投资基金合伙企业（有限合伙）,本松新材,杭州本松新材料技术股份有限公司,新材料，塑料，材料,化工原料及加工|化工原料生产,中国|浙江省|杭州市,新三板定增,扩张期,2018-06-04,RMB,18.00,18.00,2.84,6.21,新三板定增,--,289.86,45.23,--,制造业|化学原料及化学制品制造业|基础化学原料制造,制造业|石油、化学、塑胶、塑料,全国中小企业股份转让系统(新三板),2018.xls,1,2018,浙江省,制造业,化学原料及化学制品制造业,0.4994562946453602,1.8208338082422204,-3.722104999158957,-0.9923660984020184,a
沃衍资本【沃衍资本创投三期基金】,北京沃衍资本管理中心（有限合伙）【福州嘉衍创业投资合伙企业（有限合伙）】,沃衍资本,北京沃衍资本管理中心（有限合伙）,--,--,沃衍资本创投三期基金,福州嘉衍创业投资合伙企业（有限合伙）,珂玛材料,苏州珂玛材料科技股份有限公司,陶瓷，光电,化工原料及加工|新材料,中国|江苏省|苏州市,成长资本,成熟期,2021-10-28,RMB,17.26,17.26,2.39,--,A,--,--,--,--,制造业|化学原料及化学制品制造业,制造业|石油、化学、塑胶、塑料|化学原料及化学制品制造业,--,2021.xls,0,2021,江苏省,制造业,化学原料及化学制品制造业,0.4994562946453602,1.8208338082422204,-3.722104999158957,-0.9923660984020184,a
迈朴资本【陕西省高技术服务创投基金】,西安迈朴资本管理有限公司【陕西省高技术服务创业投资基金（有限合伙）】,迈朴资本,西安迈朴资本管理有限公司,--,--,陕西省高技术服务创投基金,陕西省高技术服务创业投资基金（有限合伙）,浩元航空,西安浩元航空科技有限公司,新材料，生产制造，企业服务，航空航运，技术研发，发动机，模具，航空零部件,化工原料及加工|新材料,中国|陕西省|西安市,--,扩张期,2017-06-07,RMB,--,--,--,18.00,--,--,--,--,--,制造业|化学原料及化学制品制造业,制造业|石油、化学、塑胶、塑料|化学原料及化学制品制造业,--,2017.xls,1,2017,陕西省,制造业,化学原料及化学制品制造业,0.4994562946453602,1.8208338082422204,-3.722104999158957,-0.9923660984020184,a
湖南高新创投集团【融汇湘疆创投基金】,湖南高新创业投资集团有限公司【新疆融汇湘疆创业投资有限合伙企业】,融汇鑫创投,新疆融汇鑫创业投资管理有限公司,湖南高新创投,湖南高新创业投资管理有限公司,融汇湘疆创投基金,新疆融汇湘疆创业投资有限合伙企业,慧尔股份,新疆慧尔农业集团股份有限公司,农业，生产制造，化工,化工原料及加工|化工原料生产,中国|新疆|昌吉回族自治州,成长资本,成熟期,2016-08-19,RMB,6.22,6.22,0.91,2.10,其他,--,295.70,44.60,--,制造业|化学原料及化学制品制造业|基础化学原料制造,制造业|石油、化学、塑胶、塑料,全国中小企业股份转让系统(新三板),2016.xls,1,2016,新疆,制造业,化学原料及化学制品制造业,0.4994562946453602,1.8208338082422204,-3.722104999158957,-0.9923660984020184,a
和达投资【杭州和达创芯创业投资】,杭州和达投资管理有限公司【杭州和达创芯创业投资合伙企业（有限合伙）】,和达投资,杭州和达投资管理有限公司,--,--,杭州和达创芯创业投资,杭州和达创芯创业投资合伙企业（有限合伙）,幄肯科技,杭州幄肯新材料科技有限公司,新材料，碳纤维，生产制造，材料，复合材料，耐腐蚀材料，膜材料,清洁技术|新材料,中国|浙江省|杭州市,成长资本,扩张期,2021-10-19,RMB,--,--,--,8.06,C+,金宇峰,"1,096.36",172.14,--,制造业|化学原料及化学制品制造业,制造业|石油、化学、塑胶、塑料|化学原料及化学制品制造业,--,2021.xls,0,2021,浙江省,制造业,化学原料及化学制品制造业,0.4994562946453602,1.8208338082422204,-3.722104999158957,-0.9923660984020184,a
中小担创投【人才三号一期】,深圳市中小担创业投资有限公司【深圳市人才创新创业三号一期股权投资基金合伙企业（有限合伙）】,深圳市中小担人才股权投资基金,深圳市中小担人才股权投资基金管理有限公司,中小担创投,深圳市中小担创业投资有限公司,人才三号一期,深圳市人才创新创业三号一期股权投资基金合伙企业（有限合伙）,聚赛龙,广州市聚赛龙工程塑料股份有限公司,改性塑料,化工原料及加工|新材料,中国|广东省|广州市,成长资本,成熟期,2017-09-30,RMB,6.68,6.68,1.06,1.87,Pre-IPO,--,357.64,53.89,--,制造业|化学原料及化学制品制造业,制造业|石油、化学、塑胶、塑料|化学原料及化学制品制造业,深圳证券交易所创业板，全国中小企业股份转让系统(新三板),2017.xls,0,2017,广东省,制造业,化学原料及化学制品制造业,0.4994562946453602,1.8208338082422204,-3.722104999158957,-0.9923660984020184,a
盈富泰克【云南南天盈富泰克信息产业创业投资】,盈富泰克创业投资有限公司【云南南天盈富泰克信息产业创业投资合伙企业（有限合伙）】,云南南天盈富泰克资本,云南南天盈富泰克创业投资基金管理有限公司,盈富泰克,盈富泰克创业投资有限公司,云南南天盈富泰克信息产业创业投资,云南南天盈富泰克信息产业创业投资合伙企业（有限合伙）,亿仕达,锦州亿仕达石英新材料股份有限公司,新材料，生产制造，玻璃，材料,化工原料及加工|新材料,中国|辽宁省|锦州市,新三板定增,扩张期,2018-06-21,RMB,29.96,29.96,4.64,--,新三板定增,--,--,--,--,制造业|化学原料及化学制品制造业,制造业|石油、化学、塑胶、塑料|化学原料及化学制品制造业,全国中小企业股份转让系统(新三板),2018.xls,0,2018,辽宁省,制造业,化学原料及化学制品制造业,0.4994562946453602,1.8208338082422204,-3.722104999158957,-0.9923660984020184,a
富德欣懋投资【富德高科新材基金】,北京富德欣懋投资管理咨询有限公司【河南富德高科新材创业投资基金合伙企业（有限合伙）】,富德科材,北京富德科材投资管理有限公司,富德欣懋投资,北京富德欣懋投资管理咨询有限公司,富德高科新材基金,河南富德高科新材创业投资基金合伙企业（有限合伙）,惠强新材,河南惠强新能源材料科技股份有限公司,生产制造，电池隔膜,化工原料及加工|化工原料生产,中国|河南省|驻马店市,--,扩张期,2018-03-16,--,--,--,--,--,C,--,--,--,--,制造业|化学原料及化学制品制造业|基础化学原料制造,制造业|石油、化学、塑胶、塑料,全国中小企业股份转让系统(新三板),2018.xls,0,2018,河南省,制造业,化学原料及化学制品制造业,0.4994562946453602,1.8208338082422204,-3.722104999158957,-0.9923660984020184,a
国开金融【京津冀协同发展产业投资基金】,国开金融有限责任公司【京津冀协同发展产业投资基金（有限合伙）】,国开投资,国开投资基金管理有限责任公司,国开金融,国开金融有限责任公司,京津冀协同发展产业投资基金,京津冀协同发展产业投资基金（有限合伙）,天津渤化化工,天津渤化化工发展有限公司,新材料，材料，塑料，物业管理，专用设备，技术研发,化工原料及加工|化工原料生产,中国|天津市|滨海新区,创业投资,扩张期,2015-12-15,RMB,--,--,--,5.11,A,--,--,--,--,制造业|化学原料及化学制品制造业|基础化学原料制造,制造业|石油、化学、塑胶、塑料,--,2015.xls,1,2015,天津市,制造业,化学原料及化学制品制造业,0.4994562946453602,1.8208338082422204,-3.722104999158957,-0.9923660984020184,a
余杭国投【余杭区产业发展引导基金】,杭州余杭国有资本投资运营集团有限公司【杭州余杭产业基金有限公司】,余杭国投,杭州余杭国有资本投资运营集团有限公司,--,--,余杭区产业发展引导基金,杭州余杭产业基金有限公司,海普顿,浙江海普顿新材料股份有限公司,新材料，生产制造，材料,化工原料及加工|新材料,中国|浙江省|杭州市|余杭区,创业投资,成熟期,2016-09-22,RMB,--,--,--,--,A,--,--,--,--,制造业|化学原料及化学制品制造业,制造业|石油、化学、塑胶、塑料|化学原料及化学制品制造业,全国中小企业股份转让系统(新三板),2016.xls,0,2016,浙江省,制造业,化学原料及化学制品制造业,0.4994562946453602,1.8208338082422204,-3.722104999158957,-0.9923660984020184,a
华创资本【华创人民币六期基金】（领投）,华创汇才投资管理（北京）有限公司【南京绿涌锦航股权投资管理合伙企业（有限合伙）】（领投）,华创资本,华创汇才投资管理（北京）有限公司,--,--,华创人民币六期基金,南京绿涌锦航股权投资管理合伙企业（有限合伙）,淂意,上海大喂科技发展有限公司,消费生活，独立品牌，化妆品品牌,化工原料及加工|日用化学,中国|上海市|黄浦区,天使投资,初创期,2021-11-05,USD,4.85,31.03,4.85,10.33,Pre-A,--,479.97,75.02,--,制造业|化学原料及化学制品制造业|日用化学产品制造,制造业|石油、化学、塑胶、塑料|化学原料及化学制品制造业|日用化学产品制造业,--,2021.xls,0,2021,上海市,制造业,化学原料及化学制品制造业,0.4994562946453602,1.8208338082422204,-3.722104999158957,-0.9923660984020184,a
毅达资本【江苏中小企业发展基金】,江苏毅达股权投资基金管理有限公司【江苏中小企业发展基金（有限合伙）】,毅达资本,江苏毅达股权投资基金管理有限公司,--,--,江苏中小企业发展基金,江苏中小企业发展基金（有限合伙）,金山环材,广东新金山环保材料股份有限公司,生产制造，材料，节能环保,化工原料及加工|化工原料生产,中国|广东省|潮州市|湘桥区,新三板定增,成熟期,2018-07-20,RMB,60.00,60.00,8.95,9.20,新三板定增,--,652.17,97.24,--,制造业|化学原料及化学制品制造业|基础化学原料制造,制造业|石油、化学、塑胶、塑料,全国中小企业股份转让系统(新三板),2018.xls,0,2018,广东省,制造业,化学原料及化学制品制造业,0.4994562946453602,1.8208338082422204,-3.722104999158957,-0.9923660984020184,a
谦石投资【谦石高新创投】,宁波谦石股权投资管理有限公司【宁波谦石高新创业投资合伙企业（有限合伙）】,谦石投资,宁波谦石股权投资管理有限公司,--,--,谦石高新创投,宁波谦石高新创业投资合伙企业（有限合伙）,长阳科技,宁波长阳科技股份有限公司,新材料，电子元件，生产制造，材料,清洁技术|新材料,中国|浙江省|宁波市,--,扩张期,2015-12-31,RMB,19.50,19.50,3.00,3.00,其他,--,650.00,100.13,--,制造业|化学原料及化学制品制造业,制造业|石油、化学、塑胶、塑料|化学原料及化学制品制造业,上海证券交易所科创板，全国中小企业股份转让系统(新三板),2015.xls,0,2015,浙江省,制造业,化学原料及化学制品制造业,0.4994562946453602,1.8208338082422204,-3.722104999158957,-0.9923660984020184,a
安徽投资集团【三重一创产业发展基金】,安徽省投资集团控股有限公司【安徽省三重一创产业发展基金有限公司】,安徽省高新投,安徽省高新技术产业投资有限公司,安徽投资集团,安徽省投资集团控股有限公司,三重一创产业发展基金,安徽省三重一创产业发展基金有限公司,华塑股份,安徽华塑股份有限公司,生产制造，塑料，材料，塑料制品，聚氯乙烯，化工，硫酸，建筑原料，公共安全,化工原料及加工|化工原料生产,中国|安徽省|滁州市,新三板定增,扩张期,2018-07-16,RMB,350.00,350.00,54.95,13.98,新三板定增,--,"2,502.92",375.10,--,制造业|化学原料及化学制品制造业|基础化学原料制造,制造业|石油、化学、塑胶、塑料,上海证券交易所主板，全国中小企业股份转让系统(新三板),2018.xls,1,2018,安徽省,制造业,化学原料及化学制品制造业,0.4994562946453602,1.8208338082422204,-3.722104999158957,-0.9923660984020184,a
新科源科风投【中科援疆基金】,新疆新科源科技风险投资管理有限公司【新疆中科援疆创新创业私募基金合伙企业（有限合伙）】,援疆创新创投,新疆中科援疆创新创业私募基金管理有限公司,新科源科风投,新疆新科源科技风险投资管理有限公司,中科援疆基金,新疆中科援疆创新创业私募基金合伙企业（有限合伙）,科能股份,新疆科能新材料技术股份有限公司,生产制造，建筑，材料，新材料，电子封装材料,化工原料及加工|新材料,中国|新疆|乌鲁木齐市,新三板定增,成熟期,2018-06-22,RMB,24.00,24.00,3.71,9.49,新三板定增,--,252.96,39.09,--,制造业|化学原料及化学制品制造业,制造业|石油、化学、塑胶、塑料|化学原料及化学制品制造业,全国中小企业股份转让系统(新三板),2018.xls,1,2018,新疆,制造业,化学原料及化学制品制造业,0.4994562946453602,1.8208338082422204,-3.722104999158957,-0.9923660984020184,a
达晨财智【达晨创联基金】,达晨财智【深圳市达晨创联股权投资基金合伙企业（有限合伙）】,达晨财智,深圳市达晨财智创业投资管理有限公司,--,--,达晨创联基金,深圳市达晨创联股权投资基金合伙企业（有限合伙）,汉维科技,东莞市汉维科技股份有限公司,节能环保，生产制造，环保材料，橡塑，化工，石油化工，自动化，造纸,化工原料及加工|化工原料生产,中国|广东省|东莞市,新三板定增,扩张期,2018-03-08,RMB,40.00,40.00,5.75,8.90,新三板定增,--,462.90,73.20,--,制造业|化学原料及化学制品制造业|基础化学原料制造,制造业|石油、化学、塑胶、塑料,北京证券交易所，全国中小企业股份转让系统(新三板),2018.xls,0,2018,广东省,制造业,化学原料及化学制品制造业,0.4994562946453602,1.8208338082422204,-3.722104999158957,-0.9923660984020184,a
长江资本【长江证券湖北基金】,长江成长资本投资有限公司【长江证券产业基金（湖北）合伙企业（有限合伙）】,长江证券基金管理,长江证券私募产业基金管理（湖北）有限公司,长江资本,长江成长资本投资有限公司,长江证券湖北基金,长江证券产业基金（湖北）合伙企业（有限合伙）,海龙核科,江苏海龙核科技股份有限公司,企业服务，行业协会，核能,化工原料及加工|新材料,中国|江苏省|镇江市,新三板定增,扩张期,2017-09-20,RMB,50.70,50.70,7.46,4.36,新三板定增,--,"1,278.28",188.07,--,制造业|化学原料及化学制品制造业,制造业|石油、化学、塑胶、塑料|化学原料及化学制品制造业,全国中小企业股份转让系统(新三板),2017.xls,0,2017,江苏省,制造业,化学原料及化学制品制造业,0.4994562946453602,1.8208338082422204,-3.722104999158957,-0.9923660984020184,a
长江资本【长江证券湖北基金】,长江成长资本投资有限公司【长江证券产业基金（湖北）合伙企业（有限合伙）】,长江证券基金管理,长江证券私募产业基金管理（湖北）有限公司,长江资本,长江成长资本投资有限公司,长江证券湖北基金,长江证券产业基金（湖北）合伙企业（有限合伙）,丽源科技,湖北丽源科技股份有限公司,生产制造，染料，活性染料,清洁技术|新材料,中国|湖北省|荆州市,新三板定增,扩张期,2017-09-21,RMB,65.00,65.00,9.87,6.47,新三板定增,--,"1,004.89",152.56,--,制造业|化学原料及化学制品制造业,制造业|石油、化学、塑胶、塑料|化学原料及化学制品制造业,全国中小企业股份转让系统(新三板),2017.xls,0,2017,湖北省,制造业,化学原料及化学制品制造业,0.4994562946453602,1.8208338082422204,-3.722104999158957,-0.9923660984020184,a
南京崇宁资本【沭阳经开区产业基金】,崇宁资本管理有限公司【沭阳经济技术开发区产业发展基金（有限合伙）】,南京崇宁资本,崇宁资本管理有限公司,--,--,沭阳经开区产业基金,沭阳经济技术开发区产业发展基金（有限合伙）,鑫亿鼎,江苏鑫亿鼎石英科技股份有限公司,节能环保，电子元件，生产制造，化工，材料,化工原料及加工|其他化工原料及加工,中国|江苏省|宿迁市,新三板定增,扩张期,2021-04-19,RMB,30.00,30.00,4.60,11.85,新三板定增,--,253.10,38.80,--,制造业|化学原料及化学制品制造业,制造业|石油、化学、塑胶、塑料|化学原料及化学制品制造业,全国中小企业股份转让系统(新三板),2021.xls,1,2021,江苏省,制造业,化学原料及化学制品制造业,0.4994562946453602,1.8208338082422204,-3.722104999158957,-0.9923660984020184,a
惠友资本【惠友创嘉】,惠友资本【深圳市惠友创嘉创业投资合伙企业（有限合伙）】,深圳惠友创盈投资,深圳市惠友创盈投资管理有限公司,--,--,惠友创嘉,深圳市惠友创嘉创业投资合伙企业（有限合伙）,鑫迪科技,深圳市鑫迪科技有限公司,生产制造，金属制品，能源矿产,清洁技术|新材料,中国|广东省|深圳市,--,扩张期,2018-06-28,RMB,--,--,--,--,A,--,--,--,--,制造业|化学原料及化学制品制造业,制造业|石油、化学、塑胶、塑料|化学原料及化学制品制造业,--,2018.xls,0,2018,广东省,制造业,化学原料及化学制品制造业,0.4994562946453602,1.8208338082422204,-3.722104999158957,-0.9923660984020184,a
青域基金【青域创投基金Ⅳ期】,杭州青域资产管理有限公司【苏州青域知行创业投资合伙企业（有限合伙）】,青域易禾创投,嘉兴青域易禾创业投资管理合伙企业（有限合伙）,青域基金,杭州青域资产管理有限公司,青域创投基金Ⅳ期,苏州青域知行创业投资合伙企业（有限合伙）,振华新材,贵州振华新材料股份有限公司,新材料，新能源，新能源汽车，生产制造，材料，正极材料,化工原料及加工|新材料,中国|贵州省|贵阳市,成长资本,成熟期,2018-06-26,RMB,50.00,50.00,7.70,1.37,其他,--,"3,639.01",560.77,--,制造业|化学原料及化学制品制造业,制造业|石油、化学、塑胶、塑料|化学原料及化学制品制造业,上海证券交易所科创板，全国中小企业股份转让系统(新三板),2018.xls,0,2018,贵州省,制造业,化学原料及化学制品制造业,0.4994562946453602,1.8208338082422204,-3.722104999158957,-0.9923660984020184,a
同创博润创投【陕西高端装备高技术创业投资基金】,西安同创博润创业投资管理中心（有限合伙企业）【陕西高端装备高技术创业投资基金（有限合伙）】,同创博润创投,西安同创博润创业投资管理中心（有限合伙企业）,--,--,陕西高端装备高技术创业投资基金,陕西高端装备高技术创业投资基金（有限合伙）,理工科技,陕西理工新材料科技有限公司,节能环保，新材料，企业服务，汽车交通，生产制造，材料，投资，金属材料，建筑，航空航运，造纸，技术研发，定位系统,化工原料及加工|新材料,中国|陕西省|西安市,创业投资,扩张期,2016-09-20,RMB,--,--,--,--,A,--,--,--,--,制造业|化学原料及化学制品制造业,制造业|石油、化学、塑胶、塑料|化学原料及化学制品制造业,--,2016.xls,1,2016,陕西省,制造业,化学原料及化学制品制造业,0.4994562946453602,1.8208338082422204,-3.722104999158957,-0.9923660984020184,a
盛世投资【连云港母基金】,北京盛世宏明投资基金管理有限公司【江苏连云港国际物流园投资有限公司】,盛世聚鑫,江苏盛世聚鑫私募基金管理有限公司,盛世投资,北京盛世宏明投资基金管理有限公司,连云港母基金,江苏连云港国际物流园投资有限公司,联瑞新材,江苏联瑞新材料股份有限公司,新材料，生产制造,化工原料及加工|新材料,中国|江苏省|连云港市,新三板定增,成熟期,2018-07-10,RMB,36.00,36.00,5.42,3.10,新三板定增,--,"1,160.46",174.79,--,制造业|化学原料及化学制品制造业,制造业|石油、化学、塑胶、塑料|化学原料及化学制品制造业,上海证券交易所科创板，全国中小企业股份转让系统(新三板),2018.xls,1,2018,江苏省,制造业,化学原料及化学制品制造业,0.4994562946453602,1.8208338082422204,-3.722104999158957,-0.9923660984020184,a
方正和生【铜陵和生产业发展基金】,方正和生投资有限责任公司【铜陵和生产业发展基金合伙企业（有限合伙）】,方正和生,方正和生投资有限责任公司,--,--,铜陵和生产业发展基金,铜陵和生产业发展基金合伙企业（有限合伙）,美联新材,广东美联新材料股份有限公司,新材料，生产制造，消费生活，电子商务,化工原料及加工|新材料,中国|广东省|汕头市,上市定增,成熟期,2021-07-12,RMB,51.74,51.74,7.99,1.45,上市定增,--,"3,566.53",550.52,115.27,制造业|化学原料及化学制品制造业,制造业|石油、化学、塑胶、塑料|化学原料及化学制品制造业,深圳证券交易所创业板,2021.xls,1,2021,广东省,制造业,化学原料及化学制品制造业,0.4994562946453602,1.8208338082422204,-3.722104999158957,-0.9923660984020184,a
北京瑞恒海盛投资【吉林市瑞恒新材料产业投资】,北京瑞恒海盛投资基金管理有限公司【吉林市瑞恒新材料产业投资中心（有限合伙）】,北京瑞恒海盛投资,北京瑞恒海盛投资基金管理有限公司,--,--,吉林市瑞恒新材料产业投资,吉林市瑞恒新材料产业投资中心（有限合伙）,盟固利,天津国安盟固利新材料科技股份有限公司,新材料，生产制造，材料，正极材料，化工原料，锂电池,化工原料及加工|新材料,中国|天津市|宝坻区,创业投资,扩张期,2018-04-01,RMB,27.98,27.98,3.89,1.34,老股权转让,--,"2,087.69",332.01,--,制造业|化学原料及化学制品制造业,制造业|石油、化学、塑胶、塑料|化学原料及化学制品制造业,深圳证券交易所创业板,2018.xls,0,2018,天津市,制造业,化学原料及化学制品制造业,0.4994562946453602,1.8208338082422204,-3.722104999158957,-0.9923660984020184,a
金财投资【江苏省政府投资基金】,江苏金财投资有限公司【江苏省政府投资基金（有限合伙）】,金财投资,江苏金财投资有限公司,--,--,江苏省政府投资基金,江苏省政府投资基金（有限合伙）,苏州纳米研究院,苏州工业园区纳米产业技术研究院有限公司,企业服务，新材料，纳米技术，融资租赁，咨询服务，贸易服务,清洁技术|新材料,中国|江苏省|苏州市,创业投资,扩张期,2016-08-03,RMB,--,--,--,--,A,--,--,--,--,制造业|化学原料及化学制品制造业,制造业|石油、化学、塑胶、塑料|化学原料及化学制品制造业,--,2016.xls,1,2016,江苏省,制造业,化学原料及化学制品制造业,0.4994562946453602,1.8208338082422204,-3.722104999158957,-0.9923660984020184,a
国中资本【深圳国中中小企业发展私募股权投资基金】,国中资本【深圳国中中小企业发展私募股权投资基金合伙企业（有限合伙）】,国中创投,深圳国中创业投资管理有限公司,--,--,深圳国中中小企业发展私募股权投资基金,深圳国中中小企业发展私募股权投资基金合伙企业（有限合伙）,澳中电子,东莞澳中新材料科技股份有限公司,生产制造，锂电池膜，新型锂电池材料，新材料，材料,化工原料及加工|新材料,中国|广东省|东莞市,--,扩张期,2017-10-25,RMB,20.00,20.00,3.02,12.50,A,--,160.00,24.12,--,制造业|化学原料及化学制品制造业,制造业|石油、化学、塑胶、塑料|化学原料及化学制品制造业,--,2017.xls,0,2017,广东省,制造业,化学原料及化学制品制造业,0.4994562946453602,1.8208338082422204,-3.722104999158957,-0.9923660984020184,a
TCL创投【长江合志投资基金】,TCL创投【湖北省长江合志股权投资基金合伙企业（有限合伙）】,合志基金管理公司,湖北省长江合志股权投资基金管理有限公司,新疆TCL创投,新疆TCL股权投资有限公司,长江合志投资基金,湖北省长江合志股权投资基金合伙企业（有限合伙）,远东卓越,湖北远东卓越科技股份有限公司,生产制造，企业服务，医疗健康,化工原料及加工|新材料,中国|湖北省|黄冈市,新三板定增,扩张期,2017-05-15,RMB,24.00,24.00,3.48,0.04,新三板定增,--,538.65,78.10,--,制造业|化学原料及化学制品制造业,制造业|石油、化学、塑胶、塑料|化学原料及化学制品制造业,全国中小企业股份转让系统(新三板),2017.xls,0,2017,湖北省,制造业,化学原料及化学制品制造业,0.4994562946453602,1.8208338082422204,-3.722104999158957,-0.9923660984020184,a
吕梁离石佳信德投资【佳信德战略性新兴产业基金】,山西佳信德股权投资管理有限公司【吕梁佳信德战略性新兴产业基金（有限合伙）】,吕梁离石佳信德投资,山西佳信德股权投资管理有限公司,--,--,佳信德战略性新兴产业基金,吕梁佳信德战略性新兴产业基金（有限合伙）,中磁尚善,山西中磁尚善科技有限公司,材料,化工原料及加工|新材料,中国|山西省|吕梁市|离石区,创业投资,初创期,2018-04-28,RMB,--,--,--,--,A,--,--,--,--,制造业|化学原料及化学制品制造业,制造业|石油、化学、塑胶、塑料|化学原料及化学制品制造业,--,2018.xls,1,2018,山西省,制造业,化学原料及化学制品制造业,0.4994562946453602,1.8208338082422204,-3.722104999158957,-0.9923660984020184,a
西安拓金【陕西现代能源创业基金】,西安拓金投资管理合伙企业（有限合伙）【陕西省现代能源创业投资基金有限公司】,西安拓金,西安拓金投资管理合伙企业（有限合伙）,--,--,陕西现代能源创业基金,陕西省现代能源创业投资基金有限公司,高正高分子材料,嘉兴高正新材料科技股份有限公司,新材料，材料，复合材料，碳材料，纳米制造,化工原料及加工|新材料,中国|浙江省|嘉兴市|平湖市,创业投资,扩张期,2017-05-12,RMB,--,--,--,--,A,--,--,--,--,制造业|化学原料及化学制品制造业,制造业|石油、化学、塑胶、塑料|化学原料及化学制品制造业,--,2017.xls,1,2017,浙江省,制造业,化学原料及化学制品制造业,0.4994562946453602,1.8208338082422204,-3.722104999158957,-0.9923660984020184,a
香樟创投【溧阳市产业投资引导基金】,江苏香樟创业投资管理有限公司【溧阳市产业投资引导基金有限公司】,香樟创投,江苏香樟创业投资管理有限公司,--,--,溧阳市产业投资引导基金,溧阳市产业投资引导基金有限公司,开磷瑞阳,江苏开磷瑞阳化工股份有限公司,农业，生产制造，医疗健康，环保材料，油墨，石油化工，阻燃剂，化工,化工原料及加工|化工原料生产,中国|江苏省|常州市,新三板定增,成熟期,2017-11-15,RMB,45.87,45.87,6.75,5.53,新三板定增,--,829.09,121.98,--,制造业|化学原料及化学制品制造业|基础化学原料制造,制造业|石油、化学、塑胶、塑料,全国中小企业股份转让系统(新三板),2017.xls,1,2017,江苏省,制造业,化学原料及化学制品制造业,0.4994562946453602,1.8208338082422204,-3.722104999158957,-0.9923660984020184,a
金城资本【兰州科技创新创业基金】,金城资本管理有限公司【兰州科技创新创业风险投资基金（有限合伙）】,金城资本,金城资本管理有限公司,--,--,兰州科技创新创业基金,兰州科技创新创业风险投资基金（有限合伙）,高歌伟业新材,甘肃高歌伟业新材料科技有限公司,新材料，材料,化工原料及加工|新材料,中国|甘肃省|兰州市|安宁区,创业投资,扩张期,2018-04-16,RMB,--,--,--,11.26,A,--,--,--,--,制造业|化学原料及化学制品制造业,制造业|石油、化学、塑胶、塑料|化学原料及化学制品制造业,--,2018.xls,1,2018,甘肃省,制造业,化学原料及化学制品制造业,0.4994562946453602,1.8208338082422204,-3.722104999158957,-0.9923660984020184,a
国投创业【国投（广东）科技成果转化创业投资基金】,国投创业投资管理有限公司【国投（广东）科技成果转化创业投资基金合伙企业（有限合伙）】,国投（广东）创业投资,国投（广东）创业投资管理有限公司,国投创业,国投创业投资管理有限公司,国投（广东）科技成果转化创业投资基金,国投（广东）科技成果转化创业投资基金合伙企业（有限合伙）,欧莱新材,广东欧莱高新材料股份有限公司,新材料，溅射靶材,化工原料及加工|新材料,中国|广东省|韶关市|武江区,创业投资,成熟期,2021-10-26,RMB,100.00,100.00,14.39,5.88,C,--,"1,700.68",266.19,--,制造业|化学原料及化学制品制造业,制造业|石油、化学、塑胶、塑料|化学原料及化学制品制造业,--,2021.xls,1,2021,广东省,制造业,化学原料及化学制品制造业,0.4994562946453602,1.8208338082422204,-3.722104999158957,-0.9923660984020184,a
金石投资【金石制造业转型升级新材料基金】,金石投资有限公司【金石制造业转型升级新材料基金（有限合伙）】,金石投资,金石投资有限公司,--,--,金石制造业转型升级新材料基金,金石制造业转型升级新材料基金（有限合伙）,融通高科,湖北融通高科先进材料集团股份有限公司,材料，新型锂电池材料，电池材料，负极材料，正极材料，锂电池,清洁技术|新材料,中国|湖北省|黄石市|大冶市,成长资本,扩张期,2021-08-30,RMB,--,--,--,9.75,C,--,"2,564.10",396.45,--,制造业|化学原料及化学制品制造业,制造业|石油、化学、塑胶、塑料|化学原料及化学制品制造业,--,2021.xls,0,2021,湖北省,制造业,化学原料及化学制品制造业,0.4994562946453602,1.8208338082422204,-3.722104999158957,-0.9923660984020184,a
东方富海【深圳市富海新材二期创业基金】,深圳市东方富海投资管理股份有限公司【深圳市富海新材二期创业投资基金合伙企业（有限合伙）】,深圳富海鑫湾投资,深圳市富海鑫湾股权投资基金管理企业（有限合伙）,东方富海,深圳市东方富海投资管理股份有限公司,深圳市富海新材二期创业基金,深圳市富海新材二期创业投资基金合伙企业（有限合伙）,思泉新材,广东思泉新材料股份有限公司,新材料，生产制造，导热材料,清洁技术|新材料,中国|广东省|东莞市,新三板定增,扩张期,2018-04-26,RMB,24.92,24.92,3.95,9.97,新三板定增,--,249.97,39.64,--,制造业|化学原料及化学制品制造业,制造业|石油、化学、塑胶、塑料|化学原料及化学制品制造业,全国中小企业股份转让系统(新三板),2018.xls,0,2018,广东省,制造业,化学原料及化学制品制造业,0.4994562946453602,1.8208338082422204,-3.722104999158957,-0.9923660984020184,a
湖南高新创投集团【湖南高新科技成果转化投资基金】,湖南高新创业投资集团有限公司【湖南高新科技成果转化投资基金企业（有限合伙）】,湖南高新创投,湖南高新创业投资管理有限公司,湖南高新创投集团,湖南高新创业投资集团有限公司,湖南高新科技成果转化投资基金,湖南高新科技成果转化投资基金企业（有限合伙）,前元股份,湖南前元智慧管业股份有限公司,生产制造，塑料，化工，特高压电线电缆，电力供应，玻璃纤维,化工原料及加工|化工原料生产,中国|湖南省|长沙市,新三板定增,扩张期,2017-05-09,RMB,30.00,30.00,4.35,17.75,新三板定增,--,169.02,24.48,--,制造业|化学原料及化学制品制造业|基础化学原料制造,制造业|石油、化学、塑胶、塑料,全国中小企业股份转让系统(新三板),2017.xls,0,2017,湖南省,制造业,化学原料及化学制品制造业,0.4994562946453602,1.8208338082422204,-3.722104999158957,-0.9923660984020184,a
德同资本【陕西新材料高技术创投基金】,德同资本管理有限公司【陕西省新材料高技术创业投资基金（有限合伙）】,德同福方投资,陕西德同福方投资管理有限公司,德同资本,德同资本管理有限公司,陕西新材料高技术创投基金,陕西省新材料高技术创业投资基金（有限合伙）,钧盛新材,西安钧盛新材料科技有限公司,新材料，材料，玻璃，陶瓷化合物靶材，光伏膜，纳米制造,化工原料及加工|新材料,中国|陕西省|西安市,--,扩张期,2017-04-25,RMB,--,--,--,11.43,A+,--,--,--,--,制造业|化学原料及化学制品制造业,制造业|石油、化学、塑胶、塑料|化学原料及化学制品制造业,--,2017.xls,1,2017,陕西省,制造业,化学原料及化学制品制造业,0.4994562946453602,1.8208338082422204,-3.722104999158957,-0.9923660984020184,a
光谷人才投资【武汉光谷人才创业投资】,武汉光谷人才私募投资管理有限公司【武汉光谷人才创业投资合伙企业（有限合伙）】,光谷人才投资,武汉光谷人才私募投资管理有限公司,--,--,武汉光谷人才创业投资,武汉光谷人才创业投资合伙企业（有限合伙）,铂莱材料,武汉铂莱材料科技有限公司,复合材料，新材料，材料，企业服务,清洁技术|新材料,中国|湖北省|武汉市,--,种子期,2017-11-07,--,--,--,--,--,天使轮,--,--,--,--,制造业|化学原料及化学制品制造业,制造业|石油、化学、塑胶、塑料|化学原料及化学制品制造业,--,2017.xls,0,2017,湖北省,制造业,化学原料及化学制品制造业,0.4994562946453602,1.8208338082422204,-3.722104999158957,-0.9923660984020184,a
首京建设投资北京【包头市稀土产业转型升级基金】,首京建设投资基金管理（北京）有限公司【包头市正信浙银稀土产业投资基金合伙企业（有限合伙）】,首京建设投资北京,首京建设投资基金管理（北京）有限公司,--,--,包头市稀土产业转型升级基金,包头市正信浙银稀土产业投资基金合伙企业（有限合伙）,科锐微磁,包头市科锐微磁新材料有限责任公司,生产制造，材料，化工，工业自动化，铁，汽车交通，家用电器,化工原料及加工|新材料,中国|内蒙古|包头市,创业投资,扩张期,2017-04-17,RMB,--,--,--,--,A,--,--,--,--,制造业|化学原料及化学制品制造业,制造业|石油、化学、塑胶、塑料|化学原料及化学制品制造业,--,2017.xls,1,2017,内蒙古,制造业,化学原料及化学制品制造业,0.4994562946453602,1.8208338082422204,-3.722104999158957,-0.9923660984020184,a
蓝湾资本【仙居蓝湾生命健康基金】,蓝湾科创资本集团【仙居蓝湾健康产业投资合伙企业（有限合伙）】,蓝湾创投,南通蓝湾创业投资管理有限公司,蓝湾资本,蓝湾科创资本集团,仙居蓝湾生命健康基金,仙居蓝湾健康产业投资合伙企业（有限合伙）,上海翊科,上海翊科聚合物科技有限公司,新材料，材料，医用膜材料，膜材料,化工原料及加工|化工原料生产,中国|上海市|浦东新区,创业投资,初创期,2021-08-23,RMB,5.00,5.00,0.77,--,A,--,--,--,--,制造业|化学原料及化学制品制造业|基础化学原料制造,制造业|石油、化学、塑胶、塑料,--,2021.xls,1,2021,上海市,制造业,化学原料及化学制品制造业,0.4994562946453602,1.8208338082422204,-3.722104999158957,-0.9923660984020184,a
明德投资【悦石科泰思基金】,北京融和明德投资管理有限公司【常州悦石科泰思投资合伙企业（有限合伙）】,明德投资,北京融和明德投资管理有限公司,--,--,悦石科泰思基金,常州悦石科泰思投资合伙企业（有限合伙）,安泰复材,常州启赋安泰复合材料科技有限公司,碳纤维，材料，复合材料,化工原料及加工|新材料,中国|江苏省|常州市|新北区,--,种子期,2018-04-19,RMB,--,--,--,--,种子轮,--,--,--,--,制造业|化学原料及化学制品制造业,制造业|石油、化学、塑胶、塑料|化学原料及化学制品制造业,--,2018.xls,0,2018,江苏省,制造业,化学原料及化学制品制造业,0.4994562946453602,1.8208338082422204,-3.722104999158957,-0.9923660984020184,a
银鞍资本【银鞍岭秀新材料基金】,上海银鞍股权投资管理有限公司【南京银鞍岭秀新材料产业基金合伙企业（有限合伙）】,银鞍资本,上海银鞍股权投资管理有限公司,--,--,银鞍岭秀新材料基金,南京银鞍岭秀新材料产业基金合伙企业（有限合伙）,三力本诺,青岛三力本诺新材料股份有限公司,生产制造，化工，精细化工,化工原料及加工|化工原料生产,中国|山东省|青岛市|胶州市,成长资本,成熟期,2021-05-13,RMB,--,--,--,--,Pre-IPO,王坤,--,--,--,制造业|化学原料及化学制品制造业|基础化学原料制造,制造业|石油、化学、塑胶、塑料,全国中小企业股份转让系统(新三板),2021.xls,0,2021,山东省,制造业,化学原料及化学制品制造业,0.4994562946453602,1.8208338082422204,-3.722104999158957,-0.9923660984020184,a
两江资本【两江新区战略性新兴产业基金】,重庆两江股权投资基金管理有限公司【重庆两江新区战略性新兴产业股权投资基金合伙企业（有限合伙）】,两江资本,重庆两江股权投资基金管理有限公司,--,--,两江新区战略性新兴产业基金,重庆两江新区战略性新兴产业股权投资基金合伙企业（有限合伙）,鑫景特种玻璃,重庆鑫景特种玻璃有限公司,新材料，生产制造，材料，玻璃，特种玻璃,化工原料及加工|新材料,中国|重庆市|北碚区,创业投资,扩张期,2018-05-04,RMB,--,--,--,--,Pre-A,--,--,--,--,制造业|化学原料及化学制品制造业,制造业|石油、化学、塑胶、塑料|化学原料及化学制品制造业,--,2018.xls,1,2018,重庆市,制造业,化学原料及化学制品制造业,0.4994562946453602,1.8208338082422204,-3.722104999158957,-0.9923660984020184,a
优势资本【安庆化工新材料基金】,优势资本【安庆化工新材料股权投资基金（有限合伙）】,天津市优势创业投资,天津市优势创业投资管理有限公司,--,--,安庆化工新材料基金,安庆化工新材料股权投资基金（有限合伙）,威亚新材料,安徽威亚新材料技术有限公司,新材料，聚乙烯,化工原料及加工|新材料,中国|安徽省,--,种子期,2018-05-07,RMB,24.00,24.00,3.49,10.00,天使轮,--,240.00,37.78,--,制造业|化学原料及化学制品制造业,制造业|石油、化学、塑胶、塑料|化学原料及化学制品制造业,--,2018.xls,1,2018,安徽省,制造业,化学原料及化学制品制造业,0.4994562946453602,1.8208338082422204,-3.722104999158957,-0.9923660984020184,a
迈朴资本【陕西省高技术服务创投基金】,西安迈朴资本管理有限公司【陕西省高技术服务创业投资基金（有限合伙）】,迈朴资本,西安迈朴资本管理有限公司,--,--,陕西省高技术服务创投基金,陕西省高技术服务创业投资基金（有限合伙）,明科微电子,西安明科微电子材料有限公司,电子元件，材料，碳化硅，微电子，电子封装材料,清洁技术|新材料,中国|陕西省|西安市,--,成熟期,2016-03-25,RMB,--,--,--,18.65,A,--,--,--,--,制造业|化学原料及化学制品制造业,制造业|石油、化学、塑胶、塑料|化学原料及化学制品制造业,--,2016.xls,1,2016,陕西省,制造业,化学原料及化学制品制造业,0.4994562946453602,1.8208338082422204,-3.722104999158957,-0.9923660984020184,a
河南中证开元私募基金【民权县产业发展基金】,河南开元私募基金管理有限公司【民权县创新产业投资基金（有限合伙）】,河南中证开元私募基金,河南开元私募基金管理有限公司,--,--,民权县产业发展基金,民权县创新产业投资基金（有限合伙）,建龙微纳,洛阳建龙微纳新材料股份有限公司,生产制造，新材料，医疗健康,化工原料及加工|新材料,中国|河南省|洛阳市|偃师市,新三板定增,成熟期,2018-05-28,RMB,8.16,8.16,1.28,2.71,新三板定增,--,300.88,47.11,--,制造业|化学原料及化学制品制造业,制造业|石油、化学、塑胶、塑料|化学原料及化学制品制造业,上海证券交易所科创板，全国中小企业股份转让系统(新三板),2018.xls,1,2018,河南省,制造业,化学原料及化学制品制造业,0.4994562946453602,1.8208338082422204,-3.722104999158957,-0.9923660984020184,a
北京芯动能投资【芯动能投资基金】,北京芯动能投资管理有限公司【北京芯动能投资基金（有限合伙）】,北京芯动能投资,北京芯动能投资管理有限公司,--,--,芯动能投资基金,北京芯动能投资基金（有限合伙）,飞凯材料,上海飞凯材料科技股份有限公司,光纤光缆，新材料，材料,化工原料及加工|化工原料生产,中国|上海市|宝山区,上市定增,成熟期,2017-10-13,RMB,140.00,140.00,20.60,1.86,上市定增,--,"7,533.15","1,108.32",111.24,制造业|化学原料及化学制品制造业|基础化学原料制造,制造业|石油、化学、塑胶、塑料,深圳证券交易所创业板,2017.xls,0,2017,上海市,制造业,化学原料及化学制品制造业,0.4994562946453602,1.8208338082422204,-3.722104999158957,-0.9923660984020184,a
海邦投资【宁波海邦人才基金】,海邦投资【宁波海邦人才创业投资合伙企业（有限合伙）】,浙江海邦投资,浙江海邦投资管理有限公司,--,--,宁波海邦人才基金,宁波海邦人才创业投资合伙企业（有限合伙）,能之光,宁波能之光新材料科技股份有限公司,新材料，生产制造，材料,化工原料及加工|新材料,中国|浙江省|宁波市,--,成熟期,2016-08-02,RMB,20.00,20.00,3.01,20.00,B,--,100.00,15.06,--,制造业|化学原料及化学制品制造业,制造业|石油、化学、塑胶、塑料|化学原料及化学制品制造业,全国中小企业股份转让系统(新三板),2016.xls,0,2016,浙江省,制造业,化学原料及化学制品制造业,0.4994562946453602,1.8208338082422204,-3.722104999158957,-0.9923660984020184,a
同创伟业【同创伟业深圳基金】,深圳同创伟业资产管理股份有限公司【深圳市同创伟业创新节能环保创业投资企业（有限合伙）】,同创锦绣,深圳同创锦绣资产管理有限公司,同创伟业,深圳同创伟业资产管理股份有限公司,同创伟业深圳基金,深圳市同创伟业创新节能环保创业投资企业（有限合伙）,昆仑化学,香河昆仑新能源材料股份有限公司,生产制造，电池电解液,化工原料及加工|其他化工原料及加工,中国|河北省|廊坊市|香河县,创业投资,成熟期,2017-11-23,RMB,--,--,--,4.88,A+,--,409.75,62.06,--,制造业|化学原料及化学制品制造业,制造业|石油、化学、塑胶、塑料|化学原料及化学制品制造业,--,2017.xls,0,2017,河北省,制造业,化学原料及化学制品制造业,0.4994562946453602,1.8208338082422204,-3.722104999158957,-0.9923660984020184,a
深创投【深创投制造业转型升级新材料基金】,深圳市创新投资集团有限公司【深创投制造业转型升级新材料基金（有限合伙）】,深创投红土股权投资,深创投红土私募股权投资基金管理（深圳）有限公司,深创投,深圳市创新投资集团有限公司,深创投制造业转型升级新材料基金,深创投制造业转型升级新材料基金（有限合伙）,华润材料,华润化学材料科技股份有限公司,新材料，化学纤维，纺织生产,化工原料及加工|新材料,中国|江苏省|常州市|新北区,成长资本,成熟期,2021-10-26,RMB,250.00,250.00,39.13,1.62,基石投资,--,"15,452.90","2,418.67",--,制造业|化学原料及化学制品制造业,制造业|石油、化学、塑胶、塑料|化学原料及化学制品制造业,深圳证券交易所创业板,2021.xls,0,2021,江苏省,制造业,化学原料及化学制品制造业,0.4994562946453602,1.8208338082422204,-3.722104999158957,-0.9923660984020184,a
投控东海【深圳市投控东海中小微创业投资企业】,深圳市投控东海投资有限公司【深圳市投控东海中小微创业投资企业（有限合伙）】,投控东海,深圳市投控东海投资有限公司,--,--,深圳市投控东海中小微创业投资企业,深圳市投控东海中小微创业投资企业（有限合伙）,索理德,深圳索理德新材料科技有限公司,新材料，材料,化工原料及加工|新材料,中国|广东省|深圳市|宝安区,创业投资,初创期,2021-10-20,RMB,--,--,--,6.60,天使轮,--,75.19,11.76,--,制造业|化学原料及化学制品制造业,制造业|石油、化学、塑胶、塑料|化学原料及化学制品制造业,--,2021.xls,0,2021,广东省,制造业,化学原料及化学制品制造业,0.4994562946453602,1.8208338082422204,-3.722104999158957,-0.9923660984020184,a
国科新能创投【东源电器新能源汽车子基金I期】,合肥国科新能股权投资管理合伙企业（有限合伙）【新能源汽车科技创新（合肥）股权投资合伙企业（有限合伙）】,国科新能创投,合肥国科新能股权投资管理合伙企业（有限合伙）,--,--,东源电器新能源汽车子基金I期,新能源汽车科技创新（合肥）股权投资合伙企业（有限合伙）,壹石通,安徽壹石通材料科技股份有限公司,新材料，材料,化工原料及加工|新材料,中国|安徽省|蚌埠市,新三板定增,成熟期,2018-05-24,RMB,31.50,31.50,4.94,4.93,新三板定增,--,638.48,100.12,--,制造业|化学原料及化学制品制造业,制造业|石油、化学、塑胶、塑料|化学原料及化学制品制造业,上海证券交易所科创板，全国中小企业股份转让系统(新三板),2018.xls,0,2018,安徽省,制造业,化学原料及化学制品制造业,0.4994562946453602,1.8208338082422204,-3.722104999158957,-0.9923660984020184,a
诚信创投【广州信诚基金】,广州诚信创业投资有限公司【广州信诚股权投资基金合伙企业（有限合伙）】,诚信创投,广州诚信创业投资有限公司,--,--,广州信诚基金,广州信诚股权投资基金合伙企业（有限合伙）,鼎材科技,北京鼎材科技有限公司,新材料，材料，光刻胶,化工原料及加工|新材料,中国|北京市|海淀区,成长资本,扩张期,2021-04-24,RMB,17.16,17.16,2.64,1.53,C,--,"1,121.80",172.76,--,制造业|化学原料及化学制品制造业,制造业|石油、化学、塑胶、塑料|化学原料及化学制品制造业,--,2021.xls,0,2021,北京市,制造业,化学原料及化学制品制造业,0.4994562946453602,1.8208338082422204,-3.722104999158957,-0.9923660984020184,a
中睿资产【中睿移动能源产业基金】,中商银私募基金管理有限公司【山西中睿移动能源产业股权投资中心（有限合伙）】,中睿资产,中商银私募基金管理有限公司,--,--,中睿移动能源产业基金,山西中睿移动能源产业股权投资中心（有限合伙）,孝能移动能源,山西吕梁孝能移动能源有限公司,太阳能，光伏膜，光伏电池,化工原料及加工|新材料,中国|山西省|吕梁市|孝义市,创业投资,种子期,2017-05-17,--,--,--,--,--,A,--,--,--,--,制造业|化学原料及化学制品制造业,制造业|石油、化学、塑胶、塑料|化学原料及化学制品制造业,--,2017.xls,1,2017,山西省,制造业,化学原料及化学制品制造业,0.4994562946453602,1.8208338082422204,-3.722104999158957,-0.9923660984020184,a
榆煤基金【榆林煤炭资源转化引导基金】,榆林市煤炭转化基金投资管理有限公司【榆林市煤炭资源转化引导基金合伙企业（有限合伙）】,榆煤基金,榆林市煤炭转化基金投资管理有限公司,--,--,榆林煤炭资源转化引导基金,榆林市煤炭资源转化引导基金合伙企业（有限合伙）,红宝丽,红宝丽集团股份有限公司,生产制造，化工，材料,化工原料及加工|化工原料生产,中国|江苏省|南京市,上市定增,成熟期,2021-08-23,RMB,50.00,50.00,7.70,1.78,上市定增,--,"2,808.79",432.33,23.69,制造业|化学原料及化学制品制造业|基础化学原料制造,制造业|石油、化学、塑胶、塑料,深圳证券交易所主板,2021.xls,1,2021,江苏省,制造业,化学原料及化学制品制造业,0.4994562946453602,1.8208338082422204,-3.722104999158957,-0.9923660984020184,a
松禾资本【松禾国创新能基金】,深圳市松禾资本管理有限公司【深圳市松禾国创新能股权投资基金合伙企业（有限合伙）】,深圳松禾国创资管,深圳市松禾国创资本管理合伙企业（有限合伙）,松禾资本,深圳市松禾资本管理有限公司,松禾国创新能基金,深圳市松禾国创新能股权投资基金合伙企业（有限合伙）,烯湾科技,深圳烯湾科技有限公司,新材料，碳纤维，生产制造，复合材料，耐腐蚀材料,化工原料及加工|新材料,中国|广东省|深圳市|龙岗区,天使投资,种子期,2016-08-01,RMB,--,--,--,--,天使轮,厉伟,--,--,--,制造业|化学原料及化学制品制造业,制造业|石油、化学、塑胶、塑料|化学原料及化学制品制造业,--,2016.xls,0,2016,广东省,制造业,化学原料及化学制品制造业,0.4994562946453602,1.8208338082422204,-3.722104999158957,-0.9923660984020184,a
清源投资【苏州清策基金】,深圳清源投资管理股份有限公司【苏州清策创业投资合伙企业（有限合伙）】,深圳清源时代投资,深圳清源时代投资管理控股有限公司,清源投资,深圳清源投资管理股份有限公司,苏州清策基金,苏州清策创业投资合伙企业（有限合伙）,苏瑞膜科技,苏州苏瑞膜纳米科技有限公司,生产制造，材料,清洁技术|新材料,中国|江苏省|苏州市|吴中区,创业投资,扩张期,2021-07-07,RMB,8.00,8.00,1.26,1.80,B,--,447.49,69.10,--,制造业|化学原料及化学制品制造业,制造业|石油、化学、塑胶、塑料|化学原料及化学制品制造业,--,2021.xls,0,2021,江苏省,制造业,化学原料及化学制品制造业,0.4994562946453602,1.8208338082422204,-3.722104999158957,-0.9923660984020184,a
达晨财智【达晨创联基金】,达晨财智【深圳市达晨创联股权投资基金合伙企业（有限合伙）】,达晨财智,深圳市达晨财智创业投资管理有限公司,--,--,达晨创联基金,深圳市达晨创联股权投资基金合伙企业（有限合伙）,紫晶存储,广东紫晶信息存储技术股份有限公司,大数据，生产制造，企业服务，数据存储，光电，云存储,半导体及电子设备|光电|光存储,中国|广东省|梅州市,成长资本,扩张期,2017-03-24,RMB,27.63,27.63,4.01,4.72,其他,--,585.44,85.01,17.70,制造业|化学原料及化学制品制造业|专用化学产品制造|信息化学品制造,制造业|石油、化学、塑胶、塑料|化学原料及化学制品制造业|专用化学产品制造业,上海证券交易所科创板，全国中小企业股份转让系统(新三板),2017.xls,0,2017,广东省,制造业,化学原料及化学制品制造业,0.4994562946453602,1.8208338082422204,-3.722104999158957,-0.9923660984020184,a
金城资本【甘肃现代农业产业创业投资基金】,金城资本管理有限公司【甘肃现代农业产业创业投资基金有限公司】,金城资本,金城资本管理有限公司,--,--,甘肃现代农业产业创业投资基金,甘肃现代农业产业创业投资基金有限公司,绿能农科,甘肃绿能农业科技股份有限公司,农业，生产制造，生物肥料，咨询服务，饲料，生物技术,化工原料及加工|农药及肥料,中国|甘肃省|武威市,--,成熟期,2017-03-06,RMB,--,--,--,21.06,A,--,--,--,--,制造业|化学原料及化学制品制造业,制造业|石油、化学、塑胶、塑料|化学原料及化学制品制造业,全国中小企业股份转让系统(新三板),2017.xls,1,2017,甘肃省,制造业,化学原料及化学制品制造业,0.4994562946453602,1.8208338082422204,-3.722104999158957,-0.9923660984020184,a
国发创投【苏州国发苏创现代服务业投资】,苏州国发创业投资控股有限公司【苏州国发苏创现代服务业投资企业（有限合伙）】,国发资产,苏州国发资产管理有限公司,国发创投,苏州国发创业投资控股有限公司,苏州国发苏创现代服务业投资,苏州国发苏创现代服务业投资企业（有限合伙）,万盛科技,苏州万盛塑胶科技股份有限公司,生产制造，塑料，塑料制品，汽车零部件，模具，生活家电,化工原料及加工|化工原料生产,中国|江苏省|苏州市,新三板定增,扩张期,2015-12-10,RMB,3.00,3.00,0.42,--,新三板定增,--,--,--,--,制造业|化学原料及化学制品制造业|基础化学原料制造,制造业|石油、化学、塑胶、塑料,全国中小企业股份转让系统(新三板),2015.xls,1,2015,江苏省,制造业,化学原料及化学制品制造业,0.4994562946453602,1.8208338082422204,-3.722104999158957,-0.9923660984020184,a
苏豪一带一路【江苏一带一路投资基金】,江苏苏豪一带一路资本管理有限公司【江苏一带一路投资基金（有限合伙）】,苏豪一带一路,江苏苏豪一带一路资本管理有限公司,--,--,江苏一带一路投资基金,江苏一带一路投资基金（有限合伙）,日兴生物,扬州日兴生物科技股份有限公司,生产制造，医疗健康，医药，建筑，保健品,化工原料及加工|化工原料生产,中国|江苏省|扬州市,新三板定增,成熟期,2017-02-22,RMB,49.98,49.98,7.26,6.49,新三板定增,--,521.04,75.68,--,制造业|化学原料及化学制品制造业|基础化学原料制造,制造业|石油、化学、塑胶、塑料,全国中小企业股份转让系统(新三板),2017.xls,1,2017,江苏省,制造业,化学原料及化学制品制造业,0.4994562946453602,1.8208338082422204,-3.722104999158957,-0.9923660984020184,a
深创投【深创投制造业转型升级新材料基金】,深圳市创新投资集团有限公司【深创投制造业转型升级新材料基金（有限合伙）】,深创投红土股权投资,深创投红土私募股权投资基金管理（深圳）有限公司,深创投,深圳市创新投资集团有限公司,深创投制造业转型升级新材料基金,深创投制造业转型升级新材料基金（有限合伙）,大全能源,新疆大全新能源股份有限公司,生产制造，硅材料,清洁技术|新材料,中国|新疆|石河子市,成长资本,成熟期,2021-07-22,RMB,360.00,360.00,49.94,0.87,基石投资,--,"41,326.92","6,392.31",--,制造业|化学原料及化学制品制造业,制造业|石油、化学、塑胶、塑料|化学原料及化学制品制造业,上海证券交易所科创板，全国中小企业股份转让系统(新三板),2021.xls,0,2021,新疆,制造业,化学原料及化学制品制造业,0.4994562946453602,1.8208338082422204,-3.722104999158957,-0.9923660984020184,a
中芯聚源【聚源聚芯集成电路基金】,中芯聚源股权投资管理（上海）有限公司【上海聚源聚芯集成电路产业股权投资基金中心（有限合伙）】,中芯聚源,中芯聚源股权投资管理（上海）有限公司,--,--,聚源聚芯集成电路基金,上海聚源聚芯集成电路产业股权投资基金中心（有限合伙）,晶瑞电材,晶瑞电子材料股份有限公司,电子元件，生产制造，材料，精细化工，微电子，光刻胶，电子信息产业,化工原料及加工|其他化工原料及加工,中国|江苏省|苏州市,上市定增,成熟期,2018-09-11,RMB,132.16,132.16,19.19,5.00,上市定增,--,"2,643.16",383.87,49.30,制造业|化学原料及化学制品制造业,制造业|石油、化学、塑胶、塑料|化学原料及化学制品制造业,深圳证券交易所创业板,2018.xls,0,2018,江苏省,制造业,化学原料及化学制品制造业,0.4994562946453602,1.8208338082422204,-3.722104999158957,-0.9923660984020184,a
君润创投【才富君润一期创投】,宁波君润创业投资管理有限公司【宁波才富君润一期创业投资合伙企业（有限合伙）】,君润创投,宁波君润创业投资管理有限公司,--,--,才富君润一期创投,宁波才富君润一期创业投资合伙企业（有限合伙）,安特弗新材料,宁波安特弗新材料科技有限公司,新材料,化工原料及加工|新材料,中国|浙江省|宁波市|鄞州区,--,初创期,2018-09-10,RMB,--,--,--,--,A,--,--,--,--,制造业|化学原料及化学制品制造业,制造业|石油、化学、塑胶、塑料|化学原料及化学制品制造业,--,2018.xls,0,2018,浙江省,制造业,化学原料及化学制品制造业,0.4994562946453602,1.8208338082422204,-3.722104999158957,-0.9923660984020184,a
海流图（北京）投资基金有限公司【和远产业基金】,海流图（北京）投资基金有限公司【青岛和远产业基金合伙企业（有限合伙）】,海流图（北京）投资基金有限公司,海流图（北京）投资基金有限公司,--,--,和远产业基金,青岛和远产业基金合伙企业（有限合伙）,锦绣前程,青岛锦绣前程节能玻璃有限公司,节能环保，生产制造，玻璃,化工原料及加工|其他化工原料及加工,中国|山东省|青岛市|莱西市,创业投资,成熟期,2018-09-06,RMB,--,--,--,--,A,--,--,--,--,制造业|化学原料及化学制品制造业,制造业|石油、化学、塑胶、塑料|化学原料及化学制品制造业,--,2018.xls,1,2018,山东省,制造业,化学原料及化学制品制造业,0.4994562946453602,1.8208338082422204,-3.722104999158957,-0.9923660984020184,a
两江资本【两江新区战略性新兴产业基金】,重庆两江股权投资基金管理有限公司【重庆两江新区战略性新兴产业股权投资基金合伙企业（有限合伙）】,两江资本,重庆两江股权投资基金管理有限公司,--,--,两江新区战略性新兴产业基金,重庆两江新区战略性新兴产业股权投资基金合伙企业（有限合伙）,神华薄膜,重庆神华薄膜太阳能科技有限公司,生产制造，太阳能，光伏膜，光伏电池,清洁技术|新材料,中国|重庆市,天使投资,初创期,2018-01-18,RMB,--,--,--,6.00,天使轮,--,--,--,--,制造业|化学原料及化学制品制造业,制造业|石油、化学、塑胶、塑料|化学原料及化学制品制造业,--,2018.xls,1,2018,重庆市,制造业,化学原料及化学制品制造业,0.4994562946453602,1.8208338082422204,-3.722104999158957,-0.9923660984020184,a
武汉汇博永道创投【誉达通创业投资基金】,武汉零度创新创业投资管理有限公司【武汉誉达通创业投资基金合伙企业（有限合伙）】,武汉汇博永道创投,武汉零度创新创业投资管理有限公司,--,--,誉达通创业投资基金,武汉誉达通创业投资基金合伙企业（有限合伙）,汉烯科技,武汉汉烯科技有限公司,新材料，生产制造，石墨烯，材料,化工原料及加工|新材料,中国|湖北省|武汉市|江岸区,天使投资,初创期,2021-08-02,RMB,--,--,--,10.00,天使轮,--,--,--,--,制造业|化学原料及化学制品制造业,制造业|石油、化学、塑胶、塑料|化学原料及化学制品制造业,--,2021.xls,0,2021,湖北省,制造业,化学原料及化学制品制造业,0.4994562946453602,1.8208338082422204,-3.722104999158957,-0.9923660984020184,a
国投创合【创合鑫材（厦门）制造业转型升级基金】（领投）,国投创合基金管理有限公司【创合鑫材（厦门）制造业转型升级基金合伙企业（有限合伙）】（领投）,厦门创合鹭翔投资,厦门创合鹭翔投资管理有限公司,国投创合,国投创合基金管理有限公司,创合鑫材（厦门）制造业转型升级基金,创合鑫材（厦门）制造业转型升级基金合伙企业（有限合伙）,华清电子,福建华清电子材料科技有限公司,电子元件，陶瓷,化工原料及加工|新材料,中国|福建省|泉州市|晋江市,战略投资,成熟期,2021-11-09,RMB,--,--,--,--,战略投资,--,--,--,--,制造业|化学原料及化学制品制造业,制造业|石油、化学、塑胶、塑料|化学原料及化学制品制造业,--,2021.xls,0,2021,福建省,制造业,化学原料及化学制品制造业,0.4994562946453602,1.8208338082422204,-3.722104999158957,-0.9923660984020184,a
中科创星【北京硬科技二期基金】,中科创星【北京二期中科创星硬科技创业投资合伙企业（有限合伙）】,中科创星创业投资,北京中科创星创业投资管理合伙企业（有限合伙）,中科创星,中科创星科技投资有限公司,北京硬科技二期基金,北京二期中科创星硬科技创业投资合伙企业（有限合伙）,上海碳际,上海碳际实业集团有限公司,新材料，碳纤维，材料，氢燃料电池，燃料电池关键材料,化工原料及加工|新材料,中国|上海市|嘉定区,创业投资,初创期,2021-11-09,RMB,--,--,--,10.47,种子轮,李浩,94.04,13.08,--,制造业|化学原料及化学制品制造业,制造业|石油、化学、塑胶、塑料|化学原料及化学制品制造业,--,2021.xls,0,2021,上海市,制造业,化学原料及化学制品制造业,0.4994562946453602,1.8208338082422204,-3.722104999158957,-0.9923660984020184,a
合肥创新投【合肥市天使投资基金】,合肥市创新科技风险投资有限公司【合肥市天使投资基金有限公司】,合肥创新投,合肥市创新科技风险投资有限公司,--,--,合肥市天使投资基金,合肥市天使投资基金有限公司,纳蓝环保,安徽纳蓝环保科技有限公司,节能环保，化工,化工原料及加工|化工原料生产,中国|安徽省|合肥市,创业投资,初创期,2018-09-05,RMB,--,--,--,14.28,A,--,--,--,--,制造业|化学原料及化学制品制造业|基础化学原料制造,制造业|石油、化学、塑胶、塑料,--,2018.xls,1,2018,安徽省,制造业,化学原料及化学制品制造业,0.4994562946453602,1.8208338082422204,-3.722104999158957,-0.9923660984020184,a
东证融通【鼎锐投资】,东证融通投资管理有限公司【吉林东证鼎锐投资合伙企业（有限合伙）】,东证融通,东证融通投资管理有限公司,--,--,鼎锐投资,吉林东证鼎锐投资合伙企业（有限合伙）,中研材料,吉林省中研高分子材料股份有限公司,生产制造，材料，塑料,化工原料及加工|化工原料生产,中国|吉林省|长春市,新三板定增,成熟期,2017-08-15,RMB,5.00,5.00,0.74,0.86,新三板定增,--,114.20,16.80,--,制造业|化学原料及化学制品制造业|基础化学原料制造,制造业|石油、化学、塑胶、塑料,全国中小企业股份转让系统(新三板),2017.xls,0,2017,吉林省,制造业,化学原料及化学制品制造业,0.4994562946453602,1.8208338082422204,-3.722104999158957,-0.9923660984020184,a
华安嘉业【安华创投基金】,华安嘉业投资管理有限公司【安徽安华创新风险投资基金有限公司】,华安嘉业,华安嘉业投资管理有限公司,--,--,安华创投基金,安徽安华创新风险投资基金有限公司,文胜生物,安徽省文胜生物工程股份有限公司,生产制造，化工，生物肥料，农业，化肥农药,化工原料及加工|农药及肥料,中国|安徽省|阜阳市,新三板定增,成熟期,2018-09-03,RMB,20.00,20.00,2.90,11.15,新三板定增,--,179.42,26.06,--,制造业|化学原料及化学制品制造业,制造业|石油、化学、塑胶、塑料|化学原料及化学制品制造业,全国中小企业股份转让系统(新三板),2018.xls,0,2018,安徽省,制造业,化学原料及化学制品制造业,0.4994562946453602,1.8208338082422204,-3.722104999158957,-0.9923660984020184,a
东证融通【鼎锐投资】,东证融通投资管理有限公司【吉林东证鼎锐投资合伙企业（有限合伙）】,东证融通,东证融通投资管理有限公司,--,--,鼎锐投资,吉林东证鼎锐投资合伙企业（有限合伙）,夜光达,福建夜光达科技股份有限公司,生产制造，反光材料,化工原料及加工|新材料,中国|福建省|泉州市,新三板定增,成熟期,2017-07-10,RMB,10.00,10.00,1.47,0.54,新三板定增,--,"1,217.02",179.06,--,制造业|化学原料及化学制品制造业,制造业|石油、化学、塑胶、塑料|化学原料及化学制品制造业,全国中小企业股份转让系统(新三板),2017.xls,0,2017,福建省,制造业,化学原料及化学制品制造业,0.4994562946453602,1.8208338082422204,-3.722104999158957,-0.9923660984020184,a
基石资本【领汇基石基金】,基石资产管理股份有限公司【深圳市领汇基石股权投资基金合伙企业（有限合伙）】,深圳领信基石投资,深圳市领信基石股权投资基金管理合伙企业（有限合伙）,基石资本,基石资产管理股份有限公司,领汇基石基金,深圳市领汇基石股权投资基金合伙企业（有限合伙）,张家口原轼,张家口原轼新型材料股份有限公司,生产制造，材料，金刚石,清洁技术|新材料,中国|河北省|张家口市,成长资本,扩张期,2021-03-26,RMB,--,--,--,4.59,B,--,"2,183.41",336.97,--,制造业|化学原料及化学制品制造业,制造业|石油、化学、塑胶、塑料|化学原料及化学制品制造业,--,2021.xls,0,2021,河北省,制造业,化学原料及化学制品制造业,0.4994562946453602,1.8208338082422204,-3.722104999158957,-0.9923660984020184,a
邦盛资本【江苏沿海产业投资基金】,南京邦盛投资管理有限公司【江苏沿海产业投资基金（有限合伙）】,江苏沿海资本,江苏沿海创新资本管理有限公司,邦盛资本,南京邦盛投资管理有限公司,江苏沿海产业投资基金,江苏沿海产业投资基金（有限合伙）,宿迁联盛,宿迁联盛科技股份有限公司,生产制造，化工，化工原料,化工原料及加工|其他化工原料及加工,中国|江苏省|宿迁市,成长资本,扩张期,2018-08-31,RMB,120.00,120.00,17.46,10.71,A,--,"1,120.45",164.18,--,制造业|化学原料及化学制品制造业,制造业|石油、化学、塑胶、塑料|化学原料及化学制品制造业,上海证券交易所主板,2018.xls,1,2018,江苏省,制造业,化学原料及化学制品制造业,0.4994562946453602,1.8208338082422204,-3.722104999158957,-0.9923660984020184,a
中芯聚源【聚源聚芯集成电路基金】,中芯聚源股权投资管理（上海）有限公司【上海聚源聚芯集成电路产业股权投资基金中心（有限合伙）】,中芯聚源,中芯聚源股权投资管理（上海）有限公司,--,--,聚源聚芯集成电路基金,上海聚源聚芯集成电路产业股权投资基金中心（有限合伙）,创达新材,无锡创达新材料股份有限公司,生产制造，建筑，消费生活,化工原料及加工|新材料,中国|江苏省|无锡市,新三板定增,成熟期,2018-01-19,RMB,20.47,20.47,3.19,4.99,新三板定增,--,410.25,63.93,--,制造业|化学原料及化学制品制造业,制造业|石油、化学、塑胶、塑料|化学原料及化学制品制造业,全国中小企业股份转让系统(新三板),2018.xls,0,2018,江苏省,制造业,化学原料及化学制品制造业,0.4994562946453602,1.8208338082422204,-3.722104999158957,-0.9923660984020184,a
华润资本【润兴锐华（深圳）科技成果转化天使投资】,华润资本管理有限公司【润兴锐华（深圳）科技成果转化天使投资合伙企业（有限合伙）】,深圳华润资本,深圳市华润资本股权投资有限公司,华润资本,华润资本管理有限公司,润兴锐华（深圳）科技成果转化天使投资,润兴锐华（深圳）科技成果转化天使投资合伙企业（有限合伙）,奥拦科技,深圳奥拦科技有限责任公司,新材料，复合材料，材料,化工原料及加工|新材料,中国|广东省|深圳市,创业投资,扩张期,2021-08-09,RMB,--,--,--,5.49,A,--,107.48,16.58,--,制造业|化学原料及化学制品制造业,制造业|石油、化学、塑胶、塑料|化学原料及化学制品制造业,--,2021.xls,0,2021,广东省,制造业,化学原料及化学制品制造业,0.4994562946453602,1.8208338082422204,-3.722104999158957,-0.9923660984020184,a
合肥创新投【合肥市天使投资基金】,合肥市创新科技风险投资有限公司【合肥市天使投资基金有限公司】,合肥创新投,合肥市创新科技风险投资有限公司,--,--,合肥市天使投资基金,合肥市天使投资基金有限公司,熠辉新材,安徽熠辉新材料有限公司,新材料，汽车交通，生产制造，材料，仪器仪表,化工原料及加工|新材料,中国|安徽省|合肥市,天使投资,扩张期,2017-12-06,RMB,--,--,--,16.66,天使轮,--,--,--,--,制造业|化学原料及化学制品制造业,制造业|石油、化学、塑胶、塑料|化学原料及化学制品制造业,--,2017.xls,1,2017,安徽省,制造业,化学原料及化学制品制造业,0.4994562946453602,1.8208338082422204,-3.722104999158957,-0.9923660984020184,a
协立投资【协立宽禁带创业基金】,南京协立投资管理有限公司【苏州协立宽禁带创业投资中心（有限合伙）】,苏州协立股权投资,苏州协立股权投资管理中心（有限合伙）,协立投资,南京协立投资管理有限公司,协立宽禁带创业基金,苏州协立宽禁带创业投资中心（有限合伙）,Polymaker,苏州聚复科技股份有限公司,3D打印，新材料，生产制造，材料，垂直硬件,清洁技术|新材料,中国|江苏省|苏州市|常熟市,成长资本,扩张期,2021-11-11,RMB,--,--,--,2.63,D,--,--,--,--,制造业|化学原料及化学制品制造业,制造业|石油、化学、塑胶、塑料|化学原料及化学制品制造业,--,2021.xls,0,2021,江苏省,制造业,化学原料及化学制品制造业,0.4994562946453602,1.8208338082422204,-3.722104999158957,-0.9923660984020184,a
国晟资本【宿迁市产业发展基金】,国晟众城（江苏）创业投资有限公司【宿迁市产业发展基金（有限合伙）】,国晟资本,国晟众城（江苏）创业投资有限公司,--,--,宿迁市产业发展基金,宿迁市产业发展基金（有限合伙）,宿迁逸达新材料,宿迁逸达新材料有限公司,新材料，材料，物流仓储，仓库管理，化学纤维，纳米制造,化工原料及加工|日用化学,中国|江苏省|宿迁市,--,扩张期,2021-08-04,RMB,--,--,--,11.58,A,--,--,--,--,制造业|化学原料及化学制品制造业|日用化学产品制造,制造业|石油、化学、塑胶、塑料|化学原料及化学制品制造业|日用化学产品制造业,--,2021.xls,1,2021,江苏省,制造业,化学原料及化学制品制造业,0.4994562946453602,1.8208338082422204,-3.722104999158957,-0.9923660984020184,a
知卓资本【宝鸡科技创投基金】,上海知卓网络科技集团有限公司【宝鸡市科技创投基金（有限合伙）】,知卓创新资本,网卓投资管理（上海）有限公司,知卓资本,上海知卓网络科技集团有限公司,宝鸡科技创投基金,宝鸡市科技创投基金（有限合伙）,拓普达,宝鸡拓普达钛业有限公司,生产制造，材料,化工原料及加工|新材料,中国|陕西省|宝鸡市,创业投资,成熟期,2021-03-18,RMB,--,--,--,--,A,--,--,--,--,制造业|化学原料及化学制品制造业,制造业|石油、化学、塑胶、塑料|化学原料及化学制品制造业,--,2021.xls,1,2021,陕西省,制造业,化学原料及化学制品制造业,0.4994562946453602,1.8208338082422204,-3.722104999158957,-0.9923660984020184,a
青松基金【青松三期基金】,深圳市前海青松创业投资基金管理企业（有限合伙）【深圳市青松三期股权投资基金合伙企业（有限合伙）】,青松基金,深圳市前海青松创业投资基金管理企业（有限合伙）,--,--,青松三期基金,深圳市青松三期股权投资基金合伙企业（有限合伙）,耕香科技,杭州耕香生物科技有限公司,游戏，文娱传媒，企业服务，互联网，医疗健康,化工原料及加工|日用化学,中国|浙江省|杭州市|拱墅区,--,扩张期,2017-07-24,RMB,12.60,12.60,1.87,--,Pre-A,--,--,--,--,制造业|化学原料及化学制品制造业|日用化学产品制造,制造业|石油、化学、塑胶、塑料|化学原料及化学制品制造业|日用化学产品制造业,--,2017.xls,0,2017,浙江省,制造业,化学原料及化学制品制造业,0.4994562946453602,1.8208338082422204,-3.722104999158957,-0.9923660984020184,a
金通资本【金通新能源汽车二期基金】,安徽金通智汇私募基金管理有限公司【安徽金通新能源汽车二期基金合伙企业（有限合伙）】,金通资本,安徽金通智汇私募基金管理有限公司,--,--,金通新能源汽车二期基金,安徽金通新能源汽车二期基金合伙企业（有限合伙）,丰元股份,山东丰元化学股份有限公司,生产制造，化工，医疗健康,化工原料及加工|化工原料生产,中国|山东省|枣庄市,上市定增,成熟期,2021-06-25,RMB,150.00,150.00,23.14,6.10,上市定增,--,"2,459.02",379.81,-84.20,制造业|化学原料及化学制品制造业|基础化学原料制造,制造业|石油、化学、塑胶、塑料,深圳证券交易所主板,2021.xls,0,2021,山东省,制造业,化学原料及化学制品制造业,0.4994562946453602,1.8208338082422204,-3.722104999158957,-0.9923660984020184,a
晨道投资【长江晨道基金】,宁波梅山保税港区晨道投资合伙企业（有限合伙）【长江晨道（湖北）新能源产业投资合伙企业（有限合伙）】,晨道投资,宁波梅山保税港区晨道投资合伙企业（有限合伙）,--,--,长江晨道基金,长江晨道（湖北）新能源产业投资合伙企业（有限合伙）,尚太科技,石家庄尚太科技股份有限公司,新材料，生产制造，材料，锂电池，新型锂电池材料，正极材料,化工原料及加工|新材料,中国|河北省|石家庄市,创业投资,扩张期,2017-12-22,RMB,136.37,136.37,20.27,18.18,A,--,750.00,113.95,--,制造业|化学原料及化学制品制造业,制造业|石油、化学、塑胶、塑料|化学原料及化学制品制造业,深圳证券交易所主板,2017.xls,0,2017,河北省,制造业,化学原料及化学制品制造业,0.4994562946453602,1.8208338082422204,-3.722104999158957,-0.9923660984020184,a
投控东海【深圳市投控东海中小微创业投资企业】,深圳市投控东海投资有限公司【深圳市投控东海中小微创业投资企业（有限合伙）】,投控东海,深圳市投控东海投资有限公司,--,--,深圳市投控东海中小微创业投资企业,深圳市投控东海中小微创业投资企业（有限合伙）,哈深智材,深圳市哈深智材科技有限公司,新材料，材料，印刷,化工原料及加工|新材料,中国|广东省|深圳市|南山区,天使投资,初创期,2021-06-17,RMB,5.00,5.00,0.78,3.45,天使轮,--,144.93,22.54,--,制造业|化学原料及化学制品制造业,制造业|石油、化学、塑胶、塑料|化学原料及化学制品制造业,--,2021.xls,0,2021,广东省,制造业,化学原料及化学制品制造业,0.4994562946453602,1.8208338082422204,-3.722104999158957,-0.9923660984020184,a
元生创投【新建元二期创业基金】,苏州工业园区元生创业投资管理有限公司【苏州工业园区新建元二期创业投资企业（有限合伙）】,元生私募基金,苏州元生私募基金管理合伙企业（有限合伙）,元生创投,苏州工业园区元生创业投资管理有限公司,新建元二期创业基金,苏州工业园区新建元二期创业投资企业（有限合伙）,纳微科技,苏州纳微科技股份有限公司,生产制造，材料，排阻，微球,化工原料及加工|其他化工原料及加工,中国|江苏省|苏州市,成长资本,成熟期,2018-09-29,RMB,8.00,8.00,1.13,1.60,B,陈杰,500.00,72.68,--,制造业|化学原料及化学制品制造业,制造业|石油、化学、塑胶、塑料|化学原料及化学制品制造业,上海证券交易所科创板,2018.xls,0,2018,江苏省,制造业,化学原料及化学制品制造业,0.4994562946453602,1.8208338082422204,-3.722104999158957,-0.9923660984020184,a
清源投资【常德清源洞庭高端装备制造产业投资基金】,深圳清源投资管理股份有限公司【常德清源洞庭高端装备制造产业投资基金企业（有限合伙）】,深圳清源创投,深圳清源创业投资管理合伙企业（有限合伙）,清源投资,深圳清源投资管理股份有限公司,常德清源洞庭高端装备制造产业投资基金,常德清源洞庭高端装备制造产业投资基金企业（有限合伙）,安博瑞,深圳市安博瑞新材料科技有限公司,生产制造，材料，新型锂电池材料，锂电池，铝塑膜，膜材料，投资，锂电池隔膜,化工原料及加工|新材料,中国|广东省|深圳市,创业投资,扩张期,2021-08-03,RMB,--,--,--,1.67,A,张杨,--,--,--,制造业|化学原料及化学制品制造业,制造业|石油、化学、塑胶、塑料|化学原料及化学制品制造业,--,2021.xls,0,2021,广东省,制造业,化学原料及化学制品制造业,0.4994562946453602,1.8208338082422204,-3.722104999158957,-0.9923660984020184,a
晨道投资【长江晨道基金】,宁波梅山保税港区晨道投资合伙企业（有限合伙）【长江晨道（湖北）新能源产业投资合伙企业（有限合伙）】,晨道投资,宁波梅山保税港区晨道投资合伙企业（有限合伙）,--,--,长江晨道基金,长江晨道（湖北）新能源产业投资合伙企业（有限合伙）,湖南裕能,湖南裕能新能源电池材料股份有限公司,农业，生产制造，铁,化工原料及加工|化工原料生产,中国|湖南省|湘潭市,成长资本,初创期,2017-12-18,RMB,--,--,--,6.52,A+,--,--,--,--,制造业|化学原料及化学制品制造业|基础化学原料制造,制造业|石油、化学、塑胶、塑料,深圳证券交易所创业板,2017.xls,0,2017,湖南省,制造业,化学原料及化学制品制造业,0.4994562946453602,1.8208338082422204,-3.722104999158957,-0.9923660984020184,a
诚通基金【中国国有企业结构调整基金】,诚通基金管理有限公司【中国国有企业结构调整基金股份有限公司】,诚通基金,诚通基金管理有限公司,--,--,中国国有企业结构调整基金,中国国有企业结构调整基金股份有限公司,北化股份,北方化学工业股份有限公司,消费生活，生产制造，化工,化工原料及加工|化工原料生产,中国|四川省|泸州市,上市定增,成熟期,2018-01-15,RMB,418.95,418.95,64.88,6.60,上市定增,--,"6,352.54",983.76,--,制造业|化学原料及化学制品制造业|基础化学原料制造,制造业|石油、化学、塑胶、塑料,深圳证券交易所主板,2018.xls,1,2018,四川省,制造业,化学原料及化学制品制造业,0.4994562946453602,1.8208338082422204,-3.722104999158957,-0.9923660984020184,a
锡创投【无锡市金程创投基金】,无锡市创新投资集团有限公司【无锡市金程创业投资有限公司】,无锡金投资本,无锡金投资本私募基金管理有限公司,锡创投,无锡市创新投资集团有限公司,无锡市金程创投基金,无锡市金程创业投资有限公司,惟哲新材料,江苏惟哲新材料有限公司,光电，光电设备,化工原料及加工|新材料,中国|江苏省|无锡市,创业投资,初创期,2018-09-27,RMB,--,--,--,3.00,A,--,--,--,--,制造业|化学原料及化学制品制造业,制造业|石油、化学、塑胶、塑料|化学原料及化学制品制造业,--,2018.xls,1,2018,江苏省,制造业,化学原料及化学制品制造业,0.4994562946453602,1.8208338082422204,-3.722104999158957,-0.9923660984020184,a
英飞尼迪【英飞尼迪吉林投资基金】,英飞尼迪股权基金管理集团【英飞尼迪吉林产业投资基金（有限合伙）】,吉林英飞尼迪投资,吉林省英飞尼迪投资管理有限公司,英飞尼迪,英飞尼迪股权基金管理集团,英飞尼迪吉林投资基金,英飞尼迪吉林产业投资基金（有限合伙）,鸿图隔膜,辽源鸿图锂电隔膜科技股份有限公司,生产制造，电池隔膜，电容器隔膜,化工原料及加工|新材料,中国|吉林省|辽源市,新三板定增,成熟期,2017-07-17,RMB,60.00,60.00,8.83,6.59,新三板定增,--,863.32,127.02,--,制造业|化学原料及化学制品制造业,制造业|石油、化学、塑胶、塑料|化学原料及化学制品制造业,全国中小企业股份转让系统(新三板),2017.xls,0,2017,吉林省,制造业,化学原料及化学制品制造业,0.4994562946453602,1.8208338082422204,-3.722104999158957,-0.9923660984020184,a
诚通基金【中国国有企业结构调整基金】,诚通基金管理有限公司【中国国有企业结构调整基金股份有限公司】,诚通基金,诚通基金管理有限公司,--,--,中国国有企业结构调整基金,中国国有企业结构调整基金股份有限公司,安道麦,安道麦股份有限公司,农业，企业服务，信息安全服务,化工原料及加工|农药及肥料,中国|湖北省|荆州市,上市定增,成熟期,2018-01-16,RMB,500.00,500.00,77.67,1.37,上市定增,--,"36,457.11","5,663.51",23.58,制造业|化学原料及化学制品制造业,制造业|石油、化学、塑胶、塑料|化学原料及化学制品制造业,深圳证券交易所主板，深圳证券交易所主板,2018.xls,1,2018,湖北省,制造业,化学原料及化学制品制造业,0.4994562946453602,1.8208338082422204,-3.722104999158957,-0.9923660984020184,a
丽水市金融投资【浙江丽水生态经济产业基金】,丽水市金融投资控股有限责任公司【浙江丽水生态经济产业基金有限公司】,丽水市金融投资,丽水市金融投资控股有限责任公司,--,--,浙江丽水生态经济产业基金,浙江丽水生态经济产业基金有限公司,有邦新材料,浙江丽水有邦新材料有限公司,新材料，染料,化工原料及加工|新材料,中国|浙江省|丽水市,创业投资,成熟期,2017-12-15,RMB,--,--,--,16.00,A,--,--,--,--,制造业|化学原料及化学制品制造业,制造业|石油、化学、塑胶、塑料|化学原料及化学制品制造业,--,2017.xls,1,2017,浙江省,制造业,化学原料及化学制品制造业,0.4994562946453602,1.8208338082422204,-3.722104999158957,-0.9923660984020184,a
天堂硅谷【永康市天堂硅谷智能制造投资合伙企业（有限合伙）】,天堂硅谷资产管理集团有限公司【永康市天堂硅谷智能制造投资合伙企业（有限合伙）】,宁波天堂硅谷投资,温州天堂硅谷创业投资管理有限公司,天堂硅谷,天堂硅谷资产管理集团有限公司,永康市天堂硅谷智能制造投资合伙企业（有限合伙）,永康市天堂硅谷智能制造投资合伙企业（有限合伙）,千禧龙纤,浙江千禧龙纤特种纤维股份有限公司,医疗健康，投资，聚乙烯，医疗器械,化工原料及加工|其他化工原料及加工,中国|浙江省|金华市|永康市,创业投资,扩张期,2018-09-19,RMB,--,--,--,6.25,A,--,640.00,93.34,--,制造业|化学原料及化学制品制造业,制造业|石油、化学、塑胶、塑料|化学原料及化学制品制造业,全国中小企业股份转让系统(新三板),2018.xls,1,2018,浙江省,制造业,化学原料及化学制品制造业,0.4994562946453602,1.8208338082422204,-3.722104999158957,-0.9923660984020184,a
深创投【东莞红土基金】,深圳市创新投资集团有限公司【东莞红土创业投资有限公司】,红土创业,东莞红土创业投资管理有限公司,深创投,深圳市创新投资集团有限公司,东莞红土基金,东莞红土创业投资有限公司,深圳斯诺,深圳市斯诺实业发展有限公司,汽车交通，生产制造，负极材料，材料，电动汽车，锂电池,化工原料及加工|新材料,中国|广东省|深圳市,创业投资,成熟期,2018-01-09,RMB,--,--,--,--,B,--,--,--,--,制造业|化学原料及化学制品制造业,制造业|石油、化学、塑胶、塑料|化学原料及化学制品制造业,--,2018.xls,0,2018,广东省,制造业,化学原料及化学制品制造业,0.4994562946453602,1.8208338082422204,-3.722104999158957,-0.9923660984020184,a
清源投资【常州东方引导基金】,深圳清源投资管理股份有限公司【常州东方产业引导创业投资有限责任公司】,常州清源东方投资,常州清源东方投资管理合伙企业（有限合伙）,清源投资,深圳清源投资管理股份有限公司,常州东方引导基金,常州东方产业引导创业投资有限责任公司,红东科技,江苏红东科技有限公司,石墨烯,化工原料及加工|新材料,中国|江苏省|常州市|武进区,天使投资,初创期,2018-08-30,RMB,--,--,--,--,天使轮,--,--,--,--,制造业|化学原料及化学制品制造业,制造业|石油、化学、塑胶、塑料|化学原料及化学制品制造业,--,2018.xls,1,2018,江苏省,制造业,化学原料及化学制品制造业,0.4994562946453602,1.8208338082422204,-3.722104999158957,-0.9923660984020184,a
中和资本【海河中和基金】,锦绣中和（北京）资本管理有限公司【天津圣金海河中和股权投资基金合伙企业（有限合伙）】,长和投资,长和（天津）投资管理有限公司,中和资本,锦绣中和（北京）资本管理有限公司,海河中和基金,天津圣金海河中和股权投资基金合伙企业（有限合伙）,立中集团,立中四通轻合金集团股份有限公司,新材料，汽车交通，生产制造，合金材料,化工原料及加工|新材料,中国|河北省|保定市,上市定增,成熟期,2021-09-24,RMB,20.00,20.00,3.09,0.18,上市定增,--,"11,119.08","1,717.26",23.01,制造业|化学原料及化学制品制造业,制造业|石油、化学、塑胶、塑料|化学原料及化学制品制造业,深圳证券交易所创业板,2021.xls,0,2021,河北省,制造业,化学原料及化学制品制造业,0.4994562946453602,1.8208338082422204,-3.722104999158957,-0.9923660984020184,a
深创投【深创投制造业转型升级新材料基金】,深圳市创新投资集团有限公司【深创投制造业转型升级新材料基金（有限合伙）】,深创投红土股权投资,深创投红土私募股权投资基金管理（深圳）有限公司,深创投,深圳市创新投资集团有限公司,深创投制造业转型升级新材料基金,深创投制造业转型升级新材料基金（有限合伙）,亚玛顿,常州亚玛顿股份有限公司,玻璃，太阳能，太阳能光伏，环保材料，特种玻璃,清洁技术|新材料,中国|江苏省|常州市,上市定增,成熟期,2021-06-30,RMB,500.00,500.00,77.40,9.81,上市定增,--,"5,096.06",788.85,36.30,制造业|化学原料及化学制品制造业,制造业|石油、化学、塑胶、塑料|化学原料及化学制品制造业,深圳证券交易所主板,2021.xls,0,2021,江苏省,制造业,化学原料及化学制品制造业,0.4994562946453602,1.8208338082422204,-3.722104999158957,-0.9923660984020184,a
中兴众创投资【陕西众投湛卢一期股权投资】,中兴众创（西安）投资管理有限公司【陕西众投湛卢一期股权投资合伙企业（有限合伙）】,中兴众创投资,中兴众创（西安）投资管理有限公司,--,--,陕西众投湛卢一期股权投资,陕西众投湛卢一期股权投资合伙企业（有限合伙）,聚泰新材,陕西聚泰新材料科技有限公司,新材料，材料，有色金属,化工原料及加工|新材料,中国|陕西省|渭南市|潼关县,成长资本,扩张期,2021-09-22,RMB,--,--,--,0.80,Pre-IPO,--,"12,500.00","1,932.20",--,制造业|化学原料及化学制品制造业,制造业|石油、化学、塑胶、塑料|化学原料及化学制品制造业,--,2021.xls,0,2021,陕西省,制造业,化学原料及化学制品制造业,0.4994562946453602,1.8208338082422204,-3.722104999158957,-0.9923660984020184,a
南车创投【北京华舆华盛创业投资】,北京中车创业投资有限公司【北京华舆华盛创业投资企业（有限合伙）】,南车创投,北京中车创业投资有限公司,--,--,北京华舆华盛创业投资,北京华舆华盛创业投资企业（有限合伙）,金力永磁,江西金力永磁科技股份有限公司,节能环保，新材料，汽车交通，新能源汽车，生产制造，新能源，材料，汽车零部件，风力发电，机器人，通用设备，智能制造，铁,化工原料及加工|新材料,中国|江西省|赣州市,新三板定增,扩张期,2015-11-16,RMB,5.00,5.00,0.78,--,新三板定增,--,--,--,--,制造业|化学原料及化学制品制造业,制造业|石油、化学、塑胶、塑料|化学原料及化学制品制造业,深圳证券交易所创业板，香港证券交易所主板，全国中小企业股份转让系统(新三板),2015.xls,0,2015,江西省,制造业,化学原料及化学制品制造业,0.4994562946453602,1.8208338082422204,-3.722104999158957,-0.9923660984020184,a
郑州国投资产【民权中证国投基金】,郑州市国投资产管理有限公司【民权中证国投创业投资基金（有限合伙）】,郑州国投资产,郑州市国投资产管理有限公司,--,--,民权中证国投基金,民权中证国投创业投资基金（有限合伙）,濮阳惠成,濮阳惠成电子材料股份有限公司,生产制造，材料，企业服务,化工原料及加工|化工原料生产,中国|河南省|濮阳市,上市定增,成熟期,2018-02-07,RMB,70.90,70.90,11.28,2.06,上市定增,--,"3,442.85",547.51,--,制造业|化学原料及化学制品制造业|基础化学原料制造,制造业|石油、化学、塑胶、塑料,深圳证券交易所创业板,2018.xls,0,2018,河南省,制造业,化学原料及化学制品制造业,0.4994562946453602,1.8208338082422204,-3.722104999158957,-0.9923660984020184,a
移盟资本【移盟起点一号】,深圳移盟资本管理合伙企业（有限合伙）【深圳移盟起点一号创业投资合伙企业（有限合伙）】,移盟资本,深圳移盟资本管理合伙企业（有限合伙）,--,--,移盟起点一号,深圳移盟起点一号创业投资合伙企业（有限合伙）,捷创新材,深圳市捷创新材料股份有限公司,新材料，生产制造，材料,化工原料及加工|新材料,中国|广东省|深圳市,成长资本,扩张期,2017-02-16,RMB,--,--,--,10.00,A,--,--,--,--,制造业|化学原料及化学制品制造业,制造业|石油、化学、塑胶、塑料|化学原料及化学制品制造业,全国中小企业股份转让系统(新三板),2017.xls,0,2017,广东省,制造业,化学原料及化学制品制造业,0.4994562946453602,1.8208338082422204,-3.722104999158957,-0.9923660984020184,a
南通投资【南通科创基金】,南通投资管理有限公司【南通科技创业投资有限公司】,南通科技创投,南通科技创业投资管理有限公司,南通投资,南通投资管理有限公司,南通科创基金,南通科技创业投资有限公司,复源新材,南通复源新材料科技有限公司,新材料,化工原料及加工|新材料,中国|江苏省|南通市,天使投资,初创期,2018-08-09,RMB,--,--,--,--,天使轮,--,--,--,--,制造业|化学原料及化学制品制造业,制造业|石油、化学、塑胶、塑料|化学原料及化学制品制造业,--,2018.xls,1,2018,江苏省,制造业,化学原料及化学制品制造业,0.4994562946453602,1.8208338082422204,-3.722104999158957,-0.9923660984020184,a
海富产业基金【海富长江成长（湖北）基金】,海富产业投资基金管理有限公司【海富长江成长股权投资（湖北）合伙企业（有限合伙）】,海富产业基金,海富产业投资基金管理有限公司,--,--,海富长江成长（湖北）基金,海富长江成长股权投资（湖北）合伙企业（有限合伙）,博迁新材,江苏博迁新材料股份有限公司,新材料，生产制造，材料，陶瓷化合物靶材,清洁技术|新材料,中国|江苏省|宿迁市,成长资本,扩张期,2017-06-28,RMB,27.39,27.39,4.01,3.14,B,--,843.50,123.61,--,制造业|化学原料及化学制品制造业,制造业|石油、化学、塑胶、塑料|化学原料及化学制品制造业,上海证券交易所主板,2017.xls,0,2017,江苏省,制造业,化学原料及化学制品制造业,0.4994562946453602,1.8208338082422204,-3.722104999158957,-0.9923660984020184,a
航天投资【国创基金】,航天投资控股有限公司【国创投资引导基金（有限合伙）】,国创基金管理,国创基金管理有限公司,航天投资,航天投资控股有限公司,国创基金,国创投资引导基金（有限合伙）,北京石墨烯研究院,北京石墨烯技术研究院有限公司,医疗健康，新材料，生产制造，技术研发，医疗器械，版权服务,化工原料及加工|新材料,中国|北京市|海淀区,--,扩张期,2021-03-29,--,--,--,--,--,A,--,--,--,--,制造业|化学原料及化学制品制造业,制造业|石油、化学、塑胶、塑料|化学原料及化学制品制造业,--,2021.xls,1,2021,北京市,制造业,化学原料及化学制品制造业,0.4994562946453602,1.8208338082422204,-3.722104999158957,-0.9923660984020184,a
中原联创【河南农开裕】,河南中原联创投资基金管理有限公司【河南农开裕新先进制造业投资基金（有限合伙）】,中原联创,河南中原联创投资基金管理有限公司,--,--,河南农开裕,河南农开裕新先进制造业投资基金（有限合伙）,盛源科技,濮阳市盛源能源科技股份有限公司,生产制造，新材料，材料，创新型保险，农业，化工,化工原料及加工|化工原料生产,中国|河南省|濮阳市,新三板定增,扩张期,2017-06-26,RMB,45.60,45.60,6.71,3.75,新三板定增,--,"1,217.02",179.05,--,制造业|化学原料及化学制品制造业|基础化学原料制造,制造业|石油、化学、塑胶、塑料,全国中小企业股份转让系统(新三板),2017.xls,1,2017,河南省,制造业,化学原料及化学制品制造业,0.4994562946453602,1.8208338082422204,-3.722104999158957,-0.9923660984020184,a
中亿投资【苏州工业园区中亿明源创业投资】,苏州工业园区中亿明源创业投资管理有限公司【苏州工业园区中亿明源创业投资中心（有限合伙）】,中亿投资,苏州工业园区中亿明源创业投资管理有限公司,--,--,苏州工业园区中亿明源创业投资,苏州工业园区中亿明源创业投资中心（有限合伙）,洁雅股份,铜陵洁雅生物科技股份有限公司,生产制造，卫生用品，消费生活,化工原料及加工|日用化学,中国|安徽省|铜陵市|铜官区,创业投资,成熟期,2016-11-10,RMB,4.62,4.62,0.73,2.01,老股权转让,--,229.92,33.93,--,制造业|化学原料及化学制品制造业|日用化学产品制造,制造业|石油、化学、塑胶、塑料|化学原料及化学制品制造业|日用化学产品制造业,深圳证券交易所创业板,2016.xls,0,2016,安徽省,制造业,化学原料及化学制品制造业,0.4994562946453602,1.8208338082422204,-3.722104999158957,-0.9923660984020184,a
北京焦桐【北京中证焦桐投资基金】,北京焦桐基金管理有限公司【北京中证焦桐投资基金（有限合伙）】,北京焦桐,北京焦桐基金管理有限公司,--,--,北京中证焦桐投资基金,北京中证焦桐投资基金（有限合伙）,多氟多,多氟多新材料股份有限公司,新材料，汽车交通，新能源，生产制造，动力电池,化工原料及加工|新材料,中国|河南省|焦作市,上市定增,成熟期,2018-08-03,RMB,150.00,150.00,22.08,0.18,上市定增,--,"81,034.48","11,927.01",--,制造业|化学原料及化学制品制造业,制造业|石油、化学、塑胶、塑料|化学原料及化学制品制造业,深圳证券交易所主板,2018.xls,0,2018,河南省,制造业,化学原料及化学制品制造业,0.4994562946453602,1.8208338082422204,-3.722104999158957,-0.9923660984020184,a
英诺天使基金【英诺水木I期】,英诺融科（北京）投资管理有限公司【北京水木华清投资中心（有限合伙）】,天津银诺投资咨询,成都英诺私募基金管理有限公司,英诺天使基金,英诺融科（北京）投资管理有限公司,英诺水木I期,北京水木华清投资中心（有限合伙）,新瑞清科,宁波新瑞清科金属材料有限公司,生产制造，金属材料，新材料，材料,化工原料及加工|新材料,中国|浙江省|宁波市,--,初创期,2016-10-31,RMB,--,--,--,2.00,--,--,--,--,--,制造业|化学原料及化学制品制造业,制造业|石油、化学、塑胶、塑料|化学原料及化学制品制造业,--,2016.xls,0,2016,浙江省,制造业,化学原料及化学制品制造业,0.4994562946453602,1.8208338082422204,-3.722104999158957,-0.9923660984020184,a
神木县基金管理【神木县政府引导基金】,神木市基金管理有限公司【神木市政府投资引导基金有限公司】,神木县基金管理,神木市基金管理有限公司,--,--,神木县政府引导基金,神木市政府投资引导基金有限公司,神木胜帮化工,神木市胜帮化工有限公司,化工,化工原料及加工|其他化工原料及加工,中国|陕西省|榆林市|神木市,创业投资,成熟期,2021-11-05,--,--,--,--,21.05,A,--,--,--,--,制造业|化学原料及化学制品制造业,制造业|石油、化学、塑胶、塑料|化学原料及化学制品制造业,--,2021.xls,1,2021,陕西省,制造业,化学原料及化学制品制造业,0.4994562946453602,1.8208338082422204,-3.722104999158957,-0.9923660984020184,a
普惠正通【惠通高创创投】,北京普惠正通投资有限公司【安阳惠通高创新材料创业投资合伙企业（有限合伙）】,惠通高创,北京惠通高创投资管理中心（有限合伙）,普惠正通,北京普惠正通投资有限公司,惠通高创创投,安阳惠通高创新材料创业投资合伙企业（有限合伙）,国润新材料,洛阳国润新材料科技股份有限公司,生产制造，材料，新材料，聚乙烯,清洁技术|新材料,中国|河南省|洛阳市,--,扩张期,2015-12-07,RMB,10.50,10.50,1.64,5.40,A,--,194.44,30.45,--,制造业|化学原料及化学制品制造业,制造业|石油、化学、塑胶、塑料|化学原料及化学制品制造业,全国中小企业股份转让系统(新三板),2015.xls,0,2015,河南省,制造业,化学原料及化学制品制造业,0.4994562946453602,1.8208338082422204,-3.722104999158957,-0.9923660984020184,a
国投创新【先进制造产业投资基金】,国投创新投资管理有限公司【先进制造产业投资基金（有限合伙）】,国投创新,国投创新投资管理有限公司,--,--,先进制造产业投资基金,先进制造产业投资基金（有限合伙）,上海恩捷,上海恩捷新材料科技有限公司,新材料，生产制造,化工原料及加工|新材料,中国|上海市,--,扩张期,2016-10-24,RMB,157.89,157.89,23.34,5.26,A,--,"3,001.80",443.70,--,制造业|化学原料及化学制品制造业,制造业|石油、化学、塑胶、塑料|化学原料及化学制品制造业,--,2016.xls,1,2016,上海市,制造业,化学原料及化学制品制造业,0.4994562946453602,1.8208338082422204,-3.722104999158957,-0.9923660984020184,a
长江资本【湖北新能源创投】,长江成长资本投资有限公司【湖北新能源创业投资基金有限公司】,湖北新能源投资,湖北新能源投资管理有限公司,长江资本,长江成长资本投资有限公司,湖北新能源创投,湖北新能源创业投资基金有限公司,固润科技,湖北固润科技股份有限公司,生产制造，化工,化工原料及加工|其他化工原料及加工,中国|湖北省|荆门市,--,扩张期,2015-09-06,RMB,14.55,14.55,2.28,12.83,A,--,113.40,17.80,--,制造业|化学原料及化学制品制造业,制造业|石油、化学、塑胶、塑料|化学原料及化学制品制造业,全国中小企业股份转让系统(新三板),2015.xls,0,2015,湖北省,制造业,化学原料及化学制品制造业,0.4994562946453602,1.8208338082422204,-3.722104999158957,-0.9923660984020184,a
锡创投【无锡金投领航投资】,无锡市创新投资集团有限公司【无锡金投领航产业升级并购投资企业（有限合伙）】,无锡金投资本,无锡金投资本私募基金管理有限公司,锡创投,无锡市创新投资集团有限公司,无锡金投领航投资,无锡金投领航产业升级并购投资企业（有限合伙）,海达股份,江阴海达橡塑股份有限公司,汽车交通，生产制造，橡胶，橡塑,化工原料及加工|其他化工原料及加工,中国|江苏省|江阴市,上市定增,成熟期,2018-08-10,RMB,20.00,20.00,2.93,0.71,上市定增,--,"2,801.62",410.09,19.70,制造业|化学原料及化学制品制造业,制造业|石油、化学、塑胶、塑料|化学原料及化学制品制造业,深圳证券交易所创业板,2018.xls,0,2018,江苏省,制造业,化学原料及化学制品制造业,0.4994562946453602,1.8208338082422204,-3.722104999158957,-0.9923660984020184,a
甘肃高新创投【甘肃新材料产业创投】,甘肃高新创业投资管理有限公司【甘肃新材料产业创业投资基金有限公司】,甘肃高新创投,甘肃高新创业投资管理有限公司,--,--,甘肃新材料产业创投,甘肃新材料产业创业投资基金有限公司,江苏铁科,江苏铁科新材料股份有限公司,新材料，生产制造，材料，橡胶制品,化工原料及加工|新材料,中国|江苏省|镇江市,新三板定增,成熟期,2016-06-30,RMB,10.20,10.20,1.54,1.03,新三板定增,--,987.25,151.38,--,制造业|化学原料及化学制品制造业,制造业|石油、化学、塑胶、塑料|化学原料及化学制品制造业,全国中小企业股份转让系统(新三板),2016.xls,1,2016,江苏省,制造业,化学原料及化学制品制造业,0.4994562946453602,1.8208338082422204,-3.722104999158957,-0.9923660984020184,a
济南舜腾投资【济南舜腾产发股权投资基金】,舜腾（济南）私募基金管理有限公司【济南舜腾产发股权投资合伙企业（有限合伙）】,济南舜腾投资,舜腾（济南）私募基金管理有限公司,--,--,济南舜腾产发股权投资基金,济南舜腾产发股权投资合伙企业（有限合伙）,圣泉集团,济南圣泉集团股份有限公司,节能环保，农业，生产制造，生物质能，材料，化工，医药，新能源，复合材料,化工原料及加工|新材料,中国|山东省|济南市,新三板定增,成熟期,2018-08-10,RMB,300.00,300.00,43.91,4.79,新三板定增,--,"6,256.94",915.87,--,制造业|化学原料及化学制品制造业,制造业|石油、化学、塑胶、塑料|化学原料及化学制品制造业,上海证券交易所主板，全国中小企业股份转让系统(新三板),2018.xls,0,2018,山东省,制造业,化学原料及化学制品制造业,0.4994562946453602,1.8208338082422204,-3.722104999158957,-0.9923660984020184,a
富德欣懋投资【富德高科新材基金】,北京富德欣懋投资管理咨询有限公司【河南富德高科新材创业投资基金合伙企业（有限合伙）】,富德科材,北京富德科材投资管理有限公司,富德欣懋投资,北京富德欣懋投资管理咨询有限公司,富德高科新材基金,河南富德高科新材创业投资基金合伙企业（有限合伙）,天力锂能,新乡天力锂能股份有限公司,新材料，生产制造，材料，正极材料，锂电池，有色金属,化工原料及加工|新材料,中国|河南省|新乡市,新三板定增,扩张期,2016-12-02,RMB,43.20,43.20,6.29,7.50,新三板定增,--,575.84,83.54,--,制造业|化学原料及化学制品制造业,制造业|石油、化学、塑胶、塑料|化学原料及化学制品制造业,深圳证券交易所创业板，全国中小企业股份转让系统(新三板),2016.xls,0,2016,河南省,制造业,化学原料及化学制品制造业,0.4994562946453602,1.8208338082422204,-3.722104999158957,-0.9923660984020184,a
琨山资本【宿州市徽商皖煤投资基金】,北京琨山资本管理有限公司【宿州市徽商皖煤投资基金（有限合伙）】,琨山资本,北京琨山资本管理有限公司,--,--,宿州市徽商皖煤投资基金,宿州市徽商皖煤投资基金（有限合伙）,西北能源化工,鄂尔多斯市西北能源化工有限责任公司,化工，危险化学品，能源矿产，热力供应,化工原料及加工|化工原料生产,中国|内蒙古,并购投资,成熟期,2017-12-13,RMB,--,--,--,--,老股权转让,--,--,--,--,制造业|化学原料及化学制品制造业|基础化学原料制造,制造业|石油、化学、塑胶、塑料,--,2017.xls,1,2017,内蒙古,制造业,化学原料及化学制品制造业,0.4994562946453602,1.8208338082422204,-3.722104999158957,-0.9923660984020184,a
粤科金融集团【广州市粤科知识产权运营基金】,广东省粤科金融集团有限公司【广州市粤科知识产权运营投资中心（有限合伙）】,粤科母基金,广东省粤科母基金投资管理有限公司,粤科金融集团,广东省粤科金融集团有限公司,广州市粤科知识产权运营基金,广州市粤科知识产权运营投资中心（有限合伙）,金戈,广东金戈新材料股份有限公司,新材料，生产制造，阻燃剂，高分子材料，橡塑，材料，节能环保,化工原料及加工|新材料,中国|广东省|佛山市,--,扩张期,2018-08-24,--,--,--,--,5.41,Pre-A,--,--,--,--,制造业|化学原料及化学制品制造业,制造业|石油、化学、塑胶、塑料|化学原料及化学制品制造业,--,2018.xls,1,2018,广东省,制造业,化学原料及化学制品制造业,0.4994562946453602,1.8208338082422204,-3.722104999158957,-0.9923660984020184,a
株洲国投创投【乘风基金】,株洲市国投创新创业投资有限公司【株洲市乘风投资合伙企业（有限合伙）】,株洲国投创投,株洲市国投创新创业投资有限公司,--,--,乘风基金,株洲市乘风投资合伙企业（有限合伙）,力合厚浦,湖南力合厚浦科技有限公司,新材料，正极材料，锂电池，镍钴锰,化工原料及加工|新材料,中国|湖南省|株洲市|石峰区,创业投资,扩张期,2021-06-30,RMB,20.00,20.00,3.09,9.09,Pre-A,--,220.00,34.06,--,制造业|化学原料及化学制品制造业,制造业|石油、化学、塑胶、塑料|化学原料及化学制品制造业,--,2021.xls,0,2021,湖南省,制造业,化学原料及化学制品制造业,0.4994562946453602,1.8208338082422204,-3.722104999158957,-0.9923660984020184,a
盐城锦狮佐业投资【中国海瀛环保产业投资基金】,盐城锦狮佐业投资管理有限公司【盐城海瀛环保产业股权投资合伙企业（有限合伙）】,盐城锦狮佐业投资,盐城锦狮佐业投资管理有限公司,--,--,中国海瀛环保产业投资基金,盐城海瀛环保产业股权投资合伙企业（有限合伙）,太洋科技,上海太洋科技有限公司,生产制造，化工，化工制品,化工原料及加工|新材料,中国|上海市|宝山区,--,扩张期,2017-01-16,RMB,--,--,--,8.85,天使轮,--,--,--,--,制造业|化学原料及化学制品制造业,制造业|石油、化学、塑胶、塑料|化学原料及化学制品制造业,--,2017.xls,1,2017,上海市,制造业,化学原料及化学制品制造业,0.4994562946453602,1.8208338082422204,-3.722104999158957,-0.9923660984020184,a
善达投资【中韩盐城产业园发展基金】,上海善达投资管理有限公司【江苏中韩盐城产业园投资有限公司】,悦达金泰,江苏悦达金泰基金管理有限公司,善达投资,上海善达投资管理有限公司,中韩盐城产业园发展基金,江苏中韩盐城产业园投资有限公司,焕鑫新材,江苏焕鑫新材料股份有限公司,新材料，农业，生产制造，化工，化工原料,化工原料及加工|新材料,中国|江苏省|盐城市,新三板定增,成熟期,2017-08-23,RMB,42.90,42.90,6.31,5.75,新三板定增,--,745.83,109.73,--,制造业|化学原料及化学制品制造业,制造业|石油、化学、塑胶、塑料|化学原料及化学制品制造业,全国中小企业股份转让系统(新三板),2017.xls,1,2017,江苏省,制造业,化学原料及化学制品制造业,0.4994562946453602,1.8208338082422204,-3.722104999158957,-0.9923660984020184,a
君子兰资本【苏州君子晶股权投资】,苏州君子兰资本管理有限公司【苏州君子晶股权投资中心（有限合伙）】,君子兰资本,苏州君子兰资本管理有限公司,--,--,苏州君子晶股权投资,苏州君子晶股权投资中心（有限合伙）,博理新材料,苏州博理新材料科技有限公司,医疗健康，3D打印，新材料，医疗服务，生产制造，材料，高分子材料，3D扫描,化工原料及加工|新材料,中国|江苏省|苏州市,成长资本,扩张期,2021-07-26,RMB,4.29,4.29,0.66,1.80,A+,--,--,--,--,制造业|化学原料及化学制品制造业,制造业|石油、化学、塑胶、塑料|化学原料及化学制品制造业,--,2021.xls,0,2021,江苏省,制造业,化学原料及化学制品制造业,0.4994562946453602,1.8208338082422204,-3.722104999158957,-0.9923660984020184,a
招商资本【重庆慧林基金】,招商局资本投资有限责任公司【重庆慧林股权投资基金合伙企业（有限合伙）】,招商三新,深圳市招商三新资本管理有限责任公司,招商资本,招商局资本投资有限责任公司,重庆慧林基金,重庆慧林股权投资基金合伙企业（有限合伙）,森麒麟,青岛森麒麟轮胎股份有限公司,生产制造，汽车零部件，汽车交通,化工原料及加工|其他化工原料及加工,中国|山东省|青岛市|即墨区,成长资本,扩张期,2015-10-30,RMB,48.45,48.45,7.62,1.82,B,--,--,--,--,制造业|化学原料及化学制品制造业,制造业|石油、化学、塑胶、塑料|化学原料及化学制品制造业,深圳证券交易所主板,2015.xls,0,2015,山东省,制造业,化学原料及化学制品制造业,0.4994562946453602,1.8208338082422204,-3.722104999158957,-0.9923660984020184,a
国中资本【深圳国中中小企业发展私募股权投资基金】,国中资本【深圳国中中小企业发展私募股权投资基金合伙企业（有限合伙）】,国中创投,深圳国中创业投资管理有限公司,--,--,深圳国中中小企业发展私募股权投资基金,深圳国中中小企业发展私募股权投资基金合伙企业（有限合伙）,莱特光电,陕西莱特光电材料股份有限公司,电子元件，生产制造，材料，材料磨具,化工原料及加工|化工原料生产,中国|陕西省|西安市,新三板定增,扩张期,2016-12-15,RMB,30.00,30.00,4.72,3.70,新三板定增,施安平,809.72,117.37,--,制造业|化学原料及化学制品制造业|基础化学原料制造,制造业|石油、化学、塑胶、塑料,上海证券交易所科创板，全国中小企业股份转让系统(新三板),2016.xls,0,2016,陕西省,制造业,化学原料及化学制品制造业,0.4994562946453602,1.8208338082422204,-3.722104999158957,-0.9923660984020184,a
中启资本【中启洞鉴投资基金】（领投）,中启私募基金管理（海南）有限公司【湖南中启洞鉴私募股权投资合伙企业（有限合伙）】（领投）,中启资本,中启私募基金管理（海南）有限公司,--,--,中启洞鉴投资基金,湖南中启洞鉴私募股权投资合伙企业（有限合伙）,澳维科技,湖南澳维科技股份有限公司,生产制造，水处理，膜材料,化工原料及加工|新材料,中国|湖南省|株洲市,战略投资,扩张期,2021-09-30,RMB,--,--,--,5.62,战略投资,乜君兴,545.94,85.20,--,制造业|化学原料及化学制品制造业,制造业|石油、化学、塑胶、塑料|化学原料及化学制品制造业,--,2021.xls,0,2021,湖南省,制造业,化学原料及化学制品制造业,0.4994562946453602,1.8208338082422204,-3.722104999158957,-0.9923660984020184,a
川创投【四川省科技成果转化股权投资基金】,四川创新发展投资管理有限公司【四川省科技成果转化股权投资基金合伙企业（有限合伙）】,川创投,四川创新发展投资管理有限公司,--,--,四川省科技成果转化股权投资基金,四川省科技成果转化股权投资基金合伙企业（有限合伙）,鸿鹏新材料,四川鸿鹏新材料有限公司,危险化学品，化工，高分子材料，建材,化工原料及加工|新材料,中国|四川省|遂宁市|大英县,天使投资,种子期,2015-11-04,RMB,--,--,--,--,种子轮,--,--,--,--,制造业|化学原料及化学制品制造业,制造业|石油、化学、塑胶、塑料|化学原料及化学制品制造业,--,2015.xls,1,2015,四川省,制造业,化学原料及化学制品制造业,0.4994562946453602,1.8208338082422204,-3.722104999158957,-0.9923660984020184,a
中国文化产业投资基金【中国文化投资基金】,中国文化产业投资基金管理有限公司【中国文化产业投资基金（有限合伙）】,中国文化产业投资基金,中国文化产业投资基金管理有限公司,--,--,中国文化投资基金,中国文化产业投资基金（有限合伙）,新华网,新华网股份有限公司,文娱传媒，媒体，文体行业，新闻资讯,娱乐传媒|文化传播,中国|北京市|大兴区,--,成熟期,2012-03-22,RMB,77.27,77.27,10.81,4.04,A,陈杭,"1,911.67",303.00,--,文化、体育和娱乐业|文化艺术业,传播与文化产业,上海证券交易所主板,2000-2012.xls,1,2012,北京市,文化、体育和娱乐业,文化艺术业,0.5132761272727273,1.5088659999999998,-3.881703363636363,-0.9930873636363636,b
平衡资本【平衡基金】,南京平衡资本管理中心（普通合伙）【淮安平衡创业投资中心（有限合伙）】,平衡资本,南京平衡资本管理中心（普通合伙）,--,--,平衡基金,淮安平衡创业投资中心（有限合伙）,青藤文化,北京青藤文化股份有限公司,媒体，文娱传媒，文体行业,娱乐传媒|文化传播,中国|北京市|朝阳区,新三板定增,扩张期,2017-01-03,RMB,16.80,16.80,2.42,5.89,新三板定增,--,285.02,41.05,--,文化、体育和娱乐业|文化艺术业,传播与文化产业,全国中小企业股份转让系统(新三板),2017.xls,1,2017,北京市,文化、体育和娱乐业,文化艺术业,0.5132761272727273,1.5088659999999998,-3.881703363636363,-0.9930873636363636,b
经纬创投【经纬创达创投】,经纬创投（北京）投资管理顾问有限公司【经纬创达（杭州）创业投资合伙企业（有限合伙）】,经纬(杭州)投资管理有限公司,经纬（杭州）投资管理有限公司,经纬创投,经纬创投（北京）投资管理顾问有限公司,经纬创达创投,经纬创达（杭州）创业投资合伙企业（有限合伙）,果麦文化,果麦文化传媒股份有限公司,文娱传媒，文体行业，文学，传统文娱传媒，综合性软件，教育,娱乐传媒|文化传播,中国|上海市|徐汇区,天使投资,种子期,2012-09-30,RMB,3.00,3.00,0.46,4.55,天使轮,胡海清,66.01,10.42,--,文化、体育和娱乐业|文化艺术业,传播与文化产业,深圳证券交易所创业板,2000-2012.xls,0,2012,上海市,文化、体育和娱乐业,文化艺术业,0.5132761272727273,1.5088659999999998,-3.881703363636363,-0.9930873636363636,b
鲁信文化产业【烟台文化发展投资基金】,山东文旅集团创业投资有限公司【烟台文化发展创业投资基金有限公司】,鲁信文化产业,山东文旅集团创业投资有限公司,--,--,烟台文化发展投资基金,烟台文化发展创业投资基金有限公司,微影时代,北京微影时代科技有限公司,大数据，文娱传媒，文体行业，综合性软件,娱乐传媒|文化传播,中国|北京市|海淀区,--,初创期,2016-12-12,RMB,--,--,--,--,D,--,--,--,--,文化、体育和娱乐业|文化艺术业,传播与文化产业,--,2016.xls,1,2016,北京市,文化、体育和娱乐业,文化艺术业,0.5132761272727273,1.5088659999999998,-3.881703363636363,-0.9930873636363636,b
不惑创投【不惑创投一期人民币主基金】,上海不惑私募基金管理有限公司【武汉不恋过往股权投资合伙企业（有限合伙）】,不惑创投,上海不惑私募基金管理有限公司,--,--,不惑创投一期人民币主基金,武汉不恋过往股权投资合伙企业（有限合伙）,夜听,深圳市夜听文化传播有限公司,媒体，文娱传媒，文体行业,娱乐传媒|文化传播,中国|广东省|深圳市,--,种子期,2017-11-15,RMB,0.62,0.62,0.09,5.00,A,--,12.42,1.83,--,文化、体育和娱乐业|文化艺术业,传播与文化产业,--,2017.xls,0,2017,广东省,文化、体育和娱乐业,文化艺术业,0.5132761272727273,1.5088659999999998,-3.881703363636363,-0.9930873636363636,b
星瀚资本【重庆星瀚博远基金】,北京星瀚传奇资本管理有限公司【重庆星瀚博远股权投资基金合伙企业（有限合伙）】,星瀚资本,北京星瀚传奇资本管理有限公司,--,--,重庆星瀚博远基金,重庆星瀚博远股权投资基金合伙企业（有限合伙）,万读,重庆万读科技有限公司,网络文学，工具软件，文娱传媒，文学，文体行业，玄幻小说，职场小说，历史小说,娱乐传媒|文化传播,中国|重庆市,--,初创期,2018-03-20,RMB,--,--,--,8.00,天使轮,--,150.04,23.70,--,文化、体育和娱乐业|文化艺术业,传播与文化产业,--,2018.xls,0,2018,重庆市,文化、体育和娱乐业,文化艺术业,0.5132761272727273,1.5088659999999998,-3.881703363636363,-0.9930873636363636,b
英诺天使基金【英诺III期（厦门）】,英诺融科（北京）投资管理有限公司【厦门英诺嘉业股权投资基金合伙企业（有限合伙）】,厦门英特嘉投资,厦门英特嘉投资管理有限公司,英诺天使基金,英诺融科（北京）投资管理有限公司,英诺III期（厦门）,厦门英诺嘉业股权投资基金合伙企业（有限合伙）,凡米粒,北京凡米粒文化有限公司,文体行业，文化衍生品,娱乐传媒|文化传播,中国|北京市,--,初创期,2017-12-13,RMB,3.50,3.50,0.51,--,Pre-A,--,--,--,--,文化、体育和娱乐业|文化艺术业,传播与文化产业,--,2017.xls,0,2017,北京市,文化、体育和娱乐业,文化艺术业,0.5132761272727273,1.5088659999999998,-3.881703363636363,-0.9930873636363636,b
中鼎开源【河南科技风投基金】,中鼎开源创业投资管理有限公司【河南省中原科创风险投资基金（有限合伙）】,中鼎开源,中鼎开源创业投资管理有限公司,--,--,河南科技风投基金,河南省中原科创风险投资基金（有限合伙）,五行时代,河南五行时代文化传播股份有限公司,广告营销，企业服务，整合营销,娱乐传媒|文化传播,中国|河南省|郑州市,--,扩张期,2017-01-10,RMB,10.00,10.00,1.44,10.00,A,--,100.00,14.42,--,文化、体育和娱乐业|文化艺术业,传播与文化产业,全国中小企业股份转让系统(新三板),2017.xls,1,2017,河南省,文化、体育和娱乐业,文化艺术业,0.5132761272727273,1.5088659999999998,-3.881703363636363,-0.9930873636363636,b
普华资本【头头是道基金】,浙江普华天勤股权投资管理有限公司【浙江诸暨头头是道投资合伙企业（有限合伙）】,杭州大头投资,杭州大头投资管理有限公司,普华资本,浙江普华天勤股权投资管理有限公司,头头是道基金,浙江诸暨头头是道投资合伙企业（有限合伙）,混子曰,上海混知文化传播有限公司,文娱传媒，媒体，文体行业,娱乐传媒|文化传播,中国|上海市|嘉定区,创业投资,扩张期,2019-12-20,RMB,--,--,--,9.09,A,--,--,--,--,文化、体育和娱乐业|文化艺术业,传播与文化产业,--,2019.xls,0,2019,上海市,文化、体育和娱乐业,文化艺术业,0.5132761272727273,1.5088659999999998,-3.881703363636363,-0.9930873636363636,b
IDG资本【和谐成长二期】,IDG资本【和谐成长二期（义乌）投资中心（有限合伙）】,和谐天明投资,和谐天明投资管理（北京）有限公司,IDG资本,IDG资本,和谐成长二期,和谐成长二期（义乌）投资中心（有限合伙）,锋尚文化,锋尚文化集团股份有限公司,媒体，文娱传媒，文体行业，文化艺术,娱乐传媒|文化传播,中国|北京市|东城区,成长资本,成熟期,2017-12-27,RMB,180.00,180.00,25.98,15.00,A,--,"1,200.00",183.43,--,文化、体育和娱乐业|文化艺术业,传播与文化产业,深圳证券交易所创业板，全国中小企业股份转让系统(新三板),2017.xls,0,2017,北京市,文化、体育和娱乐业,文化艺术业,0.5132761272727273,1.5088659999999998,-3.881703363636363,-0.9930873636363636,b
同创伟业【同创伟业新兴产业创业投资】,深圳同创伟业资产管理股份有限公司【深圳同创伟业新兴产业创业投资基金（有限合伙）】,同创锦绣,深圳同创锦绣资产管理有限公司,同创伟业,深圳同创伟业资产管理股份有限公司,同创伟业新兴产业创业投资,深圳同创伟业新兴产业创业投资基金（有限合伙）,钛氪新媒体,北京钛氪新媒体科技有限公司,媒体，文娱传媒，垂直媒体，新闻资讯，制造服务，文体行业,娱乐传媒|文化传播,中国|北京市,--,种子期,2018-08-06,RMB,--,--,--,10.00,A,--,--,--,--,文化、体育和娱乐业|文化艺术业,传播与文化产业,--,2018.xls,0,2018,北京市,文化、体育和娱乐业,文化艺术业,0.5132761272727273,1.5088659999999998,-3.881703363636363,-0.9930873636363636,b
武汉汇博永道创投【誉达通创业投资基金】,武汉零度创新创业投资管理有限公司【武汉誉达通创业投资基金合伙企业（有限合伙）】,武汉汇博永道创投,武汉零度创新创业投资管理有限公司,--,--,誉达通创业投资基金,武汉誉达通创业投资基金合伙企业（有限合伙）,道森媒体,武汉道森媒体股份有限公司,广告营销，大数据，企业服务，精准营销，云计算，媒体，互联网，云计算服务商,娱乐传媒|文化传播,中国|湖北省|武汉市,新三板定增,扩张期,2017-05-18,RMB,19.80,19.80,2.88,5.43,新三板定增,--,364.80,52.97,--,文化、体育和娱乐业|文化艺术业,传播与文化产业,全国中小企业股份转让系统(新三板),2017.xls,0,2017,湖北省,文化、体育和娱乐业,文化艺术业,0.5132761272727273,1.5088659999999998,-3.881703363636363,-0.9930873636363636,b
四川产业振兴基金【四川文化产业基金】,四川产业振兴发展投资基金有限公司【四川文化产业股权投资基金合伙企业（有限合伙）】,四川润恒发展投资,四川润恒发展股权投资基金管理有限公司,四川产业振兴基金,四川产业振兴发展投资基金有限公司,四川文化产业基金,四川文化产业股权投资基金合伙企业（有限合伙）,封面新闻,四川封面传媒有限责任公司,媒体，文娱传媒，新闻资讯，文体行业,娱乐传媒|文化传播,中国|四川省,--,初创期,2018-05-04,RMB,100.00,100.00,15.69,--,Pre-A,--,--,--,--,文化、体育和娱乐业|文化艺术业,传播与文化产业,--,2018.xls,1,2018,四川省,文化、体育和娱乐业,文化艺术业,0.5132761272727273,1.5088659999999998,-3.881703363636363,-0.9930873636363636,b
鹏瑞宁夏投资【西安市中小企业发展基金】,鹏瑞（宁夏）股权投资基金管理有限公司【西安市中小企业发展基金（有限合伙）】,亚联民加投资,西安财金惠风私募基金管理有限公司,鹏瑞宁夏投资,鹏瑞（宁夏）股权投资基金管理有限公司,西安市中小企业发展基金,西安市中小企业发展基金（有限合伙）,六谷庄文化发展,西安六谷庄文化发展有限公司,消费生活，共享社交，AI行业应用，安防服务，综合性软件，监测监控，贸易服务，文化艺术，企业服务,娱乐传媒|文化传播,中国|陕西省|西安市|新城区,--,初创期,2019-01-11,RMB,--,--,--,13.04,A,--,--,--,--,文化、体育和娱乐业|文化艺术业,传播与文化产业,--,2019.xls,1,2019,陕西省,文化、体育和娱乐业,文化艺术业,0.5132761272727273,1.5088659999999998,-3.881703363636363,-0.9930873636363636,b
国中资本【国中私募股权投资基金（西安）】（领投）,国中资本【国中私募股权投资基金（西安）合伙企业（有限合伙）】（领投）,国中常荣,深圳国中常荣资产管理有限公司,--,--,国中私募股权投资基金（西安）,国中私募股权投资基金（西安）合伙企业（有限合伙）,铜师傅,杭州玺匠文化创意股份有限公司,生产制造，垂直电商，文化艺术,娱乐传媒|文化传播,中国|浙江省|杭州市,成长资本,扩张期,2021-08-11,RMB,--,--,--,3.79,C,林祥锋,"2,655.90",409.60,--,文化、体育和娱乐业|文化艺术业,传播与文化产业,--,2021.xls,0,2021,浙江省,文化、体育和娱乐业,文化艺术业,0.5132761272727273,1.5088659999999998,-3.881703363636363,-0.9930873636363636,b
余杭国投【余杭区产业发展引导基金】,杭州余杭国有资本投资运营集团有限公司【杭州余杭产业基金有限公司】,余杭国投,杭州余杭国有资本投资运营集团有限公司,--,--,余杭区产业发展引导基金,杭州余杭产业基金有限公司,朱炳仁铜,杭州朱炳仁铜艺股份有限公司,生产制造，文娱传媒，艺术品，消费生活,娱乐传媒|文化传播,中国|浙江省|杭州市|余杭区,天使投资,扩张期,2019-05-22,RMB,--,--,--,--,天使轮,--,--,--,--,文化、体育和娱乐业|文化艺术业,传播与文化产业,--,2019.xls,0,2019,浙江省,文化、体育和娱乐业,文化艺术业,0.5132761272727273,1.5088659999999998,-3.881703363636363,-0.9930873636363636,b
中广投资【中广创投】,广东中广投资管理有限公司【湛江中广创业投资有限公司】,中广投资,广东中广投资管理有限公司,--,--,中广创投,湛江中广创业投资有限公司,广东广电网络,广东省广播电视网络股份有限公司,视频传输，电视台，房地产开发，广播电台，电视栏目,娱乐传媒|文化传播,中国|广东省|广州市,--,种子期,2010-06-11,--,--,--,--,--,种子轮,--,--,--,--,文化、体育和娱乐业|文化艺术业,传播与文化产业,--,2000-2012.xls,1,2010,广东省,文化、体育和娱乐业,文化艺术业,0.5132761272727273,1.5088659999999998,-3.881703363636363,-0.9930873636363636,b
国投创业【国投高新创投基金】,国投创业投资管理有限公司【国投高新（深圳）创业投资基金（有限合伙）】,国投创业,国投创业投资管理有限公司,--,--,国投高新创投基金,国投高新（深圳）创业投资基金（有限合伙）,洞察力,北京洞察力科技股份有限公司,医疗健康，企业服务，互联网,娱乐传媒|文化传播,中国|北京市,创业投资,扩张期,2018-10-19,RMB,--,--,--,9.91,A,--,--,--,--,文化、体育和娱乐业|文化艺术业,传播与文化产业,全国中小企业股份转让系统(新三板),2018.xls,1,2018,北京市,文化、体育和娱乐业,文化艺术业,0.5132761272727273,1.5088659999999998,-3.881703363636363,-0.9930873636363636,b
博远资本【博远嘉昱创投基金】,博远资本【成都博远嘉昱创业投资合伙企业（有限合伙）】,博睿瑜业股权投资,博睿瑜业（上海）股权投资管理有限公司,博远资本,博远资本,博远嘉昱创投基金,成都博远嘉昱创业投资合伙企业（有限合伙）,海尔施基因,宁波海尔施基因科技股份有限公司,医疗健康，医疗设备，体外诊断，生产制造，医疗服务，分子诊断,生物技术/医疗健康|生物工程,中国|浙江省|宁波市,成长资本,扩张期,2020-10-20,RMB,--,--,--,0.99,A,陈鹏辉,"2,111.94",321.05,--,制造业|医药制造业|生物、生化制品的制造,制造业|医药、生物制品|生物制品业|其他生物制品业,--,2020.xls,0,2020,浙江省,制造业,医药制造业,0.5144735253555968,1.473571311379097,-3.755507403215832,-1.0102068166357452,b
龙磐资本【余杭龙磐健康医疗基金】（领投）,北京龙磐投资管理咨询中心（普通合伙）【杭州余杭龙磐健康医疗股权投资基金合伙企业（有限合伙）】（领投）,龙磐资本,北京龙磐投资管理咨询中心（普通合伙）,--,--,余杭龙磐健康医疗基金,杭州余杭龙磐健康医疗股权投资基金合伙企业（有限合伙）,文达医药,浙江文达医药科技有限公司,医疗健康，医药，创新药，药物研发，靶向药,生物技术/医疗健康|医药,中国|浙江省|宁波市,成长资本,扩张期,2021-07-27,RMB,--,--,--,18.55,A,--,--,--,--,制造业|医药制造业,制造业|医药、生物制品,--,2021.xls,0,2021,浙江省,制造业,医药制造业,0.5144735253555968,1.473571311379097,-3.755507403215832,-1.0102068166357452,b
珠海高科创投【珠海高新天使创业投资】,珠海高科金投创业投资管理有限公司【珠海高新天使创业投资有限公司】,珠海高科创投,珠海高科金投创业投资管理有限公司,--,--,珠海高新天使创业投资,珠海高新天使创业投资有限公司,艾谱瑞生物,珠海艾谱瑞生物医药有限公司,医疗健康，医药，生物药，生物制药，药品生产，药物研发,生物技术/医疗健康|医药,中国|广东省|珠海市|香洲区,天使投资,种子期,2020-08-03,RMB,--,--,--,--,天使轮,--,--,--,--,制造业|医药制造业,制造业|医药、生物制品,--,2020.xls,1,2020,广东省,制造业,医药制造业,0.5144735253555968,1.473571311379097,-3.755507403215832,-1.0102068166357452,b
山蓝资本【苏州盛涛医疗基金】,上海山蓝私募基金管理有限公司【苏州盛涛医疗投资合伙企业（有限合伙）】,山蓝资本,上海山蓝私募基金管理有限公司,--,--,苏州盛涛医疗基金,苏州盛涛医疗投资合伙企业（有限合伙）,拓苒药物,安徽中科拓苒药物科学研究有限公司,医疗健康，创新药，医药，药物研发，生物药,生物技术/医疗健康|医药,中国|安徽省|蚌埠市|淮上区,成长资本,初创期,2021-07-24,RMB,--,--,--,1.30,A,--,"3,850.83",595.64,--,制造业|医药制造业,制造业|医药、生物制品,--,2021.xls,0,2021,安徽省,制造业,医药制造业,0.5144735253555968,1.473571311379097,-3.755507403215832,-1.0102068166357452,b
聚明创投【聚明天使基金】,苏州聚明投资管理合伙企业（有限合伙）【苏州聚明中正方源创业投资合伙企业（有限合伙）】,聚明创投,苏州聚明投资管理合伙企业（有限合伙）,--,--,聚明天使基金,苏州聚明中正方源创业投资合伙企业（有限合伙）,佰诚医药,上海佰诚医药供应链管理有限公司,医疗健康，医药，物流服务，第三方物流，供应链管理,生物技术/医疗健康|其他生物技术/医疗健康,中国|上海市|闵行区,创业投资,扩张期,2021-09-23,RMB,--,--,--,--,A,--,--,--,--,制造业|医药制造业|卫生材料及医药用品制造,社会服务业|卫生、保健、护理服务业,--,2021.xls,0,2021,上海市,制造业,医药制造业,0.5144735253555968,1.473571311379097,-3.755507403215832,-1.0102068166357452,b
广发信德【广州广发信德健康创业投资基金】,广发信德投资管理有限公司【广州广发信德健康创业投资基金合伙企业（有限合伙）】,广发信德,广发信德投资管理有限公司,--,--,广州广发信德健康创业投资基金,广州广发信德健康创业投资基金合伙企业（有限合伙）,柏奥特克,成都柏奥特克生物科技股份有限公司,医疗健康，医药，疫苗，药品生产，项目扶持，生物制药,生物技术/医疗健康|医药,中国|四川省|成都市,成长资本,扩张期,2021-12-16,RMB,--,--,--,2.97,A+,谢永元,--,--,--,制造业|医药制造业,制造业|医药、生物制品,--,2021.xls,0,2021,四川省,制造业,医药制造业,0.5144735253555968,1.473571311379097,-3.755507403215832,-1.0102068166357452,b
同创伟业【深圳市同创中科前海科控天使创业投资】,深圳同创伟业资产管理股份有限公司【深圳市同创中科前海科控天使创业投资合伙企业（有限合伙）】,同创锦绣,深圳同创锦绣资产管理有限公司,同创伟业,深圳同创伟业资产管理股份有限公司,深圳市同创中科前海科控天使创业投资,深圳市同创中科前海科控天使创业投资合伙企业（有限合伙）,新樾生物,深圳市新樾生物科技有限公司,医疗健康，医药，创新药，药物研发,生物技术/医疗健康|医药|生物制药,中国|广东省|深圳市,天使投资,种子期,2021-06-30,RMB,--,--,--,15.50,天使轮,郑伟鹤,64.52,9.96,--,制造业|医药制造业|生物、生化制品的制造,制造业|医药、生物制品|生物制品业|生物药品制造业,--,2021.xls,0,2021,广东省,制造业,医药制造业,0.5144735253555968,1.473571311379097,-3.755507403215832,-1.0102068166357452,b
深高新投【高新投正轩天使基金】,深圳市高新投集团有限公司【深圳市高新投正轩天使创业投资合伙企业（有限合伙）】,高新投正轩基金管理,深圳市高新投正轩股权投资基金管理有限公司,深高新投,深圳市高新投集团有限公司,高新投正轩天使基金,深圳市高新投正轩天使创业投资合伙企业（有限合伙）,一兮生物,苏州一兮生物技术有限公司,医疗健康，医药,生物技术/医疗健康|生物工程,中国|江苏省|苏州市,创业投资,初创期,2021-08-12,RMB,--,--,--,--,Pre-A,--,--,--,--,制造业|医药制造业|生物、生化制品的制造,制造业|医药、生物制品|生物制品业|其他生物制品业,--,2021.xls,0,2021,江苏省,制造业,医药制造业,0.5144735253555968,1.473571311379097,-3.755507403215832,-1.0102068166357452,b
澳银资本【澳银天使创投基金】,深圳澳银资本管理有限公司【深圳澳银天使创业投资企业（有限合伙）】,澳银资本,深圳澳银资本管理有限公司,--,--,澳银天使创投基金,深圳澳银天使创业投资企业（有限合伙）,达盟生物,深圳达盟生物科技有限公司,医疗健康，体外诊断，医疗器械，医疗设备，诊断仪器,生物技术/医疗健康|生物工程,中国|广东省|深圳市,创业投资,扩张期,2021-09-23,RMB,--,--,--,3.82,A,孙集平,373.13,57.71,--,制造业|医药制造业|生物、生化制品的制造,制造业|医药、生物制品|生物制品业|其他生物制品业,--,2021.xls,0,2021,广东省,制造业,医药制造业,0.5144735253555968,1.473571311379097,-3.755507403215832,-1.0102068166357452,b
险峰K2VC【险峰旗云】,险峰K2VC【杭州险峰旗云投资合伙企业（有限合伙）】,险峰长晴,西藏险峰长晴创业投资管理有限公司,险峰长青,北京险峰长青投资咨询有限公司,险峰旗云,杭州险峰旗云投资合伙企业（有限合伙）,嘉因生物,杭州嘉因生物科技有限公司,医疗健康，技术研发，药物研发，医药,生物技术/医疗健康|医药,中国|浙江省|杭州市,成长资本,初创期,2020-08-03,USD,1.30,9.08,1.30,--,B,--,--,--,--,制造业|医药制造业,制造业|医药、生物制品,--,2020.xls,0,2020,浙江省,制造业,医药制造业,0.5144735253555968,1.473571311379097,-3.755507403215832,-1.0102068166357452,b
东方富海【深圳南山中小企业发展基金】,深圳市东方富海投资管理股份有限公司【中小企业发展基金（深圳南山有限合伙）】,富海中小企业发展基金,深圳市富海中小企业发展基金股权投资管理有限公司,东方富海,深圳市东方富海投资管理股份有限公司,深圳南山中小企业发展基金,中小企业发展基金（深圳南山有限合伙）,锦篮基因,北京锦篮基因科技有限公司,医疗健康，医药，药物研发,生物技术/医疗健康|生物工程,中国|北京市|大兴区,天使投资,初创期,2020-07-31,RMB,10.00,10.00,1.43,2.44,种子轮,--,409.51,58.58,--,制造业|医药制造业|生物、生化制品的制造,制造业|医药、生物制品|生物制品业|其他生物制品业,--,2020.xls,0,2020,北京市,制造业,医药制造业,0.5144735253555968,1.473571311379097,-3.755507403215832,-1.0102068166357452,b
国中资本【国中私募股权投资基金（西安）】,国中资本【国中私募股权投资基金（西安）合伙企业（有限合伙）】,国中常荣,深圳国中常荣资产管理有限公司,--,--,国中私募股权投资基金（西安）,国中私募股权投资基金（西安）合伙企业（有限合伙）,泰诺麦博,珠海泰诺麦博制药股份有限公司,医疗健康，医药，体外诊断，生物药，药品生产，免疫疗法，疫苗，药物研发,生物技术/医疗健康|生物工程,中国|广东省|珠海市,成长资本,扩张期,2021-08-13,RMB,--,--,--,2.59,A+,--,--,--,--,制造业|医药制造业|生物、生化制品的制造,制造业|医药、生物制品|生物制品业|其他生物制品业,--,2021.xls,0,2021,广东省,制造业,医药制造业,0.5144735253555968,1.473571311379097,-3.755507403215832,-1.0102068166357452,b
兴陇基金【甘肃省兰州生物医药产业创业投资基金】,甘肃兴陇基金管理有限公司【甘肃省兰州生物医药产业创业投资基金有限公司】,兴陇基金,甘肃兴陇基金管理有限公司,--,--,甘肃省兰州生物医药产业创业投资基金,甘肃省兰州生物医药产业创业投资基金有限公司,皓天化学,甘肃皓天科技股份有限公司,医疗健康，医药，生物药，原料药，创新药，生产制造，药物研发,生物技术/医疗健康|医药,中国|甘肃省|兰州市|城关区,创业投资,成熟期,2020-08-10,--,--,--,--,7.41,A,--,--,--,--,制造业|医药制造业,制造业|医药、生物制品,--,2020.xls,1,2020,甘肃省,制造业,医药制造业,0.5144735253555968,1.473571311379097,-3.755507403215832,-1.0102068166357452,b
九合创投【北京九合锐达创业投资】,九合摩宝投资管理（北京）有限公司【北京九合锐达创业投资合伙企业（有限合伙）】,北京采思投资,北京采思投资有限公司,九合创投,九合摩宝投资管理（北京）有限公司,北京九合锐达创业投资,北京九合锐达创业投资合伙企业（有限合伙）,青云瑞晶生物,苏州青云瑞晶生物科技有限公司,医疗健康，人工智能，医药，创新药，药物研发,生物技术/医疗健康|医药,中国|江苏省|苏州市|常熟市,天使投资,种子期,2020-10-22,RMB,--,--,--,12.87,天使轮,--,228.87,34.27,--,制造业|医药制造业,制造业|医药、生物制品,--,2020.xls,0,2020,江苏省,制造业,医药制造业,0.5144735253555968,1.473571311379097,-3.755507403215832,-1.0102068166357452,b
国中资本【国中私募股权投资基金（西安）】,国中资本【国中私募股权投资基金（西安）合伙企业（有限合伙）】,国中常荣,深圳国中常荣资产管理有限公司,--,--,国中私募股权投资基金（西安）,国中私募股权投资基金（西安）合伙企业（有限合伙）,贝海生物,珠海贝海生物技术有限公司,医疗健康，医药，药物研发，生物药，创新药,生物技术/医疗健康|医药,中国|广东省|珠海市,成长资本,扩张期,2021-07-01,RMB,22.50,22.50,3.53,--,A+,谢斌,--,--,--,制造业|医药制造业,制造业|医药、生物制品,--,2021.xls,0,2021,广东省,制造业,医药制造业,0.5144735253555968,1.473571311379097,-3.755507403215832,-1.0102068166357452,b
凯辉基金【凯辉人民币成长基金一期】（领投）,凯辉私募股权投资基金【苏州凯辉成长投资基金合伙企业（有限合伙）】（领投）,湖北凯辉基金,湖北凯辉股权投资管理有限公司,凯辉基金,凯辉私募股权投资基金,凯辉人民币成长基金一期,苏州凯辉成长投资基金合伙企业（有限合伙）,派真生物,广州派真生物技术有限公司,医疗健康，生产制造，医药,生物技术/医疗健康|生物工程,中国|广东省|广州市|黄埔区,创业投资,扩张期,2020-08-12,RMB,--,--,--,--,B,蔡明泼,--,--,--,制造业|医药制造业|生物、生化制品的制造,制造业|医药、生物制品|生物制品业|其他生物制品业,--,2020.xls,0,2020,广东省,制造业,医药制造业,0.5144735253555968,1.473571311379097,-3.755507403215832,-1.0102068166357452,b
分享投资【分享择善医疗创投基金】（领投）,深圳市分享成长投资管理有限公司【深圳市分享择善精准医疗创业投资合伙企业（有限合伙）】（领投）,分享投资,深圳市分享成长投资管理有限公司,--,--,分享择善医疗创投基金,深圳市分享择善精准医疗创业投资合伙企业（有限合伙）,西岭源药业,成都西岭源药业有限公司,医疗健康，医药，原料药，创新药，生产制造，药物研发，药品生产，仿制药,生物技术/医疗健康|医药|生物制药,中国|四川省|成都市,成长资本,扩张期,2020-10-20,RMB,35.00,35.00,5.22,11.67,A,--,299.94,44.76,--,制造业|医药制造业|生物、生化制品的制造,制造业|医药、生物制品|生物制品业|生物药品制造业,--,2020.xls,0,2020,四川省,制造业,医药制造业,0.5144735253555968,1.473571311379097,-3.755507403215832,-1.0102068166357452,b
辰德资本【辰德资本人民币三期基金】,上海甲辰投资有限公司【苏州辰知德投资合伙企业（有限合伙）】,辰德资本,上海甲辰投资有限公司,--,--,辰德资本人民币三期基金,苏州辰知德投资合伙企业（有限合伙）,杰毅生物,杭州杰毅生物技术有限公司,医疗健康，大数据，人工智能，医药，体外诊断，生产制造，药物研发，大数据挖掘,生物技术/医疗健康|生物工程,中国|浙江省|杭州市,创业投资,初创期,2020-08-03,RMB,10.00,10.00,1.43,4.54,A,--,220.26,31.53,--,制造业|医药制造业|生物、生化制品的制造,制造业|医药、生物制品|生物制品业|其他生物制品业,--,2020.xls,0,2020,浙江省,制造业,医药制造业,0.5144735253555968,1.473571311379097,-3.755507403215832,-1.0102068166357452,b
鹏瑞宁夏投资【西安市中小企业发展基金】,鹏瑞（宁夏）股权投资基金管理有限公司【西安市中小企业发展基金（有限合伙）】,亚联民加投资,西安财金惠风私募基金管理有限公司,鹏瑞宁夏投资,鹏瑞（宁夏）股权投资基金管理有限公司,西安市中小企业发展基金,西安市中小企业发展基金（有限合伙）,佰美基因,陕西佰美基因股份有限公司,医疗健康,生物技术/医疗健康|生物工程,中国|陕西省|西安市,成长资本,成熟期,2021-07-23,RMB,51.00,51.00,7.89,--,A,--,--,--,--,制造业|医药制造业|生物、生化制品的制造,制造业|医药、生物制品|生物制品业|其他生物制品业,全国中小企业股份转让系统(新三板),2021.xls,1,2021,陕西省,制造业,医药制造业,0.5144735253555968,1.473571311379097,-3.755507403215832,-1.0102068166357452,b
晨壹投资【晨壹并购基金】（领投）,晨壹投资有限公司【北京晨壹并购基金（有限合伙）】（领投）,晨壹基金,晨壹基金管理（北京）有限公司,晨壹投资,晨壹投资有限公司,晨壹并购基金,北京晨壹并购基金（有限合伙）,高田生物,杭州高田生物医药有限公司,医疗健康，医药，医疗服务，体外诊断，生物药，房地产开发，生物制药，药物研发，药品生产，创新药,生物技术/医疗健康|医药,中国|浙江省|杭州市|滨江区,成长资本,扩张期,2021-12-23,RMB,16.67,16.67,2.62,8.66,B,--,632.91,99.43,--,制造业|医药制造业,制造业|医药、生物制品,--,2021.xls,0,2021,浙江省,制造业,医药制造业,0.5144735253555968,1.473571311379097,-3.755507403215832,-1.0102068166357452,b
金浦投资【上海金浦并购基金】,金浦产业投资基金管理有限公司【上海金浦国调并购股权投资基金合伙企业（有限合伙）】,上海金浦创新投资,上海金浦创新股权投资管理有限公司,金浦投资,金浦产业投资基金管理有限公司,上海金浦并购基金,上海金浦国调并购股权投资基金合伙企业（有限合伙）,华道生物,苏州华道生物药业股份有限公司,化工，医疗健康，医药,生物技术/医疗健康|医药|化学药品原药制造业,中国|江苏省|苏州市|常熟市,成长资本,扩张期,2020-07-28,RMB,100.00,100.00,14.90,11.46,Pre-IPO,--,895.32,133.77,--,制造业|医药制造业|化学药品原药制造,制造业|医药、生物制品|医药制造业|化学药品原药制造业,--,2020.xls,0,2020,江苏省,制造业,医药制造业,0.5144735253555968,1.473571311379097,-3.755507403215832,-1.0102068166357452,b
凯泰资本【杭州凯泰宏德创业投资】,杭州凯泰资本管理有限公司【杭州凯泰宏德创业投资合伙企业（有限合伙）】,凯泰资本,杭州凯泰资本管理有限公司,--,--,杭州凯泰宏德创业投资,杭州凯泰宏德创业投资合伙企业（有限合伙）,道尔生物,浙江道尔生物科技有限公司,医疗健康，医药，体外诊断，生物药，生物制药，药物研发，药品生产,生物技术/医疗健康|医药|生物制药,中国|浙江省|杭州市,成长资本,扩张期,2020-11-03,RMB,--,--,--,4.60,A+,--,639.85,95.43,--,制造业|医药制造业|生物、生化制品的制造,制造业|医药、生物制品|生物制品业|生物药品制造业,--,2020.xls,0,2020,浙江省,制造业,医药制造业,0.5144735253555968,1.473571311379097,-3.755507403215832,-1.0102068166357452,b
凯泰资本【杭州凯泰宏德创业投资】,杭州凯泰资本管理有限公司【杭州凯泰宏德创业投资合伙企业（有限合伙）】,凯泰资本,杭州凯泰资本管理有限公司,--,--,杭州凯泰宏德创业投资,杭州凯泰宏德创业投资合伙企业（有限合伙）,聚维元创,苏州聚维元创生物科技有限公司,农业，生物技术，技术研发,生物技术/医疗健康|生物工程,中国|江苏省|苏州市,天使投资,扩张期,2021-08-06,RMB,6.67,6.67,1.03,8.76,Pre-A,--,76.10,11.78,--,制造业|医药制造业|生物、生化制品的制造,制造业|医药、生物制品|生物制品业|其他生物制品业,--,2021.xls,0,2021,江苏省,制造业,医药制造业,0.5144735253555968,1.473571311379097,-3.755507403215832,-1.0102068166357452,b
珠海高科创投【珠海高新天使创业投资】,珠海高科金投创业投资管理有限公司【珠海高新天使创业投资有限公司】,珠海高科创投,珠海高科金投创业投资管理有限公司,--,--,珠海高新天使创业投资,珠海高新天使创业投资有限公司,睿展生物,珠海睿展生物材料有限公司,材料，生物材料,生物技术/医疗健康|医药,中国|广东省|珠海市|香洲区,创业投资,种子期,2020-07-08,RMB,--,--,--,3.67,A,--,--,--,--,制造业|医药制造业,制造业|医药、生物制品,--,2020.xls,1,2020,广东省,制造业,医药制造业,0.5144735253555968,1.473571311379097,-3.755507403215832,-1.0102068166357452,b
华盖资本【天津华盖鸿钰股权投资】,华盖资本有限责任公司【天津华盖鸿钰股权投资合伙企业（有限合伙）】,华盖医疗投资,华盖医疗投资管理（北京）有限公司,华盖资本,华盖资本有限责任公司,天津华盖鸿钰股权投资,天津华盖鸿钰股权投资合伙企业（有限合伙）,昭衍生物,北京昭衍生物技术有限公司,医疗健康，医药，创新药，生产制造，生物药，医药生产外包CMO/CDMO，生物制药,生物技术/医疗健康|医药|生物制药,中国|北京市|大兴区,成长资本,初创期,2021-08-06,USD,--,--,--,--,B,--,--,--,--,制造业|医药制造业|生物、生化制品的制造,制造业|医药、生物制品|生物制品业|生物药品制造业,--,2021.xls,0,2021,北京市,制造业,医药制造业,0.5144735253555968,1.473571311379097,-3.755507403215832,-1.0102068166357452,b
陆家嘴投资【余杭经开股权投资基金】,上海联嵘投资发展有限公司【杭州余杭经开股权投资基金合伙企业（有限合伙）】,浙江守成资产,浙江守成资产管理有限公司,陆家嘴投资,上海联嵘投资发展有限公司,余杭经开股权投资基金,杭州余杭经开股权投资基金合伙企业（有限合伙）,海创医疗,浙江海创医疗器械有限公司,医疗健康，生产制造，医疗器械，医用耗材,生物技术/医疗健康|其他生物技术/医疗健康,中国|浙江省|杭州市,天使投资,扩张期,2020-11-03,RMB,--,--,--,--,Pre-A,--,--,--,--,制造业|医药制造业|卫生材料及医药用品制造,社会服务业|卫生、保健、护理服务业,--,2020.xls,1,2020,浙江省,制造业,医药制造业,0.5144735253555968,1.473571311379097,-3.755507403215832,-1.0102068166357452,b
杏泽资本【杏泽三禾基金】,上海杏泽投资管理有限公司【上海杏泽三禾创业投资合伙企业（有限合伙）】,杏泽资本,上海杏泽投资管理有限公司,--,--,杏泽三禾基金,上海杏泽三禾创业投资合伙企业（有限合伙）,金匙基因,北京金匙基因科技有限公司,医疗健康，医疗服务，体外诊断,生物技术/医疗健康|其他生物技术/医疗健康,中国|北京市|昌平区,成长资本,扩张期,2020-11-02,RMB,--,--,--,7.23,C,强静,830.26,123.49,--,制造业|医药制造业|卫生材料及医药用品制造,社会服务业|卫生、保健、护理服务业,--,2020.xls,0,2020,北京市,制造业,医药制造业,0.5144735253555968,1.473571311379097,-3.755507403215832,-1.0102068166357452,b
联想之星【联想之星三期人民币基金】,北京联想之星投资管理有限公司【北京星浩创业企业管理中心（有限合伙）】,北京联想之星未来投资,北京联想之星未来投资管理有限公司,联想之星,北京联想之星投资管理有限公司,联想之星三期人民币基金,北京星浩创业企业管理中心（有限合伙）,瑞风生物,广州瑞风生物科技有限公司,医疗健康，医药，医疗服务，体外诊断，生物药，创新药，药物研发，细胞治疗，基因编辑,生物技术/医疗健康|医药,中国|广东省|广州市,成长资本,初创期,2020-11-02,RMB,5.52,5.52,0.82,1.91,A,--,--,--,--,制造业|医药制造业,制造业|医药、生物制品,--,2020.xls,0,2020,广东省,制造业,医药制造业,0.5144735253555968,1.473571311379097,-3.755507403215832,-1.0102068166357452,b
普华资本【绍兴普华震元创业投资】,浙江普华天勤股权投资管理有限公司【绍兴普华震元创业投资合伙企业（有限合伙）】,普华资本,浙江普华天勤股权投资管理有限公司,--,--,绍兴普华震元创业投资,绍兴普华震元创业投资合伙企业（有限合伙）,祥实生物,杭州祥实生物科技有限公司,人工智能，物联网应用层，生物质能，物联网应用开发平台，信息技术，软件和信息技术，软件技术，软件系统定制化开发，数据管理软件开发，AI行业应用，AR软件，医疗器械，软件开发，生物技术，医疗健康,生物技术/医疗健康|其他生物技术/医疗健康,中国|浙江省|杭州市|西湖区,天使投资,种子期,2021-12-15,RMB,--,--,--,16.67,天使轮,沈琴华,89.98,14.13,--,制造业|医药制造业|卫生材料及医药用品制造,社会服务业|卫生、保健、护理服务业,--,2021.xls,0,2021,浙江省,制造业,医药制造业,0.5144735253555968,1.473571311379097,-3.755507403215832,-1.0102068166357452,b
张江科创【上海张科禾润生物医药创业投资】,上海张江科技创业投资有限公司【上海张科禾润生物医药创业投资合伙企业（有限合伙）】,张江科创,上海张江科技创业投资有限公司,--,--,上海张科禾润生物医药创业投资,上海张科禾润生物医药创业投资合伙企业（有限合伙）,恩凯赛药,上海恩凯细胞技术有限公司,医疗健康，医药，生物药，专营零售，干细胞,生物技术/医疗健康|医药,中国|上海市|浦东新区,天使投资,初创期,2021-09-28,RMB,--,--,--,5.00,天使轮,--,--,--,--,制造业|医药制造业,制造业|医药、生物制品,--,2021.xls,0,2021,上海市,制造业,医药制造业,0.5144735253555968,1.473571311379097,-3.755507403215832,-1.0102068166357452,b
国投创业【国投（广东）科技成果转化创业投资基金】（领投）,国投创业投资管理有限公司【国投（广东）科技成果转化创业投资基金合伙企业（有限合伙）】（领投）,国投（广东）创业投资,国投（广东）创业投资管理有限公司,国投创业,国投创业投资管理有限公司,国投（广东）科技成果转化创业投资基金,国投（广东）科技成果转化创业投资基金合伙企业（有限合伙）,嘉越医药,广州嘉越医药科技有限公司,医疗健康，医疗设备，体外诊断，生物技术，医药，药品生产，药物研发，生物药，创新药,生物技术/医疗健康|医药,中国|广东省|广州市|黄埔区,成长资本,扩张期,2021-07-28,RMB,105.00,105.00,16.24,9.93,B,汤剑平,"1,461.99",225.17,--,制造业|医药制造业,制造业|医药、生物制品,--,2021.xls,1,2021,广东省,制造业,医药制造业,0.5144735253555968,1.473571311379097,-3.755507403215832,-1.0102068166357452,b
首发展创投【北京首发展天玑创投基金】,北京首都科技发展集团投资管理有限公司【北京首发展天玑创业投资中心（有限合伙）】,首发展创投,北京首都科技发展集团投资管理有限公司,--,--,北京首发展天玑创投基金,北京首发展天玑创业投资中心（有限合伙）,伟杰信生物,北京伟杰信生物科技有限公司,医疗健康，医药，技术培训，生物制药，药品生产，药物研发，医药研发外包CRO,生物技术/医疗健康|医药,中国|北京市|海淀区,成长资本,扩张期,2020-10-30,RMB,15.00,15.00,2.14,--,B,--,--,--,--,制造业|医药制造业,制造业|医药、生物制品,--,2020.xls,0,2020,北京市,制造业,医药制造业,0.5144735253555968,1.473571311379097,-3.755507403215832,-1.0102068166357452,b
国科投资【国科瑞华三期】,中国科技产业投资管理有限公司【深圳市国科瑞华三期股权投资基金合伙企业（有限合伙）】,国科投资,中国科技产业投资管理有限公司,--,--,国科瑞华三期,深圳市国科瑞华三期股权投资基金合伙企业（有限合伙）,鼎晶生物,浙江绍兴鼎晶生物医药科技股份有限公司,医疗健康，医疗服务，体外诊断，医疗器械，分子诊断，精准医疗,生物技术/医疗健康|医药,中国|浙江省|绍兴市,成长资本,扩张期,2020-07-13,RMB,25.50,25.50,3.59,--,C,殷雷,"1,525.00",217.97,--,制造业|医药制造业,制造业|医药、生物制品,全国中小企业股份转让系统(新三板),2020.xls,0,2020,浙江省,制造业,医药制造业,0.5144735253555968,1.473571311379097,-3.755507403215832,-1.0102068166357452,b
合肥创新投【庐阳天使投资】,合肥市创新科技风险投资有限公司【合肥庐阳天使股权投资合伙企业（有限合伙）】,国耀资本,合肥国耀资本投资管理有限公司,合肥创新投,合肥市创新科技风险投资有限公司,庐阳天使投资,合肥庐阳天使股权投资合伙企业（有限合伙）,易孛特,合肥易孛特生物科技有限公司,技术研发,生物技术/医疗健康|其他生物技术/医疗健康,中国|安徽省|合肥市|庐阳区,天使投资,种子期,2020-10-29,RMB,--,--,--,8.33,天使轮,--,--,--,--,制造业|医药制造业|卫生材料及医药用品制造,社会服务业|卫生、保健、护理服务业,--,2020.xls,0,2020,安徽省,制造业,医药制造业,0.5144735253555968,1.473571311379097,-3.755507403215832,-1.0102068166357452,b
前海光大金控【韶关前海熙正产业发展基金】,深圳前海光大金控投资管理有限公司【韶关前海熙正产业发展基金企业（有限合伙）】,前海光大金控,深圳前海光大金控投资管理有限公司,--,--,韶关前海熙正产业发展基金,韶关前海熙正产业发展基金企业（有限合伙）,东阳光药业,广东东阳光药业股份有限公司,医疗健康，医药，生产制造，投资，产业园区，药品生产，药物研发,生物技术/医疗健康|医药|化学药品原药制造业,中国|广东省|东莞市,成长资本,成熟期,2021-08-09,RMB,--,--,--,0.51,A,--,"54,757.02","8,444.94",--,制造业|医药制造业|化学药品原药制造,制造业|医药、生物制品|医药制造业|化学药品原药制造业,--,2021.xls,1,2021,广东省,制造业,医药制造业,0.5144735253555968,1.473571311379097,-3.755507403215832,-1.0102068166357452,b
启迪之星创投【深圳启榕天使创业投资】,启迪之星（北京）投资管理有限公司【深圳启榕天使创业投资企业（有限合伙）】,深圳市启榕创业投资,深圳市启榕创业投资有限公司,启迪之星创投,启迪之星（北京）投资管理有限公司,深圳启榕天使创业投资,深圳启榕天使创业投资企业（有限合伙）,深圳智源生物医药有限公司,深圳智源生物医药有限公司,软件技术，生物药，健康咨询，软件开发，医疗器械，诊疗服务，软件和信息技术，信息技术，医疗健康，药品生产,生物技术/医疗健康|医药|生物制药,中国|广东省|深圳市|南山区,天使投资,种子期,2021-08-05,RMB,7.50,7.50,1.16,5.00,天使轮,--,150.00,23.19,--,制造业|医药制造业|生物、生化制品的制造,制造业|医药、生物制品|生物制品业|生物药品制造业,--,2021.xls,0,2021,广东省,制造业,医药制造业,0.5144735253555968,1.473571311379097,-3.755507403215832,-1.0102068166357452,b
鼎晖投资【鼎晖创新成长人民币基金二期】（领投）,鼎晖股权投资管理（天津）有限公司【深圳鼎晖新嘉股权投资基金合伙企业（有限合伙）】（领投）,鼎晖投资,鼎晖股权投资管理（天津）有限公司,--,--,鼎晖创新成长人民币基金二期,深圳鼎晖新嘉股权投资基金合伙企业（有限合伙）,艾码生物,深圳艾码生物科技有限公司,医疗健康，生物药，材料，组装，专营零售，技术研发，互联网，互联网平台，药物研发，医疗器械，核酸药,生物技术/医疗健康|医药,中国|广东省|深圳市|南山区,天使投资,种子期,2021-12-31,RMB,--,--,--,--,天使轮,--,--,--,--,制造业|医药制造业,制造业|医药、生物制品,--,2021.xls,0,2021,广东省,制造业,医药制造业,0.5144735253555968,1.473571311379097,-3.755507403215832,-1.0102068166357452,b
元生创投【元生创投三期人民币基金】（领投）,苏州工业园区元生创业投资管理有限公司【苏州工业园区新建元三期创业投资企业（有限合伙）】（领投）,元生私募基金,苏州元生私募基金管理合伙企业（有限合伙）,元生创投,苏州工业园区元生创业投资管理有限公司,元生创投三期人民币基金,苏州工业园区新建元三期创业投资企业（有限合伙）,晶睿生物,苏州晶睿生物科技有限公司,医疗健康，技术研发,生物技术/医疗健康|医药,中国|江苏省|苏州市|吴中区,创业投资,初创期,2021-08-04,RMB,--,--,--,12.50,天使轮,林艺,174.03,27.25,--,制造业|医药制造业,制造业|医药、生物制品,--,2021.xls,0,2021,江苏省,制造业,医药制造业,0.5144735253555968,1.473571311379097,-3.755507403215832,-1.0102068166357452,b
海松资本【南京江北医疗创新产业基金】,海松资本【南京江北医疗创新产业基金（有限合伙）】,宁波志荣贝塔投资,宁波志荣贝塔投资管理有限公司,海松资本,海松资本,南京江北医疗创新产业基金,南京江北医疗创新产业基金（有限合伙）,安龙生物,北京安龙生物医药有限公司,医疗健康，技术研发，医疗服务，细胞治疗，生物制药，医药，药物研发，创新药，核酸药,生物技术/医疗健康|生物工程,中国|北京市|东城区,创业投资,种子期,2020-07-20,RMB,5.00,5.00,0.71,3.57,A,陈立光,140.06,20.00,--,制造业|医药制造业|生物、生化制品的制造,制造业|医药、生物制品|生物制品业|其他生物制品业,--,2020.xls,1,2020,北京市,制造业,医药制造业,0.5144735253555968,1.473571311379097,-3.755507403215832,-1.0102068166357452,b
杏泽资本【杏泽三禾基金】（领投）,上海杏泽投资管理有限公司【上海杏泽三禾创业投资合伙企业（有限合伙）】（领投）,杏泽资本,上海杏泽投资管理有限公司,--,--,杏泽三禾基金,上海杏泽三禾创业投资合伙企业（有限合伙）,环码生物,上海环码生物医药有限公司,医疗健康，医药,生物技术/医疗健康|医药,中国|上海市|嘉定区,创业投资,种子期,2021-06-25,RMB,--,--,--,10.50,天使轮,陈海刚,160.00,24.78,--,制造业|医药制造业,制造业|医药、生物制品,--,2021.xls,0,2021,上海市,制造业,医药制造业,0.5144735253555968,1.473571311379097,-3.755507403215832,-1.0102068166357452,b
仙瞳资本【青岛石药仙瞳新药投资】,深圳仙瞳资本管理有限公司【青岛石药仙瞳新药投资合伙企业（有限合伙）】,仙瞳资本,深圳仙瞳资本管理有限公司,--,--,青岛石药仙瞳新药投资,青岛石药仙瞳新药投资合伙企业（有限合伙）,泰尔康,深圳市泰尔康生物医药科技有限公司,医疗健康，生物药，创新药,生物技术/医疗健康|医药,中国|广东省|深圳市,创业投资,扩张期,2021-12-28,RMB,--,--,--,11.72,天使轮,--,134.77,21.15,--,制造业|医药制造业,制造业|医药、生物制品,--,2021.xls,0,2021,广东省,制造业,医药制造业,0.5144735253555968,1.473571311379097,-3.755507403215832,-1.0102068166357452,b
国投创业【国投高新创投基金】,国投创业投资管理有限公司【国投高新（深圳）创业投资基金（有限合伙）】,国投创业,国投创业投资管理有限公司,--,--,国投高新创投基金,国投高新（深圳）创业投资基金（有限合伙）,汇健科技,杭州汇健科技有限公司,医疗健康，人工智能，体外诊断，电子元件，液体活检,生物技术/医疗健康|其他生物技术/医疗健康,中国|浙江省|杭州市|滨江区,创业投资,扩张期,2020-07-08,RMB,1.50,1.50,0.21,--,A,--,--,--,--,制造业|医药制造业|卫生材料及医药用品制造,社会服务业|卫生、保健、护理服务业,--,2020.xls,1,2020,浙江省,制造业,医药制造业,0.5144735253555968,1.473571311379097,-3.755507403215832,-1.0102068166357452,b
凯辉基金【凯辉人民币成长基金一期】,凯辉私募股权投资基金【苏州凯辉成长投资基金合伙企业（有限合伙）】,湖北凯辉基金,湖北凯辉股权投资管理有限公司,凯辉基金,凯辉私募股权投资基金,凯辉人民币成长基金一期,苏州凯辉成长投资基金合伙企业（有限合伙）,美丽营养,深圳美丽营养科技有限公司,消费生活，文体行业,生物技术/医疗健康|保健品,中国|广东省|深圳市,创业投资,初创期,2020-07-22,RMB,--,--,--,--,A,--,--,--,--,制造业|医药制造业,制造业|医药、生物制品|其他制造业,--,2020.xls,0,2020,广东省,制造业,医药制造业,0.5144735253555968,1.473571311379097,-3.755507403215832,-1.0102068166357452,b
前海方舟【淮泽中钊天使基金】,前海方舟资产管理有限公司【深圳市淮泽中钊天使创业投资合伙企业（有限合伙）】,前海方舟,前海方舟资产管理有限公司,--,--,淮泽中钊天使基金,深圳市淮泽中钊天使创业投资合伙企业（有限合伙）,深信生物,深圳深信生物科技有限公司,医疗健康，医药，生物技术，技术研发，生物制药，生物医疗,生物技术/医疗健康|医药,中国|广东省|深圳市|福田区,创业投资,种子期,2020-08-18,RMB,--,--,--,--,天使轮,--,--,--,--,制造业|医药制造业,制造业|医药、生物制品,--,2020.xls,0,2020,广东省,制造业,医药制造业,0.5144735253555968,1.473571311379097,-3.755507403215832,-1.0102068166357452,b
郑州国投资产【郑洛新国投双创发展创投基金】,郑州市国投资产管理有限公司【河南省郑洛新国投双创发展创业投资基金（有限合伙）】,郑州国投资产,郑州市国投资产管理有限公司,--,--,郑洛新国投双创发展创投基金,河南省郑洛新国投双创发展创业投资基金（有限合伙）,微康生物,成都微康生物科技有限公司,医疗健康，医药，医疗设备，生物技术，生物制药，医疗器械,生物技术/医疗健康|生物工程,中国|四川省|成都市,创业投资,扩张期,2021-12-22,RMB,3.71,3.71,0.58,6.91,A,--,86.51,13.58,--,制造业|医药制造业|生物、生化制品的制造,制造业|医药、生物制品|生物制品业|其他生物制品业,--,2021.xls,1,2021,四川省,制造业,医药制造业,0.5144735253555968,1.473571311379097,-3.755507403215832,-1.0102068166357452,b
北京新航城【北京大兴临空经济区基金】,北京新航城基金管理有限公司【北京大兴临空经济区发展基金（有限合伙）】,北京新航城,北京新航城基金管理有限公司,--,--,北京大兴临空经济区基金,北京大兴临空经济区发展基金（有限合伙）,希诺谷生物,北京希诺谷生物科技有限公司,医疗健康，医疗服务，体外诊断，宠物服务，基因编辑，基因编辑治疗,生物技术/医疗健康|生物工程,中国|北京市|昌平区,成长资本,扩张期,2021-08-18,RMB,20.00,20.00,3.14,5.88,B+,--,340.14,52.40,--,制造业|医药制造业|生物、生化制品的制造,制造业|医药、生物制品|生物制品业|其他生物制品业,--,2021.xls,1,2021,北京市,制造业,医药制造业,0.5144735253555968,1.473571311379097,-3.755507403215832,-1.0102068166357452,b
元生创投【元生深圳天使基金】,苏州工业园区元生创业投资管理有限公司【深圳市元生天使创业投资合伙企业（有限合伙）】,深圳元浩投资,深圳元浩股权投资管理合伙企业（有限合伙）,元生创投,苏州工业园区元生创业投资管理有限公司,元生深圳天使基金,深圳市元生天使创业投资合伙企业（有限合伙）,近邻生物,深圳近邻生物科技有限公司,医疗健康，药物研发，医药,生物技术/医疗健康|医药,中国|广东省|深圳市,天使投资,初创期,2021-07-05,RMB,10.00,10.00,1.56,--,种子轮,班博,--,--,--,制造业|医药制造业,制造业|医药、生物制品,--,2021.xls,0,2021,广东省,制造业,医药制造业,0.5144735253555968,1.473571311379097,-3.755507403215832,-1.0102068166357452,b
德诚科技【杭州德佳诚誉投资】,上海德诚科技服务合伙企业（有限合伙）【杭州德佳诚誉投资合伙企业（有限合伙）】,德诚科技,上海德诚科技服务合伙企业（有限合伙）,--,--,杭州德佳诚誉投资,杭州德佳诚誉投资合伙企业（有限合伙）,沙砾生物,珠海沙砾生物科技有限公司,医疗健康，医药，免疫疗法,生物技术/医疗健康|生物工程,中国|广东省|珠海市|香洲区,创业投资,初创期,2021-07-15,RMB,--,--,--,--,A+,--,--,--,--,制造业|医药制造业|生物、生化制品的制造,制造业|医药、生物制品|生物制品业|其他生物制品业,--,2021.xls,0,2021,广东省,制造业,医药制造业,0.5144735253555968,1.473571311379097,-3.755507403215832,-1.0102068166357452,b
郑州国投资产【郑洛新国投双创发展创投基金】,郑州市国投资产管理有限公司【河南省郑洛新国投双创发展创业投资基金（有限合伙）】,郑州国投资产,郑州市国投资产管理有限公司,--,--,郑洛新国投双创发展创投基金,河南省郑洛新国投双创发展创业投资基金（有限合伙）,赛诺特生物,河南赛诺特生物技术有限公司,医疗健康，医疗设备，体外诊断，仪器仪表，医疗器械，诊断仪器，诊断试剂,生物技术/医疗健康|生物工程,中国|河南省|郑州市,天使投资,扩张期,2020-09-11,--,--,--,--,3.85,Pre-A,--,--,--,--,制造业|医药制造业|生物、生化制品的制造,制造业|医药、生物制品|生物制品业|其他生物制品业,--,2020.xls,1,2020,河南省,制造业,医药制造业,0.5144735253555968,1.473571311379097,-3.755507403215832,-1.0102068166357452,b
博远资本【博远嘉昱创投基金】,博远资本【成都博远嘉昱创业投资合伙企业（有限合伙）】,博睿瑜业股权投资,博睿瑜业（上海）股权投资管理有限公司,博远资本,博远资本,博远嘉昱创投基金,成都博远嘉昱创业投资合伙企业（有限合伙）,凯莱谱,杭州凯莱谱精准医疗检测技术有限公司,医疗健康，医疗服务，医疗检测，精准医疗，AI医疗,生物技术/医疗健康|其他生物技术/医疗健康,中国|浙江省|杭州市|余杭区,创业投资,扩张期,2020-09-30,RMB,--,--,--,7.87,A,陈鹏辉,"2,720.00",411.68,--,制造业|医药制造业|卫生材料及医药用品制造,社会服务业|卫生、保健、护理服务业,--,2020.xls,0,2020,浙江省,制造业,医药制造业,0.5144735253555968,1.473571311379097,-3.755507403215832,-1.0102068166357452,b
赢迪资本【南京创熠赢迪昂科利创投基金】,北京赢迪股权投资管理有限公司【南京创熠赢迪昂科利创业投资合伙企业（有限合伙）】,赢迪资本,北京赢迪股权投资管理有限公司,--,--,南京创熠赢迪昂科利创投基金,南京创熠赢迪昂科利创业投资合伙企业（有限合伙）,清普生物,南京清普生物科技有限公司,医疗健康，医药，农业，药物研发,生物技术/医疗健康|医药,中国|江苏省|南京市,创业投资,扩张期,2020-09-14,RMB,--,--,--,2.44,Pre-A,--,141.82,20.74,--,制造业|医药制造业,制造业|医药、生物制品,--,2020.xls,0,2020,江苏省,制造业,医药制造业,0.5144735253555968,1.473571311379097,-3.755507403215832,-1.0102068166357452,b
朗峰投资【融信畜禽产业基金】,上海朗峰股权投资基金管理有限公司【黑龙江融信畜禽产业基金合伙企业（有限合伙）】,朗峰投资,上海朗峰股权投资基金管理有限公司,--,--,融信畜禽产业基金,黑龙江融信畜禽产业基金合伙企业（有限合伙）,汉博生物,哈尔滨市汉博生物科技有限公司,医药，农业，复合材料，危险化学品，种植加工，生物技术，专营零售，药品生产，政府及公共服务,生物技术/医疗健康|医药,中国|黑龙江省|哈尔滨市|呼兰区,天使投资,种子期,2020-09-15,RMB,--,--,--,12.13,天使轮,--,--,--,--,制造业|医药制造业,制造业|医药、生物制品,--,2020.xls,1,2020,黑龙江省,制造业,医药制造业,0.5144735253555968,1.473571311379097,-3.755507403215832,-1.0102068166357452,b
优势资本【安庆化工新材料基金】,优势资本【安庆化工新材料股权投资基金（有限合伙）】,天津市优势创业投资,天津市优势创业投资管理有限公司,--,--,安庆化工新材料基金,安庆化工新材料股权投资基金（有限合伙）,医工医药,合肥医工医药股份有限公司,医疗健康，医药，生产制造，药品生产，药物研发,生物技术/医疗健康|医药|生物制药,中国|安徽省|合肥市,成长资本,成熟期,2020-09-15,RMB,--,--,--,--,Pre-IPO,--,--,--,--,制造业|医药制造业|生物、生化制品的制造,制造业|医药、生物制品|生物制品业|生物药品制造业,--,2020.xls,1,2020,安徽省,制造业,医药制造业,0.5144735253555968,1.473571311379097,-3.755507403215832,-1.0102068166357452,b
海松资本【南京江北医疗创新产业基金】,海松资本【南京江北医疗创新产业基金（有限合伙）】,宁波志荣贝塔投资,宁波志荣贝塔投资管理有限公司,海松资本,海松资本,南京江北医疗创新产业基金,南京江北医疗创新产业基金（有限合伙）,纳么美,南京纳么美科技有限公司,医疗健康，医药，药物研发，铁,生物技术/医疗健康|医药,中国|江苏省|南京市,创业投资,种子期,2020-09-15,RMB,--,--,--,11.76,Pre-A,--,--,--,--,制造业|医药制造业,制造业|医药、生物制品,--,2020.xls,1,2020,江苏省,制造业,医药制造业,0.5144735253555968,1.473571311379097,-3.755507403215832,-1.0102068166357452,b
物明投资【物明福田健康产业基金】,深圳物明投资管理有限公司【深圳市物明福田健康产业投资合伙企业（有限合伙）】,物明投资,深圳物明投资管理有限公司,--,--,物明福田健康产业基金,深圳市物明福田健康产业投资合伙企业（有限合伙）,先通医药,北京先通国际医药科技股份有限公司,医疗健康，医药，生物药，创新药，生产制造，药品生产，药物研发,生物技术/医疗健康|医药,中国|北京市|昌平区,成长资本,成熟期,2020-09-08,RMB,--,--,--,--,C,--,--,--,--,制造业|医药制造业,制造业|医药、生物制品,全国中小企业股份转让系统(新三板),2020.xls,0,2020,北京市,制造业,医药制造业,0.5144735253555968,1.473571311379097,-3.755507403215832,-1.0102068166357452,b
四川聚信【四川省健康养老产业股权投资基金】,四川聚信发展股权投资基金管理有限公司【四川省健康养老产业股权投资基金合伙企业（有限合伙）】,四川聚信,四川聚信发展股权投资基金管理有限公司,--,--,四川省健康养老产业股权投资基金,四川省健康养老产业股权投资基金合伙企业（有限合伙）,爱萨尔,上海爱萨尔生物科技有限公司,医疗健康，医药，再生医学，生物药，生物制药，细胞治疗,生物技术/医疗健康|生物工程,中国|上海市|浦东新区,创业投资,扩张期,2020-11-05,RMB,--,--,--,--,A,--,619.20,93.48,--,制造业|医药制造业|生物、生化制品的制造,制造业|医药、生物制品|生物制品业|其他生物制品业,--,2020.xls,1,2020,上海市,制造业,医药制造业,0.5144735253555968,1.473571311379097,-3.755507403215832,-1.0102068166357452,b
紫金科创【南京市新兴产业发展基金】,南京紫金科技创业投资有限公司【南京市产业发展基金有限公司】,南京紫金创投,南京紫金创投基金管理有限责任公司,紫金科创,南京紫金科技创业投资有限公司,南京市新兴产业发展基金,南京市产业发展基金有限公司,宁丹新药,南京宁丹新药技术有限公司,医疗健康，药物研发，医药,生物技术/医疗健康|医药,中国|江苏省|南京市|江宁区,创业投资,种子期,2021-08-23,RMB,--,--,--,1.00,A,--,--,--,--,制造业|医药制造业,制造业|医药、生物制品,--,2021.xls,1,2021,江苏省,制造业,医药制造业,0.5144735253555968,1.473571311379097,-3.755507403215832,-1.0102068166357452,b
中鼎开源【河南科技风投基金】,中鼎开源创业投资管理有限公司【河南省中原科创风险投资基金（有限合伙）】,中鼎开源,中鼎开源创业投资管理有限公司,--,--,河南科技风投基金,河南省中原科创风险投资基金（有限合伙）,源创吉因,郑州源创基因科技有限公司,医疗健康,生物技术/医疗健康|生物工程,中国|河南省|郑州市|新郑市,创业投资,扩张期,2021-12-21,RMB,--,--,--,4.76,A,--,--,--,--,制造业|医药制造业|生物、生化制品的制造,制造业|医药、生物制品|生物制品业|其他生物制品业,--,2021.xls,1,2021,河南省,制造业,医药制造业,0.5144735253555968,1.473571311379097,-3.755507403215832,-1.0102068166357452,b
仙瞳资本【深圳仙瞳顺创生物医疗天使投资】,深圳仙瞳资本管理有限公司【深圳仙瞳顺创生物医疗天使投资合伙企业（有限合伙）】,仙瞳资本,深圳仙瞳资本管理有限公司,--,--,深圳仙瞳顺创生物医疗天使投资,深圳仙瞳顺创生物医疗天使投资合伙企业（有限合伙）,亿药科技,北京亿药科技有限公司,医疗健康，人工智能，医药，创新药，药物研发,生物技术/医疗健康|医药,中国|北京市|昌平区,天使投资,扩张期,2021-12-22,RMB,6.00,6.00,0.94,--,天使轮,何南星,--,--,--,制造业|医药制造业,制造业|医药、生物制品,--,2021.xls,0,2021,北京市,制造业,医药制造业,0.5144735253555968,1.473571311379097,-3.755507403215832,-1.0102068166357452,b
国中资本【深圳国中中小企业发展私募股权投资基金】,国中资本【深圳国中中小企业发展私募股权投资基金合伙企业（有限合伙）】,国中创投,深圳国中创业投资管理有限公司,--,--,深圳国中中小企业发展私募股权投资基金,深圳国中中小企业发展私募股权投资基金合伙企业（有限合伙）,谱新生物,江苏谱新生物医药有限公司,医疗健康，细胞治疗，医药生产外包CMO/CDMO,生物技术/医疗健康|医药|生物制药,中国|江苏省|苏州市,天使投资,扩张期,2021-07-13,RMB,--,--,--,11.69,天使轮,--,--,--,--,制造业|医药制造业|生物、生化制品的制造,制造业|医药、生物制品|生物制品业|生物药品制造业,--,2021.xls,0,2021,江苏省,制造业,医药制造业,0.5144735253555968,1.473571311379097,-3.755507403215832,-1.0102068166357452,b
元生创投【元生深圳天使基金】,苏州工业园区元生创业投资管理有限公司【深圳市元生天使创业投资合伙企业（有限合伙）】,深圳元浩投资,深圳元浩股权投资管理合伙企业（有限合伙）,元生创投,苏州工业园区元生创业投资管理有限公司,元生深圳天使基金,深圳市元生天使创业投资合伙企业（有限合伙）,博岳生物,杭州博岳生物技术有限公司,医疗健康，体外诊断，诊断试剂，医药，纳米制造，微球,生物技术/医疗健康|其他生物技术/医疗健康,中国|浙江省|杭州市,成长资本,初创期,2021-09-03,RMB,--,--,--,--,A,--,--,--,--,制造业|医药制造业|卫生材料及医药用品制造,社会服务业|卫生、保健、护理服务业,--,2021.xls,0,2021,浙江省,制造业,医药制造业,0.5144735253555968,1.473571311379097,-3.755507403215832,-1.0102068166357452,b
盈诚信资本【疌泉德诚并购基金】,江苏盈诚信资产管理有限公司【江苏疌泉临港产业发展并购投资基金（有限合伙）】,盈诚信资本,江苏盈诚信资产管理有限公司,--,--,疌泉德诚并购基金,江苏疌泉临港产业发展并购投资基金（有限合伙）,天瑞诊断,江苏天瑞精准医疗科技有限公司,医疗健康，医疗服务，医疗器械,生物技术/医疗健康|生物工程,中国|江苏省|无锡市|滨湖区,创业投资,扩张期,2021-07-13,RMB,--,--,--,4.83,B,--,496.80,76.72,--,制造业|医药制造业|生物、生化制品的制造,制造业|医药、生物制品|生物制品业|其他生物制品业,--,2021.xls,0,2021,江苏省,制造业,医药制造业,0.5144735253555968,1.473571311379097,-3.755507403215832,-1.0102068166357452,b
元生创投【北京市元生天使创业投资】（领投）,苏州工业园区元生创业投资管理有限公司【北京市元生天使创业投资合伙企业（有限合伙）】（领投）,元生私募基金,苏州元生私募基金管理合伙企业（有限合伙）,元生创投,苏州工业园区元生创业投资管理有限公司,北京市元生天使创业投资,北京市元生天使创业投资合伙企业（有限合伙）,广为医药,北京广为医药科技有限公司,医疗健康，医药，创新药，生物药，药物研发,生物技术/医疗健康|医药,中国|北京市|丰台区,创业投资,扩张期,2021-09-01,RMB,20.00,20.00,3.09,--,A+,陈杰,--,--,--,制造业|医药制造业,制造业|医药、生物制品,--,2021.xls,0,2021,北京市,制造业,医药制造业,0.5144735253555968,1.473571311379097,-3.755507403215832,-1.0102068166357452,b
国投创新【先进制造产业投资基金二期】（领投）,国投创新投资管理有限公司【先进制造产业投资基金二期（有限合伙）】（领投）,国投招商,国投招商投资管理有限公司,国投创新,国投创新投资管理有限公司,先进制造产业投资基金二期,先进制造产业投资基金二期（有限合伙）,阿诺医药,杭州阿诺生物医药科技有限公司,医疗健康，医药，创新药，药物研发，生物药，生物制药,生物技术/医疗健康|医药|生物制药,中国|浙江省|杭州市,成长资本,成熟期,2021-07-13,USD,--,--,--,--,D,吕大忠,--,--,--,制造业|医药制造业|生物、生化制品的制造,制造业|医药、生物制品|生物制品业|生物药品制造业,全国中小企业股份转让系统(新三板),2021.xls,1,2021,浙江省,制造业,医药制造业,0.5144735253555968,1.473571311379097,-3.755507403215832,-1.0102068166357452,b
中金资本【祺睿股权投资】,中金资本运营有限公司【宁波梅山保税港区祺睿股权投资中心（有限合伙）】,国药中金投资,曜金（上海）私募基金管理有限公司,中金资本,中金资本运营有限公司,祺睿股权投资,宁波梅山保税港区祺睿股权投资中心（有限合伙）,盟科药业,上海盟科药业股份有限公司,医疗健康，医药，创新药，药品生产，药物研发,生物技术/医疗健康|医药,中国|上海市|浦东新区,成长资本,扩张期,2020-09-28,RMB,70.31,70.31,9.78,3.44,D,李智明,"2,044.29",300.10,--,制造业|医药制造业,制造业|医药、生物制品,上海证券交易所科创板,2020.xls,0,2020,上海市,制造业,医药制造业,0.5144735253555968,1.473571311379097,-3.755507403215832,-1.0102068166357452,b
远翼投资【天津滨海远翼吉茂股权投资】,远翼投资管理有限公司【天津滨海远翼吉茂股权投资合伙企业（有限合伙）】,远翼投资,远翼投资管理有限公司,--,--,天津滨海远翼吉茂股权投资,天津滨海远翼吉茂股权投资合伙企业（有限合伙）,惠升生物,惠升生物制药股份有限公司,生物药，糖尿病，生物制药,生物技术/医疗健康|其他生物技术/医疗健康,中国|吉林省|通化市|梅河口市,成长资本,扩张期,2021-07-14,RMB,100.00,100.00,14.65,2.00,A,--,"5,000.00",750.18,--,制造业|医药制造业|卫生材料及医药用品制造,社会服务业|卫生、保健、护理服务业,--,2021.xls,0,2021,吉林省,制造业,医药制造业,0.5144735253555968,1.473571311379097,-3.755507403215832,-1.0102068166357452,b
川流投资【川流新材料基金】（领投）,上海川流私募基金管理有限公司【分宜川流长枫新材料投资合伙企业（有限合伙）】（领投）,川流投资,上海川流私募基金管理有限公司,--,--,川流新材料基金,分宜川流长枫新材料投资合伙企业（有限合伙）,康晟生物,中山康天晟合生物技术有限公司,医疗健康，医药，生物药，生产制造,生物技术/医疗健康|医药,中国|广东省|中山市,成长资本,扩张期,2021-08-16,RMB,46.67,46.67,7.20,--,B,吕罡,--,--,--,制造业|医药制造业,制造业|医药、生物制品,--,2021.xls,0,2021,广东省,制造业,医药制造业,0.5144735253555968,1.473571311379097,-3.755507403215832,-1.0102068166357452,b
中金资本【中金启辰新兴产业股权投资基金】,中金资本运营有限公司【中金启辰（苏州）新兴产业股权投资基金合伙企业（有限合伙）】,中金资本,中金资本运营有限公司,--,--,中金启辰新兴产业股权投资基金,中金启辰（苏州）新兴产业股权投资基金合伙企业（有限合伙）,和瑞基因,福建和瑞基因科技有限公司,生物技术，咨询服务，数字内容服务，信息技术，软件技术，软件和信息技术，软件开发，分子诊断，基因测序，合成生物技术平台,生物技术/医疗健康|生物工程,中国|福建省|福州市|长乐区,成长资本,扩张期,2021-07-03,RMB,--,--,--,1.06,B,--,"4,702.41",726.67,--,制造业|医药制造业|生物、生化制品的制造,制造业|医药、生物制品|生物制品业|其他生物制品业,--,2021.xls,0,2021,福建省,制造业,医药制造业,0.5144735253555968,1.473571311379097,-3.755507403215832,-1.0102068166357452,b
中科院创投【中科院科技成果转化母基金】,中科院创业投资管理有限公司【中科院科技成果转化创业投资基金（武汉）合伙企业（有限合伙）】,中科院创投,中科院创业投资管理有限公司,--,--,中科院科技成果转化母基金,中科院科技成果转化创业投资基金（武汉）合伙企业（有限合伙）,莱盟君泰,北京莱盟君泰国际医疗技术开发有限公司,医疗健康，分子诊断，医疗检测，医疗服务，体外诊断,生物技术/医疗健康|其他生物技术/医疗健康,中国|北京市|大兴区,成长资本,扩张期,2021-09-12,RMB,25.00,25.00,3.88,--,A,--,--,--,--,制造业|医药制造业|卫生材料及医药用品制造,社会服务业|卫生、保健、护理服务业,--,2021.xls,0,2021,北京市,制造业,医药制造业,0.5144735253555968,1.473571311379097,-3.755507403215832,-1.0102068166357452,b
道彤投资【道彤淳辉】（领投）,道彤投资【苏州道彤淳辉创业投资合伙企业（有限合伙）】（领投）,苏州道彤淳辉创投,苏州道彤淳辉创业投资管理有限公司,--,--,道彤淳辉,苏州道彤淳辉创业投资合伙企业（有限合伙）,三迭纪,南京三迭纪医药科技有限公司,医疗健康，3D打印，医药，生产制造,生物技术/医疗健康|其他生物技术/医疗健康,中国|江苏省|南京市,成长资本,扩张期,2020-08-18,RMB,--,--,--,6.61,A+,孙琦,--,--,--,制造业|医药制造业|卫生材料及医药用品制造,社会服务业|卫生、保健、护理服务业,--,2020.xls,0,2020,江苏省,制造业,医药制造业,0.5144735253555968,1.473571311379097,-3.755507403215832,-1.0102068166357452,b
中信农业基金【诚通中信农业结构调整投资基金】（领投）,中信农业产业基金管理有限公司【诚通中信农业结构调整投资基金（有限合伙）】（领投）,中信农业基金,中信农业产业基金管理有限公司,--,--,诚通中信农业结构调整投资基金,诚通中信农业结构调整投资基金（有限合伙）,博瑞迪,石家庄博瑞迪生物技术有限公司,医疗健康，农业，种植加工，合成生物育种,生物技术/医疗健康|生物工程,中国|河北省|石家庄市|裕华区,创业投资,扩张期,2021-09-15,RMB,4.76,4.76,0.74,12.50,A,--,38.08,5.90,--,制造业|医药制造业|生物、生化制品的制造,制造业|医药、生物制品|生物制品业|其他生物制品业,--,2021.xls,0,2021,河北省,制造业,医药制造业,0.5144735253555968,1.473571311379097,-3.755507403215832,-1.0102068166357452,b
深创投【深圳市红土天使股权投资基金】,深圳市创新投资集团有限公司【深圳市红土天使股权投资基金合伙企业（有限合伙）】,深创投红土股权投资,深创投红土私募股权投资基金管理（深圳）有限公司,深创投,深圳市创新投资集团有限公司,深圳市红土天使股权投资基金,深圳市红土天使股权投资基金合伙企业（有限合伙）,优圣康,深圳市优圣康生物科技有限公司,医疗健康，体外诊断，生产制造，分子诊断,生物技术/医疗健康|生物工程,中国|广东省|深圳市,天使投资,扩张期,2020-08-21,RMB,--,--,--,--,Pre-A,倪泽望,--,--,--,制造业|医药制造业|生物、生化制品的制造,制造业|医药、生物制品|生物制品业|其他生物制品业,--,2020.xls,0,2020,广东省,制造业,医药制造业,0.5144735253555968,1.473571311379097,-3.755507403215832,-1.0102068166357452,b
赢迪资本【南京创熠赢迪昂科利创投基金】,北京赢迪股权投资管理有限公司【南京创熠赢迪昂科利创业投资合伙企业（有限合伙）】,赢迪资本,北京赢迪股权投资管理有限公司,--,--,南京创熠赢迪昂科利创投基金,南京创熠赢迪昂科利创业投资合伙企业（有限合伙）,毓浠医药,南京毓浠医药技术有限公司,医疗健康，药物研发，医药,生物技术/医疗健康|医药,中国|江苏省|南京市|江宁区,天使投资,种子期,2020-08-21,RMB,--,--,--,--,天使轮,--,--,--,--,制造业|医药制造业,制造业|医药、生物制品,--,2020.xls,0,2020,江苏省,制造业,医药制造业,0.5144735253555968,1.473571311379097,-3.755507403215832,-1.0102068166357452,b
凯泰资本【创熠凯泰创投基金】,杭州凯泰资本管理有限公司【南京创熠凯泰创业投资合伙企业（有限合伙）】,凯泰资本,杭州凯泰资本管理有限公司,--,--,创熠凯泰创投基金,南京创熠凯泰创业投资合伙企业（有限合伙）,迈诺威医药,南京迈诺威医药科技有限公司,医疗健康，医药，医美整形，药物研发，创新药,生物技术/医疗健康|医药,中国|江苏省|南京市|浦口区,创业投资,种子期,2021-07-01,RMB,--,--,--,2.47,Pre-A,毕诚,405.19,62.62,--,制造业|医药制造业,制造业|医药、生物制品,--,2021.xls,0,2021,江苏省,制造业,医药制造业,0.5144735253555968,1.473571311379097,-3.755507403215832,-1.0102068166357452,b
三正健康投资【叁正顺心投资】,三正健康投资管理（香港）有限公司【南京建邺叁正顺心股权投资合伙企业（有限合伙）】,三正厚德投资,南京建邺三正厚德投资管理有限公司,三正健康投资,三正健康投资管理（香港）有限公司,叁正顺心投资,南京建邺叁正顺心股权投资合伙企业（有限合伙）,申淇医疗,上海申淇医疗科技有限公司,医疗健康，医疗设备，生产制造，医疗器械，高能耗材,生物技术/医疗健康|医药,中国|上海市|浦东新区,成长资本,扩张期,2020-08-24,RMB,5.00,5.00,0.72,--,C,盛利,--,--,--,制造业|医药制造业,制造业|医药、生物制品,--,2020.xls,0,2020,上海市,制造业,医药制造业,0.5144735253555968,1.473571311379097,-3.755507403215832,-1.0102068166357452,b
锡创投【江苏中德服贸产业投资基金】,无锡市创新投资集团有限公司【江苏中德服贸产业投资基金（有限合伙）】,无锡金控启源投资,无锡国联金投启源私募基金管理有限公司,锡创投,无锡市创新投资集团有限公司,江苏中德服贸产业投资基金,江苏中德服贸产业投资基金（有限合伙）,知原药业,江苏知原药业股份有限公司,医疗健康，生产制造，医疗器械，医药，药品生产,生物技术/医疗健康|医药|生物制药,中国|江苏省|无锡市,创业投资,成熟期,2020-08-24,--,--,--,--,--,B,--,--,--,--,制造业|医药制造业|生物、生化制品的制造,制造业|医药、生物制品|生物制品业|生物药品制造业,--,2020.xls,0,2020,江苏省,制造业,医药制造业,0.5144735253555968,1.473571311379097,-3.755507403215832,-1.0102068166357452,b
高能资本【厦门高能海银金拾创业基金】,高能天汇创业投资有限公司【厦门高能海银金拾创业投资合伙企业（有限合伙）】,高能海银,厦门高能海银创业投资管理有限公司,高能资本,高能天汇创业投资有限公司,厦门高能海银金拾创业基金,厦门高能海银金拾创业投资合伙企业（有限合伙）,海创药业,海创药业股份有限公司,医疗健康，医药，创新药，生产制造，生物药,生物技术/医疗健康|医药,中国|四川省|成都市,成长资本,扩张期,2020-08-24,RMB,24.70,24.70,3.59,1.09,C+,--,"2,400.43",348.44,--,制造业|医药制造业,制造业|医药、生物制品,上海证券交易所科创板,2020.xls,0,2020,四川省,制造业,医药制造业,0.5144735253555968,1.473571311379097,-3.755507403215832,-1.0102068166357452,b
苏州乔景【苏州景天医疗基金】,苏州乔景投资管理咨询有限公司【苏州景天医疗投资合伙企业（有限合伙）】,苏州乔景,苏州乔景投资管理咨询有限公司,--,--,苏州景天医疗基金,苏州景天医疗投资合伙企业（有限合伙）,志道生物,北京志道生物科技有限公司,医疗健康，医药，体外诊断，生物药，生产制造，药品生产,生物技术/医疗健康|医药|生物制药,中国|北京市|昌平区,成长资本,扩张期,2020-10-16,RMB,25.00,25.00,3.87,--,B,--,--,--,--,制造业|医药制造业|生物、生化制品的制造,制造业|医药、生物制品|生物制品业|生物药品制造业,--,2020.xls,0,2020,北京市,制造业,医药制造业,0.5144735253555968,1.473571311379097,-3.755507403215832,-1.0102068166357452,b
夏尔巴投资【夏尔巴二期人民币基金】,珠海夏尔巴股权投资管理有限公司【苏州夏尔巴二期股权投资合伙企业（有限合伙）】,夏尔巴投资,珠海夏尔巴股权投资管理有限公司,夏尔巴投资,珠海夏尔巴股权投资管理有限公司,夏尔巴二期人民币基金,苏州夏尔巴二期股权投资合伙企业（有限合伙）,迈科康生物,成都迈科康生物科技有限公司,医疗健康，医药，药品生产，疫苗,生物技术/医疗健康|医药,中国|四川省|成都市,成长资本,扩张期,2021-07-21,RMB,--,--,--,2.07,A,--,--,--,--,制造业|医药制造业,制造业|医药、生物制品,--,2021.xls,0,2021,四川省,制造业,医药制造业,0.5144735253555968,1.473571311379097,-3.755507403215832,-1.0102068166357452,b
分享投资【分享择善医疗创投基金】,深圳市分享成长投资管理有限公司【深圳市分享择善精准医疗创业投资合伙企业（有限合伙）】,分享投资,深圳市分享成长投资管理有限公司,--,--,分享择善医疗创投基金,深圳市分享择善精准医疗创业投资合伙企业（有限合伙）,康为世纪,江苏康为世纪生物科技股份有限公司,医疗健康，医药，体外诊断，生物技术，诊断试剂,生物技术/医疗健康|医药,中国|江苏省|泰州市,成长资本,扩张期,2020-08-27,RMB,35.00,35.00,5.00,1.71,A,--,"2,043.37",295.80,--,制造业|医药制造业,制造业|医药、生物制品,上海证券交易所科创板,2020.xls,0,2020,江苏省,制造业,医药制造业,0.5144735253555968,1.473571311379097,-3.755507403215832,-1.0102068166357452,b
安徽投资集团【三重一创产业发展基金】,安徽省投资集团控股有限公司【安徽省三重一创产业发展基金有限公司】,安徽省高新投,安徽省高新技术产业投资有限公司,安徽投资集团,安徽省投资集团控股有限公司,三重一创产业发展基金,安徽省三重一创产业发展基金有限公司,普瑞昇,合肥中科普瑞昇生物医药科技有限公司,医疗健康，医药，生物药，靶向药,生物技术/医疗健康|医药,中国|安徽省|合肥市,成长资本,扩张期,2020-10-13,RMB,--,--,--,38.79,B,--,257.80,38.41,--,制造业|医药制造业,制造业|医药、生物制品,--,2020.xls,1,2020,安徽省,制造业,医药制造业,0.5144735253555968,1.473571311379097,-3.755507403215832,-1.0102068166357452,b
国投创新【京津冀基金】,国投创新投资管理有限公司【京津冀产业协同发展投资基金（有限合伙）】,国投招商,国投招商投资管理有限公司,国投创新,国投创新投资管理有限公司,京津冀基金,京津冀产业协同发展投资基金（有限合伙）,轩竹生物,轩竹生物科技股份有限公司,医疗健康，医药，创新药，生物药，药物研发,生物技术/医疗健康|医药,中国|河北省|石家庄市,成长资本,初创期,2020-08-31,RMB,600.00,600.00,87.09,13.95,A,--,"4,301.08",624.33,--,制造业|医药制造业,制造业|医药、生物制品,--,2020.xls,1,2020,河北省,制造业,医药制造业,0.5144735253555968,1.473571311379097,-3.755507403215832,-1.0102068166357452,b
联新资本【上海联新三期创业投资】,上海联新投资管理有限公司【上海联新三期创业投资中心（有限合伙）】,联一投资,上海联新资本管理有限公司,联新资本,上海联新投资管理有限公司,上海联新三期创业投资,上海联新三期创业投资中心（有限合伙）,艾凯利元,苏州艾凯利元生物科技有限公司,医疗健康，细胞治疗,生物技术/医疗健康|医药,中国|江苏省|苏州市|吴中区,创业投资,种子期,2021-12-17,RMB,--,--,--,--,A,吴宗鹤,--,--,--,制造业|医药制造业,制造业|医药、生物制品,--,2021.xls,0,2021,江苏省,制造业,医药制造业,0.5144735253555968,1.473571311379097,-3.755507403215832,-1.0102068166357452,b
首发展创投【北京首发展天玑创投基金】,北京首都科技发展集团投资管理有限公司【北京首发展天玑创业投资中心（有限合伙）】,首发展创投,北京首都科技发展集团投资管理有限公司,--,--,北京首发展天玑创投基金,北京首发展天玑创业投资中心（有限合伙）,华龛生物,北京华龛生物科技有限公司,医疗健康，医药，再生医学，技术研发,生物技术/医疗健康|其他生物技术/医疗健康,中国|北京市|海淀区,创业投资,初创期,2020-09-03,RMB,3.33,3.33,0.49,--,A,--,--,--,--,制造业|医药制造业|卫生材料及医药用品制造,社会服务业|卫生、保健、护理服务业,--,2020.xls,0,2020,北京市,制造业,医药制造业,0.5144735253555968,1.473571311379097,-3.755507403215832,-1.0102068166357452,b
国圣资产【盛慧（广东）创业投资】,北京国圣资产管理有限公司【盛慧（广东）创业投资合伙企业（有限合伙）】,国圣资产,北京国圣资产管理有限公司,--,--,盛慧（广东）创业投资,盛慧（广东）创业投资合伙企业（有限合伙）,中和药业,海南中和药业股份有限公司,医疗健康，医药，原料药，生产制造，药物研发，药品生产,生物技术/医疗健康|医药,中国|海南省|海口市,创业投资,成熟期,2020-10-13,RMB,--,--,--,1.50,C,--,--,--,--,制造业|医药制造业,制造业|医药、生物制品,--,2020.xls,0,2020,海南省,制造业,医药制造业,0.5144735253555968,1.473571311379097,-3.755507403215832,-1.0102068166357452,b
招商资本【服务贸易创新发展引导基金】,招商局资本投资有限责任公司【服务贸易创新发展引导基金（有限合伙）】,招商局资管北京,招商局资本管理（北京）有限公司,招商资本,招商局资本投资有限责任公司,服务贸易创新发展引导基金,服务贸易创新发展引导基金（有限合伙）,美诺华,宁波美诺华药业股份有限公司,医疗健康，医药，生产制造，生物制药，药物研发，药品生产,生物技术/医疗健康|医药|化学药品制剂制造业,中国|浙江省|宁波市,创业投资,成熟期,2020-09-03,RMB,323.58,323.58,47.32,5.00,其他,--,"6,471.60",946.47,40.25,制造业|医药制造业|化学药品制剂制造,制造业|医药、生物制品|医药制造业|化学药品制剂制造业,上海证券交易所主板,2020.xls,1,2020,浙江省,制造业,医药制造业,0.5144735253555968,1.473571311379097,-3.755507403215832,-1.0102068166357452,b
中关村发展集团【北京中关村发展前沿企业基金】,中关村发展集团股份有限公司【北京中关村发展前沿企业投资基金（有限合伙）】,中关村资本,北京中关村资本基金管理有限公司,中关村发展集团,中关村发展集团股份有限公司,北京中关村发展前沿企业基金,北京中关村发展前沿企业投资基金（有限合伙）,依科赛生物,苏州依科赛生物科技股份有限公司,医疗健康，医药,生物技术/医疗健康|生物工程,中国|江苏省|苏州市|太仓市,成长资本,扩张期,2020-10-12,RMB,7.50,7.50,1.13,--,B,--,--,--,--,制造业|医药制造业|生物、生化制品的制造,制造业|医药、生物制品|生物制品业|其他生物制品业,--,2020.xls,0,2020,江苏省,制造业,医药制造业,0.5144735253555968,1.473571311379097,-3.755507403215832,-1.0102068166357452,b
凯风创投【杭州凯风永星创业投资】,宁波保税区凯风创业投资管理有限公司【杭州凯风永星创业投资合伙企业（有限合伙）】,凯风创投,宁波保税区凯风创业投资管理有限公司,--,--,杭州凯风永星创业投资,杭州凯风永星创业投资合伙企业（有限合伙）,汇芯生物,深圳汇芯生物医疗科技有限公司,医疗健康，医疗服务，分子诊断，体外诊断,生物技术/医疗健康|生物工程,中国|广东省|深圳市,天使投资,扩张期,2021-09-13,RMB,--,--,--,15.00,天使轮,黄昕,100.00,15.50,--,制造业|医药制造业|生物、生化制品的制造,制造业|医药、生物制品|生物制品业|其他生物制品业,--,2021.xls,0,2021,广东省,制造业,医药制造业,0.5144735253555968,1.473571311379097,-3.755507403215832,-1.0102068166357452,b
深创投【红土医疗基金】（领投）,深圳市创新投资集团有限公司【深圳红土医疗健康产业股权投资基金合伙企业（有限合伙）】（领投）,深创投红土股权投资,深创投红土私募股权投资基金管理（深圳）有限公司,深创投,深圳市创新投资集团有限公司,红土医疗基金,深圳红土医疗健康产业股权投资基金合伙企业（有限合伙）,凌达生物,上海凌达生物医药有限公司,医疗健康，医药，创新药，药物研发，生物药,生物技术/医疗健康|医药,中国|上海市|浦东新区,创业投资,扩张期,2020-09-03,RMB,--,--,--,--,A,倪泽望,--,--,--,制造业|医药制造业,制造业|医药、生物制品,--,2020.xls,0,2020,上海市,制造业,医药制造业,0.5144735253555968,1.473571311379097,-3.755507403215832,-1.0102068166357452,b
龙磐资本【余杭龙磐健康医疗基金】,北京龙磐投资管理咨询中心（普通合伙）【杭州余杭龙磐健康医疗股权投资基金合伙企业（有限合伙）】,龙磐资本,北京龙磐投资管理咨询中心（普通合伙）,--,--,余杭龙磐健康医疗基金,杭州余杭龙磐健康医疗股权投资基金合伙企业（有限合伙）,伯汇生物,北京伯汇生物技术有限公司,医疗健康，医药，体外诊断，药物研发,生物技术/医疗健康|医药|生物制药,中国|北京市|大兴区,创业投资,初创期,2020-10-16,RMB,7.01,7.01,1.08,5.00,Pre-A,--,140.11,20.80,--,制造业|医药制造业|生物、生化制品的制造,制造业|医药、生物制品|生物制品业|生物药品制造业,--,2020.xls,0,2020,北京市,制造业,医药制造业,0.5144735253555968,1.473571311379097,-3.755507403215832,-1.0102068166357452,b
招商资本【深圳国调招商并购股权投资基金】,招商局资本投资有限责任公司【深圳国调招商并购股权投资基金合伙企业（有限合伙）】,招商慧合,深圳市招商慧合股权投资基金管理有限公司,招商资本,招商局资本投资有限责任公司,深圳国调招商并购股权投资基金,深圳国调招商并购股权投资基金合伙企业（有限合伙）,凯普生物,广东凯普生物科技股份有限公司,医疗健康，体外诊断，分子诊断,生物技术/医疗健康|生物工程,中国|广东省|潮州市,上市定增,成熟期,2020-09-16,RMB,500.00,500.00,69.80,4.64,上市定增,郭健,"10,771.44","1,578.88",78.65,制造业|医药制造业|生物、生化制品的制造,制造业|医药、生物制品|生物制品业|其他生物制品业,深圳证券交易所创业板,2020.xls,0,2020,广东省,制造业,医药制造业,0.5144735253555968,1.473571311379097,-3.755507403215832,-1.0102068166357452,b
燕创资本【宁波燕创姚商阳明创业投资】（领投）,燕创资本【宁波燕创姚商阳明创业投资合伙企业（有限合伙）】（领投）,姚商燕创,宁波姚商燕创私募基金管理有限公司,燕创资本,燕创资本,宁波燕创姚商阳明创业投资,宁波燕创姚商阳明创业投资合伙企业（有限合伙）,健新原力,浙江健新原力制药有限公司,医疗健康，医药，创新药，药物研发，药品生产，仿制药,生物技术/医疗健康|医药,中国|浙江省|杭州市|萧山区,成长资本,初创期,2021-03-16,RMB,49.99,49.99,7.67,1.40,A,林涛,"3,221.03",494.09,--,制造业|医药制造业,制造业|医药、生物制品,--,2021.xls,0,2021,浙江省,制造业,医药制造业,0.5144735253555968,1.473571311379097,-3.755507403215832,-1.0102068166357452,b
盛世投资【绍兴滨海新区生物医药产业股权投资基金】,北京盛世宏明投资基金管理有限公司【绍兴滨海新区生物医药产业股权投资基金合伙企业（有限合伙）】,盛世投资,北京盛世宏明投资基金管理有限公司,--,--,绍兴滨海新区生物医药产业股权投资基金,绍兴滨海新区生物医药产业股权投资基金合伙企业（有限合伙）,翊博普惠,北京翊博普惠生物科技发展有限公司,医疗健康，免疫疗法，无细胞合成,生物技术/医疗健康|医药,中国|北京市|海淀区,创业投资,扩张期,2021-06-24,RMB,--,--,--,20.00,A+,--,--,--,--,制造业|医药制造业,制造业|医药、生物制品,--,2021.xls,1,2021,北京市,制造业,医药制造业,0.5144735253555968,1.473571311379097,-3.755507403215832,-1.0102068166357452,b
君子兰资本【苏州君子晶股权投资】,苏州君子兰资本管理有限公司【苏州君子晶股权投资中心（有限合伙）】,君子兰资本,苏州君子兰资本管理有限公司,--,--,苏州君子晶股权投资,苏州君子晶股权投资中心（有限合伙）,海狸生物,苏州海狸生物医学工程有限公司,医疗健康，生产制造，生物材料，材料，自动化设备,生物技术/医疗健康|其他生物技术/医疗健康,中国|江苏省|苏州市,创业投资,扩张期,2021-04-21,RMB,1.50,1.50,0.23,--,B,--,--,--,--,制造业|医药制造业|卫生材料及医药用品制造,社会服务业|卫生、保健、护理服务业,--,2021.xls,0,2021,江苏省,制造业,医药制造业,0.5144735253555968,1.473571311379097,-3.755507403215832,-1.0102068166357452,b
礼来亚洲基金【礼来亚洲四期人民币基金】,礼来亚洲风险投资基金【苏州礼康股权投资中心（有限合伙）】,礼颐投资,上海礼颐投资管理合伙企业（有限合伙）,礼来亚洲基金,礼来亚洲风险投资基金,礼来亚洲四期人民币基金,苏州礼康股权投资中心（有限合伙）,科伦博泰生物,四川科伦博泰生物医药股份有限公司,医疗健康，医药，生物药，创新药，药品生产，药物研发，生物制药,生物技术/医疗健康|医药,中国|四川省|成都市,成长资本,扩张期,2021-04-21,RMB,16.67,16.67,2.33,0.33,A,--,"5,012.56",775.00,--,制造业|医药制造业,制造业|医药、生物制品,香港证券交易所主板,2021.xls,0,2021,四川省,制造业,医药制造业,0.5144735253555968,1.473571311379097,-3.755507403215832,-1.0102068166357452,b
毅达资本【江苏疌泉高投毅达化工新材料创业投资】（领投）,江苏毅达股权投资基金管理有限公司【江苏疌泉高投毅达化工新材料创业投资合伙企业（有限合伙）】（领投）,南京毅达投资,南京毅达股权投资管理企业（有限合伙）,毅达资本,江苏毅达股权投资基金管理有限公司,江苏疌泉高投毅达化工新材料创业投资,江苏疌泉高投毅达化工新材料创业投资合伙企业（有限合伙）,纽邦生物,南京纽邦生物科技有限公司,医疗健康，保健品,生物技术/医疗健康|保健品,中国|江苏省|南京市|鼓楼区,成长资本,扩张期,2021-11-04,RMB,--,--,--,3.04,A,应文禄,65.83,10.30,--,制造业|医药制造业,制造业|医药、生物制品|其他制造业,--,2021.xls,0,2021,江苏省,制造业,医药制造业,0.5144735253555968,1.473571311379097,-3.755507403215832,-1.0102068166357452,b
天图投资【天图天使基金】,深圳市天图投资管理股份有限公司【深圳天图兴深天使创业投资合伙企业（有限合伙）】,天图资本,深圳天图资本管理中心（有限合伙）,天图投资,深圳市天图投资管理股份有限公司,天图天使基金,深圳天图兴深天使创业投资合伙企业（有限合伙）,埃格林医药,深圳埃格林医药有限公司,生物药，创新药,生物技术/医疗健康|医药,中国|广东省|深圳市|南山区,成长资本,初创期,2021-04-20,RMB,--,--,--,6.67,A+,--,490.20,75.88,--,制造业|医药制造业,制造业|医药、生物制品,--,2021.xls,0,2021,广东省,制造业,医药制造业,0.5144735253555968,1.473571311379097,-3.755507403215832,-1.0102068166357452,b
国科嘉和【国科嘉和人民币PE2期】（领投）,国科嘉和（北京）投资管理有限公司【苏州国丰鼎嘉创业投资合伙企业（有限合伙）】（领投）,国科嘉和,国科嘉和（北京）投资管理有限公司,--,--,国科嘉和人民币PE2期,苏州国丰鼎嘉创业投资合伙企业（有限合伙）,必贝特医药,广州必贝特医药股份有限公司,医疗健康，医药，创新药，药物研发，生物药,生物技术/医疗健康|医药,中国|广东省|广州市,成长资本,扩张期,2021-11-29,RMB,--,--,--,0.65,Pre-IPO,钟靖,"3,505.88",549.56,--,制造业|医药制造业,制造业|医药、生物制品,--,2021.xls,0,2021,广东省,制造业,医药制造业,0.5144735253555968,1.473571311379097,-3.755507403215832,-1.0102068166357452,b
纳斯特【广州南山科创基金】（领投）,纳斯特投资管理有限公司【广州南山创业投资基金合伙企业（有限合伙）】（领投）,纳斯特,纳斯特投资管理有限公司,--,--,广州南山科创基金,广州南山创业投资基金合伙企业（有限合伙）,智睿医药,广州智睿医药科技有限公司,医疗健康，医疗服务，AI医疗，人工智能，药物研发,生物技术/医疗健康|医药,中国|广东省|广州市|越秀区,天使投资,初创期,2021-04-19,RMB,7.00,7.00,1.08,--,天使轮,陈维宇,--,--,--,制造业|医药制造业,制造业|医药、生物制品,--,2021.xls,0,2021,广东省,制造业,医药制造业,0.5144735253555968,1.473571311379097,-3.755507403215832,-1.0102068166357452,b
山蓝资本【苏州盛涛医疗基金】（领投）,上海山蓝私募基金管理有限公司【苏州盛涛医疗投资合伙企业（有限合伙）】（领投）,山蓝资本,上海山蓝私募基金管理有限公司,--,--,苏州盛涛医疗基金,苏州盛涛医疗投资合伙企业（有限合伙）,旌准医疗,北京旌准医疗科技有限公司,医疗健康，医疗服务，医疗设备，体外诊断，分子诊断,生物技术/医疗健康|生物工程,中国|北京市|大兴区,成长资本,扩张期,2021-04-19,RMB,--,--,--,--,C,聂洪鑫,--,--,--,制造业|医药制造业|生物、生化制品的制造,制造业|医药、生物制品|生物制品业|其他生物制品业,--,2021.xls,0,2021,北京市,制造业,医药制造业,0.5144735253555968,1.473571311379097,-3.755507403215832,-1.0102068166357452,b
国投创新【先进制造产业投资基金二期】,国投创新投资管理有限公司【先进制造产业投资基金二期（有限合伙）】,国投招商,国投招商投资管理有限公司,国投创新,国投创新投资管理有限公司,先进制造产业投资基金二期,先进制造产业投资基金二期（有限合伙）,博腾生物,苏州博腾生物制药有限公司,医疗健康，细胞治疗，医药生产外包CMO/CDMO,生物技术/医疗健康|其他生物技术/医疗健康,中国|江苏省|苏州市|吴中区,成长资本,初创期,2021-04-16,RMB,--,--,--,--,A,--,--,--,--,制造业|医药制造业|卫生材料及医药用品制造,社会服务业|卫生、保健、护理服务业,--,2021.xls,1,2021,江苏省,制造业,医药制造业,0.5144735253555968,1.473571311379097,-3.755507403215832,-1.0102068166357452,b
国寿股权【国寿疌泉大健康产业基金】,国寿股权投资有限公司【江苏国寿疌泉股权投资中心（有限合伙）】,国寿股权,国寿股权投资有限公司,--,--,国寿疌泉大健康产业基金,江苏国寿疌泉股权投资中心（有限合伙）,剂泰医药,杭州剂泰医药科技有限责任公司,医疗健康，人工智能，医药，药物研发,生物技术/医疗健康|医药,中国|浙江省|杭州市,成长资本,初创期,2021-11-26,USD,--,--,--,--,A,--,--,--,--,制造业|医药制造业,制造业|医药、生物制品,--,2021.xls,0,2021,浙江省,制造业,医药制造业,0.5144735253555968,1.473571311379097,-3.755507403215832,-1.0102068166357452,b
杭州东翰派富投资【翰富智维知识产权运营基金】,杭州东翰派富私募基金管理有限公司【杭州翰富智维知识产权运营投资合伙企业（有限合伙）】,杭州东翰派富投资,杭州东翰派富私募基金管理有限公司,--,--,翰富智维知识产权运营基金,杭州翰富智维知识产权运营投资合伙企业（有限合伙）,海隆生物,浙江海隆生物科技有限公司,医疗健康，医药，农业，药品生产，疫苗,生物技术/医疗健康|生物工程,中国|浙江省|绍兴市,成长资本,扩张期,2021-04-15,RMB,--,--,--,1.82,C,--,"1,101.04",168.62,--,制造业|医药制造业|生物、生化制品的制造,制造业|医药、生物制品|生物制品业|其他生物制品业,--,2021.xls,1,2021,浙江省,制造业,医药制造业,0.5144735253555968,1.473571311379097,-3.755507403215832,-1.0102068166357452,b
贵阳御信【贵阳南明区大健康及特色食品产业引导基金】,贵阳御信私募基金管理有限公司【贵阳南明大健康及特色食品产业引导投资基金（有限合伙）】,贵阳御信,贵阳御信私募基金管理有限公司,--,--,贵阳南明区大健康及特色食品产业引导基金,贵阳南明大健康及特色食品产业引导投资基金（有限合伙）,贵州中铭,贵州中铭生物科技有限公司,生物质能，饲料，电力事业，生物技术，汽车交通，技术研发，农产品，电力供应，渔业水产，农业生产，农业,生物技术/医疗健康|医药,中国|贵州省|贵阳市|南明区,天使投资,种子期,2021-11-26,RMB,--,--,--,20.00,种子轮,--,--,--,--,制造业|医药制造业,制造业|医药、生物制品,--,2021.xls,1,2021,贵州省,制造业,医药制造业,0.5144735253555968,1.473571311379097,-3.755507403215832,-1.0102068166357452,b
康君资本【宁波康君仲元股权投资】,康君投资管理（北京）有限公司【宁波康君仲元股权投资合伙企业（有限合伙）】,康君资本,康君投资管理（北京）有限公司,--,--,宁波康君仲元股权投资,宁波康君仲元股权投资合伙企业（有限合伙）,酶赛生物,宁波酶赛生物工程有限公司,医疗健康，生产制造，通用类企业服务，化工，催化剂,生物技术/医疗健康|生物工程,中国|浙江省|宁波市,成长资本,扩张期,2021-11-26,RMB,150.00,150.00,23.46,--,C,--,--,--,--,制造业|医药制造业|生物、生化制品的制造,制造业|医药、生物制品|生物制品业|其他生物制品业,--,2021.xls,0,2021,浙江省,制造业,医药制造业,0.5144735253555968,1.473571311379097,-3.755507403215832,-1.0102068166357452,b
金雨茂物【金溧创投基金】,金雨茂物投资管理股份有限公司【南京金溧创业投资合伙企业（有限合伙）】,西藏金缘,西藏金缘投资管理有限公司,金雨茂物,金雨茂物投资管理股份有限公司,金溧创投基金,南京金溧创业投资合伙企业（有限合伙）,科默医药,南京科默生物医药有限公司,医疗健康,生物技术/医疗健康|医药,中国|江苏省|南京市|栖霞区,成长资本,初创期,2021-11-25,RMB,--,--,--,4.76,A,许颙良,--,--,--,制造业|医药制造业,制造业|医药、生物制品,--,2021.xls,1,2021,江苏省,制造业,医药制造业,0.5144735253555968,1.473571311379097,-3.755507403215832,-1.0102068166357452,b
博远资本【博远嘉昱创投基金】,博远资本【成都博远嘉昱创业投资合伙企业（有限合伙）】,博睿瑜业股权投资,博睿瑜业（上海）股权投资管理有限公司,博远资本,博远资本,博远嘉昱创投基金,成都博远嘉昱创业投资合伙企业（有限合伙）,华毅乐健,苏州华毅乐健生物科技有限公司,医疗健康，生物技术，医药,生物技术/医疗健康|生物工程,中国|江苏省|苏州市,创业投资,初创期,2021-01-25,RMB,--,--,--,1.80,天使轮,陈鹏辉,"1,503.00",233.42,--,制造业|医药制造业|生物、生化制品的制造,制造业|医药、生物制品|生物制品业|其他生物制品业,--,2021.xls,0,2021,江苏省,制造业,医药制造业,0.5144735253555968,1.473571311379097,-3.755507403215832,-1.0102068166357452,b
普华资本【绍兴普华震元创业投资】,浙江普华天勤股权投资管理有限公司【绍兴普华震元创业投资合伙企业（有限合伙）】,普华资本,浙江普华天勤股权投资管理有限公司,--,--,绍兴普华震元创业投资,绍兴普华震元创业投资合伙企业（有限合伙）,中科纳泰,北京中科纳泰科技有限公司,医疗健康，医疗服务，分子诊断，体外诊断,生物技术/医疗健康|其他生物技术/医疗健康,中国|北京市|西城区,成长资本,扩张期,2021-11-22,RMB,20.00,20.00,2.79,3.43,A+,周密,685.76,107.23,--,制造业|医药制造业|卫生材料及医药用品制造,社会服务业|卫生、保健、护理服务业,--,2021.xls,0,2021,北京市,制造业,医药制造业,0.5144735253555968,1.473571311379097,-3.755507403215832,-1.0102068166357452,b
道远资本【道远硕丰（北京）股权投资】,道远资本管理（北京）有限公司【道远硕丰（北京）股权投资合伙企业（有限合伙）】,道远资本,道远资本管理（北京）有限公司,--,--,道远硕丰（北京）股权投资,道远硕丰（北京）股权投资合伙企业（有限合伙）,德运康瑞,苏州德运康瑞生物科技有限公司,医疗健康，细胞治疗，测序辅助平台,生物技术/医疗健康|生物工程,中国|江苏省|苏州市|吴江区,成长资本,初创期,2021-11-02,RMB,--,--,--,2.08,A,章达峰,600.24,93.77,--,制造业|医药制造业|生物、生化制品的制造,制造业|医药、生物制品|生物制品业|其他生物制品业,--,2021.xls,0,2021,江苏省,制造业,医药制造业,0.5144735253555968,1.473571311379097,-3.755507403215832,-1.0102068166357452,b
倚锋创投【杭州向康倚锋创业投资】,深圳市倚锋创业投资有限公司【杭州向康倚锋创业投资合伙企业（有限合伙）】,倚锋资本,深圳市倚锋投资管理企业（有限合伙）,倚锋创投,深圳市倚锋创业投资有限公司,杭州向康倚锋创业投资,杭州向康倚锋创业投资合伙企业（有限合伙）,高光制药,杭州高光制药有限公司,医疗健康，医药，靶向药，创新药，生物药，药物研发,生物技术/医疗健康|医药,中国|浙江省|杭州市,成长资本,扩张期,2021-01-26,RMB,12.00,12.00,1.88,2.40,B,--,500.00,77.10,--,制造业|医药制造业,制造业|医药、生物制品,--,2021.xls,0,2021,浙江省,制造业,医药制造业,0.5144735253555968,1.473571311379097,-3.755507403215832,-1.0102068166357452,b
招银国际资本【重庆市招赢朗曜成长二期股权投资基金】,招银国际资本管理（深圳）有限公司【重庆市招赢朗曜成长二期股权投资基金合伙企业（有限合伙）】,招银国际资本,招银国际资本管理（深圳）有限公司,--,--,重庆市招赢朗曜成长二期股权投资基金,重庆市招赢朗曜成长二期股权投资基金合伙企业（有限合伙）,鼎持生物,北京鼎持生物技术有限公司,医疗健康，医药，药品生产，疫苗,生物技术/医疗健康|医药|生物制药,中国|北京市|大兴区,成长资本,扩张期,2021-01-15,RMB,--,--,--,11.94,A,--,545.27,84.32,--,制造业|医药制造业|生物、生化制品的制造,制造业|医药、生物制品|生物制品业|生物药品制造业,--,2021.xls,0,2021,北京市,制造业,医药制造业,0.5144735253555968,1.473571311379097,-3.755507403215832,-1.0102068166357452,b
鲁信文化产业【文化一期泉圣基金】,山东文旅集团创业投资有限公司【济南泉盛文化发展股权投资基金合伙企业（有限合伙）】,山东多润投资,山东多润投资管理有限公司,鲁信文化产业,山东文旅集团创业投资有限公司,文化一期泉圣基金,济南泉盛文化发展股权投资基金合伙企业（有限合伙）,山东医科元多能干细胞生物工程,山东医科元多能干细胞生物工程有限公司,医疗健康，医药，再生医学，生物药，干细胞,生物技术/医疗健康|生物工程,中国|山东省,创业投资,扩张期,2021-01-10,--,--,--,--,--,A,--,--,--,--,制造业|医药制造业|生物、生化制品的制造,制造业|医药、生物制品|生物制品业|其他生物制品业,--,2021.xls,1,2021,山东省,制造业,医药制造业,0.5144735253555968,1.473571311379097,-3.755507403215832,-1.0102068166357452,b
元生创投【元生创投三期人民币基金】（领投）,苏州工业园区元生创业投资管理有限公司【苏州工业园区新建元三期创业投资企业（有限合伙）】（领投）,元生私募基金,苏州元生私募基金管理合伙企业（有限合伙）,元生创投,苏州工业园区元生创业投资管理有限公司,元生创投三期人民币基金,苏州工业园区新建元三期创业投资企业（有限合伙）,诺米代谢,苏州帕诺米克生物医药科技有限公司,医疗健康，质谱分析，大数据挖掘，精准医疗,生物技术/医疗健康|其他生物技术/医疗健康,中国|江苏省|苏州市|吴中区,成长资本,扩张期,2021-04-29,RMB,--,--,--,10.26,A,林艺,--,--,--,制造业|医药制造业|卫生材料及医药用品制造,社会服务业|卫生、保健、护理服务业,--,2021.xls,0,2021,江苏省,制造业,医药制造业,0.5144735253555968,1.473571311379097,-3.755507403215832,-1.0102068166357452,b
贝加资本【贝达生物医药产业基金二期】,杭州贝加投资管理有限责任公司【杭州贝铭股权投资基金合伙企业（有限合伙）】,贝加资本,杭州贝加投资管理有限责任公司,--,--,贝达生物医药产业基金二期,杭州贝铭股权投资基金合伙企业（有限合伙）,康万达,杭州康万达医药科技有限公司,医疗健康，医药，生物药，创新药，药品生产，药物研发，免疫疗法,生物技术/医疗健康|医药,中国|浙江省|杭州市,创业投资,扩张期,2021-10-26,RMB,30.00,30.00,4.17,5.39,Pre-A,--,556.59,87.12,--,制造业|医药制造业,制造业|医药、生物制品,--,2021.xls,0,2021,浙江省,制造业,医药制造业,0.5144735253555968,1.473571311379097,-3.755507403215832,-1.0102068166357452,b
杏泽资本【杏泽三禾基金】（领投）,上海杏泽投资管理有限公司【上海杏泽三禾创业投资合伙企业（有限合伙）】（领投）,杏泽资本,上海杏泽投资管理有限公司,--,--,杏泽三禾基金,上海杏泽三禾创业投资合伙企业（有限合伙）,舶望制药,上海舶望制药有限公司,医疗健康，医药，药物研发,生物技术/医疗健康|医药,中国|上海市|嘉定区,创业投资,种子期,2021-04-27,RMB,--,--,--,30.00,天使轮,陈海刚,--,--,--,制造业|医药制造业,制造业|医药、生物制品,--,2021.xls,0,2021,上海市,制造业,医药制造业,0.5144735253555968,1.473571311379097,-3.755507403215832,-1.0102068166357452,b
夏尔巴投资【夏尔巴二期人民币基金】,珠海夏尔巴股权投资管理有限公司【苏州夏尔巴二期股权投资合伙企业（有限合伙）】,夏尔巴投资,珠海夏尔巴股权投资管理有限公司,夏尔巴投资,珠海夏尔巴股权投资管理有限公司,夏尔巴二期人民币基金,苏州夏尔巴二期股权投资合伙企业（有限合伙）,图灵微生物,苏州图灵微生物科技有限公司,医疗健康，自动化设备，分子诊断，治疗器械,生物技术/医疗健康|生物工程,中国|江苏省|苏州市|吴中区,创业投资,初创期,2021-04-26,RMB,--,--,--,10.00,Pre-A,--,500.00,77.46,--,制造业|医药制造业|生物、生化制品的制造,制造业|医药、生物制品|生物制品业|其他生物制品业,--,2021.xls,0,2021,江苏省,制造业,医药制造业,0.5144735253555968,1.473571311379097,-3.755507403215832,-1.0102068166357452,b
余杭国投【余杭区产业发展引导基金】,杭州余杭国有资本投资运营集团有限公司【杭州余杭产业基金有限公司】,余杭国投,杭州余杭国有资本投资运营集团有限公司,--,--,余杭区产业发展引导基金,杭州余杭产业基金有限公司,瑞谷生物,浙江瑞谷生物科技有限公司,再生医学，材料,生物技术/医疗健康|其他生物技术/医疗健康,中国|浙江省|杭州市|余杭区,创业投资,扩张期,2021-01-04,RMB,--,--,--,4.08,A,--,--,--,--,制造业|医药制造业|卫生材料及医药用品制造,社会服务业|卫生、保健、护理服务业,--,2021.xls,0,2021,浙江省,制造业,医药制造业,0.5144735253555968,1.473571311379097,-3.755507403215832,-1.0102068166357452,b
招商资本【深圳国调招商并购股权投资基金】,招商局资本投资有限责任公司【深圳国调招商并购股权投资基金合伙企业（有限合伙）】,招商慧合,深圳市招商慧合股权投资基金管理有限公司,招商资本,招商局资本投资有限责任公司,深圳国调招商并购股权投资基金,深圳国调招商并购股权投资基金合伙企业（有限合伙）,天坛生物,北京天坛生物制品股份有限公司,生产制造，医疗健康,生物技术/医疗健康|医药,中国|北京市|大兴区,上市定增,成熟期,2021-04-23,RMB,300.00,300.00,41.88,0.78,上市定增,郭健,"38,626.11","5,948.52",40.96,制造业|医药制造业,制造业|医药、生物制品,上海证券交易所主板,2021.xls,0,2021,北京市,制造业,医药制造业,0.5144735253555968,1.473571311379097,-3.755507403215832,-1.0102068166357452,b
东方富海【南山东方富海中小微创投基金】,深圳市东方富海投资管理股份有限公司【深圳南山东方富海中小微创业投资基金合伙企业（有限合伙）】,深圳东方富海创投,深圳市东方富海创业投资管理有限公司,东方富海,深圳市东方富海投资管理股份有限公司,南山东方富海中小微创投基金,深圳南山东方富海中小微创业投资基金合伙企业（有限合伙）,瑞德林生物,深圳瑞德林生物技术有限公司,医疗健康，医药，化工，催化剂，生物技术,生物技术/医疗健康|其他生物技术/医疗健康,中国|广东省|深圳市|南山区,成长资本,初创期,2021-01-06,RMB,--,--,--,6.89,A,陈玮,304.79,44.25,--,制造业|医药制造业|卫生材料及医药用品制造,社会服务业|卫生、保健、护理服务业,--,2021.xls,0,2021,广东省,制造业,医药制造业,0.5144735253555968,1.473571311379097,-3.755507403215832,-1.0102068166357452,b
贵鑫瑞和创投【贵州省新型工业化发展股权投资基金】,贵州省贵鑫瑞和创业投资管理有限责任公司【贵州省新型工业化发展股权投资基金合伙企业（有限合伙）】,贵鑫瑞和创投,贵州省贵鑫瑞和创业投资管理有限责任公司,--,--,贵州省新型工业化发展股权投资基金,贵州省新型工业化发展股权投资基金合伙企业（有限合伙）,威利德,贵州威利德制药有限公司,医药,生物技术/医疗健康|医药|中药材及中成药加工业,中国|贵州省|贵阳市|白云区,创业投资,成熟期,2021-10-27,RMB,--,--,--,32.72,A,--,--,--,--,制造业|医药制造业|中成药制造,制造业|医药、生物制品|医药制造业|中药材及中成药加工业,--,2021.xls,1,2021,贵州省,制造业,医药制造业,0.5144735253555968,1.473571311379097,-3.755507403215832,-1.0102068166357452,b
越秀产业基金【越秀生物医药与健康食品产业基金】,广州越秀产业投资基金管理股份有限公司【常德嘉山越秀生物医药与健康食品产业投资基金合伙企业（有限合伙）】,越秀产业基金,广州越秀产业投资基金管理股份有限公司,--,--,越秀生物医药与健康食品产业基金,常德嘉山越秀生物医药与健康食品产业投资基金合伙企业（有限合伙）,远想生物,广州远想生物科技股份有限公司,医疗健康，医药，消费生活,生物技术/医疗健康|其他生物技术/医疗健康,中国|广东省|广州市|海珠区,成长资本,成熟期,2021-04-23,RMB,--,--,--,0.62,A,--,--,--,--,制造业|医药制造业|卫生材料及医药用品制造,社会服务业|卫生、保健、护理服务业,--,2021.xls,0,2021,广东省,制造业,医药制造业,0.5144735253555968,1.473571311379097,-3.755507403215832,-1.0102068166357452,b
厚新健投【南京新希望产业基金】,北京厚新投资管理有限公司【南京新希望产业投资中心（有限合伙）】,厚新健投,北京厚新投资管理有限公司,--,--,南京新希望产业基金,南京新希望产业投资中心（有限合伙）,贝来生物,北京贝来生物科技有限公司,医疗健康，生物技术，再生医学，干细胞,生物技术/医疗健康|生物工程,中国|北京市|大兴区,成长资本,扩张期,2021-01-06,RMB,--,--,--,3.23,B,--,929.24,143.81,--,制造业|医药制造业|生物、生化制品的制造,制造业|医药、生物制品|生物制品业|其他生物制品业,--,2021.xls,0,2021,北京市,制造业,医药制造业,0.5144735253555968,1.473571311379097,-3.755507403215832,-1.0102068166357452,b
贵鑫瑞和创投【贵州省农业农村现代化发展基金】,贵州省贵鑫瑞和创业投资管理有限责任公司【贵州省农业农村现代化发展股权投资基金合伙企业（有限合伙）】,贵鑫瑞和创投,贵州省贵鑫瑞和创业投资管理有限责任公司,--,--,贵州省农业农村现代化发展基金,贵州省农业农村现代化发展股权投资基金合伙企业（有限合伙）,双壶堂药业,贵州双壶堂药业有限公司,医疗健康，医药，贸易服务，农副产品，咨询服务，信息技术，软件和信息技术，软件技术，综合性软件，软件开发，种植加工,生物技术/医疗健康|医药,中国|贵州省|贵阳市|开阳县,创业投资,扩张期,2021-11-30,RMB,--,--,--,39.09,A,--,--,--,--,制造业|医药制造业,制造业|医药、生物制品,--,2021.xls,1,2021,贵州省,制造业,医药制造业,0.5144735253555968,1.473571311379097,-3.755507403215832,-1.0102068166357452,b
薄荷天使基金【苏州工业园区薄荷三期创业投资】,苏州工业园区薄荷创业投资管理有限公司【苏州工业园区薄荷三期创业投资合伙企业（有限合伙）】,薄荷天使基金,苏州工业园区薄荷创业投资管理有限公司,--,--,苏州工业园区薄荷三期创业投资,苏州工业园区薄荷三期创业投资合伙企业（有限合伙）,有诺真生物,苏州有诺真生物科技有限公司,生物技术,生物技术/医疗健康|生物工程,中国|江苏省|苏州市,创业投资,种子期,2021-11-29,RMB,7.50,7.50,1.05,1.50,A,--,500.00,78.28,--,制造业|医药制造业|生物、生化制品的制造,制造业|医药、生物制品|生物制品业|其他生物制品业,--,2021.xls,0,2021,江苏省,制造业,医药制造业,0.5144735253555968,1.473571311379097,-3.755507403215832,-1.0102068166357452,b
礼来亚洲基金【礼来亚洲四期人民币基金】（领投）,礼来亚洲风险投资基金【苏州礼康股权投资中心（有限合伙）】（领投）,礼颐投资,上海礼颐投资管理合伙企业（有限合伙）,礼来亚洲基金,礼来亚洲风险投资基金,礼来亚洲四期人民币基金,苏州礼康股权投资中心（有限合伙）,新羿生物,北京新羿生物科技有限公司,医疗健康，医疗服务，医疗设备，体外诊断，医药，健康管理，精准医疗,生物技术/医疗健康|生物工程,中国|北京市|海淀区,成长资本,扩张期,2021-01-08,RMB,--,--,--,9.26,B,陈飞,"1,202.55",185.84,--,制造业|医药制造业|生物、生化制品的制造,制造业|医药、生物制品|生物制品业|其他生物制品业,--,2021.xls,0,2021,北京市,制造业,医药制造业,0.5144735253555968,1.473571311379097,-3.755507403215832,-1.0102068166357452,b
两江资本【重庆两江新区科创基金】,重庆两江股权投资基金管理有限公司【重庆两江新区科技创新股权投资基金合伙企业（有限合伙）】,两江资本,重庆两江股权投资基金管理有限公司,--,--,重庆两江新区科创基金,重庆两江新区科技创新股权投资基金合伙企业（有限合伙）,誉颜制药,重庆誉颜制药有限公司,医疗健康，医药,生物技术/医疗健康|医药,中国|重庆市|北碚区,成长资本,种子期,2021-04-22,RMB,--,--,--,2.35,A,--,--,--,--,制造业|医药制造业,制造业|医药、生物制品,--,2021.xls,1,2021,重庆市,制造业,医药制造业,0.5144735253555968,1.473571311379097,-3.755507403215832,-1.0102068166357452,b
合肥创新投【合肥市天使投资基金】,合肥市创新科技风险投资有限公司【合肥市天使投资基金有限公司】,合肥创新投,合肥市创新科技风险投资有限公司,--,--,合肥市天使投资基金,合肥市天使投资基金有限公司,科生景肽,合肥科生景肽生物科技有限公司,生物药,生物技术/医疗健康|医药,中国|安徽省|合肥市,创业投资,初创期,2021-01-08,RMB,--,--,--,--,A,--,--,--,--,制造业|医药制造业,制造业|医药、生物制品,--,2021.xls,1,2021,安徽省,制造业,医药制造业,0.5144735253555968,1.473571311379097,-3.755507403215832,-1.0102068166357452,b
元生创投【北京市元生天使创业投资】,苏州工业园区元生创业投资管理有限公司【北京市元生天使创业投资合伙企业（有限合伙）】,元生私募基金,苏州元生私募基金管理合伙企业（有限合伙）,元生创投,苏州工业园区元生创业投资管理有限公司,北京市元生天使创业投资,北京市元生天使创业投资合伙企业（有限合伙）,法伯新天,北京法伯新天医药科技有限公司,医疗健康，医药,生物技术/医疗健康|医药,中国|北京市|朝阳区,创业投资,扩张期,2021-11-29,RMB,--,--,--,5.36,天使轮,陈杰,335.82,52.58,--,制造业|医药制造业,制造业|医药、生物制品,--,2021.xls,0,2021,北京市,制造业,医药制造业,0.5144735253555968,1.473571311379097,-3.755507403215832,-1.0102068166357452,b
湖南高新创投集团【株洲高新天诚先进装备制造基金】,湖南高新创业投资集团有限公司【株洲高新天诚先进装备制造创业投资合伙企业（有限合伙）】,湖南高新创投,湖南高新创业投资管理有限公司,湖南高新创投集团,湖南高新创业投资集团有限公司,株洲高新天诚先进装备制造基金,株洲高新天诚先进装备制造创业投资合伙企业（有限合伙）,慧泽医药,湖南慧泽生物医药科技有限公司,医疗健康，医药，医药研发外包CRO,生物技术/医疗健康|医药,中国|湖南省|长沙市,创业投资,扩张期,2020-12-31,RMB,--,--,--,--,A,--,--,--,--,制造业|医药制造业,制造业|医药、生物制品,--,2020.xls,1,2020,湖南省,制造业,医药制造业,0.5144735253555968,1.473571311379097,-3.755507403215832,-1.0102068166357452,b
鼎嘉创投【上海张江创投】,上海鼎嘉创业投资管理有限公司【上海张江创业投资有限公司】,鼎嘉创投,上海鼎嘉创业投资管理有限公司,--,--,上海张江创投,上海张江创业投资有限公司,曼森生物,上海曼森生物科技有限公司,医疗健康，自动化，合成生物技术平台,生物技术/医疗健康|生物工程,中国|上海市|浦东新区,天使投资,扩张期,2021-04-09,RMB,--,--,--,--,天使轮,--,--,--,--,制造业|医药制造业|生物、生化制品的制造,制造业|医药、生物制品|生物制品业|其他生物制品业,--,2021.xls,0,2021,上海市,制造业,医药制造业,0.5144735253555968,1.473571311379097,-3.755507403215832,-1.0102068166357452,b
沪旭投资【天津海河方大产业投资基金】,上海沪旭投资管理有限公司【天津海河方大产业投资基金合伙企业（有限合伙）】,沪旭投资,上海沪旭投资管理有限公司,--,--,天津海河方大产业投资基金,天津海河方大产业投资基金合伙企业（有限合伙）,瑞普生物,天津瑞普生物技术股份有限公司,医疗健康，农业，兽药，生产制造，生物制药，医药，药品生产,生物技术/医疗健康|医药|动物用药品制造业,中国|天津市|东丽区,上市定增,成熟期,2021-11-19,RMB,60.00,60.00,8.28,0.61,上市定增,--,"9,778.95","1,532.15",22.25,制造业|医药制造业|兽用药品制造,制造业|医药、生物制品|医药制造业|动物用药品制造业,深圳证券交易所创业板,2021.xls,0,2021,天津市,制造业,医药制造业,0.5144735253555968,1.473571311379097,-3.755507403215832,-1.0102068166357452,b
凯泰资本【杭州凯泰宏德创业投资】（领投）,杭州凯泰资本管理有限公司【杭州凯泰宏德创业投资合伙企业（有限合伙）】（领投）,凯泰资本,杭州凯泰资本管理有限公司,--,--,杭州凯泰宏德创业投资,杭州凯泰宏德创业投资合伙企业（有限合伙）,君赛生物,上海君赛生物科技有限公司,医疗健康，生物药，免疫疗法,生物技术/医疗健康|生物工程,中国|上海市|嘉定区,成长资本,初创期,2021-02-26,RMB,--,--,--,6.22,A,常楠楠,406.98,63.08,--,制造业|医药制造业|生物、生化制品的制造,制造业|医药、生物制品|生物制品业|其他生物制品业,--,2021.xls,0,2021,上海市,制造业,医药制造业,0.5144735253555968,1.473571311379097,-3.755507403215832,-1.0102068166357452,b
诚通基金【中国国有企业结构调整基金】,诚通基金管理有限公司【中国国有企业结构调整基金股份有限公司】,诚通基金,诚通基金管理有限公司,--,--,中国国有企业结构调整基金,中国国有企业结构调整基金股份有限公司,昭衍新药,北京昭衍新药研究中心股份有限公司,医疗健康，医药研发外包CRO,生物技术/医疗健康|医药,中国|北京市|大兴区,成长资本,成熟期,2021-02-26,USD,35.00,226.08,35.00,0.66,基石投资,--,"33,905.68","5,254.90",--,制造业|医药制造业,制造业|医药、生物制品,上海证券交易所主板，香港证券交易所主板,2021.xls,1,2021,北京市,制造业,医药制造业,0.5144735253555968,1.473571311379097,-3.755507403215832,-1.0102068166357452,b
常创集团【常州农业基金】,常州创业投资集团有限公司【常州市农业产业发展投资基金（有限合伙）】,常州市政府投资基金公司,常州市政府投资基金管理有限公司,常创集团,常州创业投资集团有限公司,常州农业基金,常州市农业产业发展投资基金（有限合伙）,同泰生物,常州同泰生物药业科技股份有限公司,医疗健康，农业，生产制造，诊断试剂，医药，兽药，药品生产，疫苗，宠物服务,生物技术/医疗健康|医药|动物用药品制造业,中国|江苏省|常州市,新三板定增,成熟期,2021-11-12,RMB,6.00,6.00,0.94,1.56,新三板定增,--,384.37,60.00,--,制造业|医药制造业|兽用药品制造,制造业|医药、生物制品|医药制造业|动物用药品制造业,全国中小企业股份转让系统(新三板),2021.xls,1,2021,江苏省,制造业,医药制造业,0.5144735253555968,1.473571311379097,-3.755507403215832,-1.0102068166357452,b
盛石资本【长三角产业创新（一期）基金】,上海盛石资本管理有限公司【长三角（上海）产业创新股权投资基金合伙企业（有限合伙）】,盛石资本,上海盛石资本管理有限公司,--,--,长三角产业创新（一期）基金,长三角（上海）产业创新股权投资基金合伙企业（有限合伙）,上海细胞治疗集团,上海细胞治疗集团有限公司,医疗健康，大数据，医疗服务，生产制造，医疗大数据，细胞治疗,生物技术/医疗健康|生物工程,中国|上海市|嘉定区,成长资本,扩张期,2021-03-24,RMB,100.00(e),100.00(e),15.33(e),1.44,D,--,--,--,--,制造业|医药制造业|生物、生化制品的制造,制造业|医药、生物制品|生物制品业|其他生物制品业,--,2021.xls,0,2021,上海市,制造业,医药制造业,0.5144735253555968,1.473571311379097,-3.755507403215832,-1.0102068166357452,b
贝加资本【贝达生物医药产业基金二期】,杭州贝加投资管理有限责任公司【杭州贝铭股权投资基金合伙企业（有限合伙）】,贝加资本,杭州贝加投资管理有限责任公司,--,--,贝达生物医药产业基金二期,杭州贝铭股权投资基金合伙企业（有限合伙）,纽安津生物,杭州纽安津生物科技有限公司,医疗健康，体外诊断，生物药，免疫疗法，医疗服务，疫苗，人工智能,生物技术/医疗健康|生物工程,中国|浙江省|杭州市|滨江区,创业投资,扩张期,2021-03-01,RMB,36.86,36.86,5.13,14.45,Pre-A,--,255.08,39.39,--,制造业|医药制造业|生物、生化制品的制造,制造业|医药、生物制品|生物制品业|其他生物制品业,--,2021.xls,0,2021,浙江省,制造业,医药制造业,0.5144735253555968,1.473571311379097,-3.755507403215832,-1.0102068166357452,b
一创投资【鲲鹏一创杉杉新能源产业基金】,第一创业投资管理有限公司【深圳市鲲鹏一创战略新兴产业股权投资基金合伙企业（有限合伙）】,鲲鹏一创投资,深圳市鲲鹏一创私募股权投资管理有限公司,一创投资,第一创业投资管理有限公司,鲲鹏一创杉杉新能源产业基金,深圳市鲲鹏一创战略新兴产业股权投资基金合伙企业（有限合伙）,康亚药业,宁夏康亚药业股份有限公司,医疗健康，医药，原料药，生产制造,生物技术/医疗健康|医药,中国|宁夏|银川市,新三板定增,成熟期,2021-03-23,RMB,30.00,30.00,4.61,4.97,新三板定增,--,604.03,92.88,--,制造业|医药制造业,制造业|医药、生物制品,全国中小企业股份转让系统(新三板),2021.xls,0,2021,宁夏,制造业,医药制造业,0.5144735253555968,1.473571311379097,-3.755507403215832,-1.0102068166357452,b
荷塘创投【荷塘生命科学原始创新基金】,荷塘创业投资管理（北京）有限公司【北京荷塘生命科学原始创新基金（有限合伙）】,荷塘创投,荷塘创业投资管理（北京）有限公司,--,--,荷塘生命科学原始创新基金,北京荷塘生命科学原始创新基金（有限合伙）,研诺医药,上海研诺医药科技有限公司,医疗健康，医药，生物制药，药品生产，药物研发,生物技术/医疗健康|生物工程,中国|上海市|闵行区,天使投资,扩张期,2021-03-23,RMB,--,--,--,--,Pre-A,--,--,--,--,制造业|医药制造业|生物、生化制品的制造,制造业|医药、生物制品|生物制品业|其他生物制品业,--,2021.xls,0,2021,上海市,制造业,医药制造业,0.5144735253555968,1.473571311379097,-3.755507403215832,-1.0102068166357452,b
盛世投资【绍兴滨海新区生物医药产业股权投资基金】,北京盛世宏明投资基金管理有限公司【绍兴滨海新区生物医药产业股权投资基金合伙企业（有限合伙）】,盛世投资,北京盛世宏明投资基金管理有限公司,--,--,绍兴滨海新区生物医药产业股权投资基金,绍兴滨海新区生物医药产业股权投资基金合伙企业（有限合伙）,珍宝岛,黑龙江珍宝岛药业股份有限公司,医疗健康，医药，生产制造，药品生产，药物研发,生物技术/医疗健康|医药|中药材及中成药加工业,中国|黑龙江省|鸡西市,上市定增,成熟期,2021-11-11,RMB,300.00,300.00,46.77,2.39,上市定增,--,"12,565.98","1,959.00",28.72,制造业|医药制造业|中成药制造,制造业|医药、生物制品|医药制造业|中药材及中成药加工业,上海证券交易所主板,2021.xls,1,2021,黑龙江省,制造业,医药制造业,0.5144735253555968,1.473571311379097,-3.755507403215832,-1.0102068166357452,b
荷塘创投【荷塘生命科学原始创新基金】,荷塘创业投资管理（北京）有限公司【北京荷塘生命科学原始创新基金（有限合伙）】,荷塘创投,荷塘创业投资管理（北京）有限公司,--,--,荷塘生命科学原始创新基金,北京荷塘生命科学原始创新基金（有限合伙）,中因科技,北京中因科技有限公司,医疗健康，医药，医疗服务，体外诊断，分子诊断，医疗检测,生物技术/医疗健康|生物工程,中国|北京市|昌平区,创业投资,扩张期,2021-03-23,RMB,--,--,--,14.60,Pre-A,--,205.47,31.59,--,制造业|医药制造业|生物、生化制品的制造,制造业|医药、生物制品|生物制品业|其他生物制品业,--,2021.xls,0,2021,北京市,制造业,医药制造业,0.5144735253555968,1.473571311379097,-3.755507403215832,-1.0102068166357452,b
深创投【湖南红土瑞锦创业投资基金】,深圳市创新投资集团有限公司【湖南红土瑞锦创业投资合伙企业（有限合伙）】,广东红土创投,广东红土创业投资管理有限公司,深创投,深圳市创新投资集团有限公司,湖南红土瑞锦创业投资基金,湖南红土瑞锦创业投资合伙企业（有限合伙）,薄荷网,上海薄荷健康科技股份有限公司,医疗健康，医疗服务，工具软件，健康管理，互联网平台，互联网数据，媒体，短视频，互联网技术,生物技术/医疗健康|其他生物技术/医疗健康,中国|上海市|浦东新区,成长资本,成熟期,2021-11-11,RMB,--,--,--,--,D+,倪泽望,--,--,--,制造业|医药制造业|卫生材料及医药用品制造,社会服务业|卫生、保健、护理服务业,--,2021.xls,0,2021,上海市,制造业,医药制造业,0.5144735253555968,1.473571311379097,-3.755507403215832,-1.0102068166357452,b
创新工场【北京创新工场投资】,创新工场【北京创新工场投资中心（有限合伙）】,北京互联创新工场,北京互联创新工场投资管理有限公司,--,--,北京创新工场投资,北京创新工场投资中心（有限合伙）,岸阔医药,上海岸阔医药科技有限公司,医疗健康，医药，药物研发,生物技术/医疗健康|医药,中国|上海市|闵行区,成长资本,初创期,2021-03-21,USD,--,--,--,--,A+,--,--,--,--,制造业|医药制造业,制造业|医药、生物制品,--,2021.xls,0,2021,上海市,制造业,医药制造业,0.5144735253555968,1.473571311379097,-3.755507403215832,-1.0102068166357452,b
国投创新【先进制造产业投资基金二期】,国投创新投资管理有限公司【先进制造产业投资基金二期（有限合伙）】,国投招商,国投招商投资管理有限公司,国投创新,国投创新投资管理有限公司,先进制造产业投资基金二期,先进制造产业投资基金二期（有限合伙）,新码生物,浙江新码生物医药有限公司,医疗健康，医药，生物制药，药品生产,生物技术/医疗健康|医药,中国|浙江省|绍兴市,成长资本,扩张期,2021-03-19,RMB,79.96,79.96,12.36,4.53,A,--,"1,765.21",269.39,--,制造业|医药制造业,制造业|医药、生物制品,--,2021.xls,1,2021,浙江省,制造业,医药制造业,0.5144735253555968,1.473571311379097,-3.755507403215832,-1.0102068166357452,b
国投创新【先进制造产业投资基金二期】（领投）,国投创新投资管理有限公司【先进制造产业投资基金二期（有限合伙）】（领投）,国投招商,国投招商投资管理有限公司,国投创新,国投创新投资管理有限公司,先进制造产业投资基金二期,先进制造产业投资基金二期（有限合伙）,威凯尔医药,江苏威凯尔医药科技有限公司,医疗健康，医药，创新药，仿制药，生产制造，药品生产，药物研发,生物技术/医疗健康|医药,中国|江苏省|南京市,创业投资,成熟期,2021-03-08,RMB,--,--,--,14.29,Pre-A,易华,"1,049.87",162.03,--,制造业|医药制造业,制造业|医药、生物制品,--,2021.xls,1,2021,江苏省,制造业,医药制造业,0.5144735253555968,1.473571311379097,-3.755507403215832,-1.0102068166357452,b
国富金源【韶关市众投邦创新创业基金】,深圳市国富金源投资管理有限公司【韶关市众投邦创新创业投资基金企业（有限合伙）】,国富金源,深圳市国富金源投资管理有限公司,--,--,韶关市众投邦创新创业基金,韶关市众投邦创新创业投资基金企业（有限合伙）,盛景基因,深圳市盛景基因生物科技有限公司,医疗健康，基因测序医学检验，基因测序,生物技术/医疗健康|生物工程,中国|广东省|深圳市|罗湖区,--,扩张期,2021-03-19,--,--,--,--,1.83,A,--,--,--,--,制造业|医药制造业|生物、生化制品的制造,制造业|医药、生物制品|生物制品业|其他生物制品业,--,2021.xls,1,2021,广东省,制造业,医药制造业,0.5144735253555968,1.473571311379097,-3.755507403215832,-1.0102068166357452,b
中关村发展集团【北京生命科学园创新基金】,中关村发展集团股份有限公司【北京生命科学园创新投资基金（有限合伙）】,中关村资本,北京中关村资本基金管理有限公司,中关村发展集团,中关村发展集团股份有限公司,北京生命科学园创新基金,北京生命科学园创新投资基金（有限合伙）,拓领博泰,北京拓领博泰生物科技有限公司,医疗健康，医药，创新药，药物研发,生物技术/医疗健康|医药,中国|北京市|海淀区,天使投资,种子期,2021-03-10,RMB,3.00,3.00,0.46,--,天使轮,薛园,--,--,--,制造业|医药制造业,制造业|医药、生物制品,--,2021.xls,0,2021,北京市,制造业,医药制造业,0.5144735253555968,1.473571311379097,-3.755507403215832,-1.0102068166357452,b
合创资本【深圳市普合萤火创投基金】（领投）,深圳市合创资本管理有限公司【深圳市普合萤火创业投资企业（有限合伙）】（领投）,合创资本,深圳市合创资本管理有限公司,--,--,深圳市普合萤火创投基金,深圳市普合萤火创业投资企业（有限合伙）,济因生物,深圳市济因生物科技有限公司,医疗健康，材料，生物技术，化工，技术研发,生物技术/医疗健康|其他生物技术/医疗健康,中国|广东省|深圳市,天使投资,种子期,2021-11-16,RMB,12.70,12.70,1.99,12.70,种子轮,--,50.00,7.82,--,制造业|医药制造业|卫生材料及医药用品制造,社会服务业|卫生、保健、护理服务业,--,2021.xls,0,2021,广东省,制造业,医药制造业,0.5144735253555968,1.473571311379097,-3.755507403215832,-1.0102068166357452,b
广发信德【广发信德健康产业创投基金】,广发信德投资管理有限公司【广发信德（苏州）健康产业创业投资合伙企业（有限合伙）】,广发信德,广发信德投资管理有限公司,--,--,广发信德健康产业创投基金,广发信德（苏州）健康产业创业投资合伙企业（有限合伙）,瀚海新酶,武汉瀚海新酶生物科技有限公司,医疗健康，医药，体外诊断，生物药，生产制造，医疗器械,生物技术/医疗健康|医药,中国|湖北省|武汉市,成长资本,扩张期,2021-11-05,RMB,--,--,--,0.43,C,肖雪生,--,--,--,制造业|医药制造业,制造业|医药、生物制品,--,2021.xls,0,2021,湖北省,制造业,医药制造业,0.5144735253555968,1.473571311379097,-3.755507403215832,-1.0102068166357452,b
山蓝资本【苏州盛涛医疗基金】,上海山蓝私募基金管理有限公司【苏州盛涛医疗投资合伙企业（有限合伙）】,山蓝资本,上海山蓝私募基金管理有限公司,--,--,苏州盛涛医疗基金,苏州盛涛医疗投资合伙企业（有限合伙）,药明奥测,上海药明奥测医疗科技有限公司,医疗健康，体外诊断，医疗器械，医药，医疗服务，诊断试剂，智能诊断,生物技术/医疗健康|其他生物技术/医疗健康,中国|上海市|浦东新区,成长资本,扩张期,2021-02-24,USD,--,--,--,--,B,刘道志,--,--,--,制造业|医药制造业|卫生材料及医药用品制造,社会服务业|卫生、保健、护理服务业,--,2021.xls,0,2021,上海市,制造业,医药制造业,0.5144735253555968,1.473571311379097,-3.755507403215832,-1.0102068166357452,b
赛盈资本【北京亦庄二期生物医药基金】,北京屹唐赛盈基金管理有限公司【北京亦庄二期生物医药产业投资基金（有限合伙）】,赛盈资本,北京屹唐赛盈基金管理有限公司,--,--,北京亦庄二期生物医药基金,北京亦庄二期生物医药产业投资基金（有限合伙）,绿竹生物,北京绿竹生物技术股份有限公司,医疗健康，医药，创新药，生物制药，药品生产，药物研发，疫苗,生物技术/医疗健康|医药,中国|北京市|通州区,创业投资,成熟期,2021-03-26,RMB,80.00,80.00,11.59,11.23,A,--,712.66,109.01,--,制造业|医药制造业,制造业|医药、生物制品,香港证券交易所主板,2021.xls,0,2021,北京市,制造业,医药制造业,0.5144735253555968,1.473571311379097,-3.755507403215832,-1.0102068166357452,b
国方创新【长三角协同优势产业基金】,上海国方私募基金管理有限公司【长三角协同优势产业股权投资合伙企业（有限合伙）】,国方创新,上海国方私募基金管理有限公司,--,--,长三角协同优势产业基金,长三角协同优势产业股权投资合伙企业（有限合伙）,臻格生物,上海臻格生物技术有限公司,医疗健康，医药，生产制造，生物药，医药生产外包CMO/CDMO,生物技术/医疗健康|生物工程,中国|上海市|奉贤区,成长资本,扩张期,2021-01-29,USD,--,--,--,--,B,韦亚光,--,--,--,制造业|医药制造业|生物、生化制品的制造,制造业|医药、生物制品|生物制品业|其他生物制品业,--,2021.xls,1,2021,上海市,制造业,医药制造业,0.5144735253555968,1.473571311379097,-3.755507403215832,-1.0102068166357452,b
远毅资本【远毅人民币二期基金】,宁波远毅投资管理有限公司【苏州远毅睿恒股权投资合伙企业（有限合伙）】,苏州松毅创投,苏州松毅创业投资管理有限公司,远毅资本,宁波远毅投资管理有限公司,远毅人民币二期基金,苏州远毅睿恒股权投资合伙企业（有限合伙）,咏柳科技,杭州咏柳科技有限公司,医疗健康，人工智能，医疗服务，智能诊断,生物技术/医疗健康|其他生物技术/医疗健康,中国|浙江省|杭州市,创业投资,初创期,2021-04-07,RMB,--,--,--,--,天使轮,宋依然,--,--,--,制造业|医药制造业|卫生材料及医药用品制造,社会服务业|卫生、保健、护理服务业,--,2021.xls,0,2021,浙江省,制造业,医药制造业,0.5144735253555968,1.473571311379097,-3.755507403215832,-1.0102068166357452,b
珠海高科创投【珠海高新天使创业投资】,珠海高科金投创业投资管理有限公司【珠海高新天使创业投资有限公司】,珠海高科创投,珠海高科金投创业投资管理有限公司,--,--,珠海高新天使创业投资,珠海高新天使创业投资有限公司,恺瑞生物,珠海恺瑞生物科技有限公司,医疗健康，物联网，医药，生物药，光电，医疗器械,生物技术/医疗健康|生物工程,中国|广东省|珠海市,创业投资,扩张期,2021-02-05,RMB,--,--,--,--,A,--,--,--,--,制造业|医药制造业|生物、生化制品的制造,制造业|医药、生物制品|生物制品业|其他生物制品业,--,2021.xls,1,2021,广东省,制造业,医药制造业,0.5144735253555968,1.473571311379097,-3.755507403215832,-1.0102068166357452,b
赢迪资本【南京创熠赢迪昂科利创投基金】,北京赢迪股权投资管理有限公司【南京创熠赢迪昂科利创业投资合伙企业（有限合伙）】,赢迪资本,北京赢迪股权投资管理有限公司,--,--,南京创熠赢迪昂科利创投基金,南京创熠赢迪昂科利创业投资合伙企业（有限合伙）,瑞奥生物,杭州瑞奥生物医药有限公司,医疗健康，医药,生物技术/医疗健康|生物工程,中国|江苏省|苏州市|吴中区,创业投资,初创期,2021-11-19,RMB,--,--,--,1.80,Pre-A,--,277.76,43.52,--,制造业|医药制造业|生物、生化制品的制造,制造业|医药、生物制品|生物制品业|其他生物制品业,--,2021.xls,0,2021,江苏省,制造业,医药制造业,0.5144735253555968,1.473571311379097,-3.755507403215832,-1.0102068166357452,b
荷塘创投【荷塘生命科学原始创新基金】,荷塘创业投资管理（北京）有限公司【北京荷塘生命科学原始创新基金（有限合伙）】,荷塘创投,荷塘创业投资管理（北京）有限公司,--,--,荷塘生命科学原始创新基金,北京荷塘生命科学原始创新基金（有限合伙）,卓凯生物,北京卓凯生物技术有限公司,医疗健康，医药，药物研发,生物技术/医疗健康|医药|生物制药,中国|北京市|海淀区,创业投资,成熟期,2021-11-08,RMB,--,--,--,6.96,B+,杨宏儒,--,--,--,制造业|医药制造业|生物、生化制品的制造,制造业|医药、生物制品|生物制品业|生物药品制造业,--,2021.xls,0,2021,北京市,制造业,医药制造业,0.5144735253555968,1.473571311379097,-3.755507403215832,-1.0102068166357452,b
拾玉【丹青二期基金】,海南拾玉私募基金管理有限公司【苏州丹青二期创新医药产业投资合伙企业（有限合伙）】,拾玉,海南拾玉私募基金管理有限公司,--,--,丹青二期基金,苏州丹青二期创新医药产业投资合伙企业（有限合伙）,上海优替济生生物医药有限公司,上海优替济生生物医药有限公司,综合性软件，医疗健康，干细胞，生物药，医药,生物技术/医疗健康|医药|生物制药,中国|上海市|浦东新区,成长资本,初创期,2021-04-03,USD,12.50,82.06,12.50,--,A+,--,--,--,--,制造业|医药制造业|生物、生化制品的制造,制造业|医药、生物制品|生物制品业|生物药品制造业,--,2021.xls,0,2021,上海市,制造业,医药制造业,0.5144735253555968,1.473571311379097,-3.755507403215832,-1.0102068166357452,b
前海方舟【前海母基金】（领投）,前海方舟资产管理有限公司【前海股权投资基金（有限合伙）】（领投）,前海方舟,前海方舟资产管理有限公司,--,--,前海母基金,前海股权投资基金（有限合伙）,滨会生物,武汉滨会生物科技股份有限公司,医疗健康，药物研发，医药,生物技术/医疗健康|医药,中国|湖北省|武汉市,成长资本,成熟期,2021-02-09,RMB,105.00,105.00,16.41,--,B,李胜男,--,--,--,制造业|医药制造业,制造业|医药、生物制品,全国中小企业股份转让系统(新三板),2021.xls,0,2021,湖北省,制造业,医药制造业,0.5144735253555968,1.473571311379097,-3.755507403215832,-1.0102068166357452,b
顺融资本【苏州顺融进取三期创业投资】,苏州顺融投资管理有限公司【苏州顺融进取三期创业投资合伙企业（有限合伙）】,顺融创业投资,苏州顺融创业投资管理合伙企业（有限合伙）,顺融资本,苏州顺融投资管理有限公司,苏州顺融进取三期创业投资,苏州顺融进取三期创业投资合伙企业（有限合伙）,赛普生物,苏州赛普生物科技股份有限公司,医疗健康,生物技术/医疗健康|生物工程,中国|江苏省|苏州市|吴中区,创业投资,扩张期,2021-08-09,RMB,1.22,1.22,0.17,1.37,A,--,88.86,13.70,--,制造业|医药制造业|生物、生化制品的制造,制造业|医药、生物制品|生物制品业|其他生物制品业,--,2021.xls,0,2021,江苏省,制造业,医药制造业,0.5144735253555968,1.473571311379097,-3.755507403215832,-1.0102068166357452,b
贵鑫瑞和创投【贵州省新型工业化发展股权投资基金】,贵州省贵鑫瑞和创业投资管理有限责任公司【贵州省新型工业化发展股权投资基金合伙企业（有限合伙）】,贵鑫瑞和创投,贵州省贵鑫瑞和创业投资管理有限责任公司,--,--,贵州省新型工业化发展股权投资基金,贵州省新型工业化发展股权投资基金合伙企业（有限合伙）,瑞和制药,贵州瑞和制药有限公司,医疗健康，医药，生产制造，药品生产，药物研发,生物技术/医疗健康|医药|中药材及中成药加工业,中国|贵州省|黔南布依族苗族自治州|龙里县,创业投资,成熟期,2021-11-09,RMB,--,--,--,6.10,A,--,--,--,--,制造业|医药制造业|中成药制造,制造业|医药、生物制品|医药制造业|中药材及中成药加工业,--,2021.xls,1,2021,贵州省,制造业,医药制造业,0.5144735253555968,1.473571311379097,-3.755507403215832,-1.0102068166357452,b
海邦投资【海邦羿谷创投】（领投）,海邦投资【杭州海邦羿谷创业投资合伙企业（有限合伙）】（领投）,浙江海邦投资,浙江海邦投资管理有限公司,--,--,海邦羿谷创投,杭州海邦羿谷创业投资合伙企业（有限合伙）,皓阳生物,杭州皓阳生物技术有限公司,医疗健康，医药，药物研发，药品生产，生物药，生物制药,生物技术/医疗健康|医药|生物制药,中国|浙江省|杭州市|余杭区,成长资本,扩张期,2021-03-31,RMB,--,--,--,--,A,--,--,--,--,制造业|医药制造业|生物、生化制品的制造,制造业|医药、生物制品|生物制品业|生物药品制造业,--,2021.xls,0,2021,浙江省,制造业,医药制造业,0.5144735253555968,1.473571311379097,-3.755507403215832,-1.0102068166357452,b
上海国盛资本【国盛海通基金】,上海国盛资本管理有限公司【上海国盛海通股权投资基金合伙企业（有限合伙）】,上海国盛资本,上海国盛资本管理有限公司,--,--,国盛海通基金,上海国盛海通股权投资基金合伙企业（有限合伙）,新天药业,贵阳新天药业股份有限公司,医疗健康，医药，生产制造，药品生产,生物技术/医疗健康|医药|中药材及中成药加工业,中国|贵州省|贵阳市,成长资本,成熟期,2021-03-30,RMB,83.82,83.82,12.81,5.12,其他,--,"1,637.11",249.40,--,制造业|医药制造业|中成药制造,制造业|医药、生物制品|医药制造业|中药材及中成药加工业,深圳证券交易所主板，全国中小企业股份转让系统(新三板),2021.xls,0,2021,贵州省,制造业,医药制造业,0.5144735253555968,1.473571311379097,-3.755507403215832,-1.0102068166357452,b
元禾控股【原点医疗叁号】（领投）,苏州元禾控股股份有限公司【苏州工业园区元禾原点叁号医疗健康产业投资合伙企业（有限合伙）】（领投）,元禾原点,苏州工业园区元禾原点创业投资管理有限公司,元禾控股,苏州元禾控股股份有限公司,原点医疗叁号,苏州工业园区元禾原点叁号医疗健康产业投资合伙企业（有限合伙）,睿璟生物,上海睿璟生物科技有限公司,医疗健康，体外诊断，生产制造，诊断试剂，分子诊断，基因检测试剂盒,生物技术/医疗健康|生物工程,中国|上海市|闵行区,创业投资,扩张期,2021-02-22,RMB,--,--,--,--,A,胡晓芳,--,--,--,制造业|医药制造业|生物、生化制品的制造,制造业|医药、生物制品|生物制品业|其他生物制品业,--,2021.xls,0,2021,上海市,制造业,医药制造业,0.5144735253555968,1.473571311379097,-3.755507403215832,-1.0102068166357452,b
安芙兰资本【芜湖安芙兰科技投资基金】（领投）,安芙兰资本【芜湖安芙兰科技投资基金合伙企业（有限合伙）】（领投）,北京安芙兰投资,北京安芙兰投资中心（有限合伙）,北京安芙兰资本,北京安芙兰创业投资有限公司,芜湖安芙兰科技投资基金,芜湖安芙兰科技投资基金合伙企业（有限合伙）,雨甜医疗,马鞍山雨甜医疗科技有限公司,医疗健康，医疗设备，医疗检测，医疗器械,生物技术/医疗健康|其他生物技术/医疗健康,中国|安徽省|马鞍山市|雨山区,成长资本,扩张期,2021-11-18,RMB,--,--,--,5.00,A,周伟丽,400.00,62.82,--,制造业|医药制造业|卫生材料及医药用品制造,社会服务业|卫生、保健、护理服务业,--,2021.xls,0,2021,安徽省,制造业,医药制造业,0.5144735253555968,1.473571311379097,-3.755507403215832,-1.0102068166357452,b
雅惠投资【雅惠Ⅳ期】（领投）,北京雅惠资产管理有限公司【北京雅惠锦霖创业投资合伙企业（有限合伙）】（领投）,雅惠投资,北京雅惠资产管理有限公司,--,--,雅惠Ⅳ期,北京雅惠锦霖创业投资合伙企业（有限合伙）,康景生物,上海康景生物医药科技有限公司,医疗健康，药物研发，医药,生物技术/医疗健康|医药,中国|上海市|浦东新区,成长资本,扩张期,2021-11-18,RMB,30.00,30.00,4.70,10.43,A,李天奇,357.78,56.08,--,制造业|医药制造业,制造业|医药、生物制品,--,2021.xls,0,2021,上海市,制造业,医药制造业,0.5144735253555968,1.473571311379097,-3.755507403215832,-1.0102068166357452,b
安徽投资集团【三重一创产业发展基金】,安徽省投资集团控股有限公司【安徽省三重一创产业发展基金有限公司】,安徽省高新投,安徽省高新技术产业投资有限公司,安徽投资集团,安徽省投资集团控股有限公司,三重一创产业发展基金,安徽省三重一创产业发展基金有限公司,硕佰医药,北京硕佰医药科技有限责任公司,医疗健康，企业服务，医药，创新药，化工,生物技术/医疗健康|医药|生物制药,中国|北京市|通州区,创业投资,扩张期,2021-11-17,RMB,100.00,100.00,15.64,6.25,A,--,--,--,--,制造业|医药制造业|生物、生化制品的制造,制造业|医药、生物制品|生物制品业|生物药品制造业,--,2021.xls,1,2021,北京市,制造业,医药制造业,0.5144735253555968,1.473571311379097,-3.755507403215832,-1.0102068166357452,b
国新基金【国新科创基金（二期）】,中国国新基金管理有限公司【苏州国新科创二期股权投资基金合伙企业（有限合伙）】,国新科创（杭州）投资,国新科创（杭州）股权投资有限公司,国新基金,中国国新基金管理有限公司,国新科创基金（二期）,苏州国新科创二期股权投资基金合伙企业（有限合伙）,韬略生物,苏州韬略生物科技股份有限公司,医疗健康，医药，靶向药，创新药,生物技术/医疗健康|医药,中国|江苏省|苏州市,成长资本,扩张期,2021-02-23,RMB,--,--,--,2.81,Pre-IPO,--,"2,985.99",462.49,--,制造业|医药制造业,制造业|医药、生物制品,--,2021.xls,0,2021,江苏省,制造业,医药制造业,0.5144735253555968,1.473571311379097,-3.755507403215832,-1.0102068166357452,b
元生创投【北京市元生天使创业投资】（领投）,苏州工业园区元生创业投资管理有限公司【北京市元生天使创业投资合伙企业（有限合伙）】（领投）,元生私募基金,苏州元生私募基金管理合伙企业（有限合伙）,元生创投,苏州工业园区元生创业投资管理有限公司,北京市元生天使创业投资,北京市元生天使创业投资合伙企业（有限合伙）,源景泰科,北京源景泰科生物科技有限公司,医疗健康，分子诊断,生物技术/医疗健康|生物工程,中国|北京市|通州区,创业投资,扩张期,2021-12-15,RMB,--,--,--,9.63,Pre-A,林艺,200.00,31.38,--,制造业|医药制造业|生物、生化制品的制造,制造业|医药、生物制品|生物制品业|其他生物制品业,--,2021.xls,0,2021,北京市,制造业,医药制造业,0.5144735253555968,1.473571311379097,-3.755507403215832,-1.0102068166357452,b
君联资本【君联医疗人民币三期】（领投）,君联资本管理股份有限公司【北京君联惠康股权投资合伙企业（有限合伙）】（领投）,君联资本,君联资本管理股份有限公司,--,--,君联医疗人民币三期,北京君联惠康股权投资合伙企业（有限合伙）,佰翱得,无锡佰翱得生物科学股份有限公司,医疗健康，医药，创新药，药物研发，药品生产,生物技术/医疗健康|医药,中国|江苏省|无锡市|惠山区,成长资本,成熟期,2021-10-25,RMB,--,--,--,--,B,汪剑飞,--,--,--,制造业|医药制造业,制造业|医药、生物制品,--,2021.xls,0,2021,江苏省,制造业,医药制造业,0.5144735253555968,1.473571311379097,-3.755507403215832,-1.0102068166357452,b
成都融汇大通投资【四川天河生物医药产业创业投资基金】,成都融汇大通股权投资基金管理有限公司【四川天河生物医药产业创业投资基金合伙企业（有限合伙）】,成都融汇大通投资,成都融汇大通股权投资基金管理有限公司,--,--,四川天河生物医药产业创业投资基金,四川天河生物医药产业创业投资基金合伙企业（有限合伙）,中科奥格,成都中科奥格生物科技有限公司,医疗健康，农业，医疗器械,生物技术/医疗健康|其他生物技术/医疗健康,中国|四川省|成都市|武侯区,天使投资,初创期,2020-12-30,RMB,--,--,--,5.23,Pre-A,--,--,--,--,制造业|医药制造业|卫生材料及医药用品制造,社会服务业|卫生、保健、护理服务业,--,2020.xls,1,2020,四川省,制造业,医药制造业,0.5144735253555968,1.473571311379097,-3.755507403215832,-1.0102068166357452,b
国投创新【先进制造产业投资基金二期】（领投）,国投创新投资管理有限公司【先进制造产业投资基金二期（有限合伙）】（领投）,国投招商,国投招商投资管理有限公司,国投创新,国投创新投资管理有限公司,先进制造产业投资基金二期,先进制造产业投资基金二期（有限合伙）,征祥医药,南京征祥医药有限公司,医疗健康，医药，药物研发,生物技术/医疗健康|医药,中国|江苏省|南京市|浦口区,并购投资,初创期,2021-06-06,RMB,--,--,--,21.43,A+,易华,664.80,103.76,--,制造业|医药制造业,制造业|医药、生物制品,--,2021.xls,1,2021,江苏省,制造业,医药制造业,0.5144735253555968,1.473571311379097,-3.755507403215832,-1.0102068166357452,b
国投创益【央企乡村产业投资基金】,国投创益产业基金管理有限公司【中央企业乡村产业投资基金股份有限公司】,国投创益,国投创益产业基金管理有限公司,--,--,央企乡村产业投资基金,中央企业乡村产业投资基金股份有限公司,海金格,北京海金格医药科技股份有限公司,医疗健康，医药，药物外包，医疗器械，医药研发外包CRO,生物技术/医疗健康|医药,中国|北京市|丰台区,成长资本,成熟期,2021-12-14,RMB,--,--,--,1.89,C+,李凯,"1,589.83",249.68,--,制造业|医药制造业,制造业|医药、生物制品,全国中小企业股份转让系统(新三板),2021.xls,1,2021,北京市,制造业,医药制造业,0.5144735253555968,1.473571311379097,-3.755507403215832,-1.0102068166357452,b
巢生资本【巢生基金】,巢生资本【杭州巢生股权投资基金合伙企业（有限合伙）】,巢生投资,杭州巢生投资管理有限公司,巢生资本,巢生资本,巢生基金,杭州巢生股权投资基金合伙企业（有限合伙）,迪赢生物,上海迪赢生物科技有限公司,医疗健康，体外诊断，技术研发，自动化，化工，生物制药，医疗检测,生物技术/医疗健康|生物工程,中国|上海市|青浦区,成长资本,扩张期,2021-06-05,RMB,15.00,15.00,2.11,--,A,周悦欣,--,--,--,制造业|医药制造业|生物、生化制品的制造,制造业|医药、生物制品|生物制品业|其他生物制品业,--,2021.xls,0,2021,上海市,制造业,医药制造业,0.5144735253555968,1.473571311379097,-3.755507403215832,-1.0102068166357452,b
川创投【四川省科技成果转化股权投资基金】,四川创新发展投资管理有限公司【四川省科技成果转化股权投资基金合伙企业（有限合伙）】,川创投,四川创新发展投资管理有限公司,--,--,四川省科技成果转化股权投资基金,四川省科技成果转化股权投资基金合伙企业（有限合伙）,华健未来,成都华健未来科技有限公司,医疗健康，医药，创新药，生产制造，药物研发，药品生产,生物技术/医疗健康|医药|化学药品原药制造业,中国|四川省|成都市|温江区,创业投资,扩张期,2021-06-02,RMB,--,--,--,1.77,B,陈国军,"1,694.92",265.77,--,制造业|医药制造业|化学药品原药制造,制造业|医药、生物制品|医药制造业|化学药品原药制造业,--,2021.xls,1,2021,四川省,制造业,医药制造业,0.5144735253555968,1.473571311379097,-3.755507403215832,-1.0102068166357452,b
凯泰资本【杭州凯泰宏德创业投资】（领投）,杭州凯泰资本管理有限公司【杭州凯泰宏德创业投资合伙企业（有限合伙）】（领投）,凯泰资本,杭州凯泰资本管理有限公司,--,--,杭州凯泰宏德创业投资,杭州凯泰宏德创业投资合伙企业（有限合伙）,欣贝莱,嘉兴欣贝莱生物科技有限公司,医疗健康，大数据，大数据挖掘，数据分析,生物技术/医疗健康|生物工程,中国|浙江省|嘉兴市|南湖区,天使投资,扩张期,2021-09-30,RMB,7.29,7.29,1.12,10.35,Pre-A,--,70.42,10.86,--,制造业|医药制造业|生物、生化制品的制造,制造业|医药、生物制品|生物制品业|其他生物制品业,--,2021.xls,0,2021,浙江省,制造业,医药制造业,0.5144735253555968,1.473571311379097,-3.755507403215832,-1.0102068166357452,b
前海万容红土投资【万容红土基金】,深圳市前海万容红土投资管理有限公司【深圳市前海万容红土投资基金（有限合伙）】,前海万容红土投资,深圳市前海万容红土投资管理有限公司,--,--,万容红土基金,深圳市前海万容红土投资基金（有限合伙）,英派药业,南京英派药业有限公司,医疗健康，医药，靶向药，药物研发,生物技术/医疗健康|医药|生物制药,中国|江苏省|南京市,成长资本,成熟期,2020-11-30,USD,1.33,8.75,1.33,--,C+,--,--,--,--,制造业|医药制造业|生物、生化制品的制造,制造业|医药、生物制品|生物制品业|生物药品制造业,--,2020.xls,0,2020,江苏省,制造业,医药制造业,0.5144735253555968,1.473571311379097,-3.755507403215832,-1.0102068166357452,b
水木创投【水木领航基金】（领投）,北京水木国鼎投资管理有限公司【北京水木领航创业投资中心（有限合伙）】（领投）,水木华鼎,北京水木华鼎创业投资管理有限公司,水木创投,北京水木国鼎投资管理有限公司,水木领航基金,北京水木领航创业投资中心（有限合伙）,普译生物,北京普译生物科技有限公司,医疗健康，基因测序,生物技术/医疗健康|生物工程,中国|北京市|大兴区,天使投资,种子期,2021-12-13,RMB,--,--,--,9.00,天使轮,吴勇,300.00,47.06,--,制造业|医药制造业|生物、生化制品的制造,制造业|医药、生物制品|生物制品业|其他生物制品业,--,2021.xls,0,2021,北京市,制造业,医药制造业,0.5144735253555968,1.473571311379097,-3.755507403215832,-1.0102068166357452,b
中信资本【深圳思齐资本信息技术私募创业投资基金】,中信资本控股有限公司【深圳思齐资本信息技术私募创业投资基金企业（有限合伙）】,深圳信科投资,深圳市信科基金管理合伙企业（有限合伙）,中信资本,中信资本控股有限公司,深圳思齐资本信息技术私募创业投资基金,深圳思齐资本信息技术私募创业投资基金企业（有限合伙）,易迈医疗科技,北京易迈医疗科技有限公司,医疗健康，医疗服务，医疗设备，生产制造，医疗器械，数字医疗，医疗分析仪器,生物技术/医疗健康|其他生物技术/医疗健康,中国|北京市|海淀区,创业投资,扩张期,2021-10-01,RMB,--,--,--,6.25,A,张懿宸,160.00,25.14,--,制造业|医药制造业|卫生材料及医药用品制造,社会服务业|卫生、保健、护理服务业,--,2021.xls,0,2021,北京市,制造业,医药制造业,0.5144735253555968,1.473571311379097,-3.755507403215832,-1.0102068166357452,b
嘉富诚【漳州市百年鑫投股权投资】,北京嘉富诚资产管理有限公司【漳州市百年鑫投股权投资合伙企业（有限合伙）】,嘉富诚,北京嘉富诚资产管理有限公司,--,--,漳州市百年鑫投股权投资,漳州市百年鑫投股权投资合伙企业（有限合伙）,伊诺其尼,贵州伊诺其尼科技有限公司,医疗健康，靶向药，生物制药，医药，药物研发,生物技术/医疗健康|医药,中国|贵州省|贵阳市|南明区,创业投资,扩张期,2021-12-10,RMB,4.67,4.67,0.73,9.80,A,颜捷,47.62,7.48,--,制造业|医药制造业,制造业|医药、生物制品,--,2021.xls,0,2021,贵州省,制造业,医药制造业,0.5144735253555968,1.473571311379097,-3.755507403215832,-1.0102068166357452,b
弘晖基金【弘晖资本人民币基金III期】,江苏弘晖股权投资管理有限公司【福州泰弘景晖股权投资合伙企业（有限合伙）】,上海合弘景晖投资,上海合弘景晖股权投资管理有限公司,弘晖基金,江苏弘晖股权投资管理有限公司,弘晖资本人民币基金III期,福州泰弘景晖股权投资合伙企业（有限合伙）,清辉联诺,北京清辉联诺生物科技有限责任公司,企业服务，医疗健康,生物技术/医疗健康|其他生物技术/医疗健康,中国|北京市|海淀区,创业投资,扩张期,2021-10-01,RMB,--,--,--,--,Pre-A,王晖,--,--,--,制造业|医药制造业|卫生材料及医药用品制造,社会服务业|卫生、保健、护理服务业,--,2021.xls,0,2021,北京市,制造业,医药制造业,0.5144735253555968,1.473571311379097,-3.755507403215832,-1.0102068166357452,b
元生创投【元生创投三期人民币基金】（领投）,苏州工业园区元生创业投资管理有限公司【苏州工业园区新建元三期创业投资企业（有限合伙）】（领投）,元生私募基金,苏州元生私募基金管理合伙企业（有限合伙）,元生创投,苏州工业园区元生创业投资管理有限公司,元生创投三期人民币基金,苏州工业园区新建元三期创业投资企业（有限合伙）,唯思尔康,苏州唯思尔康科技有限公司,医疗健康，药物研发，创新药,生物技术/医疗健康|医药,中国|江苏省|苏州市|吴中区,创业投资,种子期,2021-10-11,RMB,--,--,--,6.00,天使轮,--,250.00,38.74,--,制造业|医药制造业,制造业|医药、生物制品,--,2021.xls,0,2021,江苏省,制造业,医药制造业,0.5144735253555968,1.473571311379097,-3.755507403215832,-1.0102068166357452,b
联新资本【上海联新三期创业投资】,上海联新投资管理有限公司【上海联新三期创业投资中心（有限合伙）】,联一投资,上海联新资本管理有限公司,联新资本,上海联新投资管理有限公司,上海联新三期创业投资,上海联新三期创业投资中心（有限合伙）,艾益动物药品,苏州艾益动物药品有限公司,医疗健康，医药,生物技术/医疗健康|医药|生物制药,中国|江苏省|苏州市|吴中区,成长资本,扩张期,2021-10-12,RMB,--,--,--,2.42,B+,吴宗鹤,330.58,51.29,--,制造业|医药制造业|生物、生化制品的制造,制造业|医药、生物制品|生物制品业|生物药品制造业,--,2021.xls,0,2021,江苏省,制造业,医药制造业,0.5144735253555968,1.473571311379097,-3.755507403215832,-1.0102068166357452,b
杏泽资本【杏泽三禾基金】,上海杏泽投资管理有限公司【上海杏泽三禾创业投资合伙企业（有限合伙）】,杏泽资本,上海杏泽投资管理有限公司,--,--,杏泽三禾基金,上海杏泽三禾创业投资合伙企业（有限合伙）,齐禾生科,苏州齐禾生科生物科技有限公司,医疗健康，基因编辑,生物技术/医疗健康|生物工程,中国|江苏省|苏州市|吴中区,天使投资,种子期,2021-10-12,RMB,--,--,--,25.00,种子轮,强静,520.00,80.69,--,制造业|医药制造业|生物、生化制品的制造,制造业|医药、生物制品|生物制品业|其他生物制品业,--,2021.xls,0,2021,江苏省,制造业,医药制造业,0.5144735253555968,1.473571311379097,-3.755507403215832,-1.0102068166357452,b
元生创投【元生创投三期人民币基金】（领投）,苏州工业园区元生创业投资管理有限公司【苏州工业园区新建元三期创业投资企业（有限合伙）】（领投）,元生私募基金,苏州元生私募基金管理合伙企业（有限合伙）,元生创投,苏州工业园区元生创业投资管理有限公司,元生创投三期人民币基金,苏州工业园区新建元三期创业投资企业（有限合伙）,霍德生物,浙江霍德生物工程有限公司,医疗健康，医药，再生医学，干细胞，药物研发,生物技术/医疗健康|生物工程,中国|浙江省|杭州市|萧山区,成长资本,扩张期,2021-05-28,RMB,--,--,--,8.06,A+,陈杰,--,--,--,制造业|医药制造业|生物、生化制品的制造,制造业|医药、生物制品|生物制品业|其他生物制品业,--,2021.xls,0,2021,浙江省,制造业,医药制造业,0.5144735253555968,1.473571311379097,-3.755507403215832,-1.0102068166357452,b
分享投资【分享择善医疗创投基金】,深圳市分享成长投资管理有限公司【深圳市分享择善精准医疗创业投资合伙企业（有限合伙）】,分享投资,深圳市分享成长投资管理有限公司,--,--,分享择善医疗创投基金,深圳市分享择善精准医疗创业投资合伙企业（有限合伙）,康源久远,深圳康源久远生物技术有限公司,医疗健康，医药，创新药，药物研发，药品生产，生物药,生物技术/医疗健康|医药,中国|广东省|深圳市,创业投资,初创期,2021-05-28,RMB,--,--,--,5.36,A,吴彦君,--,--,--,制造业|医药制造业,制造业|医药、生物制品,--,2021.xls,0,2021,广东省,制造业,医药制造业,0.5144735253555968,1.473571311379097,-3.755507403215832,-1.0102068166357452,b
联想创投【联想智能互联网创新基金】（领投）,联想创投集团【北京联想智能互联网创新基金合伙企业（有限合伙）】（领投）,联想创新投资,联想创新（北京）投资管理有限公司,联想创投,联想创投集团,联想智能互联网创新基金,北京联想智能互联网创新基金合伙企业（有限合伙）,中科睿医,北京中科睿医信息科技有限公司,医疗健康，医疗服务，通用类企业服务，基础设施建设，脑科学,生物技术/医疗健康|其他生物技术/医疗健康,中国|北京市|海淀区,天使投资,种子期,2021-06-07,USD,--,--,--,--,天使轮,--,--,--,--,制造业|医药制造业|卫生材料及医药用品制造,社会服务业|卫生、保健、护理服务业,--,2021.xls,0,2021,北京市,制造业,医药制造业,0.5144735253555968,1.473571311379097,-3.755507403215832,-1.0102068166357452,b
倚锋创投【杭州向康倚锋创业投资】,深圳市倚锋创业投资有限公司【杭州向康倚锋创业投资合伙企业（有限合伙）】,倚锋资本,深圳市倚锋投资管理企业（有限合伙）,倚锋创投,深圳市倚锋创业投资有限公司,杭州向康倚锋创业投资,杭州向康倚锋创业投资合伙企业（有限合伙）,安道药业,杭州安道药业有限公司,医疗健康，医药,生物技术/医疗健康|医药,中国|浙江省|杭州市|余杭区,成长资本,扩张期,2021-12-08,USD,--,--,--,0.55,B,朱晋桥,--,--,--,制造业|医药制造业,制造业|医药、生物制品,--,2021.xls,0,2021,浙江省,制造业,医药制造业,0.5144735253555968,1.473571311379097,-3.755507403215832,-1.0102068166357452,b
深创投【深圳市红土一号私募股权投资基金】,深圳市创新投资集团有限公司【深圳市红土一号私募股权投资基金合伙企业（有限合伙）】,深创投红土股权投资,深创投红土私募股权投资基金管理（深圳）有限公司,深创投,深圳市创新投资集团有限公司,深圳市红土一号私募股权投资基金,深圳市红土一号私募股权投资基金合伙企业（有限合伙）,迪赛诺,上海迪赛诺医药集团股份有限公司,医疗健康，医药,生物技术/医疗健康|医药|化学药品原药制造业,中国|上海市|浦东新区,创业投资,成熟期,2021-06-08,RMB,60.00,60.00,9.39,--,A+,--,--,--,--,制造业|医药制造业|化学药品原药制造,制造业|医药、生物制品|医药制造业|化学药品原药制造业,--,2021.xls,0,2021,上海市,制造业,医药制造业,0.5144735253555968,1.473571311379097,-3.755507403215832,-1.0102068166357452,b
张江科创【上海张科禾润生物医药创业投资】,上海张江科技创业投资有限公司【上海张科禾润生物医药创业投资合伙企业（有限合伙）】,张江科创,上海张江科技创业投资有限公司,--,--,上海张科禾润生物医药创业投资,上海张科禾润生物医药创业投资合伙企业（有限合伙）,奥全生物,上海奥全生物医药科技有限公司,医疗健康，医药，创新药，药物研发，药品生产，生物制药，生物药,生物技术/医疗健康|医药,中国|上海市|浦东新区,成长资本,初创期,2021-06-15,RMB,--,--,--,--,A,--,--,--,--,制造业|医药制造业,制造业|医药、生物制品,--,2021.xls,0,2021,上海市,制造业,医药制造业,0.5144735253555968,1.473571311379097,-3.755507403215832,-1.0102068166357452,b
天创资本【天津滨海天创同鑫创业投资】（领投）,天津创业投资管理有限公司【天津滨海天创同鑫创业投资合伙企业（有限合伙）】（领投）,天创资本,天津创业投资管理有限公司,--,--,天津滨海天创同鑫创业投资,天津滨海天创同鑫创业投资合伙企业（有限合伙）,全和诚,天津全和诚科技有限责任公司,医疗健康，医药，生产制造，医药生产外包CMO/CDMO,生物技术/医疗健康|医药,中国|天津市|滨海新区,成长资本,成熟期,2021-09-29,RMB,--,--,--,5.53,A,--,--,--,--,制造业|医药制造业,制造业|医药、生物制品,--,2021.xls,0,2021,天津市,制造业,医药制造业,0.5144735253555968,1.473571311379097,-3.755507403215832,-1.0102068166357452,b
成都融汇大通投资【四川天河生物医药产业创业投资基金】,成都融汇大通股权投资基金管理有限公司【四川天河生物医药产业创业投资基金合伙企业（有限合伙）】,成都融汇大通投资,成都融汇大通股权投资基金管理有限公司,--,--,四川天河生物医药产业创业投资基金,四川天河生物医药产业创业投资基金合伙企业（有限合伙）,三优康生物,四川三优康生物技术有限公司,兽药，材料，化工，饲料，饲料添加剂，技术研发,生物技术/医疗健康|其他生物技术/医疗健康,中国|四川省|成都市|武侯区,天使投资,种子期,2021-06-24,RMB,--,--,--,--,天使轮,--,--,--,--,制造业|医药制造业|卫生材料及医药用品制造,社会服务业|卫生、保健、护理服务业,--,2021.xls,1,2021,四川省,制造业,医药制造业,0.5144735253555968,1.473571311379097,-3.755507403215832,-1.0102068166357452,b
吉富创投【吉富金谷基金】,吉富创业投资股份有限公司【山东吉富金谷新动能股权投资基金合伙企业（有限合伙）】,山东吉富高新股权投资管理,山东吉富高新股权投资管理有限公司,吉富创投,吉富创业投资股份有限公司,吉富金谷基金,山东吉富金谷新动能股权投资基金合伙企业（有限合伙）,信得科技,山东信得科技股份有限公司,医疗健康，医药，兽药，原料药，生产制造，疫苗,生物技术/医疗健康|医药|动物用药品制造业,中国|山东省|潍坊市,成长资本,成熟期,2021-06-22,RMB,--,--,--,2.78,Pre-IPO,--,"2,877.70",445.37,--,制造业|医药制造业|兽用药品制造,制造业|医药、生物制品|医药制造业|动物用药品制造业,--,2021.xls,0,2021,山东省,制造业,医药制造业,0.5144735253555968,1.473571311379097,-3.755507403215832,-1.0102068166357452,b
蓝湾资本【仙居蓝湾生命健康基金】,蓝湾科创资本集团【仙居蓝湾健康产业投资合伙企业（有限合伙）】,蓝湾创投,南通蓝湾创业投资管理有限公司,蓝湾资本,蓝湾科创资本集团,仙居蓝湾生命健康基金,仙居蓝湾健康产业投资合伙企业（有限合伙）,上海药坦,上海药坦药物研究开发有限公司,医疗健康，代工厂，医药生产外包CMO/CDMO,生物技术/医疗健康|医药,中国|上海市|浦东新区,创业投资,初创期,2021-06-22,RMB,50.00,50.00,7.86,--,天使轮,--,--,--,--,制造业|医药制造业,制造业|医药、生物制品,--,2021.xls,1,2021,上海市,制造业,医药制造业,0.5144735253555968,1.473571311379097,-3.755507403215832,-1.0102068166357452,b
联想之星【联想之星三期人民币基金】,北京联想之星投资管理有限公司【北京星浩创业企业管理中心（有限合伙）】,北京联想之星未来投资,北京联想之星未来投资管理有限公司,联想之星,北京联想之星投资管理有限公司,联想之星三期人民币基金,北京星浩创业企业管理中心（有限合伙）,启函生物,杭州启函生物科技有限公司,医疗健康，体外诊断，基因编辑,生物技术/医疗健康|生物工程,中国|浙江省|杭州市,成长资本,扩张期,2021-06-21,USD,0.60,3.82,0.60,0.26,A+,--,--,--,--,制造业|医药制造业|生物、生化制品的制造,制造业|医药、生物制品|生物制品业|其他生物制品业,--,2021.xls,0,2021,浙江省,制造业,医药制造业,0.5144735253555968,1.473571311379097,-3.755507403215832,-1.0102068166357452,b
毅达资本【江苏中小企业发展基金】,江苏毅达股权投资基金管理有限公司【江苏中小企业发展基金（有限合伙）】,毅达资本,江苏毅达股权投资基金管理有限公司,--,--,江苏中小企业发展基金,江苏中小企业发展基金（有限合伙）,江山聚源,江苏江山聚源生物技术有限公司,医疗健康,生物技术/医疗健康|其他生物技术/医疗健康,中国|江苏省|泰州市|靖江市,创业投资,扩张期,2021-06-18,RMB,--,--,--,--,A,--,--,--,--,制造业|医药制造业|卫生材料及医药用品制造,社会服务业|卫生、保健、护理服务业,--,2021.xls,0,2021,江苏省,制造业,医药制造业,0.5144735253555968,1.473571311379097,-3.755507403215832,-1.0102068166357452,b
君联资本【君联医疗人民币三期】（领投）,君联资本管理股份有限公司【北京君联惠康股权投资合伙企业（有限合伙）】（领投）,君联资本,君联资本管理股份有限公司,--,--,君联医疗人民币三期,北京君联惠康股权投资合伙企业（有限合伙）,海莱新创,江苏海莱新创医疗科技有限公司,医疗健康，生产制造，医疗服务，医疗器械，免疫疗法,生物技术/医疗健康|生物工程,中国|江苏省|无锡市|惠山区,成长资本,扩张期,2020-11-15,RMB,--,--,--,--,B,周瑔,--,--,--,制造业|医药制造业|生物、生化制品的制造,制造业|医药、生物制品|生物制品业|其他生物制品业,--,2020.xls,0,2020,江苏省,制造业,医药制造业,0.5144735253555968,1.473571311379097,-3.755507403215832,-1.0102068166357452,b
君联资本【君联医疗人民币三期】,君联资本管理股份有限公司【北京君联惠康股权投资合伙企业（有限合伙）】,君联资本,君联资本管理股份有限公司,--,--,君联医疗人民币三期,北京君联惠康股权投资合伙企业（有限合伙）,维卓致远,北京维卓致远医疗科技发展有限责任公司,医疗健康，医疗服务，AI医疗，机器人,生物技术/医疗健康|其他生物技术/医疗健康,中国|北京市|丰台区,成长资本,扩张期,2021-09-30,RMB,--,--,--,5.97,A,--,--,--,--,制造业|医药制造业|卫生材料及医药用品制造,社会服务业|卫生、保健、护理服务业,--,2021.xls,0,2021,北京市,制造业,医药制造业,0.5144735253555968,1.473571311379097,-3.755507403215832,-1.0102068166357452,b
湖南高新创投集团【湖南健康养老基金】,湖南高新创业投资集团有限公司【湖南健康养老产业投资基金企业（有限合伙）】,高新创投健康养老基金,湖南医药发展私募基金管理有限公司,湖南高新创投集团,湖南高新创业投资集团有限公司,湖南健康养老基金,湖南健康养老产业投资基金企业（有限合伙）,普瑞金,深圳普瑞金生物药业股份有限公司,医疗健康，医药，医疗服务，生物药，生物制药，药品生产，药物研发，免疫疗法,生物技术/医疗健康|生物工程,中国|广东省|深圳市,成长资本,扩张期,2020-11-16,RMB,7.00,7.00,1.06,--,B,--,--,--,--,制造业|医药制造业|生物、生化制品的制造,制造业|医药、生物制品|生物制品业|其他生物制品业,全国中小企业股份转让系统(新三板),2020.xls,1,2020,广东省,制造业,医药制造业,0.5144735253555968,1.473571311379097,-3.755507403215832,-1.0102068166357452,b
前海方舟【中原前海母基金】,前海方舟资产管理有限公司【中原前海股权投资基金（有限合伙）】,前海方舟,前海方舟资产管理有限公司,--,--,中原前海母基金,中原前海股权投资基金（有限合伙）,森朗生物,河北森朗生物科技有限公司,医疗健康，体外诊断，免疫疗法,生物技术/医疗健康|医药,中国|河北省|石家庄市,成长资本,扩张期,2021-12-15,RMB,--,--,--,6.91,C,陈文正,--,--,--,制造业|医药制造业,制造业|医药、生物制品,--,2021.xls,0,2021,河北省,制造业,医药制造业,0.5144735253555968,1.473571311379097,-3.755507403215832,-1.0102068166357452,b
上实资本【上海上实生物医药创业投资】,上海上实资本管理有限公司【上海上实生物医药创业投资合伙企业（有限合伙）】,上实资本,上海上实资本管理有限公司,--,--,上海上实生物医药创业投资,上海上实生物医药创业投资合伙企业（有限合伙）,柏全生物,上海柏全生物科技有限公司,医疗健康，免疫疗法,生物技术/医疗健康|生物工程,中国|上海市|奉贤区,创业投资,种子期,2021-09-30,RMB,--,--,--,17.62,天使轮,--,210.08,32.39,--,制造业|医药制造业|生物、生化制品的制造,制造业|医药、生物制品|生物制品业|其他生物制品业,--,2021.xls,0,2021,上海市,制造业,医药制造业,0.5144735253555968,1.473571311379097,-3.755507403215832,-1.0102068166357452,b
仙瞳资本【深圳仙瞳顺创生物医疗天使投资】,深圳仙瞳资本管理有限公司【深圳仙瞳顺创生物医疗天使投资合伙企业（有限合伙）】,仙瞳资本,深圳仙瞳资本管理有限公司,--,--,深圳仙瞳顺创生物医疗天使投资,深圳仙瞳顺创生物医疗天使投资合伙企业（有限合伙）,锐明新药,苏州锐明新药研发有限公司,医疗健康，医药，药物研发，创新药，生物药,生物技术/医疗健康|医药,中国|江苏省|苏州市,创业投资,初创期,2020-11-20,RMB,3.00,3.00,0.46,--,A,刘牧龙,111.17,16.97,--,制造业|医药制造业,制造业|医药、生物制品,--,2020.xls,0,2020,江苏省,制造业,医药制造业,0.5144735253555968,1.473571311379097,-3.755507403215832,-1.0102068166357452,b
华方资本【武汉华方健民医潮投资基金】,浙江华方资产管理有限公司【武汉华方健民医潮投资合伙企业（有限合伙）】,华方乐章投资,武汉华方乐章投资管理有限公司,华方资本,浙江华方资产管理有限公司,武汉华方健民医潮投资基金,武汉华方健民医潮投资合伙企业（有限合伙）,宏中药业,湖北宏中药业股份有限公司,医疗健康，医药，兽药，生产制造，药物研发，原料药,生物技术/医疗健康|医药|化学药品原药制造业,中国|湖北省|黄冈市,新三板定增,成熟期,2020-11-23,RMB,5.00,5.00,0.76,3.10,新三板定增,--,161.13,24.49,--,制造业|医药制造业|化学药品原药制造,制造业|医药、生物制品|医药制造业|化学药品原药制造业,全国中小企业股份转让系统(新三板),2020.xls,0,2020,湖北省,制造业,医药制造业,0.5144735253555968,1.473571311379097,-3.755507403215832,-1.0102068166357452,b
金阖资本【苏州金阖二期股权投资】,广州金垣坤通股权投资管理有限公司【苏州金阖二期股权投资合伙企业（有限合伙）】,金阖资本,广州金垣坤通股权投资管理有限公司,--,--,苏州金阖二期股权投资,苏州金阖二期股权投资合伙企业（有限合伙）,默乐生物,江苏默乐生物科技股份有限公司,医疗健康，医药，医疗设备，体外诊断，生产制造，诊断试剂，医疗服务，分子诊断，医疗器械,生物技术/医疗健康|医药,中国|江苏省|泰州市,成长资本,成熟期,2020-11-23,RMB,--,--,--,6.21,其他,--,--,--,--,制造业|医药制造业,制造业|医药、生物制品,全国中小企业股份转让系统(新三板),2020.xls,0,2020,江苏省,制造业,医药制造业,0.5144735253555968,1.473571311379097,-3.755507403215832,-1.0102068166357452,b
贵阳御信【贵阳南明区大健康及特色食品产业引导基金】,贵阳御信私募基金管理有限公司【贵阳南明大健康及特色食品产业引导投资基金（有限合伙）】,贵阳御信,贵阳御信私募基金管理有限公司,--,--,贵阳南明区大健康及特色食品产业引导基金,贵阳南明大健康及特色食品产业引导投资基金（有限合伙）,中科分子生物,贵州中科分子生物有限公司,医疗健康，汽车交通，生活消费品，危险化学品，农产品，农副产品，茶叶品牌，化妆品品牌，酒水饮料，食品饮料，专营零售，互联网，药品生产，医疗器械，消费生活,生物技术/医疗健康|医药,中国|贵州省|贵阳市|南明区,天使投资,种子期,2021-09-30,RMB,--,--,--,49.00,天使轮,--,--,--,--,制造业|医药制造业,制造业|医药、生物制品,--,2021.xls,1,2021,贵州省,制造业,医药制造业,0.5144735253555968,1.473571311379097,-3.755507403215832,-1.0102068166357452,b
华宸资本【华宸财金创投基金】,山东华宸股权投资管理有限公司【山东华宸财金新动能创业投资合伙企业（有限合伙）】,华宸资本,山东华宸股权投资管理有限公司,--,--,华宸财金创投基金,山东华宸财金新动能创业投资合伙企业（有限合伙）,舜丰生物,山东舜丰生物科技有限公司,医疗健康，基因编辑,生物技术/医疗健康|生物工程,中国|山东省|济南市|历城区,创业投资,扩张期,2021-09-30,RMB,30.00,30.00,4.63,--,A,--,--,--,--,制造业|医药制造业|生物、生化制品的制造,制造业|医药、生物制品|生物制品业|其他生物制品业,--,2021.xls,0,2021,山东省,制造业,医药制造业,0.5144735253555968,1.473571311379097,-3.755507403215832,-1.0102068166357452,b
中鼎开源【河南科技风投基金】,中鼎开源创业投资管理有限公司【河南省中原科创风险投资基金（有限合伙）】,中鼎开源,中鼎开源创业投资管理有限公司,--,--,河南科技风投基金,河南省中原科创风险投资基金（有限合伙）,侨创生命,河南侨创生命科技有限公司,干细胞，医疗服务，健康管理,生物技术/医疗健康|其他生物技术/医疗健康,中国|河南省|郑州市|中原区,创业投资,扩张期,2021-10-25,--,--,--,--,16.67,A,--,--,--,--,制造业|医药制造业|卫生材料及医药用品制造,社会服务业|卫生、保健、护理服务业,--,2021.xls,1,2021,河南省,制造业,医药制造业,0.5144735253555968,1.473571311379097,-3.755507403215832,-1.0102068166357452,b
浙商创投【杭州启真未来创新基金】（领投）,浙商创投股份有限公司【杭州启真未来创新股权投资合伙企业（有限合伙）】（领投）,浙商创投,浙商创投股份有限公司,--,--,杭州启真未来创新基金,杭州启真未来创新股权投资合伙企业（有限合伙）,狄赛生物,浙江狄赛生物科技有限公司,医疗健康，医疗器械，生物材料,生物技术/医疗健康|医药,中国|浙江省|杭州市,天使投资,扩张期,2021-10-13,RMB,--,--,--,8.82,天使轮,游向东,--,--,--,制造业|医药制造业,制造业|医药、生物制品,--,2021.xls,0,2021,浙江省,制造业,医药制造业,0.5144735253555968,1.473571311379097,-3.755507403215832,-1.0102068166357452,b
东方富海【深圳南山中小企业发展基金】,深圳市东方富海投资管理股份有限公司【中小企业发展基金（深圳南山有限合伙）】,富海中小企业发展基金,深圳市富海中小企业发展基金股权投资管理有限公司,东方富海,深圳市东方富海投资管理股份有限公司,深圳南山中小企业发展基金,中小企业发展基金（深圳南山有限合伙）,品峰医疗,上海品峰医疗科技有限公司,医疗健康，体外诊断，医疗服务,生物技术/医疗健康|生物工程,中国|上海市|闵行区,成长资本,初创期,2021-10-14,RMB,30.00,30.00,4.15,2.14,A,肖群,"1,400.00",218.51,--,制造业|医药制造业|生物、生化制品的制造,制造业|医药、生物制品|生物制品业|其他生物制品业,--,2021.xls,0,2021,上海市,制造业,医药制造业,0.5144735253555968,1.473571311379097,-3.755507403215832,-1.0102068166357452,b
国科投资【国科瑞华三期】,中国科技产业投资管理有限公司【深圳市国科瑞华三期股权投资基金合伙企业（有限合伙）】,国科投资,中国科技产业投资管理有限公司,--,--,国科瑞华三期,深圳市国科瑞华三期股权投资基金合伙企业（有限合伙）,乾晖生物,广东乾晖生物科技有限公司,医疗健康，医疗服务，医疗器械，医疗检测,生物技术/医疗健康|其他生物技术/医疗健康,中国|广东省|深圳市|宝安区,成长资本,成熟期,2021-10-21,RMB,--,--,--,10.96,A,殷雷,411.90,60.70,--,制造业|医药制造业|卫生材料及医药用品制造,社会服务业|卫生、保健、护理服务业,--,2021.xls,0,2021,广东省,制造业,医药制造业,0.5144735253555968,1.473571311379097,-3.755507403215832,-1.0102068166357452,b
诚通基金【中国国有企业结构调整基金】（领投）,诚通基金管理有限公司【中国国有企业结构调整基金股份有限公司】（领投）,诚通基金,诚通基金管理有限公司,--,--,中国国有企业结构调整基金,中国国有企业结构调整基金股份有限公司,复诺健生物,深圳复诺健生物科技有限公司,医疗健康，医药，生物药，创新药，药物研发，免疫疗法,生物技术/医疗健康|医药,中国|广东省|深圳市,成长资本,扩张期,2021-05-07,USD,--,--,--,--,D,--,--,--,--,制造业|医药制造业,制造业|医药、生物制品,--,2021.xls,1,2021,广东省,制造业,医药制造业,0.5144735253555968,1.473571311379097,-3.755507403215832,-1.0102068166357452,b
深高新投【深圳市人才创新创业二号股权投资基金】,深圳市高新投集团有限公司【深圳市人才创新创业二号股权投资基金合伙企业（有限合伙）】,深圳高新投人才投资,深圳市高新投人才股权投资基金管理有限公司,深高新投,深圳市高新投集团有限公司,深圳市人才创新创业二号股权投资基金,深圳市人才创新创业二号股权投资基金合伙企业（有限合伙）,阿尔法分子,深圳阿尔法分子科技有限责任公司,医疗健康，人工智能，医药，创新药，药物研发，AI医疗，生物药,生物技术/医疗健康|医药,中国|广东省|深圳市,战略投资,种子期,2021-05-06,RMB,--,--,--,1.30,天使轮,--,--,--,--,制造业|医药制造业,制造业|医药、生物制品,--,2021.xls,0,2021,广东省,制造业,医药制造业,0.5144735253555968,1.473571311379097,-3.755507403215832,-1.0102068166357452,b
东方富海【深圳南山中小企业发展基金】,深圳市东方富海投资管理股份有限公司【中小企业发展基金（深圳南山有限合伙）】,富海中小企业发展基金,深圳市富海中小企业发展基金股权投资管理有限公司,东方富海,深圳市东方富海投资管理股份有限公司,深圳南山中小企业发展基金,中小企业发展基金（深圳南山有限合伙）,康乐卫士,北京康乐卫士生物技术股份有限公司,医疗健康，医药，生物药，药物研发,生物技术/医疗健康|医药,中国|北京市|大兴区,新三板定增,成熟期,2020-12-25,RMB,15.76,15.76,2.29,0.73,新三板定增,陈玮,"2,145.54",328.26,--,制造业|医药制造业,制造业|医药、生物制品,北京证券交易所，全国中小企业股份转让系统(新三板),2020.xls,0,2020,北京市,制造业,医药制造业,0.5144735253555968,1.473571311379097,-3.755507403215832,-1.0102068166357452,b
金雨茂物【金溧创投基金】,金雨茂物投资管理股份有限公司【南京金溧创业投资合伙企业（有限合伙）】,西藏金缘,西藏金缘投资管理有限公司,金雨茂物,金雨茂物投资管理股份有限公司,金溧创投基金,南京金溧创业投资合伙企业（有限合伙）,近岸蛋白,苏州近岸蛋白质科技股份有限公司,医疗健康，生产制造，生物技术,生物技术/医疗健康|生物工程,中国|江苏省|苏州市|吴江区,创业投资,成熟期,2020-12-25,RMB,6.00,6.00,0.84,1.43,A,许颙良,156.14,23.89,--,制造业|医药制造业|生物、生化制品的制造,制造业|医药、生物制品|生物制品业|其他生物制品业,上海证券交易所科创板,2020.xls,1,2020,江苏省,制造业,医药制造业,0.5144735253555968,1.473571311379097,-3.755507403215832,-1.0102068166357452,b
和达投资【杭州和达新医药创业投资】,杭州和达投资管理有限公司【杭州和达新医药创业投资合伙企业（有限合伙）】,和达投资,杭州和达投资管理有限公司,--,--,杭州和达新医药创业投资,杭州和达新医药创业投资合伙企业（有限合伙）,捷诺飞,杭州捷诺飞生物科技股份有限公司,医疗器械，3D打印，医疗健康，通用类企业服务,生物技术/医疗健康|其他生物技术/医疗健康,中国|浙江省|杭州市,成长资本,扩张期,2021-12-02,RMB,--,--,--,--,D,--,"1,098.90",172.46,--,制造业|医药制造业|卫生材料及医药用品制造,社会服务业|卫生、保健、护理服务业,--,2021.xls,0,2021,浙江省,制造业,医药制造业,0.5144735253555968,1.473571311379097,-3.755507403215832,-1.0102068166357452,b
倚锋创投【杭州向康倚锋创业投资】,深圳市倚锋创业投资有限公司【杭州向康倚锋创业投资合伙企业（有限合伙）】,倚锋资本,深圳市倚锋投资管理企业（有限合伙）,倚锋创投,深圳市倚锋创业投资有限公司,杭州向康倚锋创业投资,杭州向康倚锋创业投资合伙企业（有限合伙）,纽龙生物,杭州纽龙生物科技有限公司,生产制造，分子诊断,生物技术/医疗健康|生物工程,中国|浙江省|杭州市,创业投资,成熟期,2021-10-21,RMB,--,--,--,--,A,--,--,--,--,制造业|医药制造业|生物、生化制品的制造,制造业|医药、生物制品|生物制品业|其他生物制品业,--,2021.xls,0,2021,浙江省,制造业,医药制造业,0.5144735253555968,1.473571311379097,-3.755507403215832,-1.0102068166357452,b
山蓝资本【苏州盛涛医疗基金】,上海山蓝私募基金管理有限公司【苏州盛涛医疗投资合伙企业（有限合伙）】,山蓝资本,上海山蓝私募基金管理有限公司,--,--,苏州盛涛医疗基金,苏州盛涛医疗投资合伙企业（有限合伙）,轶诺药业,上海轶诺药业有限公司,医疗健康，医药，药物研发,生物技术/医疗健康|医药,中国|上海市|浦东新区,创业投资,扩张期,2021-10-22,RMB,--,--,--,2.35,B,--,850.34,133.09,--,制造业|医药制造业,制造业|医药、生物制品,--,2021.xls,0,2021,上海市,制造业,医药制造业,0.5144735253555968,1.473571311379097,-3.755507403215832,-1.0102068166357452,b
盛石资本【长三角产业创新（一期）基金】,上海盛石资本管理有限公司【长三角（上海）产业创新股权投资基金合伙企业（有限合伙）】,盛石资本,上海盛石资本管理有限公司,--,--,长三角产业创新（一期）基金,长三角（上海）产业创新股权投资基金合伙企业（有限合伙）,富祥药业,江西富祥药业股份有限公司,医疗健康，医药，原料药，生产制造，药品生产,生物技术/医疗健康|医药|化学药品制剂制造业,中国|江西省|景德镇市,上市定增,成熟期,2020-12-28,RMB,100.00,100.00,14.07,1.43,上市定增,周道洪,"6,973.26","1,075.52",--,制造业|医药制造业|化学药品制剂制造,制造业|医药、生物制品|医药制造业|化学药品制剂制造业,深圳证券交易所创业板,2020.xls,0,2020,江西省,制造业,医药制造业,0.5144735253555968,1.473571311379097,-3.755507403215832,-1.0102068166357452,b
辰德资本【辰德资本四期人民币基金】,上海甲辰投资有限公司【上海辰均德股权投资合伙企业（有限合伙）】,辰德资本,上海甲辰投资有限公司,--,--,辰德资本四期人民币基金,上海辰均德股权投资合伙企业（有限合伙）,瀚微生物,合肥瀚微生物科技有限公司,药品生产，免疫疗法，健康咨询，生物技术，医疗健康，医疗技术,生物技术/医疗健康|医药|生物制药,中国|安徽省|合肥市|包河区,创业投资,种子期,2021-12-02,RMB,--,--,--,7.91,天使轮,谈庆,126.45,19.85,--,制造业|医药制造业|生物、生化制品的制造,制造业|医药、生物制品|生物制品业|生物药品制造业,--,2021.xls,0,2021,安徽省,制造业,医药制造业,0.5144735253555968,1.473571311379097,-3.755507403215832,-1.0102068166357452,b
合力投资【合嘉泓盛】,上海合之力投资管理有限公司【杭州合嘉泓盛创业投资合伙企业（有限合伙）】,合力投资,上海合之力投资管理有限公司,--,--,合嘉泓盛,杭州合嘉泓盛创业投资合伙企业（有限合伙）,零一生命,深圳零一生命科技有限责任公司,医疗健康，医疗服务，体外诊断，健康管理，基因检测消费级检验，大数据挖掘,生物技术/医疗健康|其他生物技术/医疗健康,中国|广东省|深圳市,创业投资,扩张期,2021-04-30,RMB,--,--,--,0.70,A,--,285.71,44.18,--,制造业|医药制造业|卫生材料及医药用品制造,社会服务业|卫生、保健、护理服务业,--,2021.xls,0,2021,广东省,制造业,医药制造业,0.5144735253555968,1.473571311379097,-3.755507403215832,-1.0102068166357452,b
四川聚信【四川省健康养老产业股权投资基金】,四川聚信发展股权投资基金管理有限公司【四川省健康养老产业股权投资基金合伙企业（有限合伙）】,四川聚信,四川聚信发展股权投资基金管理有限公司,--,--,四川省健康养老产业股权投资基金,四川省健康养老产业股权投资基金合伙企业（有限合伙）,众邦制药,四川众邦新材料股份有限公司,医疗健康，金融，医药，生产制造，药品生产,生物技术/医疗健康|医药,中国|四川省|泸州市|泸县,创业投资,扩张期,2020-12-29,RMB,--,--,--,--,A,--,--,--,--,制造业|医药制造业,制造业|医药、生物制品,--,2020.xls,1,2020,四川省,制造业,医药制造业,0.5144735253555968,1.473571311379097,-3.755507403215832,-1.0102068166357452,b
一村资本【江苏疌泉华杰信诺基金】,一村资本有限公司【江苏疌泉华杰信诺投资企业（有限合伙）】,华熙投资,江苏华熙私募基金管理有限公司,一村资本,一村资本有限公司,江苏疌泉华杰信诺基金,江苏疌泉华杰信诺投资企业（有限合伙）,中宝药业,扬州中宝药业股份有限公司,医疗健康，医药，原料药，生产制造，药物研发，心血管,生物技术/医疗健康|医药,中国|江苏省|扬州市,成长资本,成熟期,2020-12-30,RMB,--,--,--,--,战略投资,--,--,--,--,制造业|医药制造业,制造业|医药、生物制品,全国中小企业股份转让系统(新三板),2020.xls,0,2020,江苏省,制造业,医药制造业,0.5144735253555968,1.473571311379097,-3.755507403215832,-1.0102068166357452,b
普华资本【头头是道基金】,浙江普华天勤股权投资管理有限公司【浙江诸暨头头是道投资合伙企业（有限合伙）】,杭州大头投资,杭州大头投资管理有限公司,普华资本,浙江普华天勤股权投资管理有限公司,头头是道基金,浙江诸暨头头是道投资合伙企业（有限合伙）,瑞芬生物,北京瑞芬生物科技股份有限公司,医疗健康，医药，生产制造，农业,生物技术/医疗健康|医药|中药材及中成药加工业,中国|北京市|海淀区,成长资本,成熟期,2021-10-25,RMB,--,--,--,--,B,沈琴华,--,--,--,制造业|医药制造业|中成药制造,制造业|医药、生物制品|医药制造业|中药材及中成药加工业,全国中小企业股份转让系统(新三板),2021.xls,0,2021,北京市,制造业,医药制造业,0.5144735253555968,1.473571311379097,-3.755507403215832,-1.0102068166357452,b
鼎晖投资【鼎晖创新成长人民币基金二期】（领投）,鼎晖股权投资管理（天津）有限公司【深圳鼎晖新嘉股权投资基金合伙企业（有限合伙）】（领投）,鼎晖投资,鼎晖股权投资管理（天津）有限公司,--,--,鼎晖创新成长人民币基金二期,深圳鼎晖新嘉股权投资基金合伙企业（有限合伙）,泰莱生物,深圳泰莱生物科技有限公司,医疗健康，体外诊断，医药,生物技术/医疗健康|其他生物技术/医疗健康,中国|广东省|深圳市,成长资本,初创期,2020-12-30,RMB,--,--,--,--,A,--,--,--,--,制造业|医药制造业|卫生材料及医药用品制造,社会服务业|卫生、保健、护理服务业,--,2020.xls,0,2020,广东省,制造业,医药制造业,0.5144735253555968,1.473571311379097,-3.755507403215832,-1.0102068166357452,b
元禾控股【原点医疗叁号】（领投）,苏州元禾控股股份有限公司【苏州工业园区元禾原点叁号医疗健康产业投资合伙企业（有限合伙）】（领投）,元禾原点,苏州工业园区元禾原点创业投资管理有限公司,元禾控股,苏州元禾控股股份有限公司,原点医疗叁号,苏州工业园区元禾原点叁号医疗健康产业投资合伙企业（有限合伙）,诚益生物,上海诚益生物科技有限公司,医疗健康，医药，生物药，创新药，生物制药，药物研发,生物技术/医疗健康|医药|生物制药,中国|上海市|浦东新区,成长资本,初创期,2020-12-22,RMB,--,--,--,7.11,B,--,492.98,75.26,--,制造业|医药制造业|生物、生化制品的制造,制造业|医药、生物制品|生物制品业|生物药品制造业,--,2020.xls,0,2020,上海市,制造业,医药制造业,0.5144735253555968,1.473571311379097,-3.755507403215832,-1.0102068166357452,b
远毅资本【远毅人民币二期基金】,宁波远毅投资管理有限公司【苏州远毅睿恒股权投资合伙企业（有限合伙）】,苏州松毅创投,苏州松毅创业投资管理有限公司,远毅资本,宁波远毅投资管理有限公司,远毅人民币二期基金,苏州远毅睿恒股权投资合伙企业（有限合伙）,ALSOLIFE,北京阿叟阿巴科技有限公司,医疗健康，健康咨询,生物技术/医疗健康|其他生物技术/医疗健康,中国|北京市|昌平区,创业投资,扩张期,2021-05-26,RMB,--,--,--,--,A,--,--,--,--,制造业|医药制造业|卫生材料及医药用品制造,社会服务业|卫生、保健、护理服务业,--,2021.xls,0,2021,北京市,制造业,医药制造业,0.5144735253555968,1.473571311379097,-3.755507403215832,-1.0102068166357452,b
苏州乔景【苏州景天医疗基金】,苏州乔景投资管理咨询有限公司【苏州景天医疗投资合伙企业（有限合伙）】,苏州乔景,苏州乔景投资管理咨询有限公司,--,--,苏州景天医疗基金,苏州景天医疗投资合伙企业（有限合伙）,健信生物,上海健信生物医药科技有限公司,医疗健康，医药，生物药，生物制药，药物研发，药品生产，免疫疗法,生物技术/医疗健康|医药|生物制药,中国|上海市|闵行区,创业投资,扩张期,2021-05-08,RMB,5.00,5.00,0.77,1.79,A,黄冰,475.66,73.54,--,制造业|医药制造业|生物、生化制品的制造,制造业|医药、生物制品|生物制品业|生物药品制造业,--,2021.xls,0,2021,上海市,制造业,医药制造业,0.5144735253555968,1.473571311379097,-3.755507403215832,-1.0102068166357452,b
济峰资本【苏州济峰三号股权投资】（领投）,嘉兴济峰股权投资管理有限公司【苏州济峰三号股权投资合伙企业（有限合伙）】（领投）,济峰基金,萍乡济峰私募基金管理合伙企业（有限合伙）,济峰资本,嘉兴济峰股权投资管理有限公司,苏州济峰三号股权投资,苏州济峰三号股权投资合伙企业（有限合伙）,睿笛生物,杭州睿笛生物科技有限公司,医疗健康，免疫疗法，医疗器械,生物技术/医疗健康|其他生物技术/医疗健康,中国|浙江省|杭州市|余杭区,成长资本,扩张期,2021-10-20,RMB,--,--,--,4.35,B,余征坤,"1,150.00",178.61,--,制造业|医药制造业|卫生材料及医药用品制造,社会服务业|卫生、保健、护理服务业,--,2021.xls,0,2021,浙江省,制造业,医药制造业,0.5144735253555968,1.473571311379097,-3.755507403215832,-1.0102068166357452,b
东方富海【深圳南山中小企业发展基金】（领投）,深圳市东方富海投资管理股份有限公司【中小企业发展基金（深圳南山有限合伙）】（领投）,富海中小企业发展基金,深圳市富海中小企业发展基金股权投资管理有限公司,东方富海,深圳市东方富海投资管理股份有限公司,深圳南山中小企业发展基金,中小企业发展基金（深圳南山有限合伙）,茵冠生物,深圳市茵冠生物科技有限公司,医疗健康，生物技术，干细胞，细胞治疗，医药，生物药,生物技术/医疗健康|生物工程,中国|广东省|深圳市|南山区,创业投资,扩张期,2021-10-19,RMB,--,--,--,1.67,A,肖群,600.00,94.05,--,制造业|医药制造业|生物、生化制品的制造,制造业|医药、生物制品|生物制品业|其他生物制品业,--,2021.xls,0,2021,广东省,制造业,医药制造业,0.5144735253555968,1.473571311379097,-3.755507403215832,-1.0102068166357452,b
中关村发展集团【中关村发展启航创新基金】,中关村发展集团股份有限公司【北京中关村发展启航创新投资基金（有限合伙）】,启航投资,北京启航创业投资管理有限公司,中关村发展集团,中关村发展集团股份有限公司,中关村发展启航创新基金,北京中关村发展启航创新投资基金（有限合伙）,华视诺维,北京华视诺维医疗科技有限公司,医疗健康，人工智能，医药，医疗服务，精准医疗，AI医疗,生物技术/医疗健康|医药,中国|北京市|海淀区,天使投资,初创期,2020-12-08,RMB,1.50,1.50,0.23,--,Pre-A,王春平,--,--,--,制造业|医药制造业,制造业|医药、生物制品,--,2020.xls,0,2020,北京市,制造业,医药制造业,0.5144735253555968,1.473571311379097,-3.755507403215832,-1.0102068166357452,b
兴陇基金【甘肃省兰州生物医药产业创业投资基金】,甘肃兴陇基金管理有限公司【甘肃省兰州生物医药产业创业投资基金有限公司】,兴陇基金,甘肃兴陇基金管理有限公司,--,--,甘肃省兰州生物医药产业创业投资基金,甘肃省兰州生物医药产业创业投资基金有限公司,兰州威特森生物,兰州威特森生物科技有限公司,医疗健康，批发零售，医疗器械,生物技术/医疗健康|医药|生物制药,中国|甘肃省|兰州市|城关区,--,扩张期,2020-12-08,RMB,--,--,--,--,其他,--,--,--,--,制造业|医药制造业|生物、生化制品的制造,制造业|医药、生物制品|生物制品业|生物药品制造业,--,2020.xls,1,2020,甘肃省,制造业,医药制造业,0.5144735253555968,1.473571311379097,-3.755507403215832,-1.0102068166357452,b
基石资本【嘉泰新世纪生物医药基金】（领投）,基石资产管理股份有限公司【南昌嘉泰新世纪生物医药投资合伙企业（有限合伙）】（领投）,基石浦江资产,马鞍山基石浦江资产管理有限公司,基石资本,基石资产管理股份有限公司,嘉泰新世纪生物医药基金,南昌嘉泰新世纪生物医药投资合伙企业（有限合伙）,君圣泰,深圳君圣泰生物技术有限公司,医疗健康，医药，创新药，药物研发,生物技术/医疗健康|医药,中国|广东省|深圳市,成长资本,扩张期,2020-12-08,USD,--,--,--,--,B+,朱迅,--,--,--,制造业|医药制造业,制造业|医药、生物制品,--,2020.xls,0,2020,广东省,制造业,医药制造业,0.5144735253555968,1.473571311379097,-3.755507403215832,-1.0102068166357452,b
毅达资本【泰州市转型升级产业基金】,江苏毅达股权投资基金管理有限公司【泰州市转型升级产业投资基金（有限合伙）】,南京毅达投资,南京毅达股权投资管理企业（有限合伙）,毅达资本,江苏毅达股权投资基金管理有限公司,泰州市转型升级产业基金,泰州市转型升级产业投资基金（有限合伙）,惠利生物,江苏惠利生物科技有限公司,生产制造，材料，电子信息产业,生物技术/医疗健康|其他生物技术/医疗健康,中国|江苏省|泰州市|高港区,创业投资,成熟期,2020-12-09,RMB,--,--,--,--,天使轮,应文禄,--,--,--,制造业|医药制造业|卫生材料及医药用品制造,社会服务业|卫生、保健、护理服务业,--,2020.xls,1,2020,江苏省,制造业,医药制造业,0.5144735253555968,1.473571311379097,-3.755507403215832,-1.0102068166357452,b
四川发展产业引导股权投资基金【四川院士科技创新股权投资引导基金】,四川发展产业引导股权投资基金管理有限责任公司【四川院士科技创新股权投资引导基金合伙企业（有限合伙）】,四川发展产业引导股权投资基金,四川发展产业引导股权投资基金管理有限责任公司,--,--,四川院士科技创新股权投资引导基金,四川院士科技创新股权投资引导基金合伙企业（有限合伙）,赜灵生物,成都赜灵生物医药科技有限公司,医药，创新药，药物研发，医疗健康，生物药,生物技术/医疗健康|医药,中国|四川省|成都市|武侯区,成长资本,初创期,2021-12-08,RMB,19.75,19.75,2.77,2.84,A,--,735.29,115.47,--,制造业|医药制造业,制造业|医药、生物制品,--,2021.xls,1,2021,四川省,制造业,医药制造业,0.5144735253555968,1.473571311379097,-3.755507403215832,-1.0102068166357452,b
杏泽资本【杏泽三禾基金】（领投）,上海杏泽投资管理有限公司【上海杏泽三禾创业投资合伙企业（有限合伙）】（领投）,杏泽资本,上海杏泽投资管理有限公司,--,--,杏泽三禾基金,上海杏泽三禾创业投资合伙企业（有限合伙）,宜联生物,苏州宜联生物医药有限公司,医疗健康，医药，生物药，靶向药，创新药,生物技术/医疗健康|医药|生物制药,中国|江苏省|苏州市|吴中区,成长资本,种子期,2020-12-14,RMB,--,--,--,--,A,丁巍,--,--,--,制造业|医药制造业|生物、生化制品的制造,制造业|医药、生物制品|生物制品业|生物药品制造业,--,2020.xls,0,2020,江苏省,制造业,医药制造业,0.5144735253555968,1.473571311379097,-3.755507403215832,-1.0102068166357452,b
合肥高投【合肥新兴产业创业投资】,合肥高新创业投资管理合伙企业（有限合伙）【合肥新兴产业创业投资合伙企业（有限合伙）】,合肥高投,合肥高新创业投资管理合伙企业（有限合伙）,--,--,合肥新兴产业创业投资,合肥新兴产业创业投资合伙企业（有限合伙）,中科长木,合肥中科长木生物科技有限公司,疫苗，糖尿病，医疗健康，药物研发，生物药,生物技术/医疗健康|医药,中国|安徽省|合肥市|蜀山区,天使投资,初创期,2021-10-20,RMB,--,--,--,3.23,天使轮,杨明,155.00,24.23,--,制造业|医药制造业,制造业|医药、生物制品,--,2021.xls,1,2021,安徽省,制造业,医药制造业,0.5144735253555968,1.473571311379097,-3.755507403215832,-1.0102068166357452,b
中信医疗基金【青岛中信医疗产业基金】,中信医疗健康股权投资私募基金管理（北京）有限公司【青岛信鸿创业投资合伙企业（有限合伙）】,中信医疗基金,中信医疗健康股权投资私募基金管理（北京）有限公司,--,--,青岛中信医疗产业基金,青岛信鸿创业投资合伙企业（有限合伙）,众生睿创,广东众生睿创生物科技有限公司,医疗健康，医药，创新药，药物研发，生物药,生物技术/医疗健康|医药,中国|广东省|广州市,成长资本,初创期,2020-12-16,RMB,34.58,34.58,4.81,--,B,--,--,--,--,制造业|医药制造业,制造业|医药、生物制品,--,2020.xls,0,2020,广东省,制造业,医药制造业,0.5144735253555968,1.473571311379097,-3.755507403215832,-1.0102068166357452,b
时节创投【南京创熠时节致远一期创业投资】（领投）,北京时节投资管理有限公司【南京创熠时节致远一期创业投资合伙企业（有限合伙）】（领投）,时节创投,北京时节投资管理有限公司,--,--,南京创熠时节致远一期创业投资,南京创熠时节致远一期创业投资合伙企业（有限合伙）,普济生物,南京普济生物有限公司,医疗健康，分子诊断，诊断试剂,生物技术/医疗健康|生物工程,中国|江苏省|南京市|浦口区,创业投资,初创期,2021-10-20,RMB,--,--,--,7.60,天使轮,--,--,--,--,制造业|医药制造业|生物、生化制品的制造,制造业|医药、生物制品|生物制品业|其他生物制品业,--,2021.xls,0,2021,江苏省,制造业,医药制造业,0.5144735253555968,1.473571311379097,-3.755507403215832,-1.0102068166357452,b
锡创投【无锡国联新禾基金】,无锡市创新投资集团有限公司【无锡国联新禾投资中心（有限合伙）】,国联投资,无锡国联产业投资私募基金管理有限公司,锡创投,无锡市创新投资集团有限公司,无锡国联新禾基金,无锡国联新禾投资中心（有限合伙）,佰澳达,江苏佰澳达生物科技有限公司,医疗健康，医药，生物药，生物制药，药品生产，农业,生物技术/医疗健康|保健品,中国|江苏省|无锡市|江阴市,创业投资,扩张期,2020-12-17,RMB,--,--,--,--,A,--,--,--,--,制造业|医药制造业,制造业|医药、生物制品|其他制造业,--,2020.xls,0,2020,江苏省,制造业,医药制造业,0.5144735253555968,1.473571311379097,-3.755507403215832,-1.0102068166357452,b
湘投基金【湘投军融基金】,湖南湘投私募基金管理有限公司【湖南湘投军融产业投资基金企业（有限合伙）】,湘投基金,湖南湘投私募基金管理有限公司,--,--,湘投军融基金,湖南湘投军融产业投资基金企业（有限合伙）,贝达药业,贝达药业股份有限公司,医疗健康，医药，创新药，生产制造，药物研发，生物药，药品生产,生物技术/医疗健康|医药|化学药品原药制造业,中国|浙江省|杭州市,上市定增,成熟期,2020-12-17,RMB,30.00,30.00,4.59,0.07,上市定增,--,"40,897.96","6,257.82",181.09,制造业|医药制造业|化学药品原药制造,制造业|医药、生物制品|医药制造业|化学药品原药制造业,深圳证券交易所创业板,2020.xls,0,2020,浙江省,制造业,医药制造业,0.5144735253555968,1.473571311379097,-3.755507403215832,-1.0102068166357452,b
仙瞳资本【青岛石药仙瞳新药投资】（领投）,深圳仙瞳资本管理有限公司【青岛石药仙瞳新药投资合伙企业（有限合伙）】（领投）,仙瞳资本,深圳仙瞳资本管理有限公司,--,--,青岛石药仙瞳新药投资,青岛石药仙瞳新药投资合伙企业（有限合伙）,福沃药业,深圳福沃药业有限公司,医疗健康，医药，创新药，药物研发，生物药，药品生产,生物技术/医疗健康|医药,中国|广东省|深圳市,成长资本,扩张期,2021-05-10,RMB,--,--,--,6.67,Pre-A,刘牧龙,"1,187.65",183.86,--,制造业|医药制造业,制造业|医药、生物制品,--,2021.xls,0,2021,广东省,制造业,医药制造业,0.5144735253555968,1.473571311379097,-3.755507403215832,-1.0102068166357452,b
礼来亚洲基金【礼来亚洲三期人民币基金】,礼来亚洲风险投资基金【苏州礼瑞股权投资中心（有限合伙）】,礼颐投资,上海礼颐投资管理合伙企业（有限合伙）,礼来亚洲基金,礼来亚洲风险投资基金,礼来亚洲三期人民币基金,苏州礼瑞股权投资中心（有限合伙）,礼邦医药,上海礼邦医药科技有限公司,医疗健康，医药，药物研发,生物技术/医疗健康|其他生物技术/医疗健康,中国|上海市|浦东新区,成长资本,扩张期,2021-05-10,USD,4.67,32.92,4.67,--,B,施毅,--,--,--,制造业|医药制造业|卫生材料及医药用品制造,社会服务业|卫生、保健、护理服务业,--,2021.xls,0,2021,上海市,制造业,医药制造业,0.5144735253555968,1.473571311379097,-3.755507403215832,-1.0102068166357452,b
合肥高投【合肥新兴产业创业投资】,合肥高新创业投资管理合伙企业（有限合伙）【合肥新兴产业创业投资合伙企业（有限合伙）】,合肥高投,合肥高新创业投资管理合伙企业（有限合伙）,--,--,合肥新兴产业创业投资,合肥新兴产业创业投资合伙企业（有限合伙）,慧软科技,安徽慧软科技有限公司,医疗健康，大数据，人工智能，医疗设备，AI医疗,生物技术/医疗健康|其他生物技术/医疗健康,中国|安徽省|合肥市,天使投资,扩张期,2020-12-18,RMB,5.00,5.00,0.77,5.88,Pre-A,杨明,--,--,--,制造业|医药制造业|卫生材料及医药用品制造,社会服务业|卫生、保健、护理服务业,--,2020.xls,1,2020,安徽省,制造业,医药制造业,0.5144735253555968,1.473571311379097,-3.755507403215832,-1.0102068166357452,b
元生创投【元生创投三期人民币基金】（领投）,苏州工业园区元生创业投资管理有限公司【苏州工业园区新建元三期创业投资企业（有限合伙）】（领投）,元生私募基金,苏州元生私募基金管理合伙企业（有限合伙）,元生创投,苏州工业园区元生创业投资管理有限公司,元生创投三期人民币基金,苏州工业园区新建元三期创业投资企业（有限合伙）,博安生物,山东博安生物技术股份有限公司,医疗健康，医药，生物药，生物制药，药品生产,生物技术/医疗健康|医药|生物制药,中国|山东省|烟台市,成长资本,扩张期,2020-12-19,RMB,100.00,100.00,14.78,1.79,A,陈杰,"5,587.11",864.65,--,制造业|医药制造业|生物、生化制品的制造,制造业|医药、生物制品|生物制品业|生物药品制造业,香港证券交易所主板,2020.xls,0,2020,山东省,制造业,医药制造业,0.5144735253555968,1.473571311379097,-3.755507403215832,-1.0102068166357452,b
四川发展产业引导股权投资基金【四川院士科技创新股权投资引导基金】,四川发展产业引导股权投资基金管理有限责任公司【四川院士科技创新股权投资引导基金合伙企业（有限合伙）】,四川发展产业引导股权投资基金,四川发展产业引导股权投资基金管理有限责任公司,--,--,四川院士科技创新股权投资引导基金,四川院士科技创新股权投资引导基金合伙企业（有限合伙）,四面体药物,成都四面体药物研究有限公司,医疗健康，化工，技术研发，药物研发，生物药，创新药,生物技术/医疗健康|医药,中国|四川省|成都市|武侯区,天使投资,种子期,2021-10-13,RMB,--,--,--,--,天使轮,--,--,--,--,制造业|医药制造业,制造业|医药、生物制品,--,2021.xls,1,2021,四川省,制造业,医药制造业,0.5144735253555968,1.473571311379097,-3.755507403215832,-1.0102068166357452,b
宜都科华科技创投【宜都科技创投基金】,宜都科华科技创业投资基金管理中心（有限合伙）【科华（宜都）科技创业投资基金（有限合伙）】,宜都科华科技创投,宜都科华科技创业投资基金管理中心（有限合伙）,--,--,宜都科技创投基金,科华（宜都）科技创业投资基金（有限合伙）,松力生物,上海松力生物技术有限公司,医疗健康，材料，生物材料，医疗器械,生物技术/医疗健康|医药|生物制药,中国|上海市|闵行区,成长资本,成熟期,2019-05-09,RMB,--,--,--,--,E,--,--,--,--,制造业|医药制造业|生物、生化制品的制造,制造业|医药、生物制品|生物制品业|生物药品制造业,--,2019.xls,1,2019,上海市,制造业,医药制造业,0.5144735253555968,1.473571311379097,-3.755507403215832,-1.0102068166357452,b
高特佳投资【高特佳江苏基金】,深圳市高特佳投资集团有限公司【江苏疌泉高特佳医疗产业投资基金（有限合伙）】,南京高特佳医疗投资,南京高特佳医疗投资企业（有限合伙）,高特佳投资,深圳市高特佳投资集团有限公司,高特佳江苏基金,江苏疌泉高特佳医疗产业投资基金（有限合伙）,鹍远生物,江苏鹍远生物科技股份有限公司,医疗健康，体外诊断,生物技术/医疗健康|生物工程,中国|上海市|浦东新区,成长资本,扩张期,2018-03-28,USD,--,--,--,--,A+,--,--,--,--,制造业|医药制造业|生物、生化制品的制造,制造业|医药、生物制品|生物制品业|其他生物制品业,--,2018.xls,0,2018,上海市,制造业,医药制造业,0.5144735253555968,1.473571311379097,-3.755507403215832,-1.0102068166357452,b
深创投【红土孔雀创投】,深圳市创新投资集团有限公司【深圳市红土孔雀创业投资有限公司】,深创投红土股权投资,深创投红土私募股权投资基金管理（深圳）有限公司,深创投,深圳市创新投资集团有限公司,红土孔雀创投,深圳市红土孔雀创业投资有限公司,微芯生物,深圳微芯生物科技股份有限公司,医疗健康，医药，生产制造，创新药,生物技术/医疗健康|医药|生物制药,中国|广东省|深圳市|南山区,--,成熟期,2017-10-18,RMB,34.98,34.98,5.30,--,其他,--,--,--,--,制造业|医药制造业|生物、生化制品的制造,制造业|医药、生物制品|生物制品业|生物药品制造业,上海证券交易所科创板,2017.xls,0,2017,广东省,制造业,医药制造业,0.5144735253555968,1.473571311379097,-3.755507403215832,-1.0102068166357452,b
江西云锦资产【上饶市高新技术及创业创新产业基金】,江西云锦资产管理有限公司【上饶市高新技术及创业创新产业中心（有限合伙）】,江西云锦资产,江西云锦资产管理有限公司,--,--,上饶市高新技术及创业创新产业基金,上饶市高新技术及创业创新产业中心（有限合伙）,康可得生科,上饶市康可得生物科技有限公司,医疗健康，生物药，生物技术,生物技术/医疗健康|生物工程,中国|江西省|上饶市,天使投资,初创期,2017-10-25,RMB,--,--,--,--,天使轮,--,--,--,--,制造业|医药制造业|生物、生化制品的制造,制造业|医药、生物制品|生物制品业|其他生物制品业,--,2017.xls,1,2017,江西省,制造业,医药制造业,0.5144735253555968,1.473571311379097,-3.755507403215832,-1.0102068166357452,b
智盈新成【人福鑫成基金】,智盈新成（武汉）股权投资管理有限公司【武汉光谷人福鑫成生物医药产业投资基金中心（有限合伙）】,智盈新成,智盈新成（武汉）股权投资管理有限公司,--,--,人福鑫成基金,武汉光谷人福鑫成生物医药产业投资基金中心（有限合伙）,湖北生物医药,湖北生物医药产业技术研究院有限公司,医疗健康，医药，生物药，创新药，生物制药，药物研发，药品生产,生物技术/医疗健康|医药|生物制药,中国|湖北省,创业投资,扩张期,2017-10-27,RMB,--,--,--,--,A,--,--,--,--,制造业|医药制造业|生物、生化制品的制造,制造业|医药、生物制品|生物制品业|生物药品制造业,--,2017.xls,0,2017,湖北省,制造业,医药制造业,0.5144735253555968,1.473571311379097,-3.755507403215832,-1.0102068166357452,b
济峰资本【福州济峰】,嘉兴济峰股权投资管理有限公司【福州济峰股权投资合伙企业（有限合伙）】,济峰基金,萍乡济峰私募基金管理合伙企业（有限合伙）,济峰资本,嘉兴济峰股权投资管理有限公司,福州济峰,福州济峰股权投资合伙企业（有限合伙）,苏博医学,江苏苏博生物医学股份有限公司,医疗健康，医疗服务，体外诊断，医疗器械,生物技术/医疗健康|生物工程,中国|江苏省|宿迁市,新三板定增,扩张期,2017-10-30,RMB,7.72,7.72,1.17,0.87,新三板定增,--,728.13,109.51,--,制造业|医药制造业|生物、生化制品的制造,制造业|医药、生物制品|生物制品业|其他生物制品业,全国中小企业股份转让系统(新三板),2017.xls,0,2017,江苏省,制造业,医药制造业,0.5144735253555968,1.473571311379097,-3.755507403215832,-1.0102068166357452,b
雅惠投资【雅惠II期基金】（领投）,北京雅惠资产管理有限公司【宁波梅山保税港区雅惠鑫润创业投资合伙企业（有限合伙）】（领投）,雅惠投资,北京雅惠资产管理有限公司,--,--,雅惠II期基金,宁波梅山保税港区雅惠鑫润创业投资合伙企业（有限合伙）,菲沙基因,武汉菲沙基因信息有限公司,医疗健康，体外诊断，DNA数据库，数据存储，信息技术,生物技术/医疗健康|生物工程,中国|湖北省|武汉市,成长资本,扩张期,2017-11-12,RMB,17.50(e),17.50(e),2.64(e),14.71,B,--,--,--,--,制造业|医药制造业|生物、生化制品的制造,制造业|医药、生物制品|生物制品业|其他生物制品业,--,2017.xls,0,2017,湖北省,制造业,医药制造业,0.5144735253555968,1.473571311379097,-3.755507403215832,-1.0102068166357452,b
达晨财智【达晨创联基金】,达晨财智【深圳市达晨创联股权投资基金合伙企业（有限合伙）】,达晨财智,深圳市达晨财智创业投资管理有限公司,--,--,达晨创联基金,深圳市达晨创联股权投资基金合伙企业（有限合伙）,奥浦迈,上海奥浦迈生物科技股份有限公司,医药生产外包CMO/CDMO,生物技术/医疗健康|生物工程,中国|上海市|浦东新区,创业投资,扩张期,2017-11-15,RMB,32.25,32.25,4.65,15.00,A,--,138.42,20.89,--,制造业|医药制造业|生物、生化制品的制造,制造业|医药、生物制品|生物制品业|其他生物制品业,上海证券交易所科创板,2017.xls,0,2017,上海市,制造业,医药制造业,0.5144735253555968,1.473571311379097,-3.755507403215832,-1.0102068166357452,b
长江产业投资集团【湖北科创天使基金】,长江产业投资集团有限公司【湖北科创天使投资有限公司】,湖北科创投资,湖北科创投资管理有限公司,湖北高投集团,湖北省高新产业投资集团有限公司,湖北科创天使基金,湖北科创天使投资有限公司,鲁班药业,黄冈鲁班药业股份有限公司,医疗健康，原料药，生产制造，药品生产，医药，仪器仪表，精细化工，化工,生物技术/医疗健康|医药,中国|湖北省|黄冈市,新三板定增,扩张期,2017-11-22,RMB,5.00,5.00,0.74,--,新三板定增,--,333.27,49.03,--,制造业|医药制造业,制造业|医药、生物制品,全国中小企业股份转让系统(新三板),2017.xls,0,2017,湖北省,制造业,医药制造业,0.5144735253555968,1.473571311379097,-3.755507403215832,-1.0102068166357452,b
东方资管【东方藏医药基金】,中国东方资产管理股份有限公司【青海省东方藏医药产业发展基金（有限合伙）】,东方藏医药,青海省东方藏医药产业投资管理有限公司,东方资管,中国东方资产管理股份有限公司,东方藏医药基金,青海省东方藏医药产业发展基金（有限合伙）,晶珠藏药,青海晶珠藏药高新技术产业股份有限公司,医疗健康，医药，生产制造，药品生产,生物技术/医疗健康|医药,中国|青海省|西宁市,创业投资,成熟期,2017-11-24,RMB,34.40,34.40,5.34,3.24,其他,--,"1,061.73",161.33,--,制造业|医药制造业,制造业|医药、生物制品,全国中小企业股份转让系统(新三板),2017.xls,1,2017,青海省,制造业,医药制造业,0.5144735253555968,1.473571311379097,-3.755507403215832,-1.0102068166357452,b
丹华资本【丹晟基金】,丹华资本【北京丹晟投资基金中心（有限合伙）】,丹华RMB基金,丹晟创业投资管理（北京）有限公司,丹华资本,丹华资本,丹晟基金,北京丹晟投资基金中心（有限合伙）,安吉康尔,深圳雅济科技有限公司,医疗健康，人工智能，医药，医疗服务，体外诊断，精准医疗，药物研发,生物技术/医疗健康|生物工程,中国|广东省|深圳市,--,初创期,2017-11-28,RMB,10.50(e),10.50(e),1.59(e),--,天使轮,--,--,--,--,制造业|医药制造业|生物、生化制品的制造,制造业|医药、生物制品|生物制品业|其他生物制品业,--,2017.xls,0,2017,广东省,制造业,医药制造业,0.5144735253555968,1.473571311379097,-3.755507403215832,-1.0102068166357452,b
国投创合【国投创合国家新兴产业引导基金】,国投创合基金管理有限公司【国投创合国家新兴产业创业投资引导基金（有限合伙）】,国投创合,国投创合基金管理有限公司,--,--,国投创合国家新兴产业引导基金,国投创合国家新兴产业创业投资引导基金（有限合伙）,荣昌制药,烟台荣昌制药股份有限公司,医疗健康，医药，生产制造，药品生产，生物药,生物技术/医疗健康|医药,中国|山东省|烟台市,--,成熟期,2017-12-04,RMB,--,--,--,--,B,--,--,--,--,制造业|医药制造业,制造业|医药、生物制品,--,2017.xls,1,2017,山东省,制造业,医药制造业,0.5144735253555968,1.473571311379097,-3.755507403215832,-1.0102068166357452,b
济峰资本【福州济峰】,嘉兴济峰股权投资管理有限公司【福州济峰股权投资合伙企业（有限合伙）】,济峰基金,萍乡济峰私募基金管理合伙企业（有限合伙）,济峰资本,嘉兴济峰股权投资管理有限公司,福州济峰,福州济峰股权投资合伙企业（有限合伙）,悦康药业,悦康药业集团股份有限公司,医疗健康，医药，生产制造，药物研发,生物技术/医疗健康|医药|生物制药,中国|北京市|大兴区,成长资本,成熟期,2017-12-14,RMB,4.72,4.72,0.71,0.08,B,--,"6,000.02",908.64,--,制造业|医药制造业|生物、生化制品的制造,制造业|医药、生物制品|生物制品业|生物药品制造业,上海证券交易所科创板,2017.xls,0,2017,北京市,制造业,医药制造业,0.5144735253555968,1.473571311379097,-3.755507403215832,-1.0102068166357452,b
华盖资本【华盖二期基金】,华盖资本有限责任公司【华盖信诚医疗健康投资成都合伙企业（有限合伙）】,华盖医疗投资,华盖医疗投资管理（北京）有限公司,华盖资本,华盖资本有限责任公司,华盖二期基金,华盖信诚医疗健康投资成都合伙企业（有限合伙）,九强生物,北京九强生物技术股份有限公司,医疗健康，医疗设备，体外诊断，生产制造，诊断试剂,生物技术/医疗健康|医药|生物制药,中国|北京市|海淀区,成长资本,成熟期,2017-12-15,RMB,--,--,--,1.81,其他,曾志强,--,--,--,制造业|医药制造业|生物、生化制品的制造,制造业|医药、生物制品|生物制品业|生物药品制造业,深圳证券交易所创业板,2017.xls,0,2017,北京市,制造业,医药制造业,0.5144735253555968,1.473571311379097,-3.755507403215832,-1.0102068166357452,b
中原联创【农开先进基金】,河南中原联创投资基金管理有限公司【河南农开先进制造业投资基金（有限合伙）】,中原联创,河南中原联创投资基金管理有限公司,--,--,农开先进基金,河南农开先进制造业投资基金（有限合伙）,民生药业集团,民生药业集团有限公司,医疗健康，医药，生产制造,生物技术/医疗健康|医药,中国|河南省|洛阳市,天使投资,成熟期,2017-12-26,RMB,--,--,--,0.52,天使轮,--,--,--,--,制造业|医药制造业,制造业|医药、生物制品,--,2017.xls,1,2017,河南省,制造业,医药制造业,0.5144735253555968,1.473571311379097,-3.755507403215832,-1.0102068166357452,b
宜都科华科技创投【宜都科技创投基金】,宜都科华科技创业投资基金管理中心（有限合伙）【科华（宜都）科技创业投资基金（有限合伙）】,宜都科华科技创投,宜都科华科技创业投资基金管理中心（有限合伙）,--,--,宜都科技创投基金,科华（宜都）科技创业投资基金（有限合伙）,诺克特,湖北诺克特药业股份有限公司,医疗健康，医药，农业，生产制造，药品生产，生物制药，生物药,生物技术/医疗健康|医药,中国|湖北省|孝感市,新三板定增,扩张期,2017-12-28,RMB,2.55,2.55,0.38,--,新三板定增,--,--,--,--,制造业|医药制造业,制造业|医药、生物制品,全国中小企业股份转让系统(新三板),2017.xls,1,2017,湖北省,制造业,医药制造业,0.5144735253555968,1.473571311379097,-3.755507403215832,-1.0102068166357452,b
礼来亚洲基金【礼来亚洲三期人民币基金】,礼来亚洲风险投资基金【苏州礼瑞股权投资中心（有限合伙）】,礼颐投资,上海礼颐投资管理合伙企业（有限合伙）,礼来亚洲基金,礼来亚洲风险投资基金,礼来亚洲三期人民币基金,苏州礼瑞股权投资中心（有限合伙）,圣湘生物,圣湘生物科技股份有限公司,医疗健康，体外诊断,生物技术/医疗健康|其他生物技术/医疗健康,中国|湖南省|长沙市|岳麓区,成长资本,扩张期,2017-12-29,RMB,200.00,200.00,28.95,6.45,A+,--,"3,100.23",474.46,--,制造业|医药制造业|卫生材料及医药用品制造,社会服务业|卫生、保健、护理服务业,上海证券交易所科创板,2017.xls,0,2017,湖南省,制造业,医药制造业,0.5144735253555968,1.473571311379097,-3.755507403215832,-1.0102068166357452,b
安诚资本【创晟投资】,安徽安诚资本有限公司【安徽创晟投资有限公司】,亳州创新创投,亳州市创新创业投资有限公司,安诚资本,安徽安诚资本有限公司,创晟投资,安徽创晟投资有限公司,国一堂中药饮片,亳州市国一堂中药饮片有限公司,医疗健康，医药，生产制造，药品生产,生物技术/医疗健康|医药|中药材及中成药加工业,中国|安徽省|亳州市|谯城区,创业投资,扩张期,2017-12-29,RMB,--,--,--,4.96,A,--,--,--,--,制造业|医药制造业|中成药制造,制造业|医药、生物制品|医药制造业|中药材及中成药加工业,--,2017.xls,1,2017,安徽省,制造业,医药制造业,0.5144735253555968,1.473571311379097,-3.755507403215832,-1.0102068166357452,b
爱意果园【中安庐阳基金】,合肥爱意果园投资管理中心（有限合伙）【合肥中安庐阳创业投资基金合伙企业（有限合伙）】,爱意果园,合肥爱意果园投资管理中心（有限合伙）,--,--,中安庐阳基金,合肥中安庐阳创业投资基金合伙企业（有限合伙）,安龙基因,安徽安龙基因科技有限公司,医疗健康，医药，医疗设备，体外诊断，生产制造，基因测序,生物技术/医疗健康|医药,中国|安徽省|合肥市,--,初创期,2017-12-29,RMB,--,--,--,--,A,--,--,--,--,制造业|医药制造业,制造业|医药、生物制品,--,2017.xls,0,2017,安徽省,制造业,医药制造业,0.5144735253555968,1.473571311379097,-3.755507403215832,-1.0102068166357452,b
汉康资本【建信汉康基金】,上海汉康私募基金管理有限公司【苏州建信汉康创业投资合伙企业（有限合伙）】,汉康资本,上海汉康私募基金管理有限公司,--,--,建信汉康基金,苏州建信汉康创业投资合伙企业（有限合伙）,唯源立康,北京唯源立康生物科技股份有限公司,医疗健康，医药，生产制造，生物制药，药物研发,生物技术/医疗健康|医药|生物制药,中国|北京市|海淀区,--,初创期,2018-01-02,RMB,--,--,--,--,Pre-A,--,--,--,--,制造业|医药制造业|生物、生化制品的制造,制造业|医药、生物制品|生物制品业|生物药品制造业,全国中小企业股份转让系统(新三板),2018.xls,0,2018,北京市,制造业,医药制造业,0.5144735253555968,1.473571311379097,-3.755507403215832,-1.0102068166357452,b
前海方舟【前海母基金】,前海方舟资产管理有限公司【前海股权投资基金（有限合伙）】,前海方舟,前海方舟资产管理有限公司,--,--,前海母基金,前海股权投资基金（有限合伙）,苏桥生物,苏州药明生物技术有限公司,医疗健康，医药，生产制造，生物制药，药品生产，药物研发，生物药,生物技术/医疗健康|医药|生物制药,中国|江苏省|苏州市,--,种子期,2018-01-02,USD,5.70,36.42,5.70,--,A,--,--,--,--,制造业|医药制造业|生物、生化制品的制造,制造业|医药、生物制品|生物制品业|生物药品制造业,--,2018.xls,0,2018,江苏省,制造业,医药制造业,0.5144735253555968,1.473571311379097,-3.755507403215832,-1.0102068166357452,b
富坤创投【深商兴业】,深圳市富坤创业投资集团有限公司【深圳市深商兴业创业投资基金合伙企业（有限合伙）】,富坤兴业,深圳市深商富坤兴业基金管理有限公司,富坤创投,深圳市富坤创业投资集团有限公司,深商兴业,深圳市深商兴业创业投资基金合伙企业（有限合伙）,泛生子,北京泛生子基因科技有限公司,医疗健康，体外诊断，医疗服务，分子诊断，消费生活，生物技术，投资,生物技术/医疗健康|生物工程,中国|北京市,--,初创期,2018-01-04,RMB,40.00,40.00,6.15,--,C,--,--,--,--,制造业|医药制造业|生物、生化制品的制造,制造业|医药、生物制品|生物制品业|其他生物制品业,--,2018.xls,0,2018,北京市,制造业,医药制造业,0.5144735253555968,1.473571311379097,-3.755507403215832,-1.0102068166357452,b
邦盛资本【江苏沿海产业投资基金】,南京邦盛投资管理有限公司【江苏沿海产业投资基金（有限合伙）】,江苏沿海资本,江苏沿海创新资本管理有限公司,邦盛资本,南京邦盛投资管理有限公司,江苏沿海产业投资基金,江苏沿海产业投资基金（有限合伙）,阿尔法药业,江苏阿尔法药业股份有限公司,医疗健康，医药，原料药，生产制造，药品生产，药物研发,生物技术/医疗健康|医药|生物制药,中国|江苏省|宿迁市,创业投资,成熟期,2018-01-19,RMB,--,--,--,--,B+,--,--,--,--,制造业|医药制造业|生物、生化制品的制造,制造业|医药、生物制品|生物制品业|生物药品制造业,--,2018.xls,1,2018,江苏省,制造业,医药制造业,0.5144735253555968,1.473571311379097,-3.755507403215832,-1.0102068166357452,b
深创投【福田红土股权投资基金】,深圳市创新投资集团有限公司【深圳市福田红土股权投资基金合伙企业（有限合伙）】,深圳福田红土投资,深圳市福田红土股权投资基金管理有限公司,深创投,深圳市创新投资集团有限公司,福田红土股权投资基金,深圳市福田红土股权投资基金合伙企业（有限合伙）,倍轻松,深圳市倍轻松科技股份有限公司,医疗健康，生产制造,生物技术/医疗健康|其他生物技术/医疗健康,中国|广东省|深圳市|福田区,创业投资,成熟期,2018-01-26,RMB,10.00,10.00,1.58,2.00,其他,--,500.00,78.82,--,制造业|医药制造业|卫生材料及医药用品制造,社会服务业|卫生、保健、护理服务业,上海证券交易所科创板，全国中小企业股份转让系统(新三板),2018.xls,0,2018,广东省,制造业,医药制造业,0.5144735253555968,1.473571311379097,-3.755507403215832,-1.0102068166357452,b
时代伯乐【南通时代伯乐创业基金】,深圳市时代伯乐创业投资管理有限公司【南通时代伯乐创业投资合伙企业（有限合伙）】,时代伯乐,深圳市时代伯乐创业投资管理有限公司,--,--,南通时代伯乐创业基金,南通时代伯乐创业投资合伙企业（有限合伙）,赛乐奇,珠海赛乐奇生物技术股份有限公司,医疗健康，医药，医疗设备，体外诊断，电子元件，生产制造，基因芯片,生物技术/医疗健康|生物工程,中国|广东省|珠海市,新三板定增,成熟期,2018-01-29,RMB,10.00,10.00,1.58,2.56,新三板定增,--,448.71,70.92,--,制造业|医药制造业|生物、生化制品的制造,制造业|医药、生物制品|生物制品业|其他生物制品业,全国中小企业股份转让系统(新三板),2018.xls,0,2018,广东省,制造业,医药制造业,0.5144735253555968,1.473571311379097,-3.755507403215832,-1.0102068166357452,b
中车时代投资【中车时代创业基金】,株洲中车时代高新投资有限公司【杭州时代鼎丰创业投资合伙企业（有限合伙）】,中车时代投资,株洲中车时代高新投资有限公司,--,--,中车时代创业基金,杭州时代鼎丰创业投资合伙企业（有限合伙）,艾欣达伟,深圳艾欣达伟医药科技有限公司,医疗健康，医药，生物药，靶向药，创新药，药物研发,生物技术/医疗健康|医药,中国|广东省|广州市,--,初创期,2017-09-28,RMB,--,--,--,--,A,--,--,--,--,制造业|医药制造业,制造业|医药、生物制品,--,2017.xls,0,2017,广东省,制造业,医药制造业,0.5144735253555968,1.473571311379097,-3.755507403215832,-1.0102068166357452,b
晟道投资【共青城晟瑄投资管理基金】,武汉晟道创业投资基金管理有限公司【共青城晟瑄投资管理合伙企业（有限合伙）】,晟道投资,武汉晟道创业投资基金管理有限公司,--,--,共青城晟瑄投资管理基金,共青城晟瑄投资管理合伙企业（有限合伙）,江中食疗,江西江中食疗科技有限公司,医疗健康，生产制造，食疗管理,生物技术/医疗健康|其他生物技术/医疗健康,中国|江西省|南昌市|新建区,--,扩张期,2017-09-26,RMB,250.00,250.00,37.84,26.80,A,薛宇宁,932.84,141.18,--,制造业|医药制造业|卫生材料及医药用品制造,社会服务业|卫生、保健、护理服务业,--,2017.xls,0,2017,江西省,制造业,医药制造业,0.5144735253555968,1.473571311379097,-3.755507403215832,-1.0102068166357452,b
中金资本【中金启辰新兴产业股权投资基金】,中金资本运营有限公司【中金启辰（苏州）新兴产业股权投资基金合伙企业（有限合伙）】,中金资本,中金资本运营有限公司,--,--,中金启辰新兴产业股权投资基金,中金启辰（苏州）新兴产业股权投资基金合伙企业（有限合伙）,Bellen,北京六合宁远医药科技股份有限公司,医疗健康，生产制造，医药，医药生产外包CMO/CDMO，医药研发外包CRO,生物技术/医疗健康|医药|化学药品原药制造业,中国|北京市|顺义区,--,扩张期,2017-09-22,RMB,87.50,87.50,13.29,--,B,--,--,--,--,制造业|医药制造业|化学药品原药制造,制造业|医药、生物制品|医药制造业|化学药品原药制造业,--,2017.xls,0,2017,北京市,制造业,医药制造业,0.5144735253555968,1.473571311379097,-3.755507403215832,-1.0102068166357452,b
鲁信创投【博龙石油装备产业基金】,鲁信创业投资集团股份有限公司【东营博龙石油装备产业股权投资基金（有限合伙）】,黄河三角洲产业投资基金,黄河三角洲产业投资基金管理有限公司,鲁信创投,鲁信创业投资集团股份有限公司,博龙石油装备产业基金,东营博龙石油装备产业股权投资基金（有限合伙）,弘力生物,东营市弘力生物科技有限责任公司,农业，生物技术,生物技术/医疗健康|其他生物技术/医疗健康,中国|山东省|东营市|河口区,天使投资,初创期,2017-09-01,RMB,--,--,--,--,天使轮,--,--,--,--,制造业|医药制造业|卫生材料及医药用品制造,社会服务业|卫生、保健、护理服务业,--,2017.xls,1,2017,山东省,制造业,医药制造业,0.5144735253555968,1.473571311379097,-3.755507403215832,-1.0102068166357452,b
雅惠投资【雅惠II期基金】,北京雅惠资产管理有限公司【宁波梅山保税港区雅惠鑫润创业投资合伙企业（有限合伙）】,雅惠投资,北京雅惠资产管理有限公司,--,--,雅惠II期基金,宁波梅山保税港区雅惠鑫润创业投资合伙企业（有限合伙）,易活生物,广州易活生物科技有限公司,医疗健康，液体活检,生物技术/医疗健康|其他生物技术/医疗健康,中国|广东省|广州市|黄埔区,创业投资,初创期,2017-03-16,RMB,2.00,2.00,0.30,--,A,--,--,--,--,制造业|医药制造业|卫生材料及医药用品制造,社会服务业|卫生、保健、护理服务业,--,2017.xls,0,2017,广东省,制造业,医药制造业,0.5144735253555968,1.473571311379097,-3.755507403215832,-1.0102068166357452,b
达晨财智【达晨创联基金】,达晨财智【深圳市达晨创联股权投资基金合伙企业（有限合伙）】,达晨财智,深圳市达晨财智创业投资管理有限公司,--,--,达晨创联基金,深圳市达晨创联股权投资基金合伙企业（有限合伙）,康希诺,康希诺生物股份公司,医疗健康，医药，生产制造，疫苗,生物技术/医疗健康|医药|生物制药,中国|天津市|滨海新区,--,扩张期,2017-04-12,RMB,43.20,43.20,6.27,--,E,--,--,--,--,制造业|医药制造业|生物、生化制品的制造,制造业|医药、生物制品|生物制品业|生物药品制造业,香港证券交易所主板，上海证券交易所科创板,2017.xls,0,2017,天津市,制造业,医药制造业,0.5144735253555968,1.473571311379097,-3.755507403215832,-1.0102068166357452,b
元康投资【盈泰泓康】,深圳市元康投资管理有限公司【深圳盈泰泓康创业投资合伙企业（有限合伙）】,元康投资,深圳市元康投资管理有限公司,--,--,盈泰泓康,深圳盈泰泓康创业投资合伙企业（有限合伙）,药欣生物,深圳市药欣生物科技有限公司,医疗健康，医药，创新药，药物研发，药品生产,生物技术/医疗健康|医药,中国|广东省|深圳市,天使投资,种子期,2017-04-14,RMB,--,--,--,10.00,天使轮,--,--,--,--,制造业|医药制造业,制造业|医药、生物制品,--,2017.xls,0,2017,广东省,制造业,医药制造业,0.5144735253555968,1.473571311379097,-3.755507403215832,-1.0102068166357452,b
德福资本【广州德福二期投资基金】,德福资本【广州德福二期股权投资基金（有限合伙）】,广州德福,广州德福投资咨询合伙企业（有限合伙）,德福资本,德福资本,广州德福二期投资基金,广州德福二期股权投资基金（有限合伙）,迈新生物,福州迈新生物技术开发有限公司,医药，生产制造，物流，诊断试剂，医疗服务，医疗健康，医疗器械，体外诊断，供应链管理，生物药,生物技术/医疗健康|医药|生物制药,中国|福建省|福州市,并购投资,成熟期,2017-04-14,RMB,--,--,--,12.50,其他,--,--,--,--,制造业|医药制造业|生物、生化制品的制造,制造业|医药、生物制品|生物制品业|生物药品制造业,--,2017.xls,0,2017,福建省,制造业,医药制造业,0.5144735253555968,1.473571311379097,-3.755507403215832,-1.0102068166357452,b
金石投资【金石翊康】,金石投资有限公司【金石翊康股权投资（杭州）合伙企业（有限合伙）】,金石沣汭,金石沣汭投资管理（杭州）有限公司,金石投资,金石投资有限公司,金石翊康,金石翊康股权投资（杭州）合伙企业（有限合伙）,康希诺,天津康希诺生物技术有限公司,医疗健康，医药，生产制造,生物技术/医疗健康|医药,中国|天津市,--,扩张期,2017-04-19,RMB,20.00,20.00,2.91,--,C,--,--,--,--,制造业|医药制造业,制造业|医药、生物制品,--,2017.xls,0,2017,天津市,制造业,医药制造业,0.5144735253555968,1.473571311379097,-3.755507403215832,-1.0102068166357452,b
中原联创【河南农开裕】,河南中原联创投资基金管理有限公司【河南农开裕新先进制造业投资基金（有限合伙）】,中原联创,河南中原联创投资基金管理有限公司,--,--,河南农开裕,河南农开裕新先进制造业投资基金（有限合伙）,全宇制药,河南全宇制药股份有限公司,医疗健康，医药，原料药，生产制造，药品生产,生物技术/医疗健康|医药|化学药品原药制造业,中国|河南省|南阳市,新三板定增,成熟期,2017-05-16,RMB,35.00,35.00,5.08,10.77,新三板定增,--,325.00,47.17,--,制造业|医药制造业|化学药品原药制造,制造业|医药、生物制品|医药制造业|化学药品原药制造业,全国中小企业股份转让系统(新三板),2017.xls,1,2017,河南省,制造业,医药制造业,0.5144735253555968,1.473571311379097,-3.755507403215832,-1.0102068166357452,b
国中资本【深圳国中中小企业发展私募股权投资基金】,国中资本【深圳国中中小企业发展私募股权投资基金合伙企业（有限合伙）】,国中创投,深圳国中创业投资管理有限公司,--,--,深圳国中中小企业发展私募股权投资基金,深圳国中中小企业发展私募股权投资基金合伙企业（有限合伙）,赛诺生物,湖南赛诺生物科技股份有限公司,医疗健康，农业,生物技术/医疗健康|生物工程,中国|湖南省|长沙市,新三板定增,扩张期,2017-05-18,RMB,10.00,10.00,1.45,0.01,新三板定增,--,410.26,59.57,--,制造业|医药制造业|生物、生化制品的制造,制造业|医药、生物制品|生物制品业|其他生物制品业,全国中小企业股份转让系统(新三板),2017.xls,0,2017,湖南省,制造业,医药制造业,0.5144735253555968,1.473571311379097,-3.755507403215832,-1.0102068166357452,b
元生创投【新建元二期创业基金】,苏州工业园区元生创业投资管理有限公司【苏州工业园区新建元二期创业投资企业（有限合伙）】,元生私募基金,苏州元生私募基金管理合伙企业（有限合伙）,元生创投,苏州工业园区元生创业投资管理有限公司,新建元二期创业基金,苏州工业园区新建元二期创业投资企业（有限合伙）,凯因科技,北京凯因科技股份有限公司,医疗健康，医药，生产制造，药品生产，生物药,生物技术/医疗健康|医药,中国|北京市|大兴区,成长资本,扩张期,2017-06-08,RMB,25.20,25.20,3.54,1.30,老股权转让,--,"1,932.13",284.25,--,制造业|医药制造业,制造业|医药、生物制品,上海证券交易所科创板,2017.xls,0,2017,北京市,制造业,医药制造业,0.5144735253555968,1.473571311379097,-3.755507403215832,-1.0102068166357452,b
新科源科风投【中科援疆基金】,新疆新科源科技风险投资管理有限公司【新疆中科援疆创新创业私募基金合伙企业（有限合伙）】,援疆创新创投,新疆中科援疆创新创业私募基金管理有限公司,新科源科风投,新疆新科源科技风险投资管理有限公司,中科援疆基金,新疆中科援疆创新创业私募基金合伙企业（有限合伙）,金世康,新疆金世康药业有限公司,医疗健康，医药，生产制造，医疗器械，企业服务，药物研发，政府及公共服务,生物技术/医疗健康|医药|中药材及中成药加工业,中国|新疆|乌鲁木齐市|新市区,天使投资,扩张期,2017-06-19,RMB,--,--,--,12.50,天使轮,--,--,--,--,制造业|医药制造业|中成药制造,制造业|医药、生物制品|医药制造业|中药材及中成药加工业,--,2017.xls,1,2017,新疆,制造业,医药制造业,0.5144735253555968,1.473571311379097,-3.755507403215832,-1.0102068166357452,b
汉康资本【北京汉康建信创业基金】,上海汉康私募基金管理有限公司【北京汉康建信创业投资有限公司】,北京汉康创投,北京汉康创业投资管理有限公司,汉康资本,上海汉康私募基金管理有限公司,北京汉康建信创业基金,北京汉康建信创业投资有限公司,维立志博,南京维立志博生物科技有限公司,医疗健康，医药，生物药，药物研发，药品生产，免疫疗法,生物技术/医疗健康|医药,中国|江苏省|南京市|建邺区,--,扩张期,2017-07-04,RMB,--,--,--,5.64,A,--,--,--,--,制造业|医药制造业,制造业|医药、生物制品,--,2017.xls,0,2017,江苏省,制造业,医药制造业,0.5144735253555968,1.473571311379097,-3.755507403215832,-1.0102068166357452,b
神木县基金管理【神木县政府引导基金】,神木市基金管理有限公司【神木市政府投资引导基金有限公司】,神木县基金管理,神木市基金管理有限公司,--,--,神木县政府引导基金,神木市政府投资引导基金有限公司,泓海荣通药业,陕西泓海荣通药业股份有限公司,医疗健康，医药，原料药，生产制造,生物技术/医疗健康|医药,中国|陕西省|榆林市,创业投资,扩张期,2017-07-06,RMB,--,--,--,--,A,--,--,--,--,制造业|医药制造业,制造业|医药、生物制品,--,2017.xls,1,2017,陕西省,制造业,医药制造业,0.5144735253555968,1.473571311379097,-3.755507403215832,-1.0102068166357452,b
分享投资【分享择善医疗创投基金】,深圳市分享成长投资管理有限公司【深圳市分享择善精准医疗创业投资合伙企业（有限合伙）】,分享投资,深圳市分享成长投资管理有限公司,--,--,分享择善医疗创投基金,深圳市分享择善精准医疗创业投资合伙企业（有限合伙）,谷森医药,上海谷森医药有限公司,医疗健康，医药,生物技术/医疗健康|医药,中国|上海市,--,种子期,2018-02-01,RMB,30.00,30.00,4.76,--,Pre-A,--,--,--,--,制造业|医药制造业,制造业|医药、生物制品,--,2018.xls,0,2018,上海市,制造业,医药制造业,0.5144735253555968,1.473571311379097,-3.755507403215832,-1.0102068166357452,b
天士力资本【渤溢新天基金】,天士力资本控股（北京）有限公司【重庆渤溢新天股权投资基金合伙企业（有限合伙）】,渤溢投资,重庆渤溢股权投资基金管理有限公司,天士力资本,天士力资本控股（北京）有限公司,渤溢新天基金,重庆渤溢新天股权投资基金合伙企业（有限合伙）,康立明生物,广州康立明生物科技股份有限公司,医疗健康，医疗服务，医疗设备，体外诊断，生产制造，诊断试剂，分子诊断，医疗器械，医疗检测,生物技术/医疗健康|生物工程,中国|广东省|广州市|黄埔区,--,初创期,2017-07-13,RMB,--,--,--,4.95,A,--,--,--,--,制造业|医药制造业|生物、生化制品的制造,制造业|医药、生物制品|生物制品业|其他生物制品业,--,2017.xls,0,2017,广东省,制造业,医药制造业,0.5144735253555968,1.473571311379097,-3.755507403215832,-1.0102068166357452,b
前海方舟【前海母基金】,前海方舟资产管理有限公司【前海股权投资基金（有限合伙）】,前海方舟,前海方舟资产管理有限公司,--,--,前海母基金,前海股权投资基金（有限合伙）,康睿生物,广州康睿生物医药科技股份有限公司,医疗健康，体外诊断，医药,生物技术/医疗健康|医药,中国|广东省|广州市,新三板定增,扩张期,2017-07-26,RMB,49.99,49.99,7.40,10.00,新三板定增,--,499.95,74.03,--,制造业|医药制造业,制造业|医药、生物制品,全国中小企业股份转让系统(新三板),2017.xls,0,2017,广东省,制造业,医药制造业,0.5144735253555968,1.473571311379097,-3.755507403215832,-1.0102068166357452,b
和灵资本【莱芜和灵】,和灵投资管理（北京）有限公司【莱芜和灵新兴产业股权投资基金（有限合伙）】,和灵资本,和灵投资管理（北京）有限公司,--,--,莱芜和灵,莱芜和灵新兴产业股权投资基金（有限合伙）,盛诺基,北京盛诺基医药科技股份有限公司,医疗健康，医药，再生医学，药物研发，生物药,生物技术/医疗健康|医药,中国|北京市|海淀区,成长资本,扩张期,2017-07-31,RMB,60.00,60.00,8.92,2.62,F,--,"1,985.62",295.12,--,制造业|医药制造业,制造业|医药、生物制品,--,2017.xls,1,2017,北京市,制造业,医药制造业,0.5144735253555968,1.473571311379097,-3.755507403215832,-1.0102068166357452,b
雅惠投资【雅惠II期基金】,北京雅惠资产管理有限公司【宁波梅山保税港区雅惠鑫润创业投资合伙企业（有限合伙）】,雅惠投资,北京雅惠资产管理有限公司,--,--,雅惠II期基金,宁波梅山保税港区雅惠鑫润创业投资合伙企业（有限合伙）,英盛生物,山东英盛生物技术有限公司,医疗健康，医疗设备，体外诊断，诊断试剂，基因检测试剂盒,生物技术/医疗健康|生物工程,中国|山东省|济南市,成长资本,扩张期,2017-08-07,RMB,31.01,31.01,4.69,10.21,Pre-A,--,303.77,45.18,--,制造业|医药制造业|生物、生化制品的制造,制造业|医药、生物制品|生物制品业|其他生物制品业,--,2017.xls,0,2017,山东省,制造业,医药制造业,0.5144735253555968,1.473571311379097,-3.755507403215832,-1.0102068166357452,b
华岭资本【温州新生代华岭基金】,上海华岭投资管理有限公司【温州新生代华岭股权投资基金合伙企业（有限合伙）】,华岭资本,上海华岭投资管理有限公司,--,--,温州新生代华岭基金,温州新生代华岭股权投资基金合伙企业（有限合伙）,翼博济生,武汉翼博济生生物科技有限公司,医疗健康，生物药，医疗器械,生物技术/医疗健康|医药,中国|湖北省|武汉市,--,初创期,2017-08-10,RMB,8.00,8.00,1.18,0.17,A,--,"4,790.42",704.79,--,制造业|医药制造业,制造业|医药、生物制品,--,2017.xls,0,2017,湖北省,制造业,医药制造业,0.5144735253555968,1.473571311379097,-3.755507403215832,-1.0102068166357452,b
金雨茂物【南京金投健康基金】,金雨茂物投资管理股份有限公司【南京金投健康产业投资企业（有限合伙）】,金茂创业,南京金茂创业投资管理合伙企业（有限合伙）,金雨茂物,金雨茂物投资管理股份有限公司,南京金投健康基金,南京金投健康产业投资企业（有限合伙）,轩凯生物,南京轩凯生物科技股份有限公司,医疗健康，新材料，医疗设备，农业，生产制造,生物技术/医疗健康|生物工程,中国|江苏省|南京市,创业投资,扩张期,2017-08-10,RMB,--,--,--,--,A+,--,--,--,--,制造业|医药制造业|生物、生化制品的制造,制造业|医药、生物制品|生物制品业|其他生物制品业,--,2017.xls,1,2017,江苏省,制造业,医药制造业,0.5144735253555968,1.473571311379097,-3.755507403215832,-1.0102068166357452,b
长江产业投资集团【湖北高龙健康产业基金】,长江产业投资集团有限公司【湖北高龙健康产业投资基金合伙企业（有限合伙）】,湖北高投鑫龙投资,湖北高投鑫龙投资管理有限公司,湖北高投集团,湖北省高新产业投资集团有限公司,湖北高龙健康产业基金,湖北高龙健康产业投资基金合伙企业（有限合伙）,共同药业,湖北共同药业股份有限公司,医疗健康，医药，生产制造，药品生产，药物研发,生物技术/医疗健康|医药,中国|湖北省|襄阳市|宜城市,成长资本,成熟期,2017-08-16,RMB,10.00,10.00,1.42,1.67,A,--,599.52,89.78,--,制造业|医药制造业,制造业|医药、生物制品,深圳证券交易所创业板,2017.xls,0,2017,湖北省,制造业,医药制造业,0.5144735253555968,1.473571311379097,-3.755507403215832,-1.0102068166357452,b
高瓴【智成长江人工智能基金】,高瓴集团【高瓴智成长江（湖北）人工智能股权投资基金合伙企业（有限合伙）】,珠海高瓴智成,珠海高瓴智成私募基金管理有限公司,高瓴投资,高瓴投资,智成长江人工智能基金,高瓴智成长江（湖北）人工智能股权投资基金合伙企业（有限合伙）,依智医疗,上海依智医疗技术有限公司,医疗信息化，医疗健康，通用类企业服务,生物技术/医疗健康|其他生物技术/医疗健康,中国|上海市,--,种子期,2017-08-21,RMB,--,--,--,--,天使轮,--,--,--,--,制造业|医药制造业|卫生材料及医药用品制造,社会服务业|卫生、保健、护理服务业,--,2017.xls,0,2017,上海市,制造业,医药制造业,0.5144735253555968,1.473571311379097,-3.755507403215832,-1.0102068166357452,b
国投创新【先进制造产业投资基金】,国投创新投资管理有限公司【先进制造产业投资基金（有限合伙）】,国投创新,国投创新投资管理有限公司,--,--,先进制造产业投资基金,先进制造产业投资基金（有限合伙）,创新生物,浙江创新生物有限公司,饲料添加剂，化学试剂，化工,生物技术/医疗健康|生物工程,中国|浙江省|绍兴市,--,初创期,2017-08-23,RMB,--,--,--,--,A,--,--,--,--,制造业|医药制造业|生物、生化制品的制造,制造业|医药、生物制品|生物制品业|其他生物制品业,--,2017.xls,1,2017,浙江省,制造业,医药制造业,0.5144735253555968,1.473571311379097,-3.755507403215832,-1.0102068166357452,b
华泰紫金投资【华泰大健康二号基金】,华泰紫金投资有限责任公司【南京华泰大健康二号股权投资合伙企业（有限合伙）】,华泰紫金投资,华泰紫金投资有限责任公司,--,--,华泰大健康二号基金,南京华泰大健康二号股权投资合伙企业（有限合伙）,艾迪药业,江苏艾迪药业股份有限公司,医疗健康，医药，生物药，创新药，生产制造,生物技术/医疗健康|医药,中国|江苏省|扬州市|邗江区,并购投资,扩张期,2017-08-29,RMB,1.87,1.87,0.28,0.08,其他,--,"1,648.00",248.59,--,制造业|医药制造业,制造业|医药、生物制品,上海证券交易所科创板,2017.xls,0,2017,江苏省,制造业,医药制造业,0.5144735253555968,1.473571311379097,-3.755507403215832,-1.0102068166357452,b
越秀产业基金【立创五号实业基金】,广州越秀产业投资基金管理股份有限公司【广州立创五号实业投资合伙企业（有限合伙）】,越秀产业基金,广州越秀产业投资基金管理股份有限公司,--,--,立创五号实业基金,广州立创五号实业投资合伙企业（有限合伙）,圣兆药物,浙江圣兆药物科技股份有限公司,医疗健康，医药，生产制造，原料药，药物研发，医疗器械，生物制药,生物技术/医疗健康|医药,中国|浙江省|杭州市,新三板定增,扩张期,2017-08-29,RMB,68.00,68.00,10.00,8.26,新三板定增,--,531.23,78.16,--,制造业|医药制造业,制造业|医药、生物制品,全国中小企业股份转让系统(新三板),2017.xls,0,2017,浙江省,制造业,医药制造业,0.5144735253555968,1.473571311379097,-3.755507403215832,-1.0102068166357452,b
贵阳创投【贵阳市工业和信息化产业发展引导基金】,贵阳市创业投资有限公司【贵阳市工业和信息化产业发展引导基金有限公司】,贵阳创投,贵阳市创业投资有限公司,--,--,贵阳市工业和信息化产业发展引导基金,贵阳市工业和信息化产业发展引导基金有限公司,绿太阳制药,贵州绿太阳制药有限公司,医药，仪器仪表，五金配件，药品生产,生物技术/医疗健康|医药,中国|贵州省|贵阳市,创业投资,成熟期,2017-09-01,RMB,--,--,--,15.01,A,--,--,--,--,制造业|医药制造业,制造业|医药、生物制品,--,2017.xls,1,2017,贵州省,制造业,医药制造业,0.5144735253555968,1.473571311379097,-3.755507403215832,-1.0102068166357452,b
普惠正通【南水北调基金】,北京普惠正通投资有限公司【河南省南水北调对口协作产业投资基金（有限合伙）】,普惠正通,北京普惠正通投资有限公司,--,--,南水北调基金,河南省南水北调对口协作产业投资基金（有限合伙）,柯丽尔,南阳柯丽尔科技有限公司,信息技术，医疗健康,生物技术/医疗健康|其他生物技术/医疗健康,中国|河南省|南阳市,天使投资,初创期,2017-07-18,RMB,--,--,--,--,天使轮,--,--,--,--,制造业|医药制造业|卫生材料及医药用品制造,社会服务业|卫生、保健、护理服务业,--,2017.xls,1,2017,河南省,制造业,医药制造业,0.5144735253555968,1.473571311379097,-3.755507403215832,-1.0102068166357452,b
青海开信投资【青海省中小企业发展基金】,青海开信私募投资基金管理有限公司【青海省中小企业发展基金（有限合伙）】,青海开信投资,青海开信私募投资基金管理有限公司,--,--,青海省中小企业发展基金,青海省中小企业发展基金（有限合伙）,久实虫草,青海久实虫草生物科技有限公司,医疗健康，医药，生产制造,生物技术/医疗健康|医药,中国|青海省|西宁市,创业投资,扩张期,2017-03-09,--,--,--,--,--,A,--,--,--,--,制造业|医药制造业,制造业|医药、生物制品,--,2017.xls,1,2017,青海省,制造业,医药制造业,0.5144735253555968,1.473571311379097,-3.755507403215832,-1.0102068166357452,b
盛世投资【南京江北新区服务贸易基金】,北京盛世宏明投资基金管理有限公司【南京江北新区服务贸易创新发展基金（有限合伙）】,盛世扬子,南京盛世扬子基金投资管理有限公司,盛世投资,北京盛世宏明投资基金管理有限公司,南京江北新区服务贸易基金,南京江北新区服务贸易创新发展基金（有限合伙）,南京方生和医药,南京方生和医药科技有限公司,医疗健康，医药，药品生产，仿制药，药物研发,生物技术/医疗健康|医药,中国|江苏省|南京市,--,初创期,2018-02-03,RMB,15.00,15.00,2.39,--,A+,--,--,--,--,制造业|医药制造业,制造业|医药、生物制品,--,2018.xls,1,2018,江苏省,制造业,医药制造业,0.5144735253555968,1.473571311379097,-3.755507403215832,-1.0102068166357452,b
分享投资【分享精准医疗基金】,深圳市分享成长投资管理有限公司【深圳市分享精准医疗投资合伙企业（有限合伙）】,分享投资,深圳市分享成长投资管理有限公司,--,--,分享精准医疗基金,深圳市分享精准医疗投资合伙企业（有限合伙）,再极医药,广州再极医药科技有限公司,医疗健康，医药，生物药，靶向药，创新药，药物研发，免疫疗法,生物技术/医疗健康|医药,中国|广东省|广州市|黄埔区,--,初创期,2018-02-09,RMB,--,--,--,--,A,--,--,--,--,制造业|医药制造业,制造业|医药、生物制品,--,2018.xls,0,2018,广东省,制造业,医药制造业,0.5144735253555968,1.473571311379097,-3.755507403215832,-1.0102068166357452,b
北极光创投【北极光人民币基金III期】,北极光创投【苏州极创金源创业投资合伙企业（有限合伙）】,同源创业,苏州同源创业投资管理有限公司,北极光创投,北极光创投,北极光人民币基金III期,苏州极创金源创业投资合伙企业（有限合伙）,纽福斯,武汉纽福斯生物科技有限公司,医疗健康，医药，医疗服务，生物制药，药物研发，细胞治疗,生物技术/医疗健康|生物工程,中国|湖北省|武汉市,天使投资,初创期,2018-08-16,RMB,--,--,--,--,天使轮,--,--,--,--,制造业|医药制造业|生物、生化制品的制造,制造业|医药、生物制品|生物制品业|其他生物制品业,--,2018.xls,0,2018,湖北省,制造业,医药制造业,0.5144735253555968,1.473571311379097,-3.755507403215832,-1.0102068166357452,b
中科院创投【中科院科技成果转化母基金】,中科院创业投资管理有限公司【中科院科技成果转化创业投资基金（武汉）合伙企业（有限合伙）】,中科院创投,中科院创业投资管理有限公司,--,--,中科院科技成果转化母基金,中科院科技成果转化创业投资基金（武汉）合伙企业（有限合伙）,新纵科,湖北新纵科病毒疾病工程技术有限公司,医疗健康，医药，生产制造，生物技术,生物技术/医疗健康|医药|生物制药,中国|湖北省|武汉市,--,扩张期,2018-08-20,RMB,25.00,25.00,3.63,0.09,A,--,--,--,--,制造业|医药制造业|生物、生化制品的制造,制造业|医药、生物制品|生物制品业|生物药品制造业,--,2018.xls,0,2018,湖北省,制造业,医药制造业,0.5144735253555968,1.473571311379097,-3.755507403215832,-1.0102068166357452,b
粤科金融集团【广州市粤科知识产权运营基金】,广东省粤科金融集团有限公司【广州市粤科知识产权运营投资中心（有限合伙）】,粤科母基金,广东省粤科母基金投资管理有限公司,粤科金融集团,广东省粤科金融集团有限公司,广州市粤科知识产权运营基金,广州市粤科知识产权运营投资中心（有限合伙）,康瑞泰药业,广州康瑞泰药业有限公司,医疗健康，医药，原料药，外包服务，药品生产，药物研发，医药外包CXO,生物技术/医疗健康|医药,中国|广东省|广州市,创业投资,扩张期,2018-08-28,RMB,--,--,--,14.29,A,--,139.96,20.57,--,制造业|医药制造业,制造业|医药、生物制品,--,2018.xls,1,2018,广东省,制造业,医药制造业,0.5144735253555968,1.473571311379097,-3.755507403215832,-1.0102068166357452,b
毅达资本【江苏疌泉毅达融京股权并购投资基金】,江苏毅达股权投资基金管理有限公司【江苏疌泉毅达融京股权并购投资基金（有限合伙）】,苏州毅达融京资管,南京毅达融京资本管理合伙企业（有限合伙）,毅达资本,江苏毅达股权投资基金管理有限公司,江苏疌泉毅达融京股权并购投资基金,江苏疌泉毅达融京股权并购投资基金（有限合伙）,蓝帆医疗,蓝帆医疗股份有限公司,医疗健康，文体行业,生物技术/医疗健康|其他生物技术/医疗健康,中国|山东省|淄博市,上市定增,成熟期,2018-08-31,RMB,200.00,200.00,29.05,1.12,上市定增,--,"17,911.69","2,601.33",88.68,制造业|医药制造业|卫生材料及医药用品制造,社会服务业|卫生、保健、护理服务业,深圳证券交易所主板,2018.xls,0,2018,山东省,制造业,医药制造业,0.5144735253555968,1.473571311379097,-3.755507403215832,-1.0102068166357452,b
夏尔巴投资【夏尔巴一期人民币基金】（领投）,珠海夏尔巴股权投资管理有限公司【珠海夏尔巴一期股权投资合伙企业（有限合伙）】（领投）,夏尔巴投资,珠海夏尔巴股权投资管理有限公司,夏尔巴投资,珠海夏尔巴股权投资管理有限公司,夏尔巴一期人民币基金,珠海夏尔巴一期股权投资合伙企业（有限合伙）,红云生物,南京红云生物科技有限公司,医疗健康，医药，创新药，药物研发,生物技术/医疗健康|医药|生物制药,中国|江苏省|南京市|江宁区,创业投资,种子期,2018-09-19,RMB,--,--,--,--,天使轮,--,--,--,--,制造业|医药制造业|生物、生化制品的制造,制造业|医药、生物制品|生物制品业|生物药品制造业,--,2018.xls,0,2018,江苏省,制造业,医药制造业,0.5144735253555968,1.473571311379097,-3.755507403215832,-1.0102068166357452,b
深创投【福田红土股权投资基金】,深圳市创新投资集团有限公司【深圳市福田红土股权投资基金合伙企业（有限合伙）】,深圳福田红土投资,深圳市福田红土股权投资基金管理有限公司,深创投,深圳市创新投资集团有限公司,福田红土股权投资基金,深圳市福田红土股权投资基金合伙企业（有限合伙）,易瑞生物,深圳市易瑞生物技术股份有限公司,企业服务，生活消费品，公共安全，仪器仪表，大数据挖掘，大数据技术,生物技术/医疗健康|其他生物技术/医疗健康,中国|广东省|深圳市,成长资本,成熟期,2018-09-21,RMB,10.35,10.35,1.54,0.50,A,倪泽望,"2,070.00",302.82,--,制造业|医药制造业|卫生材料及医药用品制造,社会服务业|卫生、保健、护理服务业,深圳证券交易所创业板,2018.xls,0,2018,广东省,制造业,医药制造业,0.5144735253555968,1.473571311379097,-3.755507403215832,-1.0102068166357452,b
川创投【泸州市人才创新创业股权投资基金】,四川创新发展投资管理有限公司【泸州市人才创新创业股权投资基金合伙企业（有限合伙）】,川创投,四川创新发展投资管理有限公司,--,--,泸州市人才创新创业股权投资基金,泸州市人才创新创业股权投资基金合伙企业（有限合伙）,国康药业,四川国康药业有限公司,医疗健康，医药，生产制造，药品生产,生物技术/医疗健康|医药|中药材及中成药加工业,中国|四川省|成都市,创业投资,成熟期,2018-10-01,RMB,10.00,10.00,1.49,--,A+,喻言,--,--,--,制造业|医药制造业|中成药制造,制造业|医药、生物制品|医药制造业|中药材及中成药加工业,--,2018.xls,1,2018,四川省,制造业,医药制造业,0.5144735253555968,1.473571311379097,-3.755507403215832,-1.0102068166357452,b
河北建融【冀财嘉德】,河北建融股权投资基金管理有限公司【河北冀财嘉德股权投资基金（有限合伙）】,河北建融,河北建融股权投资基金管理有限公司,--,--,冀财嘉德,河北冀财嘉德股权投资基金（有限合伙）,民祥医药,天津民祥生物医药股份有限公司,医疗健康，医药，原料药，生产制造，生物制药，新材料，药物研发，药品生产，材料，生物药，化工原料,生物技术/医疗健康|医药,中国|天津市|津南区,新三板定增,成熟期,2018-10-08,RMB,19.98,19.98,2.90,1.85,新三板定增,--,"1,078.15",156.58,--,制造业|医药制造业,制造业|医药、生物制品,全国中小企业股份转让系统(新三板),2018.xls,0,2018,天津市,制造业,医药制造业,0.5144735253555968,1.473571311379097,-3.755507403215832,-1.0102068166357452,b
辰德资本【辰德资本人民币三期基金】,上海甲辰投资有限公司【苏州辰知德投资合伙企业（有限合伙）】,辰德资本,上海甲辰投资有限公司,--,--,辰德资本人民币三期基金,苏州辰知德投资合伙企业（有限合伙）,艾科诺,嘉兴市艾科诺生物科技有限公司,医疗健康，医疗服务，医疗设备，体外诊断，诊断试剂，分子诊断，自动化，医疗器械,生物技术/医疗健康|生物工程,中国|浙江省|嘉兴市,创业投资,种子期,2018-10-09,RMB,--,--,--,--,A,--,--,--,--,制造业|医药制造业|生物、生化制品的制造,制造业|医药、生物制品|生物制品业|其他生物制品业,--,2018.xls,0,2018,浙江省,制造业,医药制造业,0.5144735253555968,1.473571311379097,-3.755507403215832,-1.0102068166357452,b
深创投【创赛基金投资】,深圳市创新投资集团有限公司【深圳市创赛基金投资管理有限公司】,深创投,深圳市创新投资集团有限公司,--,--,创赛基金投资,深圳市创赛基金投资管理有限公司,华诺生物科技,深圳华诺生物科技有限公司,医疗健康，医药，生物药，生产制造,生物技术/医疗健康|医药,中国|广东省|深圳市,天使投资,种子期,2018-10-11,RMB,--,--,--,--,天使轮,--,--,--,--,制造业|医药制造业,制造业|医药、生物制品,--,2018.xls,0,2018,广东省,制造业,医药制造业,0.5144735253555968,1.473571311379097,-3.755507403215832,-1.0102068166357452,b
邦盛资本【江苏沿海产业投资基金】,南京邦盛投资管理有限公司【江苏沿海产业投资基金（有限合伙）】,江苏沿海资本,江苏沿海创新资本管理有限公司,邦盛资本,南京邦盛投资管理有限公司,江苏沿海产业投资基金,江苏沿海产业投资基金（有限合伙）,诺泰生物,江苏诺泰澳赛诺生物制药股份有限公司,医疗健康，医药，原料药，生产制造，药品生产，生物药，生物制药,生物技术/医疗健康|医药,中国|江苏省|连云港市,新三板定增,扩张期,2018-10-12,RMB,50.22,50.22,7.48,2.96,新三板定增,--,"1,694.57",245.16,--,制造业|医药制造业,制造业|医药、生物制品,上海证券交易所科创板，全国中小企业股份转让系统(新三板),2018.xls,1,2018,江苏省,制造业,医药制造业,0.5144735253555968,1.473571311379097,-3.755507403215832,-1.0102068166357452,b
前海方舟【前海母基金】,前海方舟资产管理有限公司【前海股权投资基金（有限合伙）】,前海方舟,前海方舟资产管理有限公司,--,--,前海母基金,前海股权投资基金（有限合伙）,中普达,中普达科技股份有限公司,医疗健康，企业服务，互联网医疗，工具软件，人工智能，物联网，移动医疗，物联网应用开发平台,生物技术/医疗健康|其他生物技术/医疗健康,中国|北京市|朝阳区,新三板定增,成熟期,2018-10-23,RMB,60.00,60.00,8.71,5.17,新三板定增,--,"1,160.34",168.52,--,制造业|医药制造业|卫生材料及医药用品制造,社会服务业|卫生、保健、护理服务业,全国中小企业股份转让系统(新三板),2018.xls,0,2018,北京市,制造业,医药制造业,0.5144735253555968,1.473571311379097,-3.755507403215832,-1.0102068166357452,b
真格基金【真格天域】,北京真格天成投资管理有限公司【嘉兴真格天域股权投资合伙企业（有限合伙）】,西藏达孜真格天祥投资,西藏达孜真格天祥投资管理有限公司,真格基金,北京真格天成投资管理有限公司,真格天域,嘉兴真格天域股权投资合伙企业（有限合伙）,寻因生物,北京寻因生物科技有限公司,医疗健康，体外诊断，医疗服务,生物技术/医疗健康|生物工程,中国|北京市|昌平区,创业投资,扩张期,2018-10-31,RMB,--,--,--,--,天使轮,--,--,--,--,制造业|医药制造业|生物、生化制品的制造,制造业|医药、生物制品|生物制品业|其他生物制品业,--,2018.xls,0,2018,北京市,制造业,医药制造业,0.5144735253555968,1.473571311379097,-3.755507403215832,-1.0102068166357452,b
时代伯乐【南通时代伯乐创业基金】,深圳市时代伯乐创业投资管理有限公司【南通时代伯乐创业投资合伙企业（有限合伙）】,时代伯乐,深圳市时代伯乐创业投资管理有限公司,--,--,南通时代伯乐创业基金,南通时代伯乐创业投资合伙企业（有限合伙）,伊普诺康,安徽伊普诺康生物技术股份有限公司,医疗健康，医疗设备，体外诊断，生产制造，诊断试剂,生物技术/医疗健康|医药,中国|安徽省|合肥市,新三板定增,扩张期,2018-11-06,RMB,24.00,24.00,3.49,3.77,新三板定增,--,637.03,92.52,--,制造业|医药制造业,制造业|医药、生物制品,全国中小企业股份转让系统(新三板),2018.xls,0,2018,安徽省,制造业,医药制造业,0.5144735253555968,1.473571311379097,-3.755507403215832,-1.0102068166357452,b
国新基金【中国国有资本风险投资基金】,中国国新基金管理有限公司【中国国有资本风险投资基金股份有限公司】,国新风投深圳,国新风险投资管理（深圳）有限公司,国新基金,中国国新基金管理有限公司,中国国有资本风险投资基金,中国国有资本风险投资基金股份有限公司,康宁杰瑞,苏州康宁杰瑞生物科技有限公司,医疗健康，医药，生物药，免疫疗法，生物制药，药品生产，药物研发,生物技术/医疗健康|医药|生物制药,中国|江苏省|苏州市,成长资本,成熟期,2018-11-17,USD,14.29,99.14,14.29,--,A,--,--,--,--,制造业|医药制造业|生物、生化制品的制造,制造业|医药、生物制品|生物制品业|生物药品制造业,--,2018.xls,1,2018,江苏省,制造业,医药制造业,0.5144735253555968,1.473571311379097,-3.755507403215832,-1.0102068166357452,b
合力投资【合嘉泓盛】,上海合之力投资管理有限公司【杭州合嘉泓盛创业投资合伙企业（有限合伙）】,合力投资,上海合之力投资管理有限公司,--,--,合嘉泓盛,杭州合嘉泓盛创业投资合伙企业（有限合伙）,普瑞森基因,苏州普瑞森生物科技有限公司,医疗健康，体外诊断，生产制造，医疗器械,生物技术/医疗健康|生物工程,中国|江苏省|苏州市,创业投资,初创期,2018-11-23,RMB,--,--,--,--,Pre-A,--,--,--,--,制造业|医药制造业|生物、生化制品的制造,制造业|医药、生物制品|生物制品业|其他生物制品业,--,2018.xls,0,2018,江苏省,制造业,医药制造业,0.5144735253555968,1.473571311379097,-3.755507403215832,-1.0102068166357452,b
龙城燕园创投【龙城富通】,山西龙城燕园创业投资管理有限公司【山西龙城富通生物产业创业投资有限公司】,龙城燕园创投,山西龙城燕园创业投资管理有限公司,--,--,龙城富通,山西龙城富通生物产业创业投资有限公司,盈科生物,山西盈科生物科技有限公司,零售O2O，生物技术，科技推广应用服务，医疗器械,生物技术/医疗健康|生物工程,中国|山西省|临汾市|尧都区,创业投资,种子期,2018-11-27,RMB,--,--,--,--,A,--,--,--,--,制造业|医药制造业|生物、生化制品的制造,制造业|医药、生物制品|生物制品业|其他生物制品业,--,2018.xls,1,2018,山西省,制造业,医药制造业,0.5144735253555968,1.473571311379097,-3.755507403215832,-1.0102068166357452,b
盛鼎投资【远康鼎祥投资】,盛鼎股权投资基金管理有限责任公司【苏州远康鼎祥投资管理合伙企业（有限合伙）】,盛鼎投资,盛鼎股权投资基金管理有限责任公司,--,--,远康鼎祥投资,苏州远康鼎祥投资管理合伙企业（有限合伙）,苏州点晶,苏州点晶生物科技有限公司,医疗健康，体外诊断，诊断试剂，医疗服务，分子诊断，医疗器械,生物技术/医疗健康|其他生物技术/医疗健康,中国|江苏省|苏州市,创业投资,扩张期,2018-12-04,RMB,--,--,--,11.43,A,--,--,--,--,制造业|医药制造业|卫生材料及医药用品制造,社会服务业|卫生、保健、护理服务业,--,2018.xls,0,2018,江苏省,制造业,医药制造业,0.5144735253555968,1.473571311379097,-3.755507403215832,-1.0102068166357452,b
金石投资【金石翊康】,金石投资有限公司【金石翊康股权投资（杭州）合伙企业（有限合伙）】,金石沣汭,金石沣汭投资管理（杭州）有限公司,金石投资,金石投资有限公司,金石翊康,金石翊康股权投资（杭州）合伙企业（有限合伙）,葫芦娃,海南葫芦娃药业集团股份有限公司,医疗健康，医药，生产制造,生物技术/医疗健康|医药,中国|海南省|海口市,天使投资,成熟期,2018-12-26,RMB,23.00,23.00,3.33,1.28,B,--,"1,796.61",260.96,--,制造业|医药制造业,制造业|医药、生物制品,上海证券交易所主板,2018.xls,0,2018,海南省,制造业,医药制造业,0.5144735253555968,1.473571311379097,-3.755507403215832,-1.0102068166357452,b
兴陇基金【甘肃省兰州生物医药产业创业投资基金】,甘肃兴陇基金管理有限公司【甘肃省兰州生物医药产业创业投资基金有限公司】,兴陇基金,甘肃兴陇基金管理有限公司,--,--,甘肃省兰州生物医药产业创业投资基金,甘肃省兰州生物医药产业创业投资基金有限公司,赫博陇药,甘肃赫博陇药科技有限责任公司,医疗健康，医药，农业，农副产品,生物技术/医疗健康|医药|中药材及中成药加工业,中国|甘肃省|定西市|陇西县,创业投资,扩张期,2018-12-27,RMB,2.40,2.40,0.36,--,A,--,--,--,--,制造业|医药制造业|中成药制造,制造业|医药、生物制品|医药制造业|中药材及中成药加工业,--,2018.xls,1,2018,甘肃省,制造业,医药制造业,0.5144735253555968,1.473571311379097,-3.755507403215832,-1.0102068166357452,b
中金资本【河南省战新产业投资基金】,中金资本运营有限公司【河南省战新产业投资基金（有限合伙）】,中金汇融,河南中金汇融私募基金管理有限公司,中金资本,中金资本运营有限公司,河南省战新产业投资基金,河南省战新产业投资基金（有限合伙）,陆道培生物,北京陆道培生物技术有限公司,医疗健康，医疗服务，体外诊断，干细胞,生物技术/医疗健康|生物工程,中国|北京市|朝阳区,创业投资,扩张期,2018-12-29,RMB,--,--,--,--,A,--,--,--,--,制造业|医药制造业|生物、生化制品的制造,制造业|医药、生物制品|生物制品业|其他生物制品业,--,2018.xls,1,2018,北京市,制造业,医药制造业,0.5144735253555968,1.473571311379097,-3.755507403215832,-1.0102068166357452,b
光谷人才投资【武汉光谷人才创业投资】,武汉光谷人才私募投资管理有限公司【武汉光谷人才创业投资合伙企业（有限合伙）】,光谷人才投资,武汉光谷人才私募投资管理有限公司,--,--,武汉光谷人才创业投资,武汉光谷人才创业投资合伙企业（有限合伙）,睿健医药,武汉睿健医药科技有限公司,医疗健康，医药，再生医学，药物研发，细胞治疗,生物技术/医疗健康|其他生物技术/医疗健康,中国|湖北省|武汉市,天使投资,初创期,2019-01-01,RMB,--,--,--,--,天使轮,--,--,--,--,制造业|医药制造业|卫生材料及医药用品制造,社会服务业|卫生、保健、护理服务业,--,2019.xls,0,2019,湖北省,制造业,医药制造业,0.5144735253555968,1.473571311379097,-3.755507403215832,-1.0102068166357452,b
武汉睿成投资【武汉人福生物医药产业基金】,武汉睿成股权投资管理有限公司【武汉人福生物医药产业投资基金中心（有限合伙）】,武汉睿成投资,武汉睿成股权投资管理有限公司,--,--,武汉人福生物医药产业基金,武汉人福生物医药产业投资基金中心（有限合伙）,耀海生物,江苏耀海生物制药有限公司,医疗健康，医药，生物药，药物外包，生物制药，药物研发，药品生产,生物技术/医疗健康|医药,中国|江苏省|泰州市,成长资本,扩张期,2019-01-03,RMB,25.00,25.00,3.64,--,A,--,--,--,--,制造业|医药制造业,制造业|医药、生物制品,--,2019.xls,0,2019,江苏省,制造业,医药制造业,0.5144735253555968,1.473571311379097,-3.755507403215832,-1.0102068166357452,b
贵阳创投【贵阳工投生物医药产业创投基金】,贵阳市创业投资有限公司【贵阳工投生物医药产业创业投资有限公司】,筑银资本,贵州筑银资本管理有限公司,贵阳创投,贵阳市创业投资有限公司,贵阳工投生物医药产业创投基金,贵阳工投生物医药产业创业投资有限公司,远程制药,贵州远程制药有限责任公司,医疗健康，生产制造，医药，药品生产,生物技术/医疗健康|医药|中药材及中成药加工业,中国|贵州省|贵阳市|乌当区,创业投资,成熟期,2018-08-15,RMB,--,--,--,6.00,A,--,--,--,--,制造业|医药制造业|中成药制造,制造业|医药、生物制品|医药制造业|中药材及中成药加工业,--,2018.xls,1,2018,贵州省,制造业,医药制造业,0.5144735253555968,1.473571311379097,-3.755507403215832,-1.0102068166357452,b
东方富海【南山东方富海中小微创投基金】,深圳市东方富海投资管理股份有限公司【深圳南山东方富海中小微创业投资基金合伙企业（有限合伙）】,深圳东方富海创投,深圳市东方富海创业投资管理有限公司,东方富海,深圳市东方富海投资管理股份有限公司,南山东方富海中小微创投基金,深圳南山东方富海中小微创业投资基金合伙企业（有限合伙）,美华鼎昌,浙江美华鼎昌医药科技有限公司,医疗健康，医药，创新药，仿制药，生物药，药物研发,生物技术/医疗健康|医药,中国|浙江省|绍兴市,创业投资,扩张期,2018-08-14,RMB,--,--,--,--,A,--,--,--,--,制造业|医药制造业,制造业|医药、生物制品,--,2018.xls,0,2018,浙江省,制造业,医药制造业,0.5144735253555968,1.473571311379097,-3.755507403215832,-1.0102068166357452,b
元生创投【新建元二期创业基金】,苏州工业园区元生创业投资管理有限公司【苏州工业园区新建元二期创业投资企业（有限合伙）】,元生私募基金,苏州元生私募基金管理合伙企业（有限合伙）,元生创投,苏州工业园区元生创业投资管理有限公司,新建元二期创业基金,苏州工业园区新建元二期创业投资企业（有限合伙）,艾伟孚,成都艾伟孚生物科技有限公司,医疗健康，辅助生育，生物药，医药,生物技术/医疗健康|医药|生物制药,中国|四川省|成都市,--,初创期,2018-08-09,RMB,20.00,20.00,3.14,20.00,A,--,100.00,14.64,--,制造业|医药制造业|生物、生化制品的制造,制造业|医药、生物制品|生物制品业|生物药品制造业,--,2018.xls,0,2018,四川省,制造业,医药制造业,0.5144735253555968,1.473571311379097,-3.755507403215832,-1.0102068166357452,b
金城资本【兰州科技创新创业基金】,金城资本管理有限公司【兰州科技创新创业风险投资基金（有限合伙）】,金城资本,金城资本管理有限公司,--,--,兰州科技创新创业基金,兰州科技创新创业风险投资基金（有限合伙）,和盛堂,兰州和盛堂制药股份有限公司,医疗健康，医药，生产制造，药品生产,生物技术/医疗健康|医药,中国|甘肃省|兰州市,成长资本,成熟期,2018-07-27,--,--,--,--,--,A,--,--,--,--,制造业|医药制造业,制造业|医药、生物制品,--,2018.xls,1,2018,甘肃省,制造业,医药制造业,0.5144735253555968,1.473571311379097,-3.755507403215832,-1.0102068166357452,b
合肥创新投【合肥市天使投资基金】,合肥市创新科技风险投资有限公司【合肥市天使投资基金有限公司】,合肥创新投,合肥市创新科技风险投资有限公司,--,--,合肥市天使投资基金,合肥市天使投资基金有限公司,国医科技,安徽中技国医医疗科技有限公司,医疗健康，医疗服务，企业服务,生物技术/医疗健康|医药,中国|安徽省|合肥市|蜀山区,天使投资,初创期,2018-03-19,RMB,--,--,--,--,天使轮,--,--,--,--,制造业|医药制造业,制造业|医药、生物制品,--,2018.xls,1,2018,安徽省,制造业,医药制造业,0.5144735253555968,1.473571311379097,-3.755507403215832,-1.0102068166357452,b
华安嘉业【安华创投基金】,华安嘉业投资管理有限公司【安徽安华创新风险投资基金有限公司】,华安嘉业,华安嘉业投资管理有限公司,--,--,安华创投基金,安徽安华创新风险投资基金有限公司,乘风制药,安庆回音必制药股份有限公司,医疗健康，医药，生产制造，药品生产，药物研发,生物技术/医疗健康|医药,中国|安徽省|安庆市|岳西县,创业投资,成熟期,2020-07-02,RMB,--,--,--,--,A,--,--,--,--,制造业|医药制造业,制造业|医药、生物制品,--,2020.xls,0,2020,安徽省,制造业,医药制造业,0.5144735253555968,1.473571311379097,-3.755507403215832,-1.0102068166357452,b
贝加资本【贝达生物医药产业基金】,杭州贝加投资管理有限责任公司【杭州贝欣股权投资基金合伙企业（有限合伙）】,贝加资本,杭州贝加投资管理有限责任公司,--,--,贝达生物医药产业基金,杭州贝欣股权投资基金合伙企业（有限合伙）,天广实,北京天广实生物技术股份有限公司,医疗健康，医药，生物制药，药物研发,生物技术/医疗健康|医药|生物制药,中国|北京市|大兴区,--,成熟期,2018-04-04,RMB,25.00,25.00,3.47,1.00,老股权转让,--,"2,500.00",397.88,--,制造业|医药制造业|生物、生化制品的制造,制造业|医药、生物制品|生物制品业|生物药品制造业,全国中小企业股份转让系统(新三板),2018.xls,0,2018,北京市,制造业,医药制造业,0.5144735253555968,1.473571311379097,-3.755507403215832,-1.0102068166357452,b
上海朴弘投资【京工弘元】,上海朴弘投资有限公司【北京京工弘元创业投资中心（有限合伙）】,京工弘元,北京京工弘元投资管理有限公司,上海朴弘投资,上海朴弘投资有限公司,京工弘元,北京京工弘元创业投资中心（有限合伙）,亚虹医药,江苏亚虹医药科技股份有限公司,医疗健康，医药，创新药,生物技术/医疗健康|医药,中国|江苏省|泰州市,创业投资,扩张期,2018-04-10,RMB,3.95,3.95,0.62,0.75,B+,--,525.88,83.32,--,制造业|医药制造业,制造业|医药、生物制品,上海证券交易所科创板,2018.xls,0,2018,江苏省,制造业,医药制造业,0.5144735253555968,1.473571311379097,-3.755507403215832,-1.0102068166357452,b
金城资本【甘肃省中小企业基金】,金城资本管理有限公司【甘肃省中小企业发展基金（有限合伙）】,金城资本,金城资本管理有限公司,--,--,甘肃省中小企业基金,甘肃省中小企业发展基金（有限合伙）,甘南百草,甘南百草生物科技开发有限公司,生产制造，医疗健康，农业，医药，药品生产,生物技术/医疗健康|医药|中药材及中成药加工业,中国|甘肃省|甘南藏族自治州|合作市,创业投资,成熟期,2018-04-11,RMB,--,--,--,26.01,A,--,--,--,--,制造业|医药制造业|中成药制造,制造业|医药、生物制品|医药制造业|中药材及中成药加工业,--,2018.xls,1,2018,甘肃省,制造业,医药制造业,0.5144735253555968,1.473571311379097,-3.755507403215832,-1.0102068166357452,b
分享投资【分享精准医疗基金】,深圳市分享成长投资管理有限公司【深圳市分享精准医疗投资合伙企业（有限合伙）】,分享投资,深圳市分享成长投资管理有限公司,--,--,分享精准医疗基金,深圳市分享精准医疗投资合伙企业（有限合伙）,菲鹏生物,菲鹏生物股份有限公司,医疗健康，医疗设备，体外诊断，生产制造，诊断试剂，医疗服务，医疗器械,生物技术/医疗健康|医药|化学药品制剂制造业,中国|广东省|深圳市,成长资本,成熟期,2018-04-16,RMB,70.00,70.00,10.71,1.00,其他,--,"7,037.27","1,034.28",--,制造业|医药制造业|化学药品制剂制造,制造业|医药、生物制品|医药制造业|化学药品制剂制造业,全国中小企业股份转让系统(新三板),2018.xls,0,2018,广东省,制造业,医药制造业,0.5144735253555968,1.473571311379097,-3.755507403215832,-1.0102068166357452,b
华泰紫金投资【华泰大健康二号基金】,华泰紫金投资有限责任公司【南京华泰大健康二号股权投资合伙企业（有限合伙）】,华泰紫金投资,华泰紫金投资有限责任公司,--,--,华泰大健康二号基金,南京华泰大健康二号股权投资合伙企业（有限合伙）,玻思韬,广州玻思韬控释药业有限公司,医疗健康，医药，创新药，药物研发，药品生产，生物药,生物技术/医疗健康|医药,中国|广东省|广州市,创业投资,扩张期,2018-04-25,RMB,--,--,--,--,A,--,--,--,--,制造业|医药制造业,制造业|医药、生物制品,--,2018.xls,0,2018,广东省,制造业,医药制造业,0.5144735253555968,1.473571311379097,-3.755507403215832,-1.0102068166357452,b
深创投【深圳市人才创新创业一号基金】,深圳市创新投资集团有限公司【深圳市人才创新创业一号股权投资基金（有限合伙）】,广东红土创投,广东红土创业投资管理有限公司,深创投,深圳市创新投资集团有限公司,深圳市人才创新创业一号基金,深圳市人才创新创业一号股权投资基金（有限合伙）,迈景基因,广州迈景基因医学科技有限公司,医疗健康，医疗服务，体外诊断,生物技术/医疗健康|生物工程,中国|广东省|广州市,--,初创期,2018-04-26,RMB,15.00,15.00,2.38,--,A,--,--,--,--,制造业|医药制造业|生物、生化制品的制造,制造业|医药、生物制品|生物制品业|其他生物制品业,--,2018.xls,0,2018,广东省,制造业,医药制造业,0.5144735253555968,1.473571311379097,-3.755507403215832,-1.0102068166357452,b
中金资本【中金启辰新兴产业股权投资基金】（领投）,中金资本运营有限公司【中金启辰（苏州）新兴产业股权投资基金合伙企业（有限合伙）】（领投）,中金资本,中金资本运营有限公司,--,--,中金启辰新兴产业股权投资基金,中金启辰（苏州）新兴产业股权投资基金合伙企业（有限合伙）,腾瑞制药,上海腾瑞制药股份有限公司,医疗健康，医药，原料药，生产制造，药物研发，药品生产,生物技术/医疗健康|医药,中国|上海市|奉贤区,--,扩张期,2018-05-08,RMB,--,--,--,--,B,--,--,--,--,制造业|医药制造业,制造业|医药、生物制品,--,2018.xls,0,2018,上海市,制造业,医药制造业,0.5144735253555968,1.473571311379097,-3.755507403215832,-1.0102068166357452,b
海邦投资【海邦羿谷创投】,海邦投资【杭州海邦羿谷创业投资合伙企业（有限合伙）】,浙江海邦投资,浙江海邦投资管理有限公司,--,--,海邦羿谷创投,杭州海邦羿谷创业投资合伙企业（有限合伙）,先为达生物,杭州先为达生物科技有限公司,医疗健康，医药，创新药，生物制药，药物研发，药品生产,生物技术/医疗健康|医药|生物制药,中国|浙江省|杭州市,--,种子期,2018-05-09,RMB,--,--,--,--,Pre-A,--,--,--,--,制造业|医药制造业|生物、生化制品的制造,制造业|医药、生物制品|生物制品业|生物药品制造业,--,2018.xls,0,2018,浙江省,制造业,医药制造业,0.5144735253555968,1.473571311379097,-3.755507403215832,-1.0102068166357452,b
前海方舟【前海母基金】,前海方舟资产管理有限公司【前海股权投资基金（有限合伙）】,前海方舟,前海方舟资产管理有限公司,--,--,前海母基金,前海股权投资基金（有限合伙）,罗欣药业,山东罗欣药业集团股份有限公司,医疗健康，医药，生产制造，药品生产，药物研发,生物技术/医疗健康|医药|化学药品制剂制造业,中国|山东省|临沂市,并购投资,成熟期,2018-05-16,RMB,260.00,260.00,38.09,--,其他,靳海涛,--,--,--,制造业|医药制造业|化学药品制剂制造,制造业|医药、生物制品|医药制造业|化学药品制剂制造业,香港证券交易所创业板,2018.xls,0,2018,山东省,制造业,医药制造业,0.5144735253555968,1.473571311379097,-3.755507403215832,-1.0102068166357452,b
长江产业投资集团【湖北高龙健康产业基金】,长江产业投资集团有限公司【湖北高龙健康产业投资基金合伙企业（有限合伙）】,湖北高投鑫龙投资,湖北高投鑫龙投资管理有限公司,湖北高投集团,湖北省高新产业投资集团有限公司,湖北高龙健康产业基金,湖北高龙健康产业投资基金合伙企业（有限合伙）,济朗生物,南京济朗生物科技有限公司,医疗健康，医疗设备，体外诊断，生产制造，医疗服务，医疗器械,生物技术/医疗健康|其他生物技术/医疗健康,中国|江苏省|南京市,天使投资,扩张期,2018-02-06,RMB,--,--,--,--,Pre-A,--,--,--,--,制造业|医药制造业|卫生材料及医药用品制造,社会服务业|卫生、保健、护理服务业,--,2018.xls,0,2018,江苏省,制造业,医药制造业,0.5144735253555968,1.473571311379097,-3.755507403215832,-1.0102068166357452,b
博远资本【博远嘉昱创投基金】,博远资本【成都博远嘉昱创业投资合伙企业（有限合伙）】,博睿瑜业股权投资,博睿瑜业（上海）股权投资管理有限公司,博远资本,博远资本,博远嘉昱创投基金,成都博远嘉昱创业投资合伙企业（有限合伙）,同源康医药,浙江同源康医药股份有限公司,医疗健康，医药，生物药，靶向药，创新药，药物研发,生物技术/医疗健康|医药,中国|浙江省|湖州市|长兴县,创业投资,种子期,2018-05-24,RMB,--,--,--,--,A,--,--,--,--,制造业|医药制造业,制造业|医药、生物制品,--,2018.xls,0,2018,浙江省,制造业,医药制造业,0.5144735253555968,1.473571311379097,-3.755507403215832,-1.0102068166357452,b
境成资本【苏州境成高锦基金】,珠海境成私募基金管理有限公司【苏州境成高锦股权投资企业（有限合伙）】,境成资本,珠海境成私募基金管理有限公司,--,--,苏州境成高锦基金,苏州境成高锦股权投资企业（有限合伙）,保易制药,江苏保易制药有限公司,原料药，生产制造，医疗健康，医药，生物技术，药物研发,生物技术/医疗健康|医药,中国|江苏省|连云港市,创业投资,初创期,2018-06-01,RMB,20.00,20.00,3.06,10.01,A,马雪芳,--,--,--,制造业|医药制造业,制造业|医药、生物制品,--,2018.xls,0,2018,江苏省,制造业,医药制造业,0.5144735253555968,1.473571311379097,-3.755507403215832,-1.0102068166357452,b
华泰紫金投资【华泰大健康二号基金】,华泰紫金投资有限责任公司【南京华泰大健康二号股权投资合伙企业（有限合伙）】,华泰紫金投资,华泰紫金投资有限责任公司,--,--,华泰大健康二号基金,南京华泰大健康二号股权投资合伙企业（有限合伙）,赛分科技,苏州赛分科技股份有限公司,医疗健康，新材料，医药，生物药，药物研发,生物技术/医疗健康|其他生物技术/医疗健康,中国|江苏省|苏州市,创业投资,扩张期,2018-06-04,RMB,--,--,--,--,B,--,--,--,--,制造业|医药制造业|卫生材料及医药用品制造,社会服务业|卫生、保健、护理服务业,--,2018.xls,0,2018,江苏省,制造业,医药制造业,0.5144735253555968,1.473571311379097,-3.755507403215832,-1.0102068166357452,b
国富金源【韶关市众投邦创新创业基金】,深圳市国富金源投资管理有限公司【韶关市众投邦创新创业投资基金企业（有限合伙）】,国富金源,深圳市国富金源投资管理有限公司,--,--,韶关市众投邦创新创业基金,韶关市众投邦创新创业投资基金企业（有限合伙）,瑞华制药,深圳市瑞华制药技术有限公司,医药，药物研发，医疗健康，药品生产,生物技术/医疗健康|其他生物技术/医疗健康,中国|广东省|深圳市|宝安区,--,初创期,2018-06-13,--,--,--,--,6.00,天使轮,--,--,--,--,制造业|医药制造业|卫生材料及医药用品制造,社会服务业|卫生、保健、护理服务业,--,2018.xls,1,2018,广东省,制造业,医药制造业,0.5144735253555968,1.473571311379097,-3.755507403215832,-1.0102068166357452,b
中科创星【北京硬科技基金】,中科创星【北京中科创星硬科技创业投资合伙企业（有限合伙）】,中科创星创业投资,北京中科创星创业投资管理合伙企业（有限合伙）,中科创星,中科创星科技投资有限公司,北京硬科技基金,北京中科创星硬科技创业投资合伙企业（有限合伙）,佰为深,北京佰为深科技发展有限公司,光电，医疗健康，医疗器械,生物技术/医疗健康|其他生物技术/医疗健康,中国|北京市|海淀区,天使投资,初创期,2018-06-19,RMB,5.00,5.00,0.70,--,Pre-A,李浩,--,--,--,制造业|医药制造业|卫生材料及医药用品制造,社会服务业|卫生、保健、护理服务业,--,2018.xls,0,2018,北京市,制造业,医药制造业,0.5144735253555968,1.473571311379097,-3.755507403215832,-1.0102068166357452,b
深创投【福田红土股权投资基金】,深圳市创新投资集团有限公司【深圳市福田红土股权投资基金合伙企业（有限合伙）】,深圳福田红土投资,深圳市福田红土股权投资基金管理有限公司,深创投,深圳市创新投资集团有限公司,福田红土股权投资基金,深圳市福田红土股权投资基金合伙企业（有限合伙）,海普洛斯,深圳市海普洛斯生物科技有限公司,医疗健康，大数据，体外诊断，液体活检，大数据挖掘,生物技术/医疗健康|生物工程,中国|广东省|深圳市,--,扩张期,2018-06-28,RMB,14.00(e),14.00(e),2.14(e),--,B,--,--,--,--,制造业|医药制造业|生物、生化制品的制造,制造业|医药、生物制品|生物制品业|其他生物制品业,--,2018.xls,0,2018,广东省,制造业,医药制造业,0.5144735253555968,1.473571311379097,-3.755507403215832,-1.0102068166357452,b
IDG资本【和谐超越投资基金】（领投）,IDG资本【北京和谐超越投资中心（有限合伙）】（领投）,和谐资本,和谐爱奇投资管理（北京）有限公司,IDG资本,IDG资本,和谐超越投资基金,北京和谐超越投资中心（有限合伙）,迪英加,杭州迪英加科技有限公司,医疗健康，人工智能，医疗服务，医疗影像，大数据，大数据挖掘，数据分析,生物技术/医疗健康|其他生物技术/医疗健康,中国|浙江省|杭州市,创业投资,初创期,2018-06-30,RMB,1.75,1.75,0.26,--,A,牛奎光,--,--,--,制造业|医药制造业|卫生材料及医药用品制造,社会服务业|卫生、保健、护理服务业,--,2018.xls,0,2018,浙江省,制造业,医药制造业,0.5144735253555968,1.473571311379097,-3.755507403215832,-1.0102068166357452,b
合力投资【合嘉泓励创业投资】,上海合之力投资管理有限公司【合嘉泓励（杭州）创业投资合伙企业（有限合伙）】,合力投资,上海合之力投资管理有限公司,--,--,合嘉泓励创业投资,合嘉泓励（杭州）创业投资合伙企业（有限合伙）,未来视界,上海润尔健康管理有限公司,医疗健康，医疗服务，康复训练,生物技术/医疗健康|其他生物技术/医疗健康,中国|上海市|宝山区,--,初创期,2018-07-05,RMB,--,--,--,--,A,--,--,--,--,制造业|医药制造业|卫生材料及医药用品制造,社会服务业|卫生、保健、护理服务业,--,2018.xls,0,2018,上海市,制造业,医药制造业,0.5144735253555968,1.473571311379097,-3.755507403215832,-1.0102068166357452,b
海邦投资【宁波北岸智谷海邦创业投资基金】,海邦投资【宁波北岸智谷海邦创业投资合伙企业（有限合伙）】,浙江海邦投资,浙江海邦投资管理有限公司,--,--,宁波北岸智谷海邦创业投资基金,宁波北岸智谷海邦创业投资合伙企业（有限合伙）,熙宁生物,宁波熙宁检测技术有限公司,医疗健康，医药，生物制药，药物研发,生物技术/医疗健康|医药|生物制药,中国|浙江省|宁波市,天使投资,种子期,2018-07-05,RMB,3.33,3.33,0.52,--,天使轮,--,--,--,--,制造业|医药制造业|生物、生化制品的制造,制造业|医药、生物制品|生物制品业|生物药品制造业,--,2018.xls,0,2018,浙江省,制造业,医药制造业,0.5144735253555968,1.473571311379097,-3.755507403215832,-1.0102068166357452,b
深创投【红土创客创投】,深圳市创新投资集团有限公司【深圳市红土创客创业投资合伙企业（有限合伙）】,深圳红土创客创投,深圳市红土创客创业投资管理有限公司,深创投,深圳市创新投资集团有限公司,红土创客创投,深圳市红土创客创业投资合伙企业（有限合伙）,塔吉瑞生物,深圳市塔吉瑞生物医药有限公司,医疗健康，医药，靶向药，创新药，药物研发，药品生产，生物药,生物技术/医疗健康|医药|生物制药,中国|广东省|深圳市|南山区,--,扩张期,2018-07-13,RMB,20.00,20.00,3.00,--,Pre-A,--,--,--,--,制造业|医药制造业|生物、生化制品的制造,制造业|医药、生物制品|生物制品业|生物药品制造业,--,2018.xls,0,2018,广东省,制造业,医药制造业,0.5144735253555968,1.473571311379097,-3.755507403215832,-1.0102068166357452,b
汉康资本【建信汉康基金】,上海汉康私募基金管理有限公司【苏州建信汉康创业投资合伙企业（有限合伙）】,汉康资本,上海汉康私募基金管理有限公司,--,--,建信汉康基金,苏州建信汉康创业投资合伙企业（有限合伙）,尚健生物,杭州尚健生物技术有限公司,医疗健康，医药，体外诊断，生物药，创新药，生物制药，药物研发，药品生产,生物技术/医疗健康|医药|生物制药,中国|浙江省|杭州市|滨江区,--,扩张期,2018-07-26,RMB,50.00,50.00,7.35,--,A,--,--,--,--,制造业|医药制造业|生物、生化制品的制造,制造业|医药、生物制品|生物制品业|生物药品制造业,--,2018.xls,0,2018,浙江省,制造业,医药制造业,0.5144735253555968,1.473571311379097,-3.755507403215832,-1.0102068166357452,b
元禾控股【原点正则贰号创投基金】,苏州元禾控股股份有限公司【苏州工业园区原点正则贰号创业投资企业（有限合伙）】,元禾原点,苏州工业园区元禾原点创业投资管理有限公司,元禾控股,苏州元禾控股股份有限公司,原点正则贰号创投基金,苏州工业园区原点正则贰号创业投资企业（有限合伙）,华明道康,苏州华明道康生物医药有限公司,医疗健康，医药，药物研发,生物技术/医疗健康|医药,中国|江苏省,--,种子期,2018-07-27,--,--,--,--,--,A,--,--,--,--,制造业|医药制造业,制造业|医药、生物制品,--,2018.xls,0,2018,江苏省,制造业,医药制造业,0.5144735253555968,1.473571311379097,-3.755507403215832,-1.0102068166357452,b
境成资本【苏州境成高锦基金】,珠海境成私募基金管理有限公司【苏州境成高锦股权投资企业（有限合伙）】,境成资本,珠海境成私募基金管理有限公司,--,--,苏州境成高锦基金,苏州境成高锦股权投资企业（有限合伙）,天绿生物制药,苏州天绿生物制药有限公司,医疗健康，医药，生物药，原料药，生产制造，药品生产，药物研发,生物技术/医疗健康|医药,中国|江苏省|苏州市|吴中区,创业投资,成熟期,2018-06-01,RMB,40.00,40.00,6.11,8.35,D,马雪芳,--,--,--,制造业|医药制造业,制造业|医药、生物制品,--,2018.xls,0,2018,江苏省,制造业,医药制造业,0.5144735253555968,1.473571311379097,-3.755507403215832,-1.0102068166357452,b
高特佳投资【高特佳江苏基金】,深圳市高特佳投资集团有限公司【江苏疌泉高特佳医疗产业投资基金（有限合伙）】,南京高特佳医疗投资,南京高特佳医疗投资企业（有限合伙）,高特佳投资,深圳市高特佳投资集团有限公司,高特佳江苏基金,江苏疌泉高特佳医疗产业投资基金（有限合伙）,中慧元通,江苏中慧元通生物科技股份有限公司,医疗健康，疫苗，医药,生物技术/医疗健康|其他生物技术/医疗健康,中国|江苏省|泰州市,创业投资,扩张期,2019-01-08,RMB,53.90,53.90,7.88,12.57,A,--,--,--,--,制造业|医药制造业|卫生材料及医药用品制造,社会服务业|卫生、保健、护理服务业,--,2019.xls,0,2019,江苏省,制造业,医药制造业,0.5144735253555968,1.473571311379097,-3.755507403215832,-1.0102068166357452,b
天士力资本【渤溢新天基金】,天士力资本控股（北京）有限公司【重庆渤溢新天股权投资基金合伙企业（有限合伙）】,渤溢投资,重庆渤溢股权投资基金管理有限公司,天士力资本,天士力资本控股（北京）有限公司,渤溢新天基金,重庆渤溢新天股权投资基金合伙企业（有限合伙）,多普泰,重庆多普泰制药股份有限公司,医疗健康，医药，生产制造，药品生产,生物技术/医疗健康|医药,中国|重庆市|渝北区,新三板定增,成熟期,2017-03-06,RMB,40.00,40.00,5.80,3.21,新三板定增,--,"1,247.66",180.94,--,制造业|医药制造业,制造业|医药、生物制品,全国中小企业股份转让系统(新三板),2017.xls,0,2017,重庆市,制造业,医药制造业,0.5144735253555968,1.473571311379097,-3.755507403215832,-1.0102068166357452,b
元生创投【新建元二期创业基金】,苏州工业园区元生创业投资管理有限公司【苏州工业园区新建元二期创业投资企业（有限合伙）】,元生私募基金,苏州元生私募基金管理合伙企业（有限合伙）,元生创投,苏州工业园区元生创业投资管理有限公司,新建元二期创业基金,苏州工业园区新建元二期创业投资企业（有限合伙）,爱思迈,广州爱思迈生物医药科技有限公司,医疗健康，医药，生物药，靶向药，创新药，生物制药，药物研发，药品生产,生物技术/医疗健康|医药,中国|广东省|广州市,天使投资,种子期,2017-02-28,RMB,--,--,--,--,天使轮,--,--,--,--,制造业|医药制造业,制造业|医药、生物制品,--,2017.xls,0,2017,广东省,制造业,医药制造业,0.5144735253555968,1.473571311379097,-3.755507403215832,-1.0102068166357452,b
富坤创投【重庆富坤一期基金】,深圳市富坤创业投资集团有限公司【重庆富坤创业投资中心（有限合伙）】,富坤创投,深圳市富坤创业投资集团有限公司,--,--,重庆富坤一期基金,重庆富坤创业投资中心（有限合伙）,南农高科,江苏南农高科动物药业有限公司,农业，兽药，生产制造，医药，药品生产，医疗健康,生物技术/医疗健康|医药|动物用药品制造业,中国|江苏省|泰州市|姜堰区,--,扩张期,2012-11-01,RMB,10.00,10.00,1.59,11.00,C,宋晓鹏,90.91,14.43,--,制造业|医药制造业|兽用药品制造,制造业|医药、生物制品|医药制造业|动物用药品制造业,--,2000-2012.xls,0,2012,江苏省,制造业,医药制造业,0.5144735253555968,1.473571311379097,-3.755507403215832,-1.0102068166357452,b
深创投【浙江红土创投】,深圳市创新投资集团有限公司【浙江红土创业投资有限公司】,红土创投,浙江红土创业投资管理有限公司,深创投,深圳市创新投资集团有限公司,浙江红土创投,浙江红土创业投资有限公司,爱侣健康科技,爱侣健康科技股份有限公司,电子商务，成人用品，生产制造,生物技术/医疗健康|保健品,中国|浙江省|湖州市|长兴县,--,扩张期,2012-11-06,RMB,--,--,--,6.67,A,--,--,--,--,制造业|医药制造业,制造业|医药、生物制品|其他制造业,全国中小企业股份转让系统(新三板),2000-2012.xls,0,2012,浙江省,制造业,医药制造业,0.5144735253555968,1.473571311379097,-3.755507403215832,-1.0102068166357452,b
中科科创【广东中科白云新兴创业基金】,广东中科科创创业投资管理有限责任公司【广东中科白云新兴产业创业投资基金有限公司】,中科科创,广东中科科创创业投资管理有限责任公司,--,--,广东中科白云新兴创业基金,广东中科白云新兴产业创业投资基金有限公司,润都股份,珠海润都制药股份有限公司,医疗健康，医药，原料药，生产制造，药物研发，化工原料,生物技术/医疗健康|医药|生物制药,中国|广东省|珠海市,--,成熟期,2012-11-23,RMB,36.00,36.00,5.72,2.50,B,--,"1,440.00",228.91,--,制造业|医药制造业|生物、生化制品的制造,制造业|医药、生物制品|生物制品业|生物药品制造业,深圳证券交易所主板,2000-2012.xls,1,2012,广东省,制造业,医药制造业,0.5144735253555968,1.473571311379097,-3.755507403215832,-1.0102068166357452,b
深创投【创赛基金投资】,深圳市创新投资集团有限公司【深圳市创赛基金投资管理有限公司】,深创投,深圳市创新投资集团有限公司,--,--,创赛基金投资,深圳市创赛基金投资管理有限公司,合一康,深圳市合一康生物科技股份有限公司,医疗健康,生物技术/医疗健康|生物工程,中国|广东省|深圳市,--,初创期,2013-03-15,RMB,1.40,1.40,0.22,1.00,A,--,140.00,22.32,--,制造业|医药制造业|生物、生化制品的制造,制造业|医药、生物制品|生物制品业|其他生物制品业,全国中小企业股份转让系统(新三板),2013-2014.xls,0,2013,广东省,制造业,医药制造业,0.5144735253555968,1.473571311379097,-3.755507403215832,-1.0102068166357452,b
维思资本【维思资本二期基金】,上海捷宝投资有限公司【杭州维思捷朗股权投资合伙企业（有限合伙）】,杭州维思,杭州维思投资合伙企业（有限合伙）,维思资本,上海捷宝投资有限公司,维思资本二期基金,杭州维思捷朗股权投资合伙企业（有限合伙）,基蛋生物,基蛋生物科技股份有限公司,医疗健康，医疗设备，体外诊断，生产制造，诊断试剂，医疗器械,生物技术/医疗健康|生物工程,中国|江苏省|南京市,--,成熟期,2013-03-25,RMB,30.00,30.00,4.79,7.65,A,--,392.16,62.55,20.35,制造业|医药制造业|生物、生化制品的制造,制造业|医药、生物制品|生物制品业|其他生物制品业,上海证券交易所主板,2013-2014.xls,0,2013,江苏省,制造业,医药制造业,0.5144735253555968,1.473571311379097,-3.755507403215832,-1.0102068166357452,b
深创投【红土生物创投】,深圳市创新投资集团有限公司【深圳市红土生物创业投资有限公司】,深创投红土股权投资,深创投红土私募股权投资基金管理（深圳）有限公司,深创投,深圳市创新投资集团有限公司,红土生物创投,深圳市红土生物创业投资有限公司,华大科技,深圳华大基因科技服务有限公司,医疗健康，云计算，体外诊断，生物技术，基因合成，生物医疗,生物技术/医疗健康|生物工程,中国|广东省|深圳市,并购投资,种子期,2013-03-26,RMB,10.31(e),10.31(e),1.56(e),0.31,其他,--,"2,893.57",461.38,364.17,制造业|医药制造业|生物、生化制品的制造,制造业|医药、生物制品|生物制品业|其他生物制品业,--,2013-2014.xls,0,2013,广东省,制造业,医药制造业,0.5144735253555968,1.473571311379097,-3.755507403215832,-1.0102068166357452,b
华睿投资【华睿医疗基金】,浙江华睿控股有限公司【浙江华睿医疗创业投资有限公司】,华睿投资,浙江富华睿银投资管理有限公司,华睿投资,浙江华睿控股有限公司,华睿医疗基金,浙江华睿医疗创业投资有限公司,威门药业,贵州威门药业股份有限公司,医疗健康，农业，生产制造，医药，药品生产,生物技术/医疗健康|医药,中国|贵州省|贵阳市,--,成熟期,2013-03-28,RMB,19.23,19.23,3.07,--,C,宗佩民,343.92,54.81,--,制造业|医药制造业,制造业|医药、生物制品,全国中小企业股份转让系统(新三板),2013-2014.xls,0,2013,贵州省,制造业,医药制造业,0.5144735253555968,1.473571311379097,-3.755507403215832,-1.0102068166357452,b
深高新投【常州高新投创投】,深圳市高新投集团有限公司【常州高新投创业投资有限公司】,常州高新投,常州高新投创业投资管理有限公司,深高新投,深圳市高新投集团有限公司,常州高新投创投,常州高新投创业投资有限公司,康美生物,深圳康美生物科技股份有限公司,医疗健康，医药，医疗设备，体外诊断，生产制造，医疗器械，诊断试剂，医疗服务,生物技术/医疗健康|生物工程,中国|广东省|深圳市,--,扩张期,2013-09-26,RMB,11.52,11.52,1.87,2.37,C,--,485.91,79.02,--,制造业|医药制造业|生物、生化制品的制造,制造业|医药、生物制品|生物制品业|其他生物制品业,全国中小企业股份转让系统(新三板),2013-2014.xls,0,2013,广东省,制造业,医药制造业,0.5144735253555968,1.473571311379097,-3.755507403215832,-1.0102068166357452,b
深创投【红土生物创投】,深圳市创新投资集团有限公司【深圳市红土生物创业投资有限公司】,深创投红土股权投资,深创投红土私募股权投资基金管理（深圳）有限公司,深创投,深圳市创新投资集团有限公司,红土生物创投,深圳市红土生物创业投资有限公司,回盛生物,武汉回盛生物科技股份有限公司,医疗健康，医药，农业，兽药，原料药，生产制造，药品生产,生物技术/医疗健康|医药,中国|湖北省|武汉市|东西湖区,创业投资,成熟期,2013-11-11,RMB,--,--,--,--,A,--,142.65,23.25,--,制造业|医药制造业,制造业|医药、生物制品,深圳证券交易所创业板,2013-2014.xls,0,2013,湖北省,制造业,医药制造业,0.5144735253555968,1.473571311379097,-3.755507403215832,-1.0102068166357452,b
甘肃国投【甘肃生物产业基金】,甘肃国投基金管理有限公司【甘肃生物产业创业投资基金有限公司】,甘肃国投,甘肃国投基金管理有限公司,--,--,甘肃生物产业基金,甘肃生物产业创业投资基金有限公司,甘肃中天药业,甘肃中天药业有限责任公司,医疗健康，医药，生产制造，药品生产，生活消费品,生物技术/医疗健康|医药|中药材及中成药加工业,中国|甘肃省|定西市|陇西县,--,扩张期,2013-11-28,--,--,--,--,--,A,--,--,--,--,制造业|医药制造业|中成药制造,制造业|医药、生物制品|医药制造业|中药材及中成药加工业,--,2013-2014.xls,1,2013,甘肃省,制造业,医药制造业,0.5144735253555968,1.473571311379097,-3.755507403215832,-1.0102068166357452,b
贵阳创投【贵阳工投生物医药产业创投基金】,贵阳市创业投资有限公司【贵阳工投生物医药产业创业投资有限公司】,筑银资本,贵州筑银资本管理有限公司,贵阳创投,贵阳市创业投资有限公司,贵阳工投生物医药产业创投基金,贵阳工投生物医药产业创业投资有限公司,大隆药业,贵州大隆药业有限责任公司,医疗健康，医药，生产制造，药品生产，药物研发,生物技术/医疗健康|医药,中国|贵州省,创业投资,成熟期,2014-02-21,RMB,--,--,--,17.01,A,--,--,--,--,制造业|医药制造业,制造业|医药、生物制品,--,2013-2014.xls,1,2014,贵州省,制造业,医药制造业,0.5144735253555968,1.473571311379097,-3.755507403215832,-1.0102068166357452,b
深创投【红土生物创投】,深圳市创新投资集团有限公司【深圳市红土生物创业投资有限公司】,深创投红土股权投资,深创投红土私募股权投资基金管理（深圳）有限公司,深创投,深圳市创新投资集团有限公司,红土生物创投,深圳市红土生物创业投资有限公司,华大基因,深圳华大基因股份有限公司,医疗健康，体外诊断,生物技术/医疗健康|生物工程,中国|广东省|深圳市,--,扩张期,2014-05-16,RMB,10.00,10.00,1.62,0.11,A+,--,"8,937.61","1,449.97",--,制造业|医药制造业|生物、生化制品的制造,制造业|医药、生物制品|生物制品业|其他生物制品业,深圳证券交易所创业板,2013-2014.xls,0,2014,广东省,制造业,医药制造业,0.5144735253555968,1.473571311379097,-3.755507403215832,-1.0102068166357452,b
长江产业投资集团【武汉科技创业天使基金】,长江产业投资集团有限公司【武汉科技创业天使投资基金合伙企业（有限合伙）】,武汉科创天使投资,武汉市科创天使投资基金管理有限公司,湖北高投集团,湖北省高新产业投资集团有限公司,武汉科技创业天使基金,武汉科技创业天使投资基金合伙企业（有限合伙）,奥绿新,武汉奥绿新生物科技股份有限公司,医疗健康，生产制造，医疗器械，材料，家庭护理,生物技术/医疗健康|其他生物技术/医疗健康,中国|湖北省|武汉市,--,初创期,2014-08-18,RMB,3.00,3.00,0.49,15.00,A,--,20.00,3.25,--,制造业|医药制造业|卫生材料及医药用品制造,社会服务业|卫生、保健、护理服务业,全国中小企业股份转让系统(新三板),2013-2014.xls,1,2014,湖北省,制造业,医药制造业,0.5144735253555968,1.473571311379097,-3.755507403215832,-1.0102068166357452,b
海达联石创投【兴石创投基金】,天津海达联石创业投资管理有限公司【河北兴石创业投资有限公司】,海达联石创投,天津海达联石创业投资管理有限公司,--,--,兴石创投基金,河北兴石创业投资有限公司,大清生物,北京大清生物技术股份有限公司,医疗健康，再生医学，干细胞，材料，高端医疗,生物技术/医疗健康|生物工程,中国|北京市|海淀区,--,成熟期,2014-08-22,RMB,13.13,13.13,2.13,6.00,A,--,--,--,--,制造业|医药制造业|生物、生化制品的制造,制造业|医药、生物制品|生物制品业|其他生物制品业,--,2013-2014.xls,1,2014,北京市,制造业,医药制造业,0.5144735253555968,1.473571311379097,-3.755507403215832,-1.0102068166357452,b
贵阳创投【贵阳工投生物医药产业创投基金】,贵阳市创业投资有限公司【贵阳工投生物医药产业创业投资有限公司】,筑银资本,贵州筑银资本管理有限公司,贵阳创投,贵阳市创业投资有限公司,贵阳工投生物医药产业创投基金,贵阳工投生物医药产业创业投资有限公司,贵州三力,贵州三力制药股份有限公司,医疗健康，医药，生产制造，药品生产，药物研发,生物技术/医疗健康|医药,中国|贵州省|安顺市,创业投资,成熟期,2014-11-28,RMB,10.23,10.23,1.67,3.09,A,--,331.07,53.99,--,制造业|医药制造业,制造业|医药、生物制品,上海证券交易所主板，全国中小企业股份转让系统(新三板),2013-2014.xls,1,2014,贵州省,制造业,医药制造业,0.5144735253555968,1.473571311379097,-3.755507403215832,-1.0102068166357452,b
真金创投【上海真金高技术服务业创投基金】,上海真金创业投资管理有限公司【上海真金高技术服务业创业投资中心（有限合伙）】,真金创投,上海真金创业投资管理有限公司,--,--,上海真金高技术服务业创投基金,上海真金高技术服务业创业投资中心（有限合伙）,皓元医药,上海皓元医药股份有限公司,医疗健康，医药，生产制造,生物技术/医疗健康|医药,中国|上海市|浦东新区,创业投资,扩张期,2014-12-20,RMB,10.00,10.00,1.63,17.50,A,--,57.14,9.34,--,制造业|医药制造业,制造业|医药、生物制品,上海证券交易所科创板，全国中小企业股份转让系统(新三板),2013-2014.xls,0,2014,上海市,制造业,医药制造业,0.5144735253555968,1.473571311379097,-3.755507403215832,-1.0102068166357452,b
德同资本【陕西新材料高技术创投基金】,德同资本管理有限公司【陕西省新材料高技术创业投资基金（有限合伙）】,德同福方投资,陕西德同福方投资管理有限公司,德同资本,德同资本管理有限公司,陕西新材料高技术创投基金,陕西省新材料高技术创业投资基金（有限合伙）,康惠制药,陕西康惠制药股份有限公司,医疗健康，医药，生产制造，药品生产，药物研发,生物技术/医疗健康|医药|化学药品制剂制造业,中国|陕西省|咸阳市,--,扩张期,2014-12-30,RMB,20.00,20.00,3.27,1.91,D,--,"1,046.15",170.93,--,制造业|医药制造业|化学药品制剂制造,制造业|医药、生物制品|医药制造业|化学药品制剂制造业,上海证券交易所主板,2013-2014.xls,1,2014,陕西省,制造业,医药制造业,0.5144735253555968,1.473571311379097,-3.755507403215832,-1.0102068166357452,b
越秀产业基金【广州新兴产业投资基金】,广州越秀产业投资基金管理股份有限公司【广州越秀新兴产业创业投资合伙企业（有限合伙）】,越秀产业基金,广州越秀产业投资基金管理股份有限公司,--,--,广州新兴产业投资基金,广州越秀新兴产业创业投资合伙企业（有限合伙）,凯基生物,江苏凯基生物技术股份有限公司,医疗健康，医药，生物技术，诊断试剂,生物技术/医疗健康|医药,中国|江苏省|南京市,--,成熟期,2015-02-11,RMB,17.30,17.30,2.82,45.52,Pre-A,--,38.01,6.20,--,制造业|医药制造业,制造业|医药、生物制品,全国中小企业股份转让系统(新三板),2015.xls,0,2015,江苏省,制造业,医药制造业,0.5144735253555968,1.473571311379097,-3.755507403215832,-1.0102068166357452,b
中国风投【北京建华创业基金】,中国风险投资有限公司【北京建华创业投资有限公司】,北京中投建华管理基金,北京中投建华投资管理有限公司,中国风投,中国风险投资有限公司,北京建华创业基金,北京建华创业投资有限公司,贝瑞森,江阴贝瑞森生化技术有限公司,医疗健康，医药，医疗设备，医疗器械，生物药,生物技术/医疗健康|医药,中国|江苏省|江阴市,--,扩张期,2015-02-13,--,--,--,--,--,B,--,--,--,--,制造业|医药制造业,制造业|医药、生物制品,--,2015.xls,0,2015,江苏省,制造业,医药制造业,0.5144735253555968,1.473571311379097,-3.755507403215832,-1.0102068166357452,b
乔杰投资【乔禾银来】,南通乔杰投资管理有限公司【南通乔禾银来创业投资中心（有限合伙）】,乔杰投资,南通乔杰投资管理有限公司,--,--,乔禾银来,南通乔禾银来创业投资中心（有限合伙）,英芮诚生化科技,苏州英芮诚生化科技有限公司,医疗健康，新材料，医疗设备，体外诊断，生产制造，化工，材料，生物材料,生物技术/医疗健康|生物工程,中国|江苏省|苏州市|常熟市,天使投资,初创期,2015-03-12,RMB,--,--,--,--,天使轮,--,--,--,--,制造业|医药制造业|生物、生化制品的制造,制造业|医药、生物制品|生物制品业|其他生物制品业,--,2015.xls,1,2015,江苏省,制造业,医药制造业,0.5144735253555968,1.473571311379097,-3.755507403215832,-1.0102068166357452,b
同创伟业【同创伟业上海基金】,深圳同创伟业资产管理股份有限公司【上海同创伟业共享创业投资合伙企业（有限合伙）】,上海同创伟业,上海同创伟业资产管理有限公司,同创伟业,深圳同创伟业资产管理股份有限公司,同创伟业上海基金,上海同创伟业共享创业投资合伙企业（有限合伙）,美呗,成都美尔贝科技股份有限公司,医疗健康，工具软件，企业服务,生物技术/医疗健康|其他生物技术/医疗健康,中国|四川省|成都市,--,种子期,2015-03-18,RMB,7.00,7.00,1.14,7.45,A,--,93.96,15.26,--,制造业|医药制造业|卫生材料及医药用品制造,社会服务业|卫生、保健、护理服务业,--,2015.xls,0,2015,四川省,制造业,医药制造业,0.5144735253555968,1.473571311379097,-3.755507403215832,-1.0102068166357452,b
金城资本【甘肃现代农业产业创业投资基金】,金城资本管理有限公司【甘肃现代农业产业创业投资基金有限公司】,金城资本,金城资本管理有限公司,--,--,甘肃现代农业产业创业投资基金,甘肃现代农业产业创业投资基金有限公司,百源基因,兰州百源基因技术有限公司,医疗健康，医药，生物药，分子诊断，基因芯片，政府及公共服务,生物技术/医疗健康|其他生物技术/医疗健康,中国|甘肃省|兰州市|城关区,创业投资,成熟期,2015-04-01,RMB,--,--,--,12.50,A,--,--,--,--,制造业|医药制造业|卫生材料及医药用品制造,社会服务业|卫生、保健、护理服务业,--,2015.xls,1,2015,甘肃省,制造业,医药制造业,0.5144735253555968,1.473571311379097,-3.755507403215832,-1.0102068166357452,b
楚商（武汉）投资【楚商先锋】,楚商（武汉）投资有限公司【楚商先锋（武汉）创业投资中心（有限合伙）】,楚商领先,楚商领先（武汉）创业投资基金管理有限公司,楚商（武汉）投资,楚商（武汉）投资有限公司,楚商先锋,楚商先锋（武汉）创业投资中心（有限合伙）,益泰药业,湖北益泰药业股份有限公司,医疗健康，医药，原料药，生产制造，药物研发，药品生产,生物技术/医疗健康|医药|化学药品原药制造业,中国|湖北省|天门市,--,成熟期,2015-04-13,RMB,15.00,15.00,2.44,5.88,A,--,255.10,41.57,--,制造业|医药制造业|化学药品原药制造,制造业|医药、生物制品|医药制造业|化学药品原药制造业,全国中小企业股份转让系统(新三板),2015.xls,0,2015,湖北省,制造业,医药制造业,0.5144735253555968,1.473571311379097,-3.755507403215832,-1.0102068166357452,b
湖南高新创投集团【湘西基金】,湖南高新创业投资集团有限公司【湖南湘西高新创业投资企业（有限合伙）】,湖南高新创投,湖南高新创业投资管理有限公司,湖南高新创投集团,湖南高新创业投资集团有限公司,湘西基金,湖南湘西高新创业投资企业（有限合伙）,湘泉药业,湖南湘泉药业股份有限公司,医疗健康，农业，医药,生物技术/医疗健康|医药,中国|湖南省|湘西土家族苗族自治州,--,成熟期,2012-10-19,RMB,15.54,15.54,2.46,5.88,B,--,264.19,41.90,--,制造业|医药制造业,制造业|医药、生物制品,全国中小企业股份转让系统(新三板),2000-2012.xls,1,2012,湖南省,制造业,医药制造业,0.5144735253555968,1.473571311379097,-3.755507403215832,-1.0102068166357452,b
海通开元【吉农基金】,海通开元投资有限公司【吉林省现代农业和新兴产业投资基金有限公司】,海通吉禾投资,海通吉禾私募股权投资基金管理有限责任公司,海通开元,海通开元投资有限公司,吉农基金,吉林省现代农业和新兴产业投资基金有限公司,星昊医药,北京星昊医药股份有限公司,医疗健康，医药，生产制造，药品生产，药物研发,生物技术/医疗健康|医药,中国|北京市|大兴区,新三板定增,成熟期,2012-09-21,RMB,24.25,24.25,3.42,3.62,新三板定增,--,669.07,105.56,--,制造业|医药制造业,制造业|医药、生物制品,北京证券交易所，全国中小企业股份转让系统(新三板),2000-2012.xls,0,2012,北京市,制造业,医药制造业,0.5144735253555968,1.473571311379097,-3.755507403215832,-1.0102068166357452,b
达晨财智【达晨恒胜基金】,达晨财智【上海达晨恒胜创业投资中心（有限合伙）】,达晨财智,深圳市达晨财智创业投资管理有限公司,--,--,达晨恒胜基金,上海达晨恒胜创业投资中心（有限合伙）,雅康博生物,北京雅康博生物科技有限公司,医疗健康，诊断试剂，医疗服务，分子诊断，医疗器械，体外诊断,生物技术/医疗健康|生物工程,中国|北京市|海淀区,--,扩张期,2012-09-10,RMB,18.00,18.00,2.84,--,E,--,--,--,--,制造业|医药制造业|生物、生化制品的制造,制造业|医药、生物制品|生物制品业|其他生物制品业,--,2000-2012.xls,0,2012,北京市,制造业,医药制造业,0.5144735253555968,1.473571311379097,-3.755507403215832,-1.0102068166357452,b
甘肃国投【甘肃生物产业基金】,甘肃国投基金管理有限公司【甘肃生物产业创业投资基金有限公司】,甘肃国投,甘肃国投基金管理有限公司,--,--,甘肃生物产业基金,甘肃生物产业创业投资基金有限公司,陇神戎发,甘肃陇神戎发药业股份有限公司,医疗健康，医药，生产制造，药品生产,生物技术/医疗健康|医药|中药材及中成药加工业,中国|甘肃省|兰州市,--,成熟期,2012-07-18,RMB,21.00,21.00,3.33,8.89,A,--,236.27,37.42,--,制造业|医药制造业|中成药制造,制造业|医药、生物制品|医药制造业|中药材及中成药加工业,深圳证券交易所创业板,2000-2012.xls,1,2012,甘肃省,制造业,医药制造业,0.5144735253555968,1.473571311379097,-3.755507403215832,-1.0102068166357452,b
鼎嘉创投【上海张江创投】,上海鼎嘉创业投资管理有限公司【上海张江创业投资有限公司】,鼎嘉创投,上海鼎嘉创业投资管理有限公司,--,--,上海张江创投,上海张江创业投资有限公司,纳贝生物,上海纳贝生物技术有限责任公司,医疗健康，企业服务,生物技术/医疗健康|生物工程,中国|上海市|浦东新区,--,种子期,2002-01-01,--,--,--,--,--,A,--,--,--,--,制造业|医药制造业|生物、生化制品的制造,制造业|医药、生物制品|生物制品业|其他生物制品业,--,2000-2012.xls,0,2002,上海市,制造业,医药制造业,0.5144735253555968,1.473571311379097,-3.755507403215832,-1.0102068166357452,b
金雨茂物【金溧创投基金】,金雨茂物投资管理股份有限公司【南京金溧创业投资合伙企业（有限合伙）】,西藏金缘,西藏金缘投资管理有限公司,金雨茂物,金雨茂物投资管理股份有限公司,金溧创投基金,南京金溧创业投资合伙企业（有限合伙）,贝迪生物,无锡贝迪生物工程股份有限公司,医疗健康，生产制造，材料，医用膜材料,生物技术/医疗健康|医药,中国|江苏省|无锡市,--,种子期,2003-07-16,RMB,--,--,--,--,天使轮,--,--,--,--,制造业|医药制造业,制造业|医药、生物制品,全国中小企业股份转让系统(新三板),2000-2012.xls,1,2003,江苏省,制造业,医药制造业,0.5144735253555968,1.473571311379097,-3.755507403215832,-1.0102068166357452,b
天创资本【天津创投引导基金】,天津创业投资管理有限公司【天津创业投资有限公司】,天创资本,天津创业投资管理有限公司,--,--,天津创投引导基金,天津创业投资有限公司,天津生物芯片,天津生物芯片技术有限责任公司,体外诊断，基因芯片，生物芯片,生物技术/医疗健康|生物工程,中国|天津市,--,种子期,2003-09-01,RMB,--,--,--,--,A,--,--,--,--,制造业|医药制造业|生物、生化制品的制造,制造业|医药、生物制品|生物制品业|其他生物制品业,--,2000-2012.xls,1,2003,天津市,制造业,医药制造业,0.5144735253555968,1.473571311379097,-3.755507403215832,-1.0102068166357452,b
恒健控股【粤澳基金】,广东恒健投资控股有限公司【广东粤澳合作发展基金（有限合伙）】,广东粤澳合作发展,广东粤澳合作发展基金管理有限公司,恒健控股,广东恒健投资控股有限公司,粤澳基金,广东粤澳合作发展基金（有限合伙）,宜昌东阳光药,宜昌东阳光药业股份有限公司,医疗健康，医药，原料药，仿制药，生产制造，药物研发，自动化，生物药,生物技术/医疗健康|医药|化学药品原药制造业,中国|湖北省|宜昌市,--,种子期,2004-01-12,--,--,--,--,--,种子轮,--,--,--,--,制造业|医药制造业|化学药品原药制造,制造业|医药、生物制品|医药制造业|化学药品原药制造业,--,2000-2012.xls,1,2004,湖北省,制造业,医药制造业,0.5144735253555968,1.473571311379097,-3.755507403215832,-1.0102068166357452,b
贵阳创投【贵阳工投生物医药产业创投基金】,贵阳市创业投资有限公司【贵阳工投生物医药产业创业投资有限公司】,筑银资本,贵州筑银资本管理有限公司,贵阳创投,贵阳市创业投资有限公司,贵阳工投生物医药产业创投基金,贵阳工投生物医药产业创业投资有限公司,汇伦医药,上海汇伦医药股份有限公司,医疗健康，医药，创新药，仿制药，药物研发,生物技术/医疗健康|医药,中国|上海市|徐汇区,天使投资,种子期,2004-02-05,RMB,--,--,--,--,种子轮,--,--,--,--,制造业|医药制造业,制造业|医药、生物制品,--,2000-2012.xls,1,2004,上海市,制造业,医药制造业,0.5144735253555968,1.473571311379097,-3.755507403215832,-1.0102068166357452,b
知守投资【陕西供销合作发展创业基金】,知守投资控股有限公司【陕西供销合作发展创业投资合伙企业（有限合伙）】,陕西供销知守基金管理,陕西供销知守基金管理有限公司,知守投资,知守投资控股有限公司,陕西供销合作发展创业基金,陕西供销合作发展创业投资合伙企业（有限合伙）,天一生物,西安天一生物技术股份有限公司,医疗健康，医药，原料药，生产制造，农业，药品生产,生物技术/医疗健康|医药,中国|陕西省|西安市,--,种子期,2004-09-20,RMB,--,--,--,6.15,其他,--,--,--,--,制造业|医药制造业,制造业|医药、生物制品,全国中小企业股份转让系统(新三板),2000-2012.xls,1,2004,陕西省,制造业,医药制造业,0.5144735253555968,1.473571311379097,-3.755507403215832,-1.0102068166357452,b
深创投【天津海河红土投资基金】,深圳市创新投资集团有限公司【天津海河红土投资基金合伙企业（有限合伙）】,天津红土创新投资,天津红土创新投资管理有限公司,深创投,深圳市创新投资集团有限公司,天津海河红土投资基金,天津海河红土投资基金合伙企业（有限合伙）,德源药业,江苏德源药业股份有限公司,医疗健康，医药，原料药，生产制造，药品生产，药物研发,生物技术/医疗健康|医药|化学药品原药制造业,中国|江苏省|连云港市,创业投资,种子期,2004-10-29,RMB,--,--,--,--,A,--,--,--,--,制造业|医药制造业|化学药品原药制造,制造业|医药、生物制品|医药制造业|化学药品原药制造业,北京证券交易所，全国中小企业股份转让系统(新三板),2000-2012.xls,0,2004,江苏省,制造业,医药制造业,0.5144735253555968,1.473571311379097,-3.755507403215832,-1.0102068166357452,b
接力基金【上海大学生创投】,接力基金【上海大学生创业投资有限公司】,新中欧创投,上海新中欧创业投资管理有限公司,--,--,上海大学生创投,上海大学生创业投资有限公司,瑞一科技,上海瑞一医药科技股份有限公司,医疗健康，医药，创新药，生产制造，药品生产，药物研发,生物技术/医疗健康|医药|化学药品制剂制造业,中国|上海市|闵行区,--,扩张期,2009-08-20,RMB,0.48,0.48,0.07,13.89,A,--,3.45,0.51,--,制造业|医药制造业|化学药品制剂制造,制造业|医药、生物制品|医药制造业|化学药品制剂制造业,全国中小企业股份转让系统(新三板),2000-2012.xls,0,2009,上海市,制造业,医药制造业,0.5144735253555968,1.473571311379097,-3.755507403215832,-1.0102068166357452,b
东企资本【龙岩市增彩】,宁波东企资本管理有限公司【龙岩市增彩企业管理有限公司】,东企资本,宁波东企资本管理有限公司,--,--,龙岩市增彩,龙岩市增彩企业管理有限公司,优思达生物,杭州优思达生物技术股份有限公司,医疗健康，医疗服务，医疗设备，体外诊断，医疗器械，分子诊断,生物技术/医疗健康|生物工程,中国|浙江省|杭州市|滨江区,--,扩张期,2010-06-01,RMB,--,--,--,--,A,--,--,--,--,制造业|医药制造业|生物、生化制品的制造,制造业|医药、生物制品|生物制品业|其他生物制品业,--,2000-2012.xls,0,2010,浙江省,制造业,医药制造业,0.5144735253555968,1.473571311379097,-3.755507403215832,-1.0102068166357452,b
龙城燕园创投【龙城富通】,山西龙城燕园创业投资管理有限公司【山西龙城富通生物产业创业投资有限公司】,龙城燕园创投,山西龙城燕园创业投资管理有限公司,--,--,龙城富通,山西龙城富通生物产业创业投资有限公司,华生基因,江苏华生基因数据科技股份有限公司,贸易服务，外包服务，五金配件，垂直硬件，技术研发，综合性软件，大数据挖掘，医疗大数据，基因测序,生物技术/医疗健康|生物工程,中国|江苏省|盐城市,天使投资,种子期,2010-07-22,RMB,--,--,--,--,种子轮,--,--,--,--,制造业|医药制造业|生物、生化制品的制造,制造业|医药、生物制品|生物制品业|其他生物制品业,全国中小企业股份转让系统(新三板),2000-2012.xls,1,2010,江苏省,制造业,医药制造业,0.5144735253555968,1.473571311379097,-3.755507403215832,-1.0102068166357452,b
君联资本【君联人民币一期】,君联资本管理股份有限公司【北京君联睿智创业投资中心（有限合伙）】,君联资本,君联资本管理股份有限公司,--,--,君联人民币一期,北京君联睿智创业投资中心（有限合伙）,一心堂,一心堂药业集团股份有限公司,医疗健康，生产制造，医药，专营零售,生物技术/医疗健康|医药,中国|云南省|昆明市,--,扩张期,2010-09-01,RMB,100.33,100.33,14.73,6.62,A,李家庆,"1,515.36",222.50,--,制造业|医药制造业,制造业|医药、生物制品,深圳证券交易所主板,2000-2012.xls,0,2010,云南省,制造业,医药制造业,0.5144735253555968,1.473571311379097,-3.755507403215832,-1.0102068166357452,b
泰州融健达【泰州中国医药城融健达创投基金】,泰州中国医药城融健达创业投资管理有限公司【泰州中国医药城融健达创业投资有限公司】,泰州融健达,泰州中国医药城融健达创业投资管理有限公司,--,--,泰州中国医药城融健达创投基金,泰州中国医药城融健达创业投资有限公司,康禾生物,江苏康禾生物制药有限公司,医疗健康，医药，靶向药，生产制造，投资，药物研发,生物技术/医疗健康|医药,中国|海南省|海口市,天使投资,初创期,2015-04-27,RMB,--,--,--,--,天使轮,--,--,--,--,制造业|医药制造业,制造业|医药、生物制品,--,2015.xls,1,2015,海南省,制造业,医药制造业,0.5144735253555968,1.473571311379097,-3.755507403215832,-1.0102068166357452,b
天堂硅谷【天堂硅谷合胜创业】,天堂硅谷资产管理集团有限公司【浙江天堂硅谷合胜创业投资有限公司】,天堂硅谷,天堂硅谷资产管理集团有限公司,--,--,天堂硅谷合胜创业,浙江天堂硅谷合胜创业投资有限公司,司太立,浙江司太立制药股份有限公司,医疗健康，医药，原料药，生产制造，药物研发，药品生产，医学影像设备元器件,生物技术/医疗健康|医药|化学药品原药制造业,中国|浙江省|台州市|仙居县,--,成熟期,2010-11-26,RMB,20.00,20.00,3.01,2.50,A,--,800.00,120.20,--,制造业|医药制造业|化学药品原药制造,制造业|医药、生物制品|医药制造业|化学药品原药制造业,上海证券交易所主板,2000-2012.xls,0,2010,浙江省,制造业,医药制造业,0.5144735253555968,1.473571311379097,-3.755507403215832,-1.0102068166357452,b
荷塘创投【启迪明德创投】,荷塘创业投资管理（北京）有限公司【北京启迪明德创业投资有限公司】,荷塘创投,荷塘创业投资管理（北京）有限公司,--,--,启迪明德创投,北京启迪明德创业投资有限公司,诺思兰德,北京诺思兰德生物技术股份有限公司,医疗健康，生物制药，医药，药物研发，药品生产，生物药,生物技术/医疗健康|医药|生物制药,中国|北京市|海淀区,成长资本,扩张期,2011-02-21,RMB,10.50,10.50,1.60,0.52,新三板定增,--,"2,013.79",306.13,--,制造业|医药制造业|生物、生化制品的制造,制造业|医药、生物制品|生物制品业|生物药品制造业,北京证券交易所，全国中小企业股份转让系统(新三板),2000-2012.xls,0,2011,北京市,制造业,医药制造业,0.5144735253555968,1.473571311379097,-3.755507403215832,-1.0102068166357452,b
中海投资【海淀创投引导基金】,北京中海投资管理有限公司【北京市海淀区创业投资引导基金】,中海投资,北京中海投资管理有限公司,--,--,海淀创投引导基金,北京市海淀区创业投资引导基金,康钰垚生物,北京康钰垚生物科技有限公司,医疗健康，医药，药物研发,生物技术/医疗健康|医药|生物制药,中国|北京市,--,种子期,2011-04-15,RMB,19.21(e),19.21(e),2.94(e),--,A,--,--,--,--,制造业|医药制造业|生物、生化制品的制造,制造业|医药、生物制品|生物制品业|生物药品制造业,--,2000-2012.xls,1,2011,北京市,制造业,医药制造业,0.5144735253555968,1.473571311379097,-3.755507403215832,-1.0102068166357452,b
中海投资【海淀创投引导基金】,北京中海投资管理有限公司【北京市海淀区创业投资引导基金】,中海投资,北京中海投资管理有限公司,--,--,海淀创投引导基金,北京市海淀区创业投资引导基金,赛林泰医药,北京赛林泰医药技术有限公司,医疗健康，医药，创新药，糖尿病，药物研发,生物技术/医疗健康|医药,中国|北京市|海淀区,--,扩张期,2011-04-15,RMB,19.21(e),19.21(e),2.94(e),--,A,--,--,--,--,制造业|医药制造业,--,--,2000-2012.xls,1,2011,北京市,制造业,医药制造业,0.5144735253555968,1.473571311379097,-3.755507403215832,-1.0102068166357452,b
启明创投【启明创投一期人民币基金】,启明维创创业投资管理（上海）有限公司【北京启明创科创业投资中心（有限合伙）】,启明维创创投,启明维创创业投资管理（北京）有限公司,启明创投,启明维创创业投资管理（上海）有限公司,启明创投一期人民币基金,北京启明创科创业投资中心（有限合伙）,甘李药业,甘李药业股份有限公司,医疗健康，医药，生产制造，生物制药,生物技术/医疗健康|医药,中国|北京市|通州区,成长资本,成熟期,2011-07-20,RMB,45.00,45.00,6.97,2.90,其他,--,"1,550.00",239.97,--,制造业|医药制造业,制造业|医药、生物制品,上海证券交易所主板,2000-2012.xls,0,2011,北京市,制造业,医药制造业,0.5144735253555968,1.473571311379097,-3.755507403215832,-1.0102068166357452,b
海通开元【吉农基金】,海通开元投资有限公司【吉林省现代农业和新兴产业投资基金有限公司】,海通吉禾投资,海通吉禾私募股权投资基金管理有限责任公司,海通开元,海通开元投资有限公司,吉农基金,吉林省现代农业和新兴产业投资基金有限公司,金宝药业,吉林金宝药业股份有限公司,医疗健康，生产制造，药品生产，医药,生物技术/医疗健康|医药|中药材及中成药加工业,中国|吉林省|通化市|梅河口市,--,成熟期,2011-10-10,RMB,--,--,--,20.00,A,--,--,--,--,制造业|医药制造业|中成药制造,制造业|医药、生物制品|医药制造业|中药材及中成药加工业,--,2000-2012.xls,0,2011,吉林省,制造业,医药制造业,0.5144735253555968,1.473571311379097,-3.755507403215832,-1.0102068166357452,b
海达投资【金冀达创投】,天津海达创业投资管理有限公司【河北金冀达创业投资有限公司】,海达投资,天津海达创业投资管理有限公司,--,--,金冀达创投,河北金冀达创业投资有限公司,精晶药业,精晶药业股份有限公司,医疗健康，生产制造，原料药，医药，药物研发，生物技术,生物技术/医疗健康|医药,中国|河北省|邢台市,--,扩张期,2011-12-31,RMB,20.00,20.00,3.17,8.33,A,--,230.42,36.57,--,制造业|医药制造业,制造业|医药、生物制品,全国中小企业股份转让系统(新三板),2000-2012.xls,1,2011,河北省,制造业,医药制造业,0.5144735253555968,1.473571311379097,-3.755507403215832,-1.0102068166357452,b
武汉科技资产【武汉朝阳基金】,武汉市天堂硅谷创业投资基金管理有限公司【武汉科技创新朝阳创业投资有限公司】,武汉科技资产,武汉市天堂硅谷创业投资基金管理有限公司,--,--,武汉朝阳基金,武汉科技创新朝阳创业投资有限公司,回盛生物科技,武汉回盛生物科技有限公司,生产制造,生物技术/医疗健康|医药|动物用药品制造业,中国|湖北省|武汉市|东西湖区,--,扩张期,2012-01-01,RMB,20.00,20.00,3.17,--,B,--,--,--,--,制造业|医药制造业|兽用药品制造,制造业|医药、生物制品|医药制造业|动物用药品制造业,--,2000-2012.xls,0,2012,湖北省,制造业,医药制造业,0.5144735253555968,1.473571311379097,-3.755507403215832,-1.0102068166357452,b
中大科创【中大一号】,广东中大科技创业投资管理有限公司【广东中大一号投资有限合伙企业（有限合伙）】,中大科创,广东中大科技创业投资管理有限公司,--,--,中大一号,广东中大一号投资有限合伙企业（有限合伙）,安必平,广州安必平医药科技股份有限公司,医疗健康，医药，体外诊断，生产制造，生物药,生物技术/医疗健康|医药|生物制药,中国|广东省|广州市,成长资本,扩张期,2012-04-20,RMB,25.00,25.00,3.61,6.41,A,--,390.00,61.90,--,制造业|医药制造业|生物、生化制品的制造,制造业|医药、生物制品|生物制品业|生物药品制造业,上海证券交易所科创板,2000-2012.xls,0,2012,广东省,制造业,医药制造业,0.5144735253555968,1.473571311379097,-3.755507403215832,-1.0102068166357452,b
华夏信诺创投【盈川新材料产业创投基金】,华夏信诺创业投资管理（北京）有限公司【云南盈川新材料产业创业投资基金合伙企业（有限合伙）】,华夏信诺创投,华夏信诺创业投资管理（北京）有限公司,--,--,盈川新材料产业创投基金,云南盈川新材料产业创业投资基金合伙企业（有限合伙）,海天实业,广元市海天实业有限责任公司,医疗健康，医药，原料药，生产制造，农副产品，生物制药,生物技术/医疗健康|生物工程,中国|四川省|广元市|利州区,--,成熟期,2012-04-23,RMB,20.00,20.00,3.17,9.52,A,--,210.00,33.31,--,制造业|医药制造业|生物、生化制品的制造,制造业|医药、生物制品|生物制品业|其他生物制品业,--,2000-2012.xls,1,2012,四川省,制造业,医药制造业,0.5144735253555968,1.473571311379097,-3.755507403215832,-1.0102068166357452,b
德同资本【重庆德同创投】,德同资本管理有限公司【重庆德同创业投资中心（有限合伙）】,重庆德同投资,重庆德同股权投资基金管理有限公司,德同资本,德同资本管理有限公司,重庆德同创投,重庆德同创业投资中心（有限合伙）,天圣制药,天圣制药集团股份有限公司,医疗健康，生产制造，医药，药品生产,生物技术/医疗健康|医药,中国|重庆市|垫江县,--,成熟期,2012-06-25,RMB,25.50,25.50,4.03,2.13,B,--,"1,199.50",189.70,--,制造业|医药制造业,制造业|医药、生物制品,深圳证券交易所主板,2000-2012.xls,0,2012,重庆市,制造业,医药制造业,0.5144735253555968,1.473571311379097,-3.755507403215832,-1.0102068166357452,b
越秀产业基金【广州新兴产业投资基金】,广州越秀产业投资基金管理股份有限公司【广州越秀新兴产业创业投资合伙企业（有限合伙）】,越秀产业基金,广州越秀产业投资基金管理股份有限公司,--,--,广州新兴产业投资基金,广州越秀新兴产业创业投资合伙企业（有限合伙）,源和药业,安徽源和堂药业股份有限公司,医药，生产制造，地产建筑,生物技术/医疗健康|医药,中国|安徽省|亳州市,--,扩张期,2012-07-01,RMB,20.00,20.00,3.16,6.81,A,--,293.82,46.45,--,制造业|医药制造业,制造业|医药、生物制品,全国中小企业股份转让系统(新三板),2000-2012.xls,0,2012,安徽省,制造业,医药制造业,0.5144735253555968,1.473571311379097,-3.755507403215832,-1.0102068166357452,b
九鼎投资【嘉昊九鼎】,昆吾九鼎投资控股股份有限公司【嘉兴嘉昊九鼎投资中心（有限合伙）】,西藏昆吾九鼎,西藏昆吾九鼎投资管理有限公司,九鼎投资,昆吾九鼎投资控股股份有限公司,嘉昊九鼎,嘉兴嘉昊九鼎投资中心（有限合伙）,万邦德制药集团,万邦德制药集团有限公司,医疗健康，生产制造，医药，原料药，药物研发，药品生产，危险化学品，材料，化工,生物技术/医疗健康|医药,中国|浙江省|台州市,成长资本,扩张期,2010-11-29,RMB,50.00,50.00,7.50,10.00,A,冯苏强,500.00,74.96,--,制造业|医药制造业,制造业|医药、生物制品,--,2000-2012.xls,0,2010,浙江省,制造业,医药制造业,0.5144735253555968,1.473571311379097,-3.755507403215832,-1.0102068166357452,b
华盖资本【华盖二期基金】,华盖资本有限责任公司【华盖信诚医疗健康投资成都合伙企业（有限合伙）】,华盖医疗投资,华盖医疗投资管理（北京）有限公司,华盖资本,华盖资本有限责任公司,华盖二期基金,华盖信诚医疗健康投资成都合伙企业（有限合伙）,诺康达,北京诺康达医药科技股份有限公司,医疗健康，医疗设备，医疗器械，医药,生物技术/医疗健康|医药,中国|北京市|海淀区,--,扩张期,2017-03-01,RMB,80.00,80.00,11.65,6.90,A,--,"1,160.01",168.87,--,制造业|医药制造业,制造业|医药、生物制品,--,2017.xls,0,2017,北京市,制造业,医药制造业,0.5144735253555968,1.473571311379097,-3.755507403215832,-1.0102068166357452,b
深创投【烟台创新创业投资有限公司】,深圳市创新投资集团有限公司【烟台创新创业投资有限公司】,烟台红土创业,烟台红土创业投资管理有限公司,深创投,深圳市创新投资集团有限公司,烟台创新创业投资有限公司,烟台创新创业投资有限公司,正海生物,烟台正海生物科技股份有限公司,医疗健康，医疗器械，再生医学,生物技术/医疗健康|其他生物技术/医疗健康,中国|山东省|烟台市,--,成熟期,2015-05-22,RMB,14.00,96.56,14.00,2.00,A,--,700.00,114.52,20.80,制造业|医药制造业|卫生材料及医药用品制造,社会服务业|卫生、保健、护理服务业,深圳证券交易所创业板,2015.xls,1,2015,山东省,制造业,医药制造业,0.5144735253555968,1.473571311379097,-3.755507403215832,-1.0102068166357452,b
元康投资【盈泰泓康】,深圳市元康投资管理有限公司【深圳盈泰泓康创业投资合伙企业（有限合伙）】,元康投资,深圳市元康投资管理有限公司,--,--,盈泰泓康,深圳盈泰泓康创业投资合伙企业（有限合伙）,旷博生物,北京旷博生物技术股份有限公司,医疗健康，医疗设备，体外诊断，生产制造，诊断试剂，医疗服务，分子诊断，医疗器械，医药,生物技术/医疗健康|医药,中国|北京市|大兴区,--,扩张期,2015-06-04,RMB,14.99,14.99,2.45,5.77,C,--,--,--,--,制造业|医药制造业,制造业|医药、生物制品,全国中小企业股份转让系统(新三板),2015.xls,0,2015,北京市,制造业,医药制造业,0.5144735253555968,1.473571311379097,-3.755507403215832,-1.0102068166357452,b
复朴投资【复朴长鸿投资】,北京复朴道和投资管理有限公司【北京复朴长鸿投资中心（有限合伙）】,复朴投资,北京复朴道和投资管理有限公司,--,--,复朴长鸿投资,北京复朴长鸿投资中心（有限合伙）,亦度,山东亦度生物技术有限公司,医疗健康，医药，生产制造，药品生产，疫苗,生物技术/医疗健康|医药|生物制药,中国|山东省|东营市,--,扩张期,2016-07-26,RMB,--,--,--,11.11,A,--,--,--,--,制造业|医药制造业|生物、生化制品的制造,制造业|医药、生物制品|生物制品业|生物药品制造业,--,2016.xls,0,2016,山东省,制造业,医药制造业,0.5144735253555968,1.473571311379097,-3.755507403215832,-1.0102068166357452,b
天士力资本【渤溢新天基金】,天士力资本控股（北京）有限公司【重庆渤溢新天股权投资基金合伙企业（有限合伙）】,渤溢投资,重庆渤溢股权投资基金管理有限公司,天士力资本,天士力资本控股（北京）有限公司,渤溢新天基金,重庆渤溢新天股权投资基金合伙企业（有限合伙）,成都先导,成都先导药物开发股份有限公司,医疗健康，医药，创新药，药物研发，生物药,生物技术/医疗健康|生物工程,中国|四川省|成都市,成长资本,扩张期,2016-07-26,RMB,30.00,30.00,4.49,5.00,A,--,404.48,60.57,--,制造业|医药制造业|生物、生化制品的制造,制造业|医药、生物制品|生物制品业|其他生物制品业,上海证券交易所科创板,2016.xls,0,2016,四川省,制造业,医药制造业,0.5144735253555968,1.473571311379097,-3.755507403215832,-1.0102068166357452,b
长江产业投资集团【武汉科技创业天使基金】,长江产业投资集团有限公司【武汉科技创业天使投资基金合伙企业（有限合伙）】,武汉科创天使投资,武汉市科创天使投资基金管理有限公司,湖北高投集团,湖北省高新产业投资集团有限公司,武汉科技创业天使基金,武汉科技创业天使投资基金合伙企业（有限合伙）,康蓝药业,武汉康蓝药业有限公司,医疗健康，医药，生产制造，生物制药，原料药，药物研发，药品生产，生物药,生物技术/医疗健康|医药,中国|湖北省|武汉市,--,初创期,2016-07-27,RMB,--,--,--,12.50,Pre-A,--,--,--,--,制造业|医药制造业,制造业|医药、生物制品,--,2016.xls,1,2016,湖北省,制造业,医药制造业,0.5144735253555968,1.473571311379097,-3.755507403215832,-1.0102068166357452,b
中鼎开源【河南科技风投基金】,中鼎开源创业投资管理有限公司【河南省中原科创风险投资基金（有限合伙）】,中鼎开源,中鼎开源创业投资管理有限公司,--,--,河南科技风投基金,河南省中原科创风险投资基金（有限合伙）,泰基鸿诺,郑州泰基鸿诺医药股份有限公司,医疗健康，医药，保健品，医疗器械，创新药，生物药，药物研发,生物技术/医疗健康|医药,中国|河南省|郑州市|新郑市,创业投资,扩张期,2016-08-04,RMB,--,--,--,3.22,A,--,--,--,--,制造业|医药制造业,制造业|医药、生物制品,--,2016.xls,1,2016,河南省,制造业,医药制造业,0.5144735253555968,1.473571311379097,-3.755507403215832,-1.0102068166357452,b
长江产业投资集团【武汉科技创业天使基金】,长江产业投资集团有限公司【武汉科技创业天使投资基金合伙企业（有限合伙）】,武汉科创天使投资,武汉市科创天使投资基金管理有限公司,湖北高投集团,湖北省高新产业投资集团有限公司,武汉科技创业天使基金,武汉科技创业天使投资基金合伙企业（有限合伙）,佰美斯,武汉佰美斯医疗科技有限公司,生产制造，医疗健康，医疗设备，医疗器械，心血管，物流服务，综合性软件，生物技术，仪器仪表，自动化，仪器设备，自动化设备,生物技术/医疗健康|医药,中国|湖北省|武汉市,--,成熟期,2016-08-24,RMB,--,--,--,6.09,A,--,--,--,--,制造业|医药制造业,制造业|医药、生物制品,--,2016.xls,1,2016,湖北省,制造业,医药制造业,0.5144735253555968,1.473571311379097,-3.755507403215832,-1.0102068166357452,b
国中资本【深圳国中中小企业发展私募股权投资基金】,国中资本【深圳国中中小企业发展私募股权投资基金合伙企业（有限合伙）】,国中创投,深圳国中创业投资管理有限公司,--,--,深圳国中中小企业发展私募股权投资基金,深圳国中中小企业发展私募股权投资基金合伙企业（有限合伙）,泽璟制药,苏州泽璟生物制药股份有限公司,医疗健康，医药，生物药，药物研发,生物技术/医疗健康|医药,中国|江苏省|苏州市|昆山市,--,扩张期,2016-08-29,USD,1.50,9.98,1.50,0.76,B+,--,"1,270.75",190.55,--,制造业|医药制造业,制造业|医药、生物制品,上海证券交易所科创板,2016.xls,0,2016,江苏省,制造业,医药制造业,0.5144735253555968,1.473571311379097,-3.755507403215832,-1.0102068166357452,b
国厚投资【铜陵欣荣铜基基金】,安徽国厚投资管理有限公司【铜陵欣荣铜基新材料产业发展基金（有限合伙）】,国厚投资,安徽国厚投资管理有限公司,--,--,铜陵欣荣铜基基金,铜陵欣荣铜基新材料产业发展基金（有限合伙）,安徽富邦药业,安徽富邦药业有限公司,医疗健康，医药，互联网，医疗器械，专营零售，药品生产，工业互联网平台,生物技术/医疗健康|医药|化学药品原药制造业,中国|安徽省|铜陵市,天使投资,扩张期,2016-08-31,RMB,--,--,--,18.58,天使轮,--,--,--,--,制造业|医药制造业|化学药品原药制造,制造业|医药、生物制品|医药制造业|化学药品原药制造业,--,2016.xls,1,2016,安徽省,制造业,医药制造业,0.5144735253555968,1.473571311379097,-3.755507403215832,-1.0102068166357452,b
鼎晖投资【鼎晖创新成长人民币基金一期】,鼎晖股权投资管理（天津）有限公司【杭州鼎晖新趋势股权投资合伙企业（有限合伙）】,鼎晖投资,鼎晖股权投资管理（天津）有限公司,--,--,鼎晖创新成长人民币基金一期,杭州鼎晖新趋势股权投资合伙企业（有限合伙）,南新制药,湖南南新制药股份有限公司,医疗健康，医药，创新药，生产制造，药物研发，药品生产，心血管,生物技术/医疗健康|医药|化学药品原药制造业,中国|湖南省|长沙市,成长资本,扩张期,2016-09-01,RMB,98.40,98.40,14.74,14.29,D,--,729.36,109.23,--,制造业|医药制造业|化学药品原药制造,制造业|医药、生物制品|医药制造业|化学药品原药制造业,上海证券交易所科创板,2016.xls,0,2016,湖南省,制造业,医药制造业,0.5144735253555968,1.473571311379097,-3.755507403215832,-1.0102068166357452,b
元生创投【新建元二期创业基金】,苏州工业园区元生创业投资管理有限公司【苏州工业园区新建元二期创业投资企业（有限合伙）】,元生私募基金,苏州元生私募基金管理合伙企业（有限合伙）,元生创投,苏州工业园区元生创业投资管理有限公司,新建元二期创业基金,苏州工业园区新建元二期创业投资企业（有限合伙）,数问生物,浙江数问生物技术有限公司,医疗健康，诊断试剂，医疗服务，分子诊断，体外诊断，医疗器械，基因测序医学检验,生物技术/医疗健康|医药|化学药品制剂制造业,中国|浙江省|湖州市,天使投资,扩张期,2016-09-01,RMB,--,--,--,20.00,Pre-A,陈杰,175.00,26.21,--,制造业|医药制造业|化学药品制剂制造,制造业|医药、生物制品|医药制造业|化学药品制剂制造业,--,2016.xls,0,2016,浙江省,制造业,医药制造业,0.5144735253555968,1.473571311379097,-3.755507403215832,-1.0102068166357452,b
元生创投【新建元二期创业基金】,苏州工业园区元生创业投资管理有限公司【苏州工业园区新建元二期创业投资企业（有限合伙）】,元生私募基金,苏州元生私募基金管理合伙企业（有限合伙）,元生创投,苏州工业园区元生创业投资管理有限公司,新建元二期创业基金,苏州工业园区新建元二期创业投资企业（有限合伙）,遂真生物,杭州遂真生物技术有限公司,医疗健康，体外诊断，生产制造，技术研发，诊断试剂，医疗服务，医疗器械,生物技术/医疗健康|医药|生物制药,中国|浙江省|杭州市|西湖区,创业投资,扩张期,2016-10-26,RMB,--,--,--,18.75,天使轮,林艺,80.00,11.62,--,制造业|医药制造业|生物、生化制品的制造,制造业|医药、生物制品|生物制品业|生物药品制造业,--,2016.xls,0,2016,浙江省,制造业,医药制造业,0.5144735253555968,1.473571311379097,-3.755507403215832,-1.0102068166357452,b
国投创新【先进制造产业投资基金】,国投创新投资管理有限公司【先进制造产业投资基金（有限合伙）】,国投创新,国投创新投资管理有限公司,--,--,先进制造产业投资基金,先进制造产业投资基金（有限合伙）,诺禾致源,北京诺禾致源科技股份有限公司,大数据，医疗健康，农业，医药，综合性软件,生物技术/医疗健康|生物工程,中国|北京市|朝阳区,成长资本,扩张期,2016-11-15,RMB,200.00,200.00,30.56,2.85,B,--,"7,016.35","1,030.45",--,制造业|医药制造业|生物、生化制品的制造,制造业|医药、生物制品|生物制品业|其他生物制品业,上海证券交易所科创板,2016.xls,1,2016,北京市,制造业,医药制造业,0.5144735253555968,1.473571311379097,-3.755507403215832,-1.0102068166357452,b
光谷人才投资【武汉光谷人才创业投资】,武汉光谷人才私募投资管理有限公司【武汉光谷人才创业投资合伙企业（有限合伙）】,光谷人才投资,武汉光谷人才私募投资管理有限公司,--,--,武汉光谷人才创业投资,武汉光谷人才创业投资合伙企业（有限合伙）,艾米森,武汉艾米森生命科技有限公司,医疗健康，大数据，人工智能，体外诊断，大数据挖掘,生物技术/医疗健康|生物工程,中国|湖北省|武汉市,天使投资,初创期,2016-11-15,RMB,--,--,--,6.25,天使轮,--,--,--,--,制造业|医药制造业|生物、生化制品的制造,制造业|医药、生物制品|生物制品业|其他生物制品业,--,2016.xls,0,2016,湖北省,制造业,医药制造业,0.5144735253555968,1.473571311379097,-3.755507403215832,-1.0102068166357452,b
光谷人才投资【光谷人才创新基金】,武汉光谷人才私募投资管理有限公司【武汉光谷人才创新投资合伙企业（有限合伙）】,光谷人才投资,武汉光谷人才私募投资管理有限公司,--,--,光谷人才创新基金,武汉光谷人才创新投资合伙企业（有限合伙）,禾元生物,武汉禾元生物科技股份有限公司,医疗健康，医药，生产制造，生物制药，药物研发，药品生产，农业，生物药,生物技术/医疗健康|医药|生物制药,中国|湖北省|武汉市,新三板定增,成熟期,2016-11-29,RMB,10.00,10.00,1.45,--,新三板定增,--,438.60,63.53,--,制造业|医药制造业|生物、生化制品的制造,制造业|医药、生物制品|生物制品业|生物药品制造业,全国中小企业股份转让系统(新三板),2016.xls,0,2016,湖北省,制造业,医药制造业,0.5144735253555968,1.473571311379097,-3.755507403215832,-1.0102068166357452,b
吉富创投【启兴基金】,吉富创业投资股份有限公司【合肥启兴股权投资合伙企业（有限合伙）】,吉强投资,合肥吉强股权投资管理合伙企业（有限合伙）,吉富创投,吉富创业投资股份有限公司,启兴基金,合肥启兴股权投资合伙企业（有限合伙）,百奥泰,百奥泰生物制药股份有限公司,医疗健康，医药，创新药，生物制药，药物研发,生物技术/医疗健康|医药,中国|广东省|广州市,--,成熟期,2016-12-06,RMB,50.00,50.00,7.27,1.73,A,--,"2,893.89",420.68,--,制造业|医药制造业,制造业|医药、生物制品,上海证券交易所科创板,2016.xls,0,2016,广东省,制造业,医药制造业,0.5144735253555968,1.473571311379097,-3.755507403215832,-1.0102068166357452,b
高特佳投资【杭州睿泓基金】,深圳市高特佳投资集团有限公司【杭州睿泓投资合伙企业（有限合伙）】,弘瑞投资,深圳市高特佳弘瑞创业投资有限公司,高特佳投资,深圳市高特佳投资集团有限公司,杭州睿泓基金,杭州睿泓投资合伙企业（有限合伙）,睿昂基因,上海睿昂基因科技股份有限公司,医疗健康，医药，医疗服务，生产制造，生物药,生物技术/医疗健康|生物工程,中国|上海市|奉贤区,成长资本,扩张期,2016-12-22,RMB,123.20,123.20,19.08,8.21,其他,于建林,"1,500.00",216.17,--,制造业|医药制造业|生物、生化制品的制造,制造业|医药、生物制品|生物制品业|其他生物制品业,上海证券交易所科创板,2016.xls,0,2016,上海市,制造业,医药制造业,0.5144735253555968,1.473571311379097,-3.755507403215832,-1.0102068166357452,b
分享投资【分享精准医疗基金】,深圳市分享成长投资管理有限公司【深圳市分享精准医疗投资合伙企业（有限合伙）】,分享投资,深圳市分享成长投资管理有限公司,--,--,分享精准医疗基金,深圳市分享精准医疗投资合伙企业（有限合伙）,诺唯赞,南京诺唯赞生物科技股份有限公司,体外诊断，生产制造，诊断试剂，医疗健康，医疗器械,生物技术/医疗健康|生物工程,中国|江苏省|南京市,成长资本,扩张期,2016-12-28,RMB,10.00,10.00,1.57,0.67,A,--,"1,502.35",216.20,--,制造业|医药制造业|生物、生化制品的制造,制造业|医药、生物制品|生物制品业|其他生物制品业,上海证券交易所科创板,2016.xls,0,2016,江苏省,制造业,医药制造业,0.5144735253555968,1.473571311379097,-3.755507403215832,-1.0102068166357452,b
深创投【深圳市政府投资引导基金】,深圳市创新投资集团有限公司【深圳市引导基金投资有限公司】,深创投,深圳市创新投资集团有限公司,--,--,深圳市政府投资引导基金,深圳市引导基金投资有限公司,普罗吉医药,深圳普罗吉医药科技有限公司,医疗健康，医药，医疗服务，医疗设备，体外诊断，生物药，生产制造，医疗器械，诊断试剂,生物技术/医疗健康|医药|生物制药,中国|广东省|深圳市,--,种子期,2017-01-06,--,--,--,--,--,种子轮,--,--,--,--,制造业|医药制造业|生物、生化制品的制造,制造业|医药、生物制品|生物制品业|生物药品制造业,--,2017.xls,1,2017,广东省,制造业,医药制造业,0.5144735253555968,1.473571311379097,-3.755507403215832,-1.0102068166357452,b
分享投资【分享精准医疗基金】,深圳市分享成长投资管理有限公司【深圳市分享精准医疗投资合伙企业（有限合伙）】,分享投资,深圳市分享成长投资管理有限公司,--,--,分享精准医疗基金,深圳市分享精准医疗投资合伙企业（有限合伙）,天科雅生物,北京天科雅生物科技有限公司,医疗健康，医疗服务，体外诊断，精准医疗，细胞治疗,生物技术/医疗健康|生物工程,中国|北京市|昌平区,--,种子期,2017-01-10,RMB,--,--,--,--,Pre-A,--,--,--,--,制造业|医药制造业|生物、生化制品的制造,制造业|医药、生物制品|生物制品业|其他生物制品业,--,2017.xls,0,2017,北京市,制造业,医药制造业,0.5144735253555968,1.473571311379097,-3.755507403215832,-1.0102068166357452,b
元生创投【新建元二期创业基金】,苏州工业园区元生创业投资管理有限公司【苏州工业园区新建元二期创业投资企业（有限合伙）】,元生私募基金,苏州元生私募基金管理合伙企业（有限合伙）,元生创投,苏州工业园区元生创业投资管理有限公司,新建元二期创业基金,苏州工业园区新建元二期创业投资企业（有限合伙）,爱科百发,上海爱科百发生物医药技术股份有限公司,医疗健康，医药，创新药，药物研发，药品生产,生物技术/医疗健康|医药,中国|上海市|浦东新区,创业投资,初创期,2017-01-13,USD,3.00,19.06,3.00,0.03,A+,--,"79,084.57","11,428.57",--,制造业|医药制造业,制造业|医药、生物制品,--,2017.xls,0,2017,上海市,制造业,医药制造业,0.5144735253555968,1.473571311379097,-3.755507403215832,-1.0102068166357452,b
元生创投【新建元二期创业基金】,苏州工业园区元生创业投资管理有限公司【苏州工业园区新建元二期创业投资企业（有限合伙）】,元生私募基金,苏州元生私募基金管理合伙企业（有限合伙）,元生创投,苏州工业园区元生创业投资管理有限公司,新建元二期创业基金,苏州工业园区新建元二期创业投资企业（有限合伙）,爱兴生物,成都爱兴生物科技有限公司,医疗健康，医疗器械，POCT,生物技术/医疗健康|生物工程,中国|四川省|成都市,--,扩张期,2017-01-18,RMB,15.00,15.00,2.35,--,B,陈杰,--,--,--,制造业|医药制造业|生物、生化制品的制造,制造业|医药、生物制品|生物制品业|其他生物制品业,--,2017.xls,0,2017,四川省,制造业,医药制造业,0.5144735253555968,1.473571311379097,-3.755507403215832,-1.0102068166357452,b
中山臻石投资【中山吴阶平健康产业投资】,中山市臻石投资管理有限公司【中山阶平健康产业投资中心（有限合伙）】,中山臻石投资,中山市臻石投资管理有限公司,--,--,中山吴阶平健康产业投资,中山阶平健康产业投资中心（有限合伙）,腾飞基因,广东腾飞基因科技股份有限公司,医疗健康，生产制造，管理软件，医疗检测，数据分析，投资，基因检测耗材，综合性软件,生物技术/医疗健康|生物工程,中国|广东省|中山市,--,初创期,2017-01-22,RMB,6.00,6.00,0.87,2.00,B,--,300.00,43.65,--,制造业|医药制造业|生物、生化制品的制造,制造业|医药、生物制品|生物制品业|其他生物制品业,全国中小企业股份转让系统(新三板),2017.xls,1,2017,广东省,制造业,医药制造业,0.5144735253555968,1.473571311379097,-3.755507403215832,-1.0102068166357452,b
安诚资本【创晟投资】,安徽安诚资本有限公司【安徽创晟投资有限公司】,亳州创新创投,亳州市创新创业投资有限公司,安诚资本,安徽安诚资本有限公司,创晟投资,安徽创晟投资有限公司,安徽东方,安徽东方帝维生物制品股份有限公司,生产制造，疫苗，自动化，农业，建筑，污水处理，饲料，兽药,生物技术/医疗健康|医药,中国|安徽省|亳州市,新三板定增,扩张期,2017-02-16,RMB,36.00,36.00,5.24,--,新三板定增,--,423.67,61.66,--,制造业|医药制造业,制造业|医药、生物制品,全国中小企业股份转让系统(新三板),2017.xls,1,2017,安徽省,制造业,医药制造业,0.5144735253555968,1.473571311379097,-3.755507403215832,-1.0102068166357452,b
分享投资【分享精准医疗基金】,深圳市分享成长投资管理有限公司【深圳市分享精准医疗投资合伙企业（有限合伙）】,分享投资,深圳市分享成长投资管理有限公司,--,--,分享精准医疗基金,深圳市分享精准医疗投资合伙企业（有限合伙）,百普赛斯,北京百普赛斯生物科技股份有限公司,医疗健康，医药，药物研发，生物药，药品生产,生物技术/医疗健康|生物工程,中国|北京市|大兴区,创业投资,扩张期,2017-02-27,RMB,5.40,5.40,0.79,3.00,老股权转让,--,65.00,9.47,--,制造业|医药制造业|生物、生化制品的制造,制造业|医药、生物制品|生物制品业|其他生物制品业,深圳证券交易所创业板,2017.xls,0,2017,北京市,制造业,医药制造业,0.5144735253555968,1.473571311379097,-3.755507403215832,-1.0102068166357452,b
泰州融健达【泰州中国医药城融健达创投基金】,泰州中国医药城融健达创业投资管理有限公司【泰州中国医药城融健达创业投资有限公司】,泰州融健达,泰州中国医药城融健达创业投资管理有限公司,--,--,泰州中国医药城融健达创投基金,泰州中国医药城融健达创业投资有限公司,天一时科技,深圳市天一时科技开发有限公司,医疗健康，农业,生物技术/医疗健康|医药,中国|广东省|深圳市,--,成熟期,2016-07-21,--,--,--,--,7.74,B,--,--,--,--,制造业|医药制造业,制造业|医药、生物制品,--,2016.xls,1,2016,广东省,制造业,医药制造业,0.5144735253555968,1.473571311379097,-3.755507403215832,-1.0102068166357452,b
东方富海【深圳南山中小企业发展基金】,深圳市东方富海投资管理股份有限公司【中小企业发展基金（深圳南山有限合伙）】,富海中小企业发展基金,深圳市富海中小企业发展基金股权投资管理有限公司,东方富海,深圳市东方富海投资管理股份有限公司,深圳南山中小企业发展基金,中小企业发展基金（深圳南山有限合伙）,济群医药,南京济群医药科技股份有限公司,医疗健康，医药，仿制药，药品生产，创新药，药物研发，精密仪器，仪器设备,生物技术/医疗健康|医药,中国|江苏省|南京市,--,初创期,2016-06-27,RMB,9.00,9.00,1.38,7.44,A,--,121.00,18.51,--,制造业|医药制造业,制造业|医药、生物制品,全国中小企业股份转让系统(新三板),2016.xls,0,2016,江苏省,制造业,医药制造业,0.5144735253555968,1.473571311379097,-3.755507403215832,-1.0102068166357452,b
泰州融健达【泰州中国医药城融健达创投基金】,泰州中国医药城融健达创业投资管理有限公司【泰州中国医药城融健达创业投资有限公司】,泰州融健达,泰州中国医药城融健达创业投资管理有限公司,--,--,泰州中国医药城融健达创投基金,泰州中国医药城融健达创业投资有限公司,荃信生物,江苏荃信生物医药股份有限公司,医疗健康，医药，生物药，创新药，生产制造，生物制药，药品生产，药物研发,生物技术/医疗健康|医药,中国|江苏省|泰州市,创业投资,种子期,2016-06-03,RMB,--,--,--,--,A,--,--,--,--,制造业|医药制造业,制造业|医药、生物制品,--,2016.xls,1,2016,江苏省,制造业,医药制造业,0.5144735253555968,1.473571311379097,-3.755507403215832,-1.0102068166357452,b
元生创投【新建元二期创业基金】,苏州工业园区元生创业投资管理有限公司【苏州工业园区新建元二期创业投资企业（有限合伙）】,元生私募基金,苏州元生私募基金管理合伙企业（有限合伙）,元生创投,苏州工业园区元生创业投资管理有限公司,新建元二期创业基金,苏州工业园区新建元二期创业投资企业（有限合伙）,圣诺生物,成都圣诺生物科技股份有限公司,医疗健康，医药，生产制造，生物制药,生物技术/医疗健康|医药|生物制药,中国|四川省|成都市,成长资本,成熟期,2016-06-01,RMB,19.98,19.98,3.08,1.91,其他,陈杰,"1,044.82",158.76,--,制造业|医药制造业|生物、生化制品的制造,制造业|医药、生物制品|生物制品业|生物药品制造业,上海证券交易所科创板,2016.xls,0,2016,四川省,制造业,医药制造业,0.5144735253555968,1.473571311379097,-3.755507403215832,-1.0102068166357452,b
中科科创【广东中科白云新兴创业基金】,广东中科科创创业投资管理有限责任公司【广东中科白云新兴产业创业投资基金有限公司】,中科科创,广东中科科创创业投资管理有限责任公司,--,--,广东中科白云新兴创业基金,广东中科白云新兴产业创业投资基金有限公司,永顺生物,广东永顺生物制药股份有限公司,医药，农业，兽药，生产制造，医疗健康，药品生产，生物药，疫苗,生物技术/医疗健康|医药,中国|广东省|广州市,成长资本,成熟期,2015-06-08,RMB,28.80,28.80,4.52,3.34,老股权转让,--,862.17,140.92,--,制造业|医药制造业,制造业|医药、生物制品,北京证券交易所，全国中小企业股份转让系统(新三板),2015.xls,1,2015,广东省,制造业,医药制造业,0.5144735253555968,1.473571311379097,-3.755507403215832,-1.0102068166357452,b
广州勤安【安健信医疗健康基金】,广州勤安投资管理有限公司【广州安健信医疗健康产业股权投资基金（有限合伙）】,广州勤安,广州勤安投资管理有限公司,--,--,安健信医疗健康基金,广州安健信医疗健康产业股权投资基金（有限合伙）,达瑞生物,广州市达瑞生物技术股份有限公司,医疗健康，医药，体外诊断，生物药,生物技术/医疗健康|医药|化学药品制剂制造业,中国|广东省|广州市,--,成熟期,2015-07-08,RMB,50.00,50.00,8.17,1.80,A,--,"2,779.67",454.45,--,制造业|医药制造业|化学药品制剂制造,制造业|医药、生物制品|医药制造业|化学药品制剂制造业,全国中小企业股份转让系统(新三板),2015.xls,0,2015,广东省,制造业,医药制造业,0.5144735253555968,1.473571311379097,-3.755507403215832,-1.0102068166357452,b
同创伟业【同创伟业上海基金】,深圳同创伟业资产管理股份有限公司【上海同创伟业共享创业投资合伙企业（有限合伙）】,上海同创伟业,上海同创伟业资产管理有限公司,同创伟业,深圳同创伟业资产管理股份有限公司,同创伟业上海基金,上海同创伟业共享创业投资合伙企业（有限合伙）,五和博澳药业,北京五和博澳药业股份有限公司,医疗健康，医药，生物药，药品生产，创新药,生物技术/医疗健康|医药|生物制药,中国|北京市,--,扩张期,2015-07-16,RMB,--,--,--,--,A,--,--,--,--,制造业|医药制造业|生物、生化制品的制造,制造业|医药、生物制品|生物制品业|生物药品制造业,--,2015.xls,0,2015,北京市,制造业,医药制造业,0.5144735253555968,1.473571311379097,-3.755507403215832,-1.0102068166357452,b
元康投资【盈泰泓康】,深圳市元康投资管理有限公司【深圳盈泰泓康创业投资合伙企业（有限合伙）】,元康投资,深圳市元康投资管理有限公司,--,--,盈泰泓康,深圳盈泰泓康创业投资合伙企业（有限合伙）,泽生科技,上海泽生科技开发股份有限公司,医疗健康，医药，创新药，药物研发，生物药，医疗器械,生物技术/医疗健康|医药,中国|上海市|浦东新区,--,成熟期,2015-07-22,RMB,45.00,45.00,7.35,2.81,E,--,"1,600.00",261.44,--,制造业|医药制造业,制造业|医药、生物制品,全国中小企业股份转让系统(新三板),2015.xls,0,2015,上海市,制造业,医药制造业,0.5144735253555968,1.473571311379097,-3.755507403215832,-1.0102068166357452,b
迈朴资本【陕西省高技术服务创投基金】,西安迈朴资本管理有限公司【陕西省高技术服务创业投资基金（有限合伙）】,迈朴资本,西安迈朴资本管理有限公司,--,--,陕西省高技术服务创投基金,陕西省高技术服务创业投资基金（有限合伙）,健康在线医疗,苏州健康在线医疗科技股份有限公司,医疗健康，医疗服务，体外诊断，生产制造，医疗器械，诊断试剂,生物技术/医疗健康|其他生物技术/医疗健康,中国|江苏省|苏州市,创业投资,成熟期,2015-07-27,RMB,--,--,--,--,A,--,--,--,--,制造业|医药制造业|卫生材料及医药用品制造,社会服务业|卫生、保健、护理服务业,--,2015.xls,1,2015,江苏省,制造业,医药制造业,0.5144735253555968,1.473571311379097,-3.755507403215832,-1.0102068166357452,b
深创投【红土科信创投】,深圳市创新投资集团有限公司【广州红土科信创业投资有限公司】,广东红土创投,广东红土创业投资管理有限公司,深创投,深圳市创新投资集团有限公司,红土科信创投,广州红土科信创业投资有限公司,康方生物,中山康方生物医药有限公司,--,生物技术/医疗健康|医药,中国|广东省|中山市,创业投资,扩张期,2015-09-07,RMB,10.00,10.00,1.46,--,A,倪泽望,--,--,--,制造业|医药制造业,制造业|医药、生物制品,香港证券交易所主板,2015.xls,0,2015,广东省,制造业,医药制造业,0.5144735253555968,1.473571311379097,-3.755507403215832,-1.0102068166357452,b
摩根士丹利（中国）【杭州长堤基金】,摩根士丹利（中国）股权投资管理有限公司【杭州长堤股权投资合伙企业（有限合伙）】,摩根士丹利（中国）,摩根士丹利（中国）股权投资管理有限公司,--,--,杭州长堤基金,杭州长堤股权投资合伙企业（有限合伙）,大参林,大参林医药集团股份有限公司,医疗健康，医药,生物技术/医疗健康|医药,中国|广东省|广州市,--,成熟期,2015-09-08,RMB,64.62,64.62,10.15,1.08,A,--,"6,000.00",942.40,--,制造业|医药制造业,制造业|医药、生物制品,上海证券交易所主板,2015.xls,0,2015,广东省,制造业,医药制造业,0.5144735253555968,1.473571311379097,-3.755507403215832,-1.0102068166357452,b
京道基金【厦门京道联萃天和创业基金】,厦门京道产业投资基金管理有限公司【厦门京道联萃天和创业投资基金合伙企业（有限合伙）】,京道乐勤创投,厦门京道乐勤创业投资管理有限公司,京道基金,厦门京道产业投资基金管理有限公司,厦门京道联萃天和创业基金,厦门京道联萃天和创业投资基金合伙企业（有限合伙）,未名医药,山东未名生物医药股份有限公司,医疗健康，医药，生物药，生产制造，药品生产,生物技术/医疗健康|医药,中国|北京市|海淀区,上市定增,成熟期,2015-09-24,RMB,83.72,83.72,13.11,1.64,上市定增,--,"5,116.00",801.37,--,制造业|医药制造业,制造业|医药、生物制品,深圳证券交易所主板,2015.xls,0,2015,北京市,制造业,医药制造业,0.5144735253555968,1.473571311379097,-3.755507403215832,-1.0102068166357452,b
国兴投资【厦门软件信息产业创投】,国兴（厦门）投资管理有限公司【厦门市软件信息产业创业投资有限公司】,恒一创投,厦门恒一创业投资管理有限公司,国兴投资,国兴（厦门）投资管理有限公司,厦门软件信息产业创投,厦门市软件信息产业创业投资有限公司,赛诺邦格,厦门赛诺邦格生物科技股份有限公司,医疗健康，医药，医疗设备，生产制造，药物研发,生物技术/医疗健康|医药|生物制药,中国|福建省|厦门市,创业投资,扩张期,2015-09-24,RMB,--,--,--,14.29,A+,--,--,--,--,制造业|医药制造业|生物、生化制品的制造,制造业|医药、生物制品|生物制品业|生物药品制造业,--,2015.xls,1,2015,福建省,制造业,医药制造业,0.5144735253555968,1.473571311379097,-3.755507403215832,-1.0102068166357452,b
水木创投【水木扬帆基金】,北京水木国鼎投资管理有限公司【北京水木扬帆创业投资中心（有限合伙）】,水木创投,北京水木国鼎投资管理有限公司,--,--,水木扬帆基金,北京水木扬帆创业投资中心（有限合伙）,御匾国健,南京御匾国健生物科技有限公司,农业，生产制造，消费生活，生物技术,生物技术/医疗健康|其他生物技术/医疗健康,中国|江苏省|南京市|高淳区,--,初创期,2015-10-16,RMB,--,--,--,15.00,天使轮,--,--,--,--,制造业|医药制造业|卫生材料及医药用品制造,社会服务业|卫生、保健、护理服务业,--,2015.xls,0,2015,江苏省,制造业,医药制造业,0.5144735253555968,1.473571311379097,-3.755507403215832,-1.0102068166357452,b
泰州融健达【泰州中国医药城融健达创投基金】,泰州中国医药城融健达创业投资管理有限公司【泰州中国医药城融健达创业投资有限公司】,泰州融健达,泰州中国医药城融健达创业投资管理有限公司,--,--,泰州中国医药城融健达创投基金,泰州中国医药城融健达创业投资有限公司,江苏杜瑞制药,江苏杜瑞制药有限公司,医疗健康，医药，原料药，生产制造，药品生产,生物技术/医疗健康|医药,中国|江苏省|泰州市,创业投资,扩张期,2015-11-04,RMB,--,--,--,5.35,B+,--,--,--,--,制造业|医药制造业,制造业|医药、生物制品,--,2015.xls,1,2015,江苏省,制造业,医药制造业,0.5144735253555968,1.473571311379097,-3.755507403215832,-1.0102068166357452,b
同创伟业【同创伟业上海基金】,深圳同创伟业资产管理股份有限公司【上海同创伟业共享创业投资合伙企业（有限合伙）】,上海同创伟业,上海同创伟业资产管理有限公司,同创伟业,深圳同创伟业资产管理股份有限公司,同创伟业上海基金,上海同创伟业共享创业投资合伙企业（有限合伙）,艺妙神州,北京艺妙神州医药科技有限公司,医疗健康，细胞治疗，医疗检测,生物技术/医疗健康|生物工程,中国|北京市|海淀区,--,种子期,2015-06-02,RMB,4.67,4.67,0.76,--,天使轮,郑伟鹤,--,--,--,制造业|医药制造业|生物、生化制品的制造,制造业|医药、生物制品|生物制品业|其他生物制品业,--,2015.xls,0,2015,北京市,制造业,医药制造业,0.5144735253555968,1.473571311379097,-3.755507403215832,-1.0102068166357452,b
九仁资本【九鸿投资】,浙江九仁私募基金管理有限公司【杭州九鸿投资合伙企业（有限合伙）】,九仁资本,浙江九仁私募基金管理有限公司,--,--,九鸿投资,杭州九鸿投资合伙企业（有限合伙）,仙琚制药,浙江仙琚制药股份有限公司,医疗健康，医药，原料药，生产制造，药品生产,生物技术/医疗健康|医药,中国|浙江省|台州市,上市定增,成熟期,2015-11-11,RMB,180.60,180.60,28.40,3.31,上市定增,--,"5,456.19",857.87,--,制造业|医药制造业,制造业|医药、生物制品,深圳证券交易所主板,2015.xls,0,2015,浙江省,制造业,医药制造业,0.5144735253555968,1.473571311379097,-3.755507403215832,-1.0102068166357452,b
贵鑫瑞和创投【贵州省高新技术产业发展基金创投有限责任公司】,贵州省贵鑫瑞和创业投资管理有限责任公司【贵州省高新技术产业发展基金创业投资有限责任公司】,贵鑫瑞和创投,贵州省贵鑫瑞和创业投资管理有限责任公司,--,--,贵州省高新技术产业发展基金创投有限责任公司,贵州省高新技术产业发展基金创业投资有限责任公司,联盛药业,贵州联盛药业有限公司,医疗健康，医药，生产制造，药品生产，药物研发,生物技术/医疗健康|医药|中药材及中成药加工业,中国|贵州省|遵义市|汇川区,创业投资,成熟期,2015-12-23,RMB,--,--,--,8.57,A,--,--,--,--,制造业|医药制造业|中成药制造,制造业|医药、生物制品|医药制造业|中药材及中成药加工业,--,2015.xls,1,2015,贵州省,制造业,医药制造业,0.5144735253555968,1.473571311379097,-3.755507403215832,-1.0102068166357452,b
中鼎开源【河南科技风投基金】,中鼎开源创业投资管理有限公司【河南省中原科创风险投资基金（有限合伙）】,中鼎开源,中鼎开源创业投资管理有限公司,--,--,河南科技风投基金,河南省中原科创风险投资基金（有限合伙）,锐达医药,河南省锐达医药科技有限公司,零售O2O，信息系统集成，大数据服务，数码设备，互联网，互联网数据，数据服务，医疗器械，信息技术，生活消费品，软件开发，软件技术，软件和信息技术，直播内容制作，内容制作，电竞内容制作，专营零售,生物技术/医疗健康|医药,中国|河南省|开封市|龙亭区,创业投资,初创期,2016-01-12,--,--,--,--,23.46,A,--,--,--,--,制造业|医药制造业,制造业|医药、生物制品,--,2016.xls,1,2016,河南省,制造业,医药制造业,0.5144735253555968,1.473571311379097,-3.755507403215832,-1.0102068166357452,b
合肥创新投【合肥市天使投资基金】,合肥市创新科技风险投资有限公司【合肥市天使投资基金有限公司】,合肥创新投,合肥市创新科技风险投资有限公司,--,--,合肥市天使投资基金,合肥市天使投资基金有限公司,中科金臻,合肥中科金臻生物医学有限公司,用药指导，分子诊断，精准医疗,生物技术/医疗健康|其他生物技术/医疗健康,中国|安徽省|合肥市|蜀山区,天使投资,种子期,2016-01-22,RMB,--,--,--,8.51,天使轮,--,--,--,--,制造业|医药制造业|卫生材料及医药用品制造,社会服务业|卫生、保健、护理服务业,--,2016.xls,1,2016,安徽省,制造业,医药制造业,0.5144735253555968,1.473571311379097,-3.755507403215832,-1.0102068166357452,b
泰州融健达【泰州中国医药城融健达创投基金】,泰州中国医药城融健达创业投资管理有限公司【泰州中国医药城融健达创业投资有限公司】,泰州融健达,泰州中国医药城融健达创业投资管理有限公司,--,--,泰州中国医药城融健达创投基金,泰州中国医药城融健达创业投资有限公司,泰凌生物制药江苏,泰凌生物制药江苏有限公司,医疗健康，医药，生产制造，投资，药品生产,生物技术/医疗健康|医药|生物制药,中国|江苏省|泰州市,--,初创期,2016-02-26,RMB,--,--,--,5.50,A,--,--,--,--,制造业|医药制造业|生物、生化制品的制造,制造业|医药、生物制品|生物制品业|生物药品制造业,--,2016.xls,1,2016,江苏省,制造业,医药制造业,0.5144735253555968,1.473571311379097,-3.755507403215832,-1.0102068166357452,b
德阳盈创阳光天使创投【德阳市阳光天使投资基金】,德阳盈创阳光天使创业投资管理有限公司【德阳阳光天使投资有限公司】,德阳盈创阳光天使创投,德阳盈创阳光天使创业投资管理有限公司,--,--,德阳市阳光天使投资基金,德阳阳光天使投资有限公司,中衡检测,四川中衡检测技术有限公司,检测服务,生物技术/医疗健康|其他生物技术/医疗健康,中国|四川省|德阳市,创业投资,扩张期,2016-03-08,RMB,--,--,--,--,A,--,--,--,--,制造业|医药制造业|卫生材料及医药用品制造,社会服务业|卫生、保健、护理服务业,--,2016.xls,1,2016,四川省,制造业,医药制造业,0.5144735253555968,1.473571311379097,-3.755507403215832,-1.0102068166357452,b
中广投资【东莞中科中广基金】,广东中广投资管理有限公司【东莞中科中广创业投资有限公司】,中广投资,广东中广投资管理有限公司,--,--,东莞中科中广基金,东莞中科中广创业投资有限公司,长江医药,湖北长江星医药股份有限公司,医疗健康，医药,生物技术/医疗健康|医药,中国|湖北省|十堰市,--,扩张期,2016-03-17,RMB,10.00,10.00,1.53,0.85,A,--,"1,172.64",179.93,--,制造业|医药制造业,制造业|医药、生物制品,全国中小企业股份转让系统(新三板),2016.xls,0,2016,湖北省,制造业,医药制造业,0.5144735253555968,1.473571311379097,-3.755507403215832,-1.0102068166357452,b
泰州融健达【泰州中国医药城融健达创投基金】,泰州中国医药城融健达创业投资管理有限公司【泰州中国医药城融健达创业投资有限公司】,泰州融健达,泰州中国医药城融健达创业投资管理有限公司,--,--,泰州中国医药城融健达创投基金,泰州中国医药城融健达创业投资有限公司,盈科生物,江苏盈科生物制药有限公司,医疗健康，医药，生物药，生产制造，生物制药，药品生产，药物研发,生物技术/医疗健康|医药|生物制药,中国|江苏省|泰州市,创业投资,扩张期,2016-03-21,RMB,--,--,--,--,A,--,--,--,--,制造业|医药制造业|生物、生化制品的制造,制造业|医药、生物制品|生物制品业|生物药品制造业,--,2016.xls,1,2016,江苏省,制造业,医药制造业,0.5144735253555968,1.473571311379097,-3.755507403215832,-1.0102068166357452,b
海南发控【南华创投】,海南省发展控股有限公司【海南南华创业投资基金（有限合伙）】,海控资本,海南海控资本创业投资有限公司,海南发控,海南省发展控股有限公司,南华创投,海南南华创业投资基金（有限合伙）,新世通制药,海南新世通制药有限公司,医疗健康，医药，原料药，生产制造，药品生产，药物研发,生物技术/医疗健康|医药,中国|海南省|海口市,创业投资,成熟期,2016-03-31,RMB,--,--,--,9.59,B,--,--,--,--,制造业|医药制造业,制造业|医药、生物制品,--,2016.xls,1,2016,海南省,制造业,医药制造业,0.5144735253555968,1.473571311379097,-3.755507403215832,-1.0102068166357452,b
金城资本【甘肃现代农业产业创业投资基金】,金城资本管理有限公司【甘肃现代农业产业创业投资基金有限公司】,金城资本,金城资本管理有限公司,--,--,甘肃现代农业产业创业投资基金,甘肃现代农业产业创业投资基金有限公司,甘鹿食品,甘肃创兴生物工程有限责任公司,养生保健，生产制造，保健品,生物技术/医疗健康|保健品,中国|甘肃省|武威市|天祝藏族自治县,创业投资,扩张期,2016-04-07,RMB,--,--,--,24.38,A,--,--,--,--,制造业|医药制造业,制造业|医药、生物制品|其他制造业,--,2016.xls,1,2016,甘肃省,制造业,医药制造业,0.5144735253555968,1.473571311379097,-3.755507403215832,-1.0102068166357452,b
泰州融健达【泰州中国医药城融健达创投基金】,泰州中国医药城融健达创业投资管理有限公司【泰州中国医药城融健达创业投资有限公司】,泰州融健达,泰州中国医药城融健达创业投资管理有限公司,--,--,泰州中国医药城融健达创投基金,泰州中国医药城融健达创业投资有限公司,泽成生物,江苏泽成生物技术有限公司,医疗健康，医药，医疗设备，体外诊断，诊断试剂，医疗服务，医疗器械，仪器仪表,生物技术/医疗健康|生物工程,中国|江苏省|江阴市,--,扩张期,2016-04-20,RMB,--,--,--,--,B,--,--,--,--,制造业|医药制造业|生物、生化制品的制造,制造业|医药、生物制品|生物制品业|其他生物制品业,--,2016.xls,1,2016,江苏省,制造业,医药制造业,0.5144735253555968,1.473571311379097,-3.755507403215832,-1.0102068166357452,b
人福大成投资【光谷人福基金】,人福大成（武汉）投资管理有限公司【武汉光谷人福生物医药创业投资基金中心（有限合伙）】,人福大成投资,人福大成（武汉）投资管理有限公司,--,--,光谷人福基金,武汉光谷人福生物医药创业投资基金中心（有限合伙）,先路医药,武汉先路医药科技股份有限公司,医疗健康，医药，生产制造，技术研发，药物研发，医药外包CXO,生物技术/医疗健康|医药,中国|湖北省|武汉市,新三板定增,扩张期,2016-05-26,RMB,8.00,8.00,1.22,6.67,新三板定增,--,119.94,18.58,--,制造业|医药制造业,制造业|医药、生物制品,全国中小企业股份转让系统(新三板),2016.xls,0,2016,湖北省,制造业,医药制造业,0.5144735253555968,1.473571311379097,-3.755507403215832,-1.0102068166357452,b
达晨财智【达晨创丰基金】,达晨财智【深圳市达晨创丰股权投资企业（有限合伙）】,达晨财智,深圳市达晨财智创业投资管理有限公司,--,--,达晨创丰基金,深圳市达晨创丰股权投资企业（有限合伙）,华康医疗,武汉华康世纪医疗股份有限公司,企业服务，建筑，化工，医疗器械，医疗健康,生物技术/医疗健康|其他生物技术/医疗健康,中国|湖北省|武汉市,成长资本,扩张期,2015-12-03,RMB,50.00,50.00,6.90,5.56,B+,--,900.13,140.90,--,制造业|医药制造业|卫生材料及医药用品制造,社会服务业|卫生、保健、护理服务业,深圳证券交易所创业板,2015.xls,0,2015,湖北省,制造业,医药制造业,0.5144735253555968,1.473571311379097,-3.755507403215832,-1.0102068166357452,b
联想之星【联想之星三期人民币基金】,北京联想之星投资管理有限公司【北京星浩创业企业管理中心（有限合伙）】,北京联想之星未来投资,北京联想之星未来投资管理有限公司,联想之星,北京联想之星投资管理有限公司,联想之星三期人民币基金,北京星浩创业企业管理中心（有限合伙）,麓鹏制药,广州麓鹏制药有限公司,医疗健康，医疗设备，医药，药物研发，药品生产,生物技术/医疗健康|医药,中国|广东省|广州市,创业投资,种子期,2019-01-15,RMB,20.00,20.00,2.96,3.17,A,--,--,--,--,制造业|医药制造业,制造业|医药、生物制品,--,2019.xls,0,2019,广东省,制造业,医药制造业,0.5144735253555968,1.473571311379097,-3.755507403215832,-1.0102068166357452,b
深投控资本【张家港深投控赛格合创股权投资】（领投）,深圳市投控资本有限公司【张家港深投控赛格合创股权投资合伙企业（有限合伙）】（领投）,深投控资本,深圳市投控资本有限公司,--,--,张家港深投控赛格合创股权投资,张家港深投控赛格合创股权投资合伙企业（有限合伙）,擎科生物,北京擎科生物科技股份有限公司,医疗健康，农业,生物技术/医疗健康|生物工程,中国|北京市|大兴区,成长资本,扩张期,2021-12-31,RMB,--,--,--,1.57,A,黄晖,"2,564.10",402.24,--,制造业|医药制造业|生物、生化制品的制造,制造业|医药、生物制品|生物制品业|其他生物制品业,--,2021.xls,0,2021,北京市,制造业,医药制造业,0.5144735253555968,1.473571311379097,-3.755507403215832,-1.0102068166357452,b
广东君诚【嘉睿万杉基金】,广东君诚基金管理有限公司【苏州嘉睿万杉创业投资合伙企业（有限合伙）】,广东君诚,广东君诚基金管理有限公司,--,--,嘉睿万杉基金,苏州嘉睿万杉创业投资合伙企业（有限合伙）,百道医疗,苏州百道医疗科技有限公司,医疗健康，智能硬件，人工智能，医疗服务，医疗设备，精准医疗,生物技术/医疗健康|其他生物技术/医疗健康,中国|江苏省|苏州市,创业投资,初创期,2019-11-21,RMB,--,--,--,--,A,--,--,--,--,制造业|医药制造业|卫生材料及医药用品制造,社会服务业|卫生、保健、护理服务业,--,2019.xls,0,2019,江苏省,制造业,医药制造业,0.5144735253555968,1.473571311379097,-3.755507403215832,-1.0102068166357452,b
贵鑫瑞和创投【贵州省高新技术产业发展基金创投有限责任公司】,贵州省贵鑫瑞和创业投资管理有限责任公司【贵州省高新技术产业发展基金创业投资有限责任公司】,贵鑫瑞和创投,贵州省贵鑫瑞和创业投资管理有限责任公司,--,--,贵州省高新技术产业发展基金创投有限责任公司,贵州省高新技术产业发展基金创业投资有限责任公司,润生制药,贵州润生制药有限公司,医疗健康，医药，药品生产,生物技术/医疗健康|医药,中国|贵州省|黔南布依族苗族自治州|龙里县,创业投资,成熟期,2019-05-30,RMB,--,--,--,10.00,A,--,--,--,--,制造业|医药制造业,制造业|医药、生物制品,--,2019.xls,1,2019,贵州省,制造业,医药制造业,0.5144735253555968,1.473571311379097,-3.755507403215832,-1.0102068166357452,b
中银国际投资【中誉赢嘉健康投资】,中银国际投资有限责任公司【苏州中誉赢嘉健康投资合伙企业（有限合伙）】,中银国际投资,中银国际投资有限责任公司,--,--,中誉赢嘉健康投资,苏州中誉赢嘉健康投资合伙企业（有限合伙）,智核生物,苏州智核生物医药科技有限公司,医疗健康，医药，体外诊断，生物药，医疗服务，创新药，药物研发,生物技术/医疗健康|其他生物技术/医疗健康,中国|江苏省|苏州市|吴中区,成长资本,扩张期,2020-04-24,RMB,--,--,--,3.92,B,--,382.59,53.97,--,制造业|医药制造业|卫生材料及医药用品制造,社会服务业|卫生、保健、护理服务业,--,2020.xls,0,2020,江苏省,制造业,医药制造业,0.5144735253555968,1.473571311379097,-3.755507403215832,-1.0102068166357452,b
川创投【四川省科技成果转化股权投资基金】,四川创新发展投资管理有限公司【四川省科技成果转化股权投资基金合伙企业（有限合伙）】,川创投,四川创新发展投资管理有限公司,--,--,四川省科技成果转化股权投资基金,四川省科技成果转化股权投资基金合伙企业（有限合伙）,瑞沐生物,成都瑞沐生物医药科技有限公司,医疗健康，医药，药物研发，生物药,生物技术/医疗健康|医药,中国|四川省|成都市|温江区,创业投资,初创期,2019-09-06,RMB,--,--,--,2.86,A,--,--,--,--,制造业|医药制造业,制造业|医药、生物制品,--,2019.xls,1,2019,四川省,制造业,医药制造业,0.5144735253555968,1.473571311379097,-3.755507403215832,-1.0102068166357452,b
邦盛资本【疌泉新工邦盛创投基金】,南京邦盛投资管理有限公司【江苏疌泉新工邦盛创业投资基金合伙企业（有限合伙）】,南京邦盛新工投资,南京邦盛新工股权投资基金管理有限公司,邦盛资本,南京邦盛投资管理有限公司,疌泉新工邦盛创投基金,江苏疌泉新工邦盛创业投资基金合伙企业（有限合伙）,多禧生物,杭州多禧生物科技有限公司,医疗健康，医药，靶向药，药物研发,生物技术/医疗健康|医药|生物制药,中国|浙江省|杭州市,创业投资,扩张期,2019-09-18,RMB,--,--,--,--,B,--,--,--,--,制造业|医药制造业|生物、生化制品的制造,制造业|医药、生物制品|生物制品业|生物药品制造业,--,2019.xls,0,2019,浙江省,制造业,医药制造业,0.5144735253555968,1.473571311379097,-3.755507403215832,-1.0102068166357452,b
粤科金融集团【广州市粤科知识产权运营基金】,广东省粤科金融集团有限公司【广州市粤科知识产权运营投资中心（有限合伙）】,粤科母基金,广东省粤科母基金投资管理有限公司,粤科金融集团,广东省粤科金融集团有限公司,广州市粤科知识产权运营基金,广州市粤科知识产权运营投资中心（有限合伙）,恩宝生物,广州恩宝生物医药科技有限公司,医疗健康，医药，药品生产，生物药，疫苗,生物技术/医疗健康|医药,中国|广东省|广州市|黄埔区,创业投资,扩张期,2019-05-29,RMB,--,--,--,--,A+,--,--,--,--,制造业|医药制造业,制造业|医药、生物制品,--,2019.xls,1,2019,广东省,制造业,医药制造业,0.5144735253555968,1.473571311379097,-3.755507403215832,-1.0102068166357452,b
招商资本【深圳国调招商并购股权投资基金】,招商局资本投资有限责任公司【深圳国调招商并购股权投资基金合伙企业（有限合伙）】,招商慧合,深圳市招商慧合股权投资基金管理有限公司,招商资本,招商局资本投资有限责任公司,深圳国调招商并购股权投资基金,深圳国调招商并购股权投资基金合伙企业（有限合伙）,创胜生物,苏州创胜医药集团有限公司,医疗健康，医药，医疗设备，体外诊断，生物药，诊断试剂，医疗服务,生物技术/医疗健康|生物工程,中国|江苏省|苏州市,成长资本,扩张期,2020-01-08,USD,8.06,52.07,8.06,--,B+,--,--,--,--,制造业|医药制造业|生物、生化制品的制造,制造业|医药、生物制品|生物制品业|其他生物制品业,--,2020.xls,0,2020,江苏省,制造业,医药制造业,0.5144735253555968,1.473571311379097,-3.755507403215832,-1.0102068166357452,b
倚锋创投【深圳市倚锋九期创业基金】,深圳市倚锋创业投资有限公司【深圳市倚锋九期创业投资中心（有限合伙）】,倚锋资本,深圳市倚锋投资管理企业（有限合伙）,倚锋创投,深圳市倚锋创业投资有限公司,深圳市倚锋九期创业基金,深圳市倚锋九期创业投资中心（有限合伙）,瑞莱生物,瑞莱生物工程股份有限公司,医疗健康，医疗设备，体外诊断，生产制造，诊断仪器，诊断试剂，医疗服务，医疗器械，医疗分析仪器，检验诊断器械,生物技术/医疗健康|生物工程,中国|广东省|深圳市,成长资本,成熟期,2020-04-24,RMB,20.00,20.00,2.82,--,Pre-IPO,赵新昊,"1,500.00",211.60,--,制造业|医药制造业|生物、生化制品的制造,制造业|医药、生物制品|生物制品业|其他生物制品业,--,2020.xls,0,2020,广东省,制造业,医药制造业,0.5144735253555968,1.473571311379097,-3.755507403215832,-1.0102068166357452,b
安芙兰资本【旌德中安绿色健康产业基金】（领投）,安芙兰资本【旌德中安绿色健康产业基金合伙企业（有限合伙）】（领投）,北京安芙兰投资,北京安芙兰投资中心（有限合伙）,北京安芙兰资本,北京安芙兰创业投资有限公司,旌德中安绿色健康产业基金,旌德中安绿色健康产业基金合伙企业（有限合伙）,诺禾心康,北京诺禾心康基因科技有限公司,医疗健康，医疗服务，体外诊断，农业，信息学，基因测序,生物技术/医疗健康|生物工程,中国|北京市|海淀区,天使投资,扩张期,2020-01-01,RMB,7.00,7.00,1.05,9.09,Pre-A,--,77.01,11.04,--,制造业|医药制造业|生物、生化制品的制造,制造业|医药、生物制品|生物制品业|其他生物制品业,--,2020.xls,1,2020,北京市,制造业,医药制造业,0.5144735253555968,1.473571311379097,-3.755507403215832,-1.0102068166357452,b
杭州医景投资【杭州璿石基金】,杭州树兰俊杰医景创业投资有限公司【杭州璿石投资合伙企业（有限合伙）】,杭州医景投资,杭州树兰俊杰医景创业投资有限公司,--,--,杭州璿石基金,杭州璿石投资合伙企业（有限合伙）,迪福润丝,浙江迪福润丝生物科技有限公司,医疗健康，医药，生物制药，药品生产，疫苗，诊断试剂,生物技术/医疗健康|生物工程,中国|浙江省|杭州市|滨江区,天使投资,初创期,2020-04-30,RMB,--,--,--,--,天使轮,--,--,--,--,制造业|医药制造业|生物、生化制品的制造,制造业|医药、生物制品|生物制品业|其他生物制品业,--,2020.xls,0,2020,浙江省,制造业,医药制造业,0.5144735253555968,1.473571311379097,-3.755507403215832,-1.0102068166357452,b
达晨财智【达晨创通基金】（领投）,达晨财智【深圳市达晨创通股权投资企业（有限合伙）】（领投）,达晨财智,深圳市达晨财智创业投资管理有限公司,--,--,达晨创通基金,深圳市达晨创通股权投资企业（有限合伙）,珈创生物,武汉珈创生物技术股份有限公司,医疗健康，生产制造,生物技术/医疗健康|生物工程,中国|湖北省|武汉市,创业投资,扩张期,2019-10-08,RMB,45.00,45.00,6.94,11.47,A,--,386.40,54.63,--,制造业|医药制造业|生物、生化制品的制造,制造业|医药、生物制品|生物制品业|其他生物制品业,全国中小企业股份转让系统(新三板),2019.xls,0,2019,湖北省,制造业,医药制造业,0.5144735253555968,1.473571311379097,-3.755507403215832,-1.0102068166357452,b
红杉中国【红杉人民币六期基金】,红杉中国【深圳市红杉煜辰股权投资合伙企业（有限合伙）】,红杉资本（天津）,红杉资本股权投资管理（天津）有限公司,红杉中国,红杉中国,红杉人民币六期基金,深圳市红杉煜辰股权投资合伙企业（有限合伙）,壹永科技,北京壹永科技有限公司,数据服务，人工智能，大数据，大数据挖掘,生物技术/医疗健康|其他生物技术/医疗健康,中国|北京市|朝阳区,成长资本,扩张期,2021-12-31,USD,10.00,63.76,10.00,--,老股权转让,沈南鹏,--,--,--,制造业|医药制造业|卫生材料及医药用品制造,社会服务业|卫生、保健、护理服务业,--,2021.xls,0,2021,北京市,制造业,医药制造业,0.5144735253555968,1.473571311379097,-3.755507403215832,-1.0102068166357452,b
国方创新【长三角协同优势产业基金】,上海国方私募基金管理有限公司【长三角协同优势产业股权投资合伙企业（有限合伙）】,国方创新,上海国方私募基金管理有限公司,--,--,长三角协同优势产业基金,长三角协同优势产业股权投资合伙企业（有限合伙）,吉因加,北京吉因加科技有限公司,医疗健康，医疗服务，体外诊断,生物技术/医疗健康|生物工程,中国|北京市|昌平区,成长资本,扩张期,2019-12-31,RMB,--,--,--,--,B,孙忞,--,--,--,制造业|医药制造业|生物、生化制品的制造,制造业|医药、生物制品|生物制品业|其他生物制品业,--,2019.xls,1,2019,北京市,制造业,医药制造业,0.5144735253555968,1.473571311379097,-3.755507403215832,-1.0102068166357452,b
时代伯乐【南通时代伯乐创业基金】,深圳市时代伯乐创业投资管理有限公司【南通时代伯乐创业投资合伙企业（有限合伙）】,时代伯乐,深圳市时代伯乐创业投资管理有限公司,--,--,南通时代伯乐创业基金,南通时代伯乐创业投资合伙企业（有限合伙）,丹大生物,北京丹大生物技术有限公司,医疗健康，医疗设备，体外诊断，生产制造，诊断试剂，医疗服务，医疗器械,生物技术/医疗健康|医药,中国|北京市|通州区,创业投资,扩张期,2019-05-05,RMB,15.00,15.00,2.23,8.11,C,--,--,--,--,制造业|医药制造业,制造业|医药、生物制品,--,2019.xls,0,2019,北京市,制造业,医药制造业,0.5144735253555968,1.473571311379097,-3.755507403215832,-1.0102068166357452,b
拾玉【丹青二期基金】,海南拾玉私募基金管理有限公司【苏州丹青二期创新医药产业投资合伙企业（有限合伙）】,拾玉,海南拾玉私募基金管理有限公司,--,--,丹青二期基金,苏州丹青二期创新医药产业投资合伙企业（有限合伙）,乐普生物,乐普生物科技股份有限公司,医疗健康，医疗服务，免疫疗法，生物制药,生物技术/医疗健康|生物工程,中国|上海市|闵行区,成长资本,初创期,2020-04-22,RMB,250.00,250.00,39.19,6.25,A,--,"2,236.02",316.04,--,制造业|医药制造业|生物、生化制品的制造,制造业|医药、生物制品|生物制品业|其他生物制品业,香港证券交易所主板,2020.xls,0,2020,上海市,制造业,医药制造业,0.5144735253555968,1.473571311379097,-3.755507403215832,-1.0102068166357452,b
澳银资本【澳银天使创投基金】,深圳澳银资本管理有限公司【深圳澳银天使创业投资企业（有限合伙）】,澳银资本,深圳澳银资本管理有限公司,--,--,澳银天使创投基金,深圳澳银天使创业投资企业（有限合伙）,湖南和泰康瑞,湖南和泰康瑞生物技术有限公司,医疗健康，医药,生物技术/医疗健康|医药,中国|湖南省|长沙市|岳麓区,创业投资,种子期,2019-12-30,RMB,7.90,7.90,1.22,9.88,--,--,80.00,11.46,--,制造业|医药制造业,制造业|医药、生物制品,--,2019.xls,0,2019,湖南省,制造业,医药制造业,0.5144735253555968,1.473571311379097,-3.755507403215832,-1.0102068166357452,b
贵阳创投【贵阳工投生物医药产业创投基金】,贵阳市创业投资有限公司【贵阳工投生物医药产业创业投资有限公司】,筑银资本,贵州筑银资本管理有限公司,贵阳创投,贵阳市创业投资有限公司,贵阳工投生物医药产业创投基金,贵阳工投生物医药产业创业投资有限公司,勤邦生物,北京勤邦科技股份有限公司,医疗健康，医疗设备,生物技术/医疗健康|其他生物技术/医疗健康,中国|北京市|昌平区,--,成熟期,2019-12-30,--,--,--,--,--,A,--,--,--,--,制造业|医药制造业|卫生材料及医药用品制造,社会服务业|卫生、保健、护理服务业,--,2019.xls,1,2019,北京市,制造业,医药制造业,0.5144735253555968,1.473571311379097,-3.755507403215832,-1.0102068166357452,b
毅达资本【江苏毅达中小企业发展基金】,江苏毅达股权投资基金管理有限公司【江苏毅达中小企业发展基金（有限合伙）】,毅达资本,江苏毅达股权投资基金管理有限公司,--,--,江苏毅达中小企业发展基金,江苏毅达中小企业发展基金（有限合伙）,达尔文生物,北京达尔文细胞生物科技有限公司,医疗健康，医药，生物药,生物技术/医疗健康|生物工程,中国|北京市|朝阳区,创业投资,初创期,2019-04-19,RMB,10.00,10.00,1.49,--,A,--,500.00,74.58,--,制造业|医药制造业|生物、生化制品的制造,制造业|医药、生物制品|生物制品业|其他生物制品业,--,2019.xls,1,2019,北京市,制造业,医药制造业,0.5144735253555968,1.473571311379097,-3.755507403215832,-1.0102068166357452,b
高特佳投资【高特佳江苏基金】,深圳市高特佳投资集团有限公司【江苏疌泉高特佳医疗产业投资基金（有限合伙）】,南京高特佳医疗投资,南京高特佳医疗投资企业（有限合伙）,高特佳投资,深圳市高特佳投资集团有限公司,高特佳江苏基金,江苏疌泉高特佳医疗产业投资基金（有限合伙）,汇宇制药,四川汇宇制药股份有限公司,医疗健康，医药，创新药，生产制造，药物研发，药品生产,生物技术/医疗健康|医药,中国|四川省|内江市,成长资本,扩张期,2019-12-30,RMB,70.00,70.00,10.03,1.32,B,--,"5,298.46",759.04,--,制造业|医药制造业,制造业|医药、生物制品,上海证券交易所科创板,2019.xls,0,2019,四川省,制造业,医药制造业,0.5144735253555968,1.473571311379097,-3.755507403215832,-1.0102068166357452,b
盛世投资【南京江北新区发展基金】,北京盛世宏明投资基金管理有限公司【南京江北新区投资发展有限公司】,盛世扬子,南京盛世扬子基金投资管理有限公司,盛世投资,北京盛世宏明投资基金管理有限公司,南京江北新区发展基金,南京江北新区投资发展有限公司,世和基因,南京世和基因生物技术股份有限公司,医疗健康，医疗服务，体外诊断,生物技术/医疗健康|生物工程,中国|江苏省|南京市,成长资本,扩张期,2019-12-25,RMB,28.13,28.13,4.15,--,D,--,--,--,--,制造业|医药制造业|生物、生化制品的制造,制造业|医药、生物制品|生物制品业|其他生物制品业,--,2019.xls,1,2019,江苏省,制造业,医药制造业,0.5144735253555968,1.473571311379097,-3.755507403215832,-1.0102068166357452,b
中银国际投资【中誉赢嘉健康投资】,中银国际投资有限责任公司【苏州中誉赢嘉健康投资合伙企业（有限合伙）】,中银国际投资,中银国际投资有限责任公司,--,--,中誉赢嘉健康投资,苏州中誉赢嘉健康投资合伙企业（有限合伙）,阳光诺和,北京阳光诺和药物研究股份有限公司,医疗健康，生产制造，医药，药物研发,生物技术/医疗健康|医药,中国|北京市|昌平区,成长资本,成熟期,2020-01-20,RMB,0.35,0.35,0.05,2.18,其他,--,127.08,18.51,--,制造业|医药制造业,制造业|医药、生物制品,上海证券交易所科创板,2020.xls,0,2020,北京市,制造业,医药制造业,0.5144735253555968,1.473571311379097,-3.755507403215832,-1.0102068166357452,b
天图投资【天图天使基金】,深圳市天图投资管理股份有限公司【深圳天图兴深天使创业投资合伙企业（有限合伙）】,天图资本,深圳天图资本管理中心（有限合伙）,天图投资,深圳市天图投资管理股份有限公司,天图天使基金,深圳天图兴深天使创业投资合伙企业（有限合伙）,净拓生物,深圳净拓生物科技有限公司,消费生活，医疗健康，医药，物流服务，药物研发,生物技术/医疗健康|医药,中国|广东省|深圳市|福田区,天使投资,种子期,2020-05-06,RMB,--,--,--,16.67,天使轮,--,--,--,--,制造业|医药制造业,制造业|医药、生物制品,--,2020.xls,0,2020,广东省,制造业,医药制造业,0.5144735253555968,1.473571311379097,-3.755507403215832,-1.0102068166357452,b
海邦投资【海邦羿谷创投】,海邦投资【杭州海邦羿谷创业投资合伙企业（有限合伙）】,浙江海邦投资,浙江海邦投资管理有限公司,--,--,海邦羿谷创投,杭州海邦羿谷创业投资合伙企业（有限合伙）,奥泰生物,杭州奥泰生物技术股份有限公司,医疗健康，医疗设备，体外诊断，生产制造，诊断试剂，医疗服务，医疗器械，技术研发，新科技,生物技术/医疗健康|医药,中国|浙江省|杭州市,夹层投资,扩张期,2019-04-09,RMB,20.00,20.00,2.98,1.96,其他,--,"1,020.00",151.92,--,制造业|医药制造业,制造业|医药、生物制品,上海证券交易所科创板,2019.xls,0,2019,浙江省,制造业,医药制造业,0.5144735253555968,1.473571311379097,-3.755507403215832,-1.0102068166357452,b
贝加资本【贝达生物医药产业基金】,杭州贝加投资管理有限责任公司【杭州贝欣股权投资基金合伙企业（有限合伙）】,贝加资本,杭州贝加投资管理有限责任公司,--,--,贝达生物医药产业基金,杭州贝欣股权投资基金合伙企业（有限合伙）,三叶草生物,四川三叶草生物制药有限公司,生物药，靶向药，创新药，仿制药,生物技术/医疗健康|医药|生物制药,中国|四川省|成都市,创业投资,成熟期,2019-10-24,RMB,15.00,15.00,2.08,1.66,B,--,903.61,127.72,--,制造业|医药制造业|生物、生化制品的制造,制造业|医药、生物制品|生物制品业|生物药品制造业,香港证券交易所主板,2019.xls,0,2019,四川省,制造业,医药制造业,0.5144735253555968,1.473571311379097,-3.755507403215832,-1.0102068166357452,b
泰福资本【武汉泰明创业投资】,泰福资本【武汉泰明创业投资合伙企业（有限合伙）】,泰甫创投,上海泰甫创业投资管理有限公司,泰福资本,泰福资本,武汉泰明创业投资,武汉泰明创业投资合伙企业（有限合伙）,质肽生物,北京质肽生物医药科技有限公司,医疗健康，医药，医疗服务，生物药，生产制造，药品生产，药物研发,生物技术/医疗健康|医药,中国|北京市|昌平区,天使投资,种子期,2019-04-02,RMB,--,--,--,--,天使轮,--,20.39,3.04,--,制造业|医药制造业,制造业|医药、生物制品,--,2019.xls,0,2019,北京市,制造业,医药制造业,0.5144735253555968,1.473571311379097,-3.755507403215832,-1.0102068166357452,b
深创投【红土医疗基金】,深圳市创新投资集团有限公司【深圳红土医疗健康产业股权投资基金合伙企业（有限合伙）】,深创投红土股权投资,深创投红土私募股权投资基金管理（深圳）有限公司,深创投,深圳市创新投资集团有限公司,红土医疗基金,深圳红土医疗健康产业股权投资基金合伙企业（有限合伙）,恒润达生,上海恒润达生生物科技股份有限公司,医疗健康，人工智能，医疗服务，免疫疗法,生物技术/医疗健康|生物工程,中国|上海市|浦东新区,成长资本,扩张期,2019-10-28,RMB,--,--,--,--,B,倪泽望,--,--,--,制造业|医药制造业|生物、生化制品的制造,制造业|医药、生物制品|生物制品业|其他生物制品业,--,2019.xls,0,2019,上海市,制造业,医药制造业,0.5144735253555968,1.473571311379097,-3.755507403215832,-1.0102068166357452,b
招商资本【服务贸易创新发展引导基金】,招商局资本投资有限责任公司【服务贸易创新发展引导基金（有限合伙）】,招商局资管北京,招商局资本管理（北京）有限公司,招商资本,招商局资本投资有限责任公司,服务贸易创新发展引导基金,服务贸易创新发展引导基金（有限合伙）,联亚药业,南通联亚药业股份有限公司,医疗健康，医药，仿制药，生产制造，药物研发，药品生产,生物技术/医疗健康|医药|化学药品原药制造业,中国|江苏省|南通市,成长资本,成熟期,2020-05-09,RMB,179.31,179.31,26.57,--,D,--,--,--,--,制造业|医药制造业|化学药品原药制造,制造业|医药、生物制品|医药制造业|化学药品原药制造业,--,2020.xls,1,2020,江苏省,制造业,医药制造业,0.5144735253555968,1.473571311379097,-3.755507403215832,-1.0102068166357452,b
联想之星【联想之星三期人民币基金】（领投）,北京联想之星投资管理有限公司【北京星浩创业企业管理中心（有限合伙）】（领投）,北京联想之星未来投资,北京联想之星未来投资管理有限公司,联想之星,北京联想之星投资管理有限公司,联想之星三期人民币基金,北京星浩创业企业管理中心（有限合伙）,艾尔普,南京艾尔普再生医学科技有限公司,医疗健康，再生医学，细胞治疗，干细胞,生物技术/医疗健康|生物工程,中国|江苏省|南京市|江宁区,创业投资,扩张期,2020-05-09,RMB,5.00,5.00,0.71,2.44,B,--,200.25,28.29,--,制造业|医药制造业|生物、生化制品的制造,制造业|医药、生物制品|生物制品业|其他生物制品业,--,2020.xls,0,2020,江苏省,制造业,医药制造业,0.5144735253555968,1.473571311379097,-3.755507403215832,-1.0102068166357452,b
安诚资本【创晟投资】,安徽安诚资本有限公司【安徽创晟投资有限公司】,亳州创新创投,亳州市创新创业投资有限公司,安诚资本,安徽安诚资本有限公司,创晟投资,安徽创晟投资有限公司,古井健康,安徽古井健康科技有限公司,医药，农业，消费生活,生物技术/医疗健康|医药,中国|安徽省|亳州市|谯城区,创业投资,扩张期,2019-12-19,RMB,--,--,--,12.54,A,--,--,--,--,制造业|医药制造业,制造业|医药、生物制品,--,2019.xls,1,2019,安徽省,制造业,医药制造业,0.5144735253555968,1.473571311379097,-3.755507403215832,-1.0102068166357452,b
仙瞳资本【江苏疌泉仙瞳生物医疗创业基金】,深圳仙瞳资本管理有限公司【江苏疌泉仙瞳生物医疗创业投资合伙企业（有限合伙）】,苏州仙瞳创投,苏州仙瞳创业投资管理中心（有限合伙）,仙瞳资本,深圳仙瞳资本管理有限公司,江苏疌泉仙瞳生物医疗创业基金,江苏疌泉仙瞳生物医疗创业投资合伙企业（有限合伙）,华恒生物,安徽华恒生物科技股份有限公司,生产制造，医疗健康，化工,生物技术/医疗健康|医药|化学药品原药制造业,中国|安徽省|合肥市,成长资本,成熟期,2019-04-26,RMB,30.00,30.00,4.70,2.40,其他,何南星,"1,250.00",185.72,--,制造业|医药制造业|化学药品原药制造,制造业|医药、生物制品|医药制造业|化学药品原药制造业,上海证券交易所科创板，全国中小企业股份转让系统(新三板),2019.xls,0,2019,安徽省,制造业,医药制造业,0.5144735253555968,1.473571311379097,-3.755507403215832,-1.0102068166357452,b
成都融汇大通投资【四川天河生物医药产业创业投资基金】,成都融汇大通股权投资基金管理有限公司【四川天河生物医药产业创业投资基金合伙企业（有限合伙）】,成都融汇大通投资,成都融汇大通股权投资基金管理有限公司,--,--,四川天河生物医药产业创业投资基金,四川天河生物医药产业创业投资基金合伙企业（有限合伙）,前路通生物科技,成都前路通生物科技有限公司,医疗健康，医药，生物技术，技术研发，生物制药，医药研发外包CRO,生物技术/医疗健康|医药,中国|四川省|成都市|武侯区,--,初创期,2019-03-26,RMB,--,--,--,--,A,--,--,--,--,制造业|医药制造业,制造业|医药、生物制品,--,2019.xls,1,2019,四川省,制造业,医药制造业,0.5144735253555968,1.473571311379097,-3.755507403215832,-1.0102068166357452,b
中科创星【北京硬科技基金】,中科创星【北京中科创星硬科技创业投资合伙企业（有限合伙）】,中科创星创业投资,北京中科创星创业投资管理合伙企业（有限合伙）,中科创星,中科创星科技投资有限公司,北京硬科技基金,北京中科创星硬科技创业投资合伙企业（有限合伙）,英飞智药,北京英飞智药科技有限公司,医疗健康，人工智能，医药，创新药，药物研发,生物技术/医疗健康|医药,中国|北京市|海淀区,天使投资,种子期,2019-06-06,RMB,--,--,--,10.00,天使轮,--,--,--,--,制造业|医药制造业,制造业|医药、生物制品,--,2019.xls,0,2019,北京市,制造业,医药制造业,0.5144735253555968,1.473571311379097,-3.755507403215832,-1.0102068166357452,b
鼎晖投资【鼎晖创新成长人民币基金一期】,鼎晖股权投资管理（天津）有限公司【杭州鼎晖新趋势股权投资合伙企业（有限合伙）】,鼎晖投资,鼎晖股权投资管理（天津）有限公司,--,--,鼎晖创新成长人民币基金一期,杭州鼎晖新趋势股权投资合伙企业（有限合伙）,药康生物,江苏集萃药康生物科技股份有限公司,医疗健康，药物研发，医药,生物技术/医疗健康|生物工程,中国|江苏省|南京市,成长资本,初创期,2019-06-21,RMB,80.00,80.00,11.97,6.90,A,--,"1,159.42",168.51,--,制造业|医药制造业|生物、生化制品的制造,制造业|医药、生物制品|生物制品业|其他生物制品业,上海证券交易所科创板,2019.xls,0,2019,江苏省,制造业,医药制造业,0.5144735253555968,1.473571311379097,-3.755507403215832,-1.0102068166357452,b
新业资本【滕州市财金基金】,山东新业股权投资管理有限公司【滕州市财金产业投资基金管理中心（有限合伙）】,新业资本,山东新业股权投资管理有限公司,--,--,滕州市财金基金,滕州市财金产业投资基金管理中心（有限合伙）,威智医药,威智医药股份有限公司,医疗健康，医药，生产制造，技术研发，药物研发,生物技术/医疗健康|医药,中国|山东省|枣庄市|滕州市,创业投资,扩张期,2019-08-05,RMB,7.50,7.50,1.15,3.38,A,--,221.89,32.16,--,制造业|医药制造业,制造业|医药、生物制品,--,2019.xls,1,2019,山东省,制造业,医药制造业,0.5144735253555968,1.473571311379097,-3.755507403215832,-1.0102068166357452,b
博远资本【博远嘉昱创投基金】,博远资本【成都博远嘉昱创业投资合伙企业（有限合伙）】,博睿瑜业股权投资,博睿瑜业（上海）股权投资管理有限公司,博远资本,博远资本,博远嘉昱创投基金,成都博远嘉昱创业投资合伙企业（有限合伙）,景杰生物,杭州景杰生物科技股份有限公司,医疗健康，体外诊断，大数据挖掘,生物技术/医疗健康|生物工程,中国|浙江省|杭州市,创业投资,扩张期,2020-01-22,RMB,--,--,--,3.93,A,陈鹏辉,"2,800.00",397.69,--,制造业|医药制造业|生物、生化制品的制造,制造业|医药、生物制品|生物制品业|其他生物制品业,--,2020.xls,0,2020,浙江省,制造业,医药制造业,0.5144735253555968,1.473571311379097,-3.755507403215832,-1.0102068166357452,b
优势资本【安庆化工新材料基金】,优势资本【安庆化工新材料股权投资基金（有限合伙）】,天津市优势创业投资,天津市优势创业投资管理有限公司,--,--,安庆化工新材料基金,安庆化工新材料股权投资基金（有限合伙）,安庆奇创,安庆奇创药业有限公司,医疗健康，医药，原料药，生产制造，医药生产外包CMO/CDMO,生物技术/医疗健康|医药,中国|安徽省|安庆市,创业投资,初创期,2019-07-29,RMB,10.00,10.00,1.45,20.00,A,--,50.00,7.27,--,制造业|医药制造业,制造业|医药、生物制品,--,2019.xls,1,2019,安徽省,制造业,医药制造业,0.5144735253555968,1.473571311379097,-3.755507403215832,-1.0102068166357452,b
东方汇富【深圳汇富未名千鹰成长基金】,东方汇富投资控股有限公司【深圳汇富未名千鹰成长股权投资基金合伙企业（有限合伙）】,东方汇富,东方汇富投资控股有限公司,--,--,深圳汇富未名千鹰成长基金,深圳汇富未名千鹰成长股权投资基金合伙企业（有限合伙）,清松制药,上海清松制药有限公司,医疗健康，医药，原料药，化学制药，药品生产，药物研发，生物药,生物技术/医疗健康|医药|化学药品制剂制造业,中国|上海市,创业投资,成熟期,2019-07-29,RMB,--,--,--,5.00,A,--,816.00,118.61,--,制造业|医药制造业|化学药品制剂制造,制造业|医药、生物制品|医药制造业|化学药品制剂制造业,--,2019.xls,0,2019,上海市,制造业,医药制造业,0.5144735253555968,1.473571311379097,-3.755507403215832,-1.0102068166357452,b
中关村协同创新基金【中关村协同创新投资基金】,北京中关村协同创新投资基金管理有限公司【北京中关村协同创新投资基金（有限合伙）】,中关村协同创新基金,北京中关村协同创新投资基金管理有限公司,--,--,中关村协同创新投资基金,北京中关村协同创新投资基金（有限合伙）,齐碳科技,成都齐碳科技有限公司,医疗健康，医疗检测，基因测序,生物技术/医疗健康|生物工程,中国|四川省|成都市,创业投资,初创期,2019-08-08,RMB,--,--,--,5.97,Pre-A,孙次锁,--,--,--,制造业|医药制造业|生物、生化制品的制造,制造业|医药、生物制品|生物制品业|其他生物制品业,--,2019.xls,1,2019,四川省,制造业,医药制造业,0.5144735253555968,1.473571311379097,-3.755507403215832,-1.0102068166357452,b
余杭国投【余杭区产业发展引导基金】,杭州余杭国有资本投资运营集团有限公司【杭州余杭产业基金有限公司】,余杭国投,杭州余杭国有资本投资运营集团有限公司,--,--,余杭区产业发展引导基金,杭州余杭产业基金有限公司,唯铂莱,杭州唯铂莱生物科技有限公司,化工，化工原料,生物技术/医疗健康|生物工程,中国|浙江省|杭州市|余杭区,创业投资,扩张期,2019-08-12,RMB,--,--,--,8.33,Pre-A,--,--,--,--,制造业|医药制造业|生物、生化制品的制造,制造业|医药、生物制品|生物制品业|其他生物制品业,--,2019.xls,0,2019,浙江省,制造业,医药制造业,0.5144735253555968,1.473571311379097,-3.755507403215832,-1.0102068166357452,b
真格基金【真格天域】,北京真格天成投资管理有限公司【嘉兴真格天域股权投资合伙企业（有限合伙）】,西藏达孜真格天祥投资,西藏达孜真格天祥投资管理有限公司,真格基金,北京真格天成投资管理有限公司,真格天域,嘉兴真格天域股权投资合伙企业（有限合伙）,华睿博视,北京华睿博视医学影像技术有限公司,医疗健康，医疗影像,生物技术/医疗健康|其他生物技术/医疗健康,中国|北京市|大兴区,创业投资,初创期,2019-07-10,RMB,--,--,--,19.00,天使轮,--,--,--,--,制造业|医药制造业|卫生材料及医药用品制造,社会服务业|卫生、保健、护理服务业,--,2019.xls,0,2019,北京市,制造业,医药制造业,0.5144735253555968,1.473571311379097,-3.755507403215832,-1.0102068166357452,b
泰福资本【武汉泰明创业投资】,泰福资本【武汉泰明创业投资合伙企业（有限合伙）】,泰甫创投,上海泰甫创业投资管理有限公司,泰福资本,泰福资本,武汉泰明创业投资,武汉泰明创业投资合伙企业（有限合伙）,艾博生物,苏州艾博生物科技有限公司,医疗健康，医药，医疗服务，体外诊断，生物药，创新药，药物研发,生物技术/医疗健康|医药,中国|江苏省|苏州市,创业投资,初创期,2020-02-26,RMB,--,--,--,12.50,天使轮,--,--,--,--,制造业|医药制造业,制造业|医药、生物制品,--,2020.xls,0,2020,江苏省,制造业,医药制造业,0.5144735253555968,1.473571311379097,-3.755507403215832,-1.0102068166357452,b
福州经开协同投资【福州高新区引导基金】,福州经济技术开发区协同股权投资管理有限公司【福州高新区引导股权投资合伙企业（有限合伙）】,福州经开协同投资,福州经济技术开发区协同股权投资管理有限公司,--,--,福州高新区引导基金,福州高新区引导股权投资合伙企业（有限合伙）,瑞泰来医药,福建瑞泰来医药科技有限公司,医疗健康，医药，医疗服务，仿制药，专营零售，互联网平台，药品生产，医疗器械，仪器仪表，生物药,生物技术/医疗健康|医药,中国|福建省|福州市|闽侯县,创业投资,种子期,2020-02-26,RMB,--,--,--,14.18,A,--,--,--,--,制造业|医药制造业,制造业|医药、生物制品,--,2020.xls,1,2020,福建省,制造业,医药制造业,0.5144735253555968,1.473571311379097,-3.755507403215832,-1.0102068166357452,b
国科投资【国科瑞华三期】,中国科技产业投资管理有限公司【深圳市国科瑞华三期股权投资基金合伙企业（有限合伙）】,国科投资,中国科技产业投资管理有限公司,--,--,国科瑞华三期,深圳市国科瑞华三期股权投资基金合伙企业（有限合伙）,中晟全肽,湖南中晟全肽生化有限公司,医疗健康，医药，生产制造，药物研发,生物技术/医疗健康|医药,中国|湖南省|株洲市,创业投资,扩张期,2020-03-12,RMB,--,--,--,3.29,A+,--,--,--,--,制造业|医药制造业,制造业|医药、生物制品,--,2020.xls,0,2020,湖南省,制造业,医药制造业,0.5144735253555968,1.473571311379097,-3.755507403215832,-1.0102068166357452,b
中小担创投【深圳市人才双创三号二期】,深圳市中小担创业投资有限公司【深圳市人才创新创业三号二期股权投资基金合伙企业（有限合伙）】,深圳市中小担人才股权投资基金,深圳市中小担人才股权投资基金管理有限公司,中小担创投,深圳市中小担创业投资有限公司,深圳市人才双创三号二期,深圳市人才创新创业三号二期股权投资基金合伙企业（有限合伙）,萱嘉生物,深圳杉海创新技术有限公司,医疗健康，养生保健，生产制造，健康食材，保健品，化工,生物技术/医疗健康|其他生物技术/医疗健康,中国|广东省|深圳市,天使投资,扩张期,2020-03-16,RMB,--,--,--,2.80,种子轮,--,--,--,--,制造业|医药制造业|卫生材料及医药用品制造,社会服务业|卫生、保健、护理服务业,--,2020.xls,0,2020,广东省,制造业,医药制造业,0.5144735253555968,1.473571311379097,-3.755507403215832,-1.0102068166357452,b
弘晖基金【弘晖资本人民币基金III期】,江苏弘晖股权投资管理有限公司【珠海泰弘景晖股权投资合伙企业（有限合伙）】,上海合弘景晖投资,上海合弘景晖股权投资管理有限公司,弘晖基金,江苏弘晖股权投资管理有限公司,弘晖资本人民币基金III期,珠海泰弘景晖股权投资合伙企业（有限合伙）,浩欧博,江苏浩欧博生物医药股份有限公司,医疗健康，医药，体外诊断，诊断试剂，医疗服务，医疗器械,生物技术/医疗健康|医药,中国|江苏省|苏州市,成长资本,成熟期,2020-03-17,RMB,33.01,33.01,5.09,1.43,其他,--,"2,287.58",326.71,--,制造业|医药制造业,制造业|医药、生物制品,上海证券交易所科创板,2020.xls,0,2020,江苏省,制造业,医药制造业,0.5144735253555968,1.473571311379097,-3.755507403215832,-1.0102068166357452,b
武汉睿创恒益投资【武汉同济现代医疗健康创业基金】,武汉睿创恒益投资管理有限公司【武汉同济现代医疗健康创业投资基金合伙企业（有限合伙）】,武汉睿创恒益投资,武汉睿创恒益投资管理有限公司,--,--,武汉同济现代医疗健康创业基金,武汉同济现代医疗健康创业投资基金合伙企业（有限合伙）,爱博泰克,武汉爱博泰克生物科技有限公司,医疗健康，医药，医疗设备，体外诊断，生物药，生物制药，外包服务，医药研发外包CRO,生物技术/医疗健康|生物工程,中国|湖北省|武汉市,创业投资,扩张期,2019-08-14,RMB,--,--,--,2.21,其他,--,--,--,--,制造业|医药制造业|生物、生化制品的制造,制造业|医药、生物制品|生物制品业|其他生物制品业,--,2019.xls,0,2019,湖北省,制造业,医药制造业,0.5144735253555968,1.473571311379097,-3.755507403215832,-1.0102068166357452,b
安芙兰资本【旌德中安绿色健康产业基金】,安芙兰资本【旌德中安绿色健康产业基金合伙企业（有限合伙）】,北京安芙兰投资,北京安芙兰投资中心（有限合伙）,北京安芙兰资本,北京安芙兰创业投资有限公司,旌德中安绿色健康产业基金,旌德中安绿色健康产业基金合伙企业（有限合伙）,宣城菁科生物,宣城菁科生物科技有限公司,新材料，生产制造，技术研发，化工，生物技术，医疗器械，新能源，仪器仪表，贸易服务，化妆品品牌，仪器设备，材料,生物技术/医疗健康|医药|化学药品原药制造业,中国|安徽省|宣城市|旌德县,天使投资,初创期,2019-06-11,RMB,--,--,--,8.57,Pre-A,--,70.01,10.16,--,制造业|医药制造业|化学药品原药制造,制造业|医药、生物制品|医药制造业|化学药品原药制造业,--,2019.xls,1,2019,安徽省,制造业,医药制造业,0.5144735253555968,1.473571311379097,-3.755507403215832,-1.0102068166357452,b
毅达资本【江苏中小企业发展基金】,江苏毅达股权投资基金管理有限公司【江苏中小企业发展基金（有限合伙）】,毅达资本,江苏毅达股权投资基金管理有限公司,--,--,江苏中小企业发展基金,江苏中小企业发展基金（有限合伙）,楚博生物,苏州楚博生物技术有限公司,消费生活，医疗健康,生物技术/医疗健康|生物工程,中国|江苏省|苏州市,天使投资,扩张期,2020-01-17,RMB,--,--,--,--,Pre-A,应文禄,--,--,--,制造业|医药制造业|生物、生化制品的制造,制造业|医药、生物制品|生物制品业|其他生物制品业,--,2020.xls,0,2020,江苏省,制造业,医药制造业,0.5144735253555968,1.473571311379097,-3.755507403215832,-1.0102068166357452,b
百奥财富【百奥财富II期基金】,上海百奥维达投资管理咨询有限公司【百奥财富二期基金】,百奥财富,上海百奥维达投资管理咨询有限公司,--,--,百奥财富II期基金,百奥财富二期基金,凯赛生物,上海凯赛生物技术股份有限公司,生产制造，生物制造，化工,生物技术/医疗健康|生物工程,中国|上海市|浦东新区,并购投资,成熟期,2019-06-27,RMB,4.85,4.85,0.71,1.01,其他,--,479.18,69.75,--,制造业|医药制造业|生物、生化制品的制造,制造业|医药、生物制品|生物制品业|其他生物制品业,上海证券交易所科创板,2019.xls,0,2019,上海市,制造业,医药制造业,0.5144735253555968,1.473571311379097,-3.755507403215832,-1.0102068166357452,b
鲁信创投【华信润城生物医药基金】,鲁信创业投资集团股份有限公司【云南华信润城生物医药产业创业投资基金合伙企业（有限合伙）】,华信润城投资,云南华信润城股权投资基金管理有限公司,鲁信创投,鲁信创业投资集团股份有限公司,华信润城生物医药基金,云南华信润城生物医药产业创业投资基金合伙企业（有限合伙）,达健生物,广州达健生物科技有限公司,医疗健康，医疗服务，医疗设备，体外诊断，精准医疗,生物技术/医疗健康|生物工程,中国|广东省|广州市,成长资本,成熟期,2020-03-27,RMB,6.00,6.00,0.85,--,A,--,--,--,--,制造业|医药制造业|生物、生化制品的制造,制造业|医药、生物制品|生物制品业|其他生物制品业,--,2020.xls,0,2020,广东省,制造业,医药制造业,0.5144735253555968,1.473571311379097,-3.755507403215832,-1.0102068166357452,b
四川聚信【四川省健康养老产业股权投资基金】,四川聚信发展股权投资基金管理有限公司【四川省健康养老产业股权投资基金合伙企业（有限合伙）】,四川聚信,四川聚信发展股权投资基金管理有限公司,--,--,四川省健康养老产业股权投资基金,四川省健康养老产业股权投资基金合伙企业（有限合伙）,倍特药业,成都倍特药业股份有限公司,医疗健康，医药，创新药，仿制药，生产制造，药品生产，药物研发,生物技术/医疗健康|医药|化学药品原药制造业,中国|四川省|成都市,创业投资,成熟期,2019-06-27,RMB,--,--,--,1.82,A+,--,--,--,--,制造业|医药制造业|化学药品原药制造,制造业|医药、生物制品|医药制造业|化学药品原药制造业,--,2019.xls,1,2019,四川省,制造业,医药制造业,0.5144735253555968,1.473571311379097,-3.755507403215832,-1.0102068166357452,b
中金资本【祺睿股权投资】,中金资本运营有限公司【宁波梅山保税港区祺睿股权投资中心（有限合伙）】,国药中金投资,曜金（上海）私募基金管理有限公司,中金资本,中金资本运营有限公司,祺睿股权投资,宁波梅山保税港区祺睿股权投资中心（有限合伙）,瑞博生物,苏州瑞博生物技术股份有限公司,医疗健康，医药，生物药，原料药，生产制造，药物研发,生物技术/医疗健康|医药,中国|江苏省|苏州市,成长资本,成熟期,2020-04-03,RMB,29.95,29.95,4.35,0.95,C+,--,"3,561.17",501.61,--,制造业|医药制造业,制造业|医药、生物制品,--,2020.xls,0,2020,江苏省,制造业,医药制造业,0.5144735253555968,1.473571311379097,-3.755507403215832,-1.0102068166357452,b
前海方舟【前海母基金】,前海方舟资产管理有限公司【前海股权投资基金（有限合伙）】,前海方舟,前海方舟资产管理有限公司,--,--,前海母基金,前海股权投资基金（有限合伙）,蓝晶微生物,北京蓝晶微生物科技有限公司,生产制造，材料，生物材料,生物技术/医疗健康|其他生物技术/医疗健康,中国|北京市|昌平区,创业投资,扩张期,2019-11-15,RMB,10.00,10.00,1.43,--,A+,--,--,--,--,制造业|医药制造业|卫生材料及医药用品制造,社会服务业|卫生、保健、护理服务业,--,2019.xls,0,2019,北京市,制造业,医药制造业,0.5144735253555968,1.473571311379097,-3.755507403215832,-1.0102068166357452,b
泰福资本【武汉泰明创业投资】（领投）,泰福资本【武汉泰明创业投资合伙企业（有限合伙）】（领投）,泰甫创投,上海泰甫创业投资管理有限公司,泰福资本,泰福资本,武汉泰明创业投资,武汉泰明创业投资合伙企业（有限合伙）,奕拓医药,上海奕拓医药科技有限责任公司,医疗健康，医药，靶向药，创新药，医疗服务，药物研发，生物药,生物技术/医疗健康|生物工程,中国|上海市|浦东新区,成长资本,初创期,2020-04-10,RMB,35.00,35.00,4.96,--,A,--,--,--,--,制造业|医药制造业|生物、生化制品的制造,制造业|医药、生物制品|生物制品业|其他生物制品业,--,2020.xls,0,2020,上海市,制造业,医药制造业,0.5144735253555968,1.473571311379097,-3.755507403215832,-1.0102068166357452,b
中银粤财基金【广东粤财中小企业基金】,粤财中垠私募股权投资基金管理（广东）有限公司【广东粤财中小企业股权投资基金合伙企业（有限合伙）】,中银粤财基金,粤财中垠私募股权投资基金管理（广东）有限公司,--,--,广东粤财中小企业基金,广东粤财中小企业股权投资基金合伙企业（有限合伙）,喜鹊医药,广州喜鹊医药有限公司,医疗健康，医药，创新药，药物研发，药品生产，生物药,生物技术/医疗健康|医药|生物制药,中国|广东省|广州市,成长资本,扩张期,2020-04-14,RMB,29.82,29.82,4.24,3.40,C,林绮,877.19,124.78,--,制造业|医药制造业|生物、生化制品的制造,制造业|医药、生物制品|生物制品业|生物药品制造业,--,2020.xls,0,2020,广东省,制造业,医药制造业,0.5144735253555968,1.473571311379097,-3.755507403215832,-1.0102068166357452,b
投控东海【深圳市投控东海中小微创业投资企业】,深圳市投控东海投资有限公司【深圳市投控东海中小微创业投资企业（有限合伙）】,投控东海,深圳市投控东海投资有限公司,--,--,深圳市投控东海中小微创业投资企业,深圳市投控东海中小微创业投资企业（有限合伙）,华先医药,深圳市华先医药科技有限公司,医疗健康，医药，仿制药，化学制药，药物研发，医药生产外包CMO/CDMO，生物药，医药研发外包CRO,生物技术/医疗健康|医药,中国|广东省|深圳市,成长资本,扩张期,2020-04-16,RMB,--,--,--,7.30,A,董利,--,--,--,制造业|医药制造业,制造业|医药、生物制品,--,2020.xls,0,2020,广东省,制造业,医药制造业,0.5144735253555968,1.473571311379097,-3.755507403215832,-1.0102068166357452,b
德同资本【陕西新材料高技术创投基金】,德同资本管理有限公司【陕西省新材料高技术创业投资基金（有限合伙）】,德同福方投资,陕西德同福方投资管理有限公司,德同资本,德同资本管理有限公司,陕西新材料高技术创投基金,陕西省新材料高技术创业投资基金（有限合伙）,麦科奥特,陕西麦科奥特科技有限公司,医疗健康，医药，创新药，生物制药，药物研发，药品生产,生物技术/医疗健康|医药|生物制药,中国|陕西省|西安市,创业投资,成熟期,2019-08-26,RMB,17.69,17.69,2.77,3.25,Pre-A,--,544.25,77.12,--,制造业|医药制造业|生物、生化制品的制造,制造业|医药、生物制品|生物制品业|生物药品制造业,--,2019.xls,1,2019,陕西省,制造业,医药制造业,0.5144735253555968,1.473571311379097,-3.755507403215832,-1.0102068166357452,b
中关村发展集团【中关村发展启航创新基金】（领投）,中关村发展集团股份有限公司【北京中关村发展启航创新投资基金（有限合伙）】（领投）,启航投资,北京启航创业投资管理有限公司,中关村发展集团,中关村发展集团股份有限公司,中关村发展启航创新基金,北京中关村发展启航创新投资基金（有限合伙）,长木谷医疗,北京长木谷医疗科技股份有限公司,医疗健康，人工智能，AI医疗，机器人,生物技术/医疗健康|其他生物技术/医疗健康,中国|北京市|大兴区,创业投资,初创期,2020-04-21,RMB,15.00,15.00,2.12,--,A,王春平,--,--,--,制造业|医药制造业|卫生材料及医药用品制造,社会服务业|卫生、保健、护理服务业,--,2020.xls,0,2020,北京市,制造业,医药制造业,0.5144735253555968,1.473571311379097,-3.755507403215832,-1.0102068166357452,b
国投创合【创合精选创投基金】,国投创合基金管理有限公司【杭州创合精选创业投资合伙企业（有限合伙）】,国投创合（杭州）创业投资,国投创合（杭州）创业投资管理有限公司,国投创合,国投创合基金管理有限公司,创合精选创投基金,杭州创合精选创业投资合伙企业（有限合伙）,艾力斯,上海艾力斯医药科技股份有限公司,医疗健康，医药，创新药，药物研发,生物技术/医疗健康|医药,中国|上海市|浦东新区,成长资本,成熟期,2019-06-25,RMB,30.00,30.00,4.22,0.75,A,--,"4,000.00",583.92,--,制造业|医药制造业,制造业|医药、生物制品,上海证券交易所科创板,2019.xls,0,2019,上海市,制造业,医药制造业,0.5144735253555968,1.473571311379097,-3.755507403215832,-1.0102068166357452,b
东方富海【深圳南山中小企业发展基金】,深圳市东方富海投资管理股份有限公司【中小企业发展基金（深圳南山有限合伙）】,富海中小企业发展基金,深圳市富海中小企业发展基金股权投资管理有限公司,东方富海,深圳市东方富海投资管理股份有限公司,深圳南山中小企业发展基金,中小企业发展基金（深圳南山有限合伙）,倍谙基,上海倍谙基生物科技有限公司,医疗健康,生物技术/医疗健康|生物工程,中国|上海市|浦东新区,创业投资,扩张期,2019-08-26,RMB,--,--,--,--,B,--,--,--,--,制造业|医药制造业|生物、生化制品的制造,制造业|医药、生物制品|生物制品业|其他生物制品业,--,2019.xls,0,2019,上海市,制造业,医药制造业,0.5144735253555968,1.473571311379097,-3.755507403215832,-1.0102068166357452,b
同创伟业【合肥同创安元二期股权投资】,深圳同创伟业资产管理股份有限公司【合肥同创安元二期股权投资合伙企业（有限合伙）】,安徽同创锦成,安徽同创锦成资产管理有限公司,同创伟业,深圳同创伟业资产管理股份有限公司,合肥同创安元二期股权投资,合肥同创安元二期股权投资合伙企业（有限合伙）,赛默罗,上海赛默罗生物科技有限公司,医疗健康，医药，生物药，创新药，生产制造，药物研发，药品生产，仿制药,生物技术/医疗健康|医药,中国|上海市|浦东新区,创业投资,扩张期,2020-01-09,RMB,--,--,--,2.88,B,--,--,--,--,制造业|医药制造业,制造业|医药、生物制品,--,2020.xls,0,2020,上海市,制造业,医药制造业,0.5144735253555968,1.473571311379097,-3.755507403215832,-1.0102068166357452,b
盛鼎投资【远康鼎祥投资】（领投）,盛鼎股权投资基金管理有限责任公司【苏州远康鼎祥投资管理合伙企业（有限合伙）】（领投）,盛鼎投资,盛鼎股权投资基金管理有限责任公司,--,--,远康鼎祥投资,苏州远康鼎祥投资管理合伙企业（有限合伙）,璞正医药,苏州璞正医药有限公司,医疗健康，医药，心血管，药物研发，技术研发,生物技术/医疗健康|医药,中国|江苏省|苏州市,创业投资,种子期,2019-08-16,RMB,4.00,4.00,0.57,13.33,种子轮,--,--,--,--,制造业|医药制造业,制造业|医药、生物制品,--,2019.xls,0,2019,江苏省,制造业,医药制造业,0.5144735253555968,1.473571311379097,-3.755507403215832,-1.0102068166357452,b
深投控资本【投控共赢基金】（领投）,深圳市投控资本有限公司【深圳投控共赢股权投资基金合伙企业（有限合伙）】（领投）,深投控资本,深圳市投控资本有限公司,--,--,投控共赢基金,深圳投控共赢股权投资基金合伙企业（有限合伙）,翰宇药业,深圳翰宇药业股份有限公司,医疗健康，医药，原料药，药物研发，医疗器械,生物技术/医疗健康|医药|生物制药,中国|广东省|深圳市,成长资本,成熟期,2019-03-22,RMB,572.95,572.95,85.42,6.00,C,--,"9,549.08","1,426.43",-28.02,制造业|医药制造业|生物、生化制品的制造,制造业|医药、生物制品|生物制品业|生物药品制造业,深圳证券交易所创业板,2019.xls,0,2019,广东省,制造业,医药制造业,0.5144735253555968,1.473571311379097,-3.755507403215832,-1.0102068166357452,b
武汉生物技术研究院【百赢汇智基金】,武汉生物技术研究院有限公司【武汉百赢汇智创业投资基金合伙企业（有限合伙）】,武汉百赢生物产业投资管理,武汉百赢生物产业投资管理有限公司,武汉生物技术研究院,武汉生物技术研究院有限公司,百赢汇智基金,武汉百赢汇智创业投资基金合伙企业（有限合伙）,科福新药,武汉科福新药有限责任公司,医疗健康，医药，药品生产,生物技术/医疗健康|医药|生物制药,中国|湖北省|武汉市,创业投资,成熟期,2019-08-06,RMB,--,--,--,6.43,天使轮,--,--,--,--,制造业|医药制造业|生物、生化制品的制造,制造业|医药、生物制品|生物制品业|生物药品制造业,--,2019.xls,0,2019,湖北省,制造业,医药制造业,0.5144735253555968,1.473571311379097,-3.755507403215832,-1.0102068166357452,b
经纬创投【杭州经天纬地投资】,经纬创投（北京）投资管理顾问有限公司【杭州经天纬地投资合伙企业（有限合伙）】,上海旌卓,上海旌卓投资管理有限公司,经纬创投,经纬创投（北京）投资管理顾问有限公司,杭州经天纬地投资,杭州经天纬地投资合伙企业（有限合伙）,韦翰斯生物,上海韦翰斯生物医药科技有限公司,医疗健康，医药,生物技术/医疗健康|其他生物技术/医疗健康,中国|上海市|浦东新区,创业投资,初创期,2019-03-18,RMB,20.00,20.00,2.98,--,A,--,--,--,--,制造业|医药制造业|卫生材料及医药用品制造,社会服务业|卫生、保健、护理服务业,--,2019.xls,0,2019,上海市,制造业,医药制造业,0.5144735253555968,1.473571311379097,-3.755507403215832,-1.0102068166357452,b
雅惠投资【雅惠II期基金】,北京雅惠资产管理有限公司【宁波梅山保税港区雅惠鑫润创业投资合伙企业（有限合伙）】,雅惠投资,北京雅惠资产管理有限公司,--,--,雅惠II期基金,宁波梅山保税港区雅惠鑫润创业投资合伙企业（有限合伙）,泓迅生物,苏州泓迅生物科技股份有限公司,医疗健康，企业服务，医药，医疗检测,生物技术/医疗健康|其他生物技术/医疗健康,中国|江苏省|苏州市,新三板定增,扩张期,2019-03-08,RMB,16.01,16.01,2.38,4.30,新三板定增,--,372.03,55.33,--,制造业|医药制造业|卫生材料及医药用品制造,社会服务业|卫生、保健、护理服务业,全国中小企业股份转让系统(新三板),2019.xls,0,2019,江苏省,制造业,医药制造业,0.5144735253555968,1.473571311379097,-3.755507403215832,-1.0102068166357452,b
IDG资本【和谐成长二期】,IDG资本【和谐成长二期（义乌）投资中心（有限合伙）】,和谐天明投资,和谐天明投资管理（北京）有限公司,IDG资本,IDG资本,和谐成长二期,和谐成长二期（义乌）投资中心（有限合伙）,晟斯生物,江苏晟斯生物制药有限公司,医疗健康，医药，创新药，药物研发，生物药,生物技术/医疗健康|医药,中国|江苏省|南通市,成长资本,种子期,2020-06-09,RMB,--,--,--,7.94,A,--,629.43,88.80,--,制造业|医药制造业,制造业|医药、生物制品,--,2020.xls,0,2020,江苏省,制造业,医药制造业,0.5144735253555968,1.473571311379097,-3.755507403215832,-1.0102068166357452,b
金浦投资【上海金浦并购基金】,金浦产业投资基金管理有限公司【上海金浦国调并购股权投资基金合伙企业（有限合伙）】,上海金浦创新投资,上海金浦创新股权投资管理有限公司,金浦投资,金浦产业投资基金管理有限公司,上海金浦并购基金,上海金浦国调并购股权投资基金合伙企业（有限合伙）,长风药业,长风药业股份有限公司,医疗健康，医药，生产制造，药物研发,生物技术/医疗健康|医药,中国|江苏省|苏州市,成长资本,扩张期,2020-06-30,RMB,--,--,--,--,F,--,"3,350.83",473.23,--,制造业|医药制造业,制造业|医药、生物制品,--,2020.xls,0,2020,江苏省,制造业,医药制造业,0.5144735253555968,1.473571311379097,-3.755507403215832,-1.0102068166357452,b
盛世景集团【石家庄盛景医药基金】,盛世景资产管理集团股份有限公司【石家庄盛景医药股权投资基金中心（有限合伙）】,深圳市盛世景投资,深圳市盛世景投资有限公司,盛世景集团,盛世景资产管理集团股份有限公司,石家庄盛景医药基金,石家庄盛景医药股权投资基金中心（有限合伙）,合佳医药,河北合佳医药科技集团股份有限公司,医疗健康，医药，原料药，生产制造，药物研发，药品生产,生物技术/医疗健康|医药,中国|河北省|石家庄市|藁城区,新三板定增,成熟期,2019-01-21,RMB,30.04,30.04,4.43,4.22,新三板定增,--,712.30,105.10,--,制造业|医药制造业,制造业|医药、生物制品,全国中小企业股份转让系统(新三板),2019.xls,0,2019,河北省,制造业,医药制造业,0.5144735253555968,1.473571311379097,-3.755507403215832,-1.0102068166357452,b
安龙基金【安龙基金二期】,北京安龙创业投资基金（有限合伙）【北京龙脉得创业投资基金（有限合伙）】,安龙基金,北京安龙创业投资基金（有限合伙）,--,--,安龙基金二期,北京龙脉得创业投资基金（有限合伙）,可瑞生物,北京可瑞生物科技有限公司,医疗健康，医疗服务，免疫疗法,生物技术/医疗健康|生物工程,中国|北京市|昌平区,创业投资,扩张期,2019-12-03,RMB,20.00,20.00,3.13,25.00,天使轮,赵春林,80.00,11.39,--,制造业|医药制造业|生物、生化制品的制造,制造业|医药、生物制品|生物制品业|其他生物制品业,--,2019.xls,0,2019,北京市,制造业,医药制造业,0.5144735253555968,1.473571311379097,-3.755507403215832,-1.0102068166357452,b
优势资本【安庆化工新材料基金】,优势资本【安庆化工新材料股权投资基金（有限合伙）】,天津市优势创业投资,天津市优势创业投资管理有限公司,--,--,安庆化工新材料基金,安庆化工新材料股权投资基金（有限合伙）,诺全药业,安徽诺全药业有限公司,医疗健康，医药，农业，生产制造，药物研发，药品生产,生物技术/医疗健康|医药,中国|安徽省|安庆市,创业投资,扩张期,2020-06-10,RMB,15.00,15.00,2.18,5.00,A,--,300.00,42.43,--,制造业|医药制造业,制造业|医药、生物制品,--,2020.xls,1,2020,安徽省,制造业,医药制造业,0.5144735253555968,1.473571311379097,-3.755507403215832,-1.0102068166357452,b
九派资本【湖北中元九派产业基金】,深圳市前海九派资本管理合伙企业（有限合伙）【湖北中元九派产业投资基金合伙企业（有限合伙）】,武汉中元九派产业投资,武汉中元九派产业投资管理有限公司,九派资本,深圳市前海九派资本管理合伙企业（有限合伙）,湖北中元九派产业基金,湖北中元九派产业投资基金合伙企业（有限合伙）,序康医疗,上海序康医疗科技有限公司,医疗健康，医疗服务，医疗设备，体外诊断，智能中医检测，基因测序医学检验，医疗检测,生物技术/医疗健康|生物工程,中国|上海市|奉贤区,成长资本,扩张期,2019-11-04,RMB,22.00,22.00,3.12,--,C,--,"2,185.31",310.25,--,制造业|医药制造业|生物、生化制品的制造,制造业|医药、生物制品|生物制品业|其他生物制品业,--,2019.xls,0,2019,上海市,制造业,医药制造业,0.5144735253555968,1.473571311379097,-3.755507403215832,-1.0102068166357452,b
武汉睿成投资【武汉人福生物医药产业基金】,武汉睿成股权投资管理有限公司【武汉人福生物医药产业投资基金中心（有限合伙）】,武汉睿成投资,武汉睿成股权投资管理有限公司,--,--,武汉人福生物医药产业基金,武汉人福生物医药产业投资基金中心（有限合伙）,吉凯基因,上海吉凯基因医学科技股份有限公司,医疗健康，医疗服务，体外诊断，生物药，创新药，药物研发，数据存储，细胞治疗,生物技术/医疗健康|生物工程,中国|上海市|徐汇区,成长资本,成熟期,2019-01-22,RMB,--,--,--,--,B+,--,--,--,--,制造业|医药制造业|生物、生化制品的制造,制造业|医药、生物制品|生物制品业|其他生物制品业,--,2019.xls,0,2019,上海市,制造业,医药制造业,0.5144735253555968,1.473571311379097,-3.755507403215832,-1.0102068166357452,b
合力投资【合嘉泓盛】,上海合之力投资管理有限公司【杭州合嘉泓盛创业投资合伙企业（有限合伙）】,合力投资,上海合之力投资管理有限公司,--,--,合嘉泓盛,杭州合嘉泓盛创业投资合伙企业（有限合伙）,绾塍生物,上海绾塍生物科技有限公司,医疗健康，体外诊断，生物技术，测序辅助平台,生物技术/医疗健康|生物工程,中国|上海市|徐汇区,天使投资,种子期,2019-03-22,RMB,5.00,5.00,0.77,4.26,天使轮,--,117.37,17.53,--,制造业|医药制造业|生物、生化制品的制造,制造业|医药、生物制品|生物制品业|其他生物制品业,--,2019.xls,0,2019,上海市,制造业,医药制造业,0.5144735253555968,1.473571311379097,-3.755507403215832,-1.0102068166357452,b
海达投资【正达创投基金】（领投）,天津海达创业投资管理有限公司【广州正达创业投资合伙企业（有限合伙）】（领投）,海达投资,天津海达创业投资管理有限公司,--,--,正达创投基金,广州正达创业投资合伙企业（有限合伙）,康华生物,山东康华生物医疗科技股份有限公司,医疗健康，体外诊断，POCT,生物技术/医疗健康|医药,中国|山东省|潍坊市|潍城区,创业投资,成熟期,2019-02-26,RMB,10.00,10.00,1.49,0.46,A,--,--,--,--,制造业|医药制造业,制造业|医药、生物制品,--,2019.xls,0,2019,山东省,制造业,医药制造业,0.5144735253555968,1.473571311379097,-3.755507403215832,-1.0102068166357452,b
天堂硅谷【东湖高新硅谷天堂】,天堂硅谷资产管理集团有限公司【武汉东湖高新硅谷天堂股权投资合伙企业（有限合伙）】,天津硅谷天堂,天津硅谷天堂股权投资基金管理有限公司,天堂硅谷,天堂硅谷资产管理集团有限公司,东湖高新硅谷天堂,武汉东湖高新硅谷天堂股权投资合伙企业（有限合伙）,赛维尔生物,武汉赛维尔生物科技有限公司,医疗健康，医药，医疗服务，体外诊断，生产制造，诊断试剂，检测服务，生物药，仪器仪表,生物技术/医疗健康|生物工程,中国|湖北省|武汉市,创业投资,扩张期,2020-06-12,RMB,24.00,24.00,3.40,1.67,A,--,"1,437.13",203.54,--,制造业|医药制造业|生物、生化制品的制造,制造业|医药、生物制品|生物制品业|其他生物制品业,--,2020.xls,0,2020,湖北省,制造业,医药制造业,0.5144735253555968,1.473571311379097,-3.755507403215832,-1.0102068166357452,b
联升资本【联升承业】,上海联升投资管理有限公司【上海联升承业创业投资有限公司】,联升资本,上海联升投资管理有限公司,--,--,联升承业,上海联升承业创业投资有限公司,海和药物,上海海和药物研究开发股份有限公司,医疗健康，医药，创新药，生物药，药物研发,生物技术/医疗健康|医药|生物制药,中国|上海市|浦东新区,成长资本,扩张期,2019-02-11,USD,--,--,--,--,A,--,--,--,--,制造业|医药制造业|生物、生化制品的制造,制造业|医药、生物制品|生物制品业|生物药品制造业,--,2019.xls,0,2019,上海市,制造业,医药制造业,0.5144735253555968,1.473571311379097,-3.755507403215832,-1.0102068166357452,b
越秀产业基金【越秀生物医药与健康食品产业基金】,广州越秀产业投资基金管理股份有限公司【常德嘉山越秀生物医药与健康食品产业投资基金合伙企业（有限合伙）】,越秀产业基金,广州越秀产业投资基金管理股份有限公司,--,--,越秀生物医药与健康食品产业基金,常德嘉山越秀生物医药与健康食品产业投资基金合伙企业（有限合伙）,引航生物,苏州引航生物科技有限公司,医疗健康，房产家居，化工，生物制造,生物技术/医疗健康|生物工程,中国|江苏省|苏州市,创业投资,扩张期,2020-06-30,RMB,--,--,--,--,A,--,--,--,--,制造业|医药制造业|生物、生化制品的制造,制造业|医药、生物制品|生物制品业|其他生物制品业,--,2020.xls,0,2020,江苏省,制造业,医药制造业,0.5144735253555968,1.473571311379097,-3.755507403215832,-1.0102068166357452,b
盛鼎投资【远康鼎祥投资】,盛鼎股权投资基金管理有限责任公司【苏州远康鼎祥投资管理合伙企业（有限合伙）】,盛鼎投资,盛鼎股权投资基金管理有限责任公司,--,--,远康鼎祥投资,苏州远康鼎祥投资管理合伙企业（有限合伙）,宸安生物,上海宸安生物科技有限公司,医疗健康，医疗服务，体外诊断，医疗检测,生物技术/医疗健康|生物工程,中国|上海市|杨浦区,成长资本,扩张期,2020-06-24,RMB,5.00,5.00,0.70,1.67,B,舒骁,400.00,56.60,--,制造业|医药制造业|生物、生化制品的制造,制造业|医药、生物制品|生物制品业|其他生物制品业,--,2020.xls,0,2020,上海市,制造业,医药制造业,0.5144735253555968,1.473571311379097,-3.755507403215832,-1.0102068166357452,b
深创投【红土医疗基金】,深圳市创新投资集团有限公司【深圳红土医疗健康产业股权投资基金合伙企业（有限合伙）】,深创投红土股权投资,深创投红土私募股权投资基金管理（深圳）有限公司,深创投,深圳市创新投资集团有限公司,红土医疗基金,深圳红土医疗健康产业股权投资基金合伙企业（有限合伙）,挚盟医药,上海挚盟医药科技有限公司,医疗健康，医药，生物药，生物制药，药物研发，药品生产，慢病管理,生物技术/医疗健康|医药,中国|上海市|浦东新区,天使投资,扩张期,2019-11-05,RMB,--,--,--,--,Pre-A,倪泽望,--,--,--,制造业|医药制造业,制造业|医药、生物制品,--,2019.xls,0,2019,上海市,制造业,医药制造业,0.5144735253555968,1.473571311379097,-3.755507403215832,-1.0102068166357452,b
川创投【成都川创投西华天使投资基金】,四川创新发展投资管理有限公司【成都川创投西华天使投资中心（有限合伙）】,川创投,四川创新发展投资管理有限公司,--,--,成都川创投西华天使投资基金,成都川创投西华天使投资中心（有限合伙）,植宇生物,成都植宇生物科技有限公司,消费生活，医疗健康，教育，生产制造,生物技术/医疗健康|医药|中药材及中成药加工业,中国|四川省|成都市,创业投资,种子期,2019-02-02,RMB,2.00,2.00,0.30,4.76,A,喻言,42.02,6.26,--,制造业|医药制造业|中成药制造,制造业|医药、生物制品|医药制造业|中药材及中成药加工业,--,2019.xls,0,2019,四川省,制造业,医药制造业,0.5144735253555968,1.473571311379097,-3.755507403215832,-1.0102068166357452,b
前海方舟【前海母基金】（领投）,前海方舟资产管理有限公司【前海股权投资基金（有限合伙）】（领投）,前海方舟,前海方舟资产管理有限公司,--,--,前海母基金,前海股权投资基金（有限合伙）,豪思生物,北京豪思生物科技股份有限公司,医疗健康，体外诊断，医疗服务,生物技术/医疗健康|其他生物技术/医疗健康,中国|北京市|昌平区,成长资本,扩张期,2020-06-24,RMB,--,--,--,5.13,B+,靳海涛,24.12,3.41,--,制造业|医药制造业|卫生材料及医药用品制造,社会服务业|卫生、保健、护理服务业,--,2020.xls,0,2020,北京市,制造业,医药制造业,0.5144735253555968,1.473571311379097,-3.755507403215832,-1.0102068166357452,b
天优投资【江苏疌泉天汇苏民投健康产业基金】（领投）,江苏天优投资管理有限公司【江苏疌泉天汇苏民投健康产业基金（有限合伙）】（领投）,江苏天汇苏民投健康产投,江苏天汇苏民投健康产业投资管理有限公司,天优投资,江苏天优投资管理有限公司,江苏疌泉天汇苏民投健康产业基金,江苏疌泉天汇苏民投健康产业基金（有限合伙）,丽凡达生物,珠海丽凡达生物技术有限公司,医疗健康，医药，生物药，生产制造，药品生产,生物技术/医疗健康|医药,中国|广东省|珠海市,天使投资,种子期,2019-11-06,RMB,5.00,5.00,0.70,5.00,天使轮,--,--,--,--,制造业|医药制造业,制造业|医药、生物制品,--,2019.xls,0,2019,广东省,制造业,医药制造业,0.5144735253555968,1.473571311379097,-3.755507403215832,-1.0102068166357452,b
深创投【红土君晟基金】,深圳市创新投资集团有限公司【红土君晟（广东）创业投资合伙企业（有限合伙）】,红土君晟创投,珠海横琴红土君晟创业投资管理合伙企业（有限合伙）,深创投,深圳市创新投资集团有限公司,红土君晟基金,红土君晟（广东）创业投资合伙企业（有限合伙）,善康医疗,深圳善康医药科技股份有限公司,医疗健康，医药,生物技术/医疗健康|医药,中国|广东省|深圳市,成长资本,初创期,2019-12-01,RMB,--,--,--,--,A,倪泽望,--,--,--,制造业|医药制造业,制造业|医药、生物制品,--,2019.xls,0,2019,广东省,制造业,医药制造业,0.5144735253555968,1.473571311379097,-3.755507403215832,-1.0102068166357452,b
苏州麦创投资【麦创正信】,苏州麦创投资管理有限公司【苏州麦创正信创业投资中心（有限合伙）】,苏州麦创投资,苏州麦创投资管理有限公司,--,--,麦创正信,苏州麦创正信创业投资中心（有限合伙）,百赛飞,江苏百赛飞生物科技有限公司,医疗健康，医疗设备，医疗器械,生物技术/医疗健康|生物工程,中国|江苏省|苏州市,创业投资,初创期,2019-11-25,RMB,--,--,--,--,其他,--,--,--,--,制造业|医药制造业|生物、生化制品的制造,制造业|医药、生物制品|生物制品业|其他生物制品业,--,2019.xls,0,2019,江苏省,制造业,医药制造业,0.5144735253555968,1.473571311379097,-3.755507403215832,-1.0102068166357452,b
仙瞳资本【江苏疌泉仙瞳生物医疗创业基金】,深圳仙瞳资本管理有限公司【江苏疌泉仙瞳生物医疗创业投资合伙企业（有限合伙）】,苏州仙瞳创投,苏州仙瞳创业投资管理中心（有限合伙）,仙瞳资本,深圳仙瞳资本管理有限公司,江苏疌泉仙瞳生物医疗创业基金,江苏疌泉仙瞳生物医疗创业投资合伙企业（有限合伙）,索元生物,杭州索元生物医药股份有限公司,医疗健康，医药，生物药，创新药，生物制药，药物研发，药品生产,生物技术/医疗健康|医药,中国|浙江省|杭州市|江干区,成长资本,扩张期,2020-06-29,RMB,11.50,11.50,1.63,--,C,--,--,--,--,制造业|医药制造业,制造业|医药、生物制品,--,2020.xls,0,2020,浙江省,制造业,医药制造业,0.5144735253555968,1.473571311379097,-3.755507403215832,-1.0102068166357452,b
元生创投【新建元二期创业基金】,苏州工业园区元生创业投资管理有限公司【苏州工业园区新建元二期创业投资企业（有限合伙）】,元生私募基金,苏州元生私募基金管理合伙企业（有限合伙）,元生创投,苏州工业园区元生创业投资管理有限公司,新建元二期创业基金,苏州工业园区新建元二期创业投资企业（有限合伙）,卡提医学,南京卡提医学科技有限公司,医疗健康，免疫疗法，细胞治疗,生物技术/医疗健康|生物工程,中国|江苏省|南京市,创业投资,初创期,2019-03-12,RMB,5.00,5.00,0.74,9.09,A,--,45.00,6.70,--,制造业|医药制造业|生物、生化制品的制造,制造业|医药、生物制品|生物制品业|其他生物制品业,--,2019.xls,0,2019,江苏省,制造业,医药制造业,0.5144735253555968,1.473571311379097,-3.755507403215832,-1.0102068166357452,b
吉富创投【吉富金谷基金】,吉富创业投资股份有限公司【山东吉富金谷新动能股权投资基金合伙企业（有限合伙）】,山东吉富高新股权投资管理,山东吉富高新股权投资管理有限公司,吉富创投,吉富创业投资股份有限公司,吉富金谷基金,山东吉富金谷新动能股权投资基金合伙企业（有限合伙）,迈百瑞,烟台迈百瑞国际生物医药股份有限公司,医疗健康，医药，生物药，药物外包，生产制造，生物制药，药品生产，药物研发，医药生产外包CMO/CDMO,生物技术/医疗健康|医药|生物制药,中国|山东省|烟台市,成长资本,扩张期,2020-06-08,RMB,20.00,20.00,2.82,--,B,--,--,--,--,制造业|医药制造业|生物、生化制品的制造,制造业|医药、生物制品|生物制品业|生物药品制造业,--,2020.xls,0,2020,山东省,制造业,医药制造业,0.5144735253555968,1.473571311379097,-3.755507403215832,-1.0102068166357452,b
仙瞳资本【江苏疌泉仙瞳生物医疗创业基金】,深圳仙瞳资本管理有限公司【江苏疌泉仙瞳生物医疗创业投资合伙企业（有限合伙）】,苏州仙瞳创投,苏州仙瞳创业投资管理中心（有限合伙）,仙瞳资本,深圳仙瞳资本管理有限公司,江苏疌泉仙瞳生物医疗创业基金,江苏疌泉仙瞳生物医疗创业投资合伙企业（有限合伙）,苏州沪云,苏州沪云新药研发股份有限公司,医疗健康，医药，创新药，药物研发，生物药,生物技术/医疗健康|医药|化学药品制剂制造业,中国|江苏省|苏州市,新三板定增,成熟期,2019-03-01,RMB,30.00,30.00,4.48,7.08,新三板定增,--,423.73,63.28,--,制造业|医药制造业|化学药品制剂制造,制造业|医药、生物制品|医药制造业|化学药品制剂制造业,全国中小企业股份转让系统(新三板),2019.xls,0,2019,江苏省,制造业,医药制造业,0.5144735253555968,1.473571311379097,-3.755507403215832,-1.0102068166357452,b
长白山股权投资【吉林省乾亨基金】,吉林长白山股权投资管理有限公司【吉林省乾亨投资合伙企业（有限合伙）】,长白山股权投资,吉林长白山股权投资管理有限公司,--,--,吉林省乾亨基金,吉林省乾亨投资合伙企业（有限合伙）,百克生物,长春百克生物科技股份公司,医疗健康，医药，创新药，疫苗，生物制药,生物技术/医疗健康|医药|生物制药,中国|吉林省|长春市|朝阳区,成长资本,成熟期,2020-05-26,RMB,100.00,100.00,15.43,0.88,Pre-IPO,--,"11,363.64","1,595.81",--,制造业|医药制造业|生物、生化制品的制造,制造业|医药、生物制品|生物制品业|生物药品制造业,上海证券交易所科创板,2020.xls,0,2020,吉林省,制造业,医药制造业,0.5144735253555968,1.473571311379097,-3.755507403215832,-1.0102068166357452,b
德诚科技【杭州德佳诚誉投资】,上海德诚科技服务合伙企业（有限合伙）【杭州德佳诚誉投资合伙企业（有限合伙）】,德诚科技,上海德诚科技服务合伙企业（有限合伙）,--,--,杭州德佳诚誉投资,杭州德佳诚誉投资合伙企业（有限合伙）,科州制药,上海科州药物研发有限公司,医疗健康，医药，创新药，药物研发,生物技术/医疗健康|医药,中国|上海市|浦东新区,成长资本,扩张期,2019-12-12,USD,--,--,--,--,C,--,--,--,--,制造业|医药制造业,制造业|医药、生物制品,--,2019.xls,0,2019,上海市,制造业,医药制造业,0.5144735253555968,1.473571311379097,-3.755507403215832,-1.0102068166357452,b
华泰紫金投资【华泰大健康二号基金】,华泰紫金投资有限责任公司【南京华泰大健康二号股权投资合伙企业（有限合伙）】,华泰紫金投资,华泰紫金投资有限责任公司,--,--,华泰大健康二号基金,南京华泰大健康二号股权投资合伙企业（有限合伙）,硕世生物,江苏硕世生物科技股份有限公司,医疗健康，医疗服务，体外诊断，生产制造，医疗器械，基因芯片,生物技术/医疗健康|医药,中国|江苏省|泰州市,成长资本,扩张期,2019-01-17,RMB,2.15,2.15,0.32,0.13,其他,--,"1,700.00",251.51,--,制造业|医药制造业,制造业|医药、生物制品,上海证券交易所科创板,2019.xls,0,2019,江苏省,制造业,医药制造业,0.5144735253555968,1.473571311379097,-3.755507403215832,-1.0102068166357452,b
汉康资本【建信汉康基金】,上海汉康私募基金管理有限公司【苏州建信汉康创业投资合伙企业（有限合伙）】,汉康资本,上海汉康私募基金管理有限公司,--,--,建信汉康基金,苏州建信汉康创业投资合伙企业（有限合伙）,维申医药,上海维申医药有限公司,医疗健康，医药，创新药，药物研发，生物药,生物技术/医疗健康|医药,中国|上海市|浦东新区,天使投资,种子期,2019-12-10,RMB,--,--,--,--,天使轮,--,--,--,--,制造业|医药制造业,制造业|医药、生物制品,--,2019.xls,0,2019,上海市,制造业,医药制造业,0.5144735253555968,1.473571311379097,-3.755507403215832,-1.0102068166357452,b
南京新农现代农业产投【南京新农扬子现代农业产业发展基金】,南京新农私募基金管理有限公司【南京新农扬子现代农业产业发展基金一期（有限合伙）】,南京新农现代农业产投,南京新农私募基金管理有限公司,--,--,南京新农扬子现代农业产业发展基金,南京新农扬子现代农业产业发展基金一期（有限合伙）,艾美斐,南京艾美斐生物医药科技有限公司,医疗健康，医药，创新药，药物研发，生物药,生物技术/医疗健康|医药,中国|江苏省|南京市,天使投资,扩张期,2019-10-31,RMB,--,--,--,--,Pre-A,--,--,--,--,制造业|医药制造业,制造业|医药、生物制品,--,2019.xls,1,2019,江苏省,制造业,医药制造业,0.5144735253555968,1.473571311379097,-3.755507403215832,-1.0102068166357452,b
华润资本【华润医药基金】,华润资本管理有限公司【华润医药（汕头）产业投资基金合伙企业（有限合伙）】,深圳华润资本,深圳市华润资本股权投资有限公司,华润资本,华润资本管理有限公司,华润医药基金,华润医药（汕头）产业投资基金合伙企业（有限合伙）,瑞科生物,江苏瑞科生物技术股份有限公司,医疗健康，医药，药品生产，疫苗，创新型保险,生物技术/医疗健康|生物工程,中国|江苏省|泰州市,成长资本,扩张期,2019-03-18,RMB,248.00,248.00,38.97,21.57,A,--,"1,149.95",171.41,--,制造业|医药制造业|生物、生化制品的制造,制造业|医药、生物制品|生物制品业|其他生物制品业,香港证券交易所主板,2019.xls,0,2019,江苏省,制造业,医药制造业,0.5144735253555968,1.473571311379097,-3.755507403215832,-1.0102068166357452,b
贵阳创投【贵阳市工业和信息化产业发展引导基金】,贵阳市创业投资有限公司【贵阳市工业和信息化产业发展引导基金有限公司】,贵阳创投,贵阳市创业投资有限公司,--,--,贵阳市工业和信息化产业发展引导基金,贵阳市工业和信息化产业发展引导基金有限公司,生诺生物,贵州生诺生物科技有限公司,医疗健康，创新药，仿制药，医药，药物研发，生物药，免疫疗法,生物技术/医疗健康|医药,中国|贵州省|贵阳市,创业投资,扩张期,2019-11-22,RMB,--,--,--,9.71,A,--,351.23,50.02,--,制造业|医药制造业,制造业|医药、生物制品,--,2019.xls,1,2019,贵州省,制造业,医药制造业,0.5144735253555968,1.473571311379097,-3.755507403215832,-1.0102068166357452,b
翰颐资本【珠海翰颐股权投资基金】,珠海诚泽投资管理有限公司【珠海翰颐股权投资基金合伙企业（有限合伙）】,翰颐资本,珠海诚泽投资管理有限公司,--,--,珠海翰颐股权投资基金,珠海翰颐股权投资基金合伙企业（有限合伙）,亿腾景昂,泰州亿腾景昂药业股份有限公司,医疗健康，生产制造，医药,生物技术/医疗健康|医药,中国|江苏省|泰州市,成长资本,扩张期,2019-11-22,RMB,--,--,--,--,C,周颖华,"2,430.00",345.85,--,制造业|医药制造业,制造业|医药、生物制品,--,2019.xls,0,2019,江苏省,制造业,医药制造业,0.5144735253555968,1.473571311379097,-3.755507403215832,-1.0102068166357452,b
国投创合【创合精选创投基金】,国投创合基金管理有限公司【杭州创合精选创业投资合伙企业（有限合伙）】,国投创合（杭州）创业投资,国投创合（杭州）创业投资管理有限公司,国投创合,国投创合基金管理有限公司,创合精选创投基金,杭州创合精选创业投资合伙企业（有限合伙）,西点药业,吉林省西点药业科技发展股份有限公司,医疗健康，医药，原料药，生产制造，药品生产,生物技术/医疗健康|医药|化学药品制剂制造业,中国|吉林省|吉林市,成长资本,成熟期,2020-05-17,RMB,30.10,30.10,4.75,3.55,老股权转让,--,847.89,119.53,--,制造业|医药制造业|化学药品制剂制造,制造业|医药、生物制品|医药制造业|化学药品制剂制造业,深圳证券交易所创业板,2020.xls,0,2020,吉林省,制造业,医药制造业,0.5144735253555968,1.473571311379097,-3.755507403215832,-1.0102068166357452,b
道彤投资【道彤淳辉】,道彤投资【苏州道彤淳辉创业投资合伙企业（有限合伙）】,苏州道彤淳辉创投,苏州道彤淳辉创业投资管理有限公司,--,--,道彤淳辉,苏州道彤淳辉创业投资合伙企业（有限合伙）,韦拓生物,深圳韦拓生物科技有限公司,医疗健康，辅助生育,生物技术/医疗健康|生物工程,中国|广东省|深圳市,成长资本,扩张期,2020-05-28,RMB,--,--,--,3.72,B,孙琦,909.41,127.92,--,制造业|医药制造业|生物、生化制品的制造,制造业|医药、生物制品|生物制品业|其他生物制品业,--,2020.xls,0,2020,广东省,制造业,医药制造业,0.5144735253555968,1.473571311379097,-3.755507403215832,-1.0102068166357452,b
中鑫资本【苏州工业园区中鑫恒祥投资】,苏州中鑫创新投资管理有限公司【苏州工业园区中鑫恒祥投资中心（有限合伙）】,中鑫资本,苏州中鑫创新投资管理有限公司,--,--,苏州工业园区中鑫恒祥投资,苏州工业园区中鑫恒祥投资中心（有限合伙）,宏元生物,苏州宏元生物科技有限公司,医疗健康，生物技术，大数据挖掘,生物技术/医疗健康|其他生物技术/医疗健康,中国|江苏省|苏州市|吴中区,天使投资,种子期,2019-03-18,RMB,--,--,--,--,天使轮,--,--,--,--,制造业|医药制造业|卫生材料及医药用品制造,社会服务业|卫生、保健、护理服务业,--,2019.xls,0,2019,江苏省,制造业,医药制造业,0.5144735253555968,1.473571311379097,-3.755507403215832,-1.0102068166357452,b
元生创投【元生创投三期人民币基金】（领投）,苏州工业园区元生创业投资管理有限公司【苏州工业园区新建元三期创业投资企业（有限合伙）】（领投）,元生私募基金,苏州元生私募基金管理合伙企业（有限合伙）,元生创投,苏州工业园区元生创业投资管理有限公司,元生创投三期人民币基金,苏州工业园区新建元三期创业投资企业（有限合伙）,安泰康成,湖南安泰康成生物科技有限公司,医疗健康，人工智能，医疗设备，医疗服务，医疗器械,生物技术/医疗健康|生物工程,中国|湖南省|长沙市,创业投资,扩张期,2020-07-01,RMB,7.25,7.25,1.02,10.67,A,阴杰,67.98,9.60,--,制造业|医药制造业|生物、生化制品的制造,制造业|医药、生物制品|生物制品业|其他生物制品业,--,2020.xls,0,2020,湖南省,制造业,医药制造业,0.5144735253555968,1.473571311379097,-3.755507403215832,-1.0102068166357452,b
泰福资本【武汉泰明创业投资】,泰福资本【武汉泰明创业投资合伙企业（有限合伙）】,泰甫创投,上海泰甫创业投资管理有限公司,泰福资本,泰福资本,武汉泰明创业投资,武汉泰明创业投资合伙企业（有限合伙）,泓博医药,上海泓博智源医药股份有限公司,医疗健康，医药，原料药，创新药，生产制造，药物研发,生物技术/医疗健康|医药,中国|上海市|浦东新区,成长资本,成熟期,2020-05-26,RMB,29.97,29.97,4.32,1.63,B,--,"1,838.21",258.14,--,制造业|医药制造业,制造业|医药、生物制品,深圳证券交易所创业板，全国中小企业股份转让系统(新三板),2020.xls,0,2020,上海市,制造业,医药制造业,0.5144735253555968,1.473571311379097,-3.755507403215832,-1.0102068166357452,b
安徽投资集团【安徽省中小企业发展基金】,安徽省投资集团控股有限公司【安徽省中小企业发展基金有限公司】,安徽省高新投,安徽省高新技术产业投资有限公司,安徽投资集团,安徽省投资集团控股有限公司,安徽省中小企业发展基金,安徽省中小企业发展基金有限公司,维天运通,合肥维天运通信息科技股份有限公司,大数据，企业服务，物流，云计算，互联网，物流仓储,物流|配送及仓储,中国|安徽省|合肥市,成长资本,成熟期,2020-12-01,RMB,50.00,50.00,7.28,1.56,C,--,"3,190.34",489.11,--,交通运输、仓储和邮政业|仓储业|其他仓储,交通运输、仓储业,香港证券交易所主板,2020.xls,1,2020,安徽省,交通运输、仓储和邮政业,仓储业,0.5244799180327869,1.4668290327868854,-3.74587812295082,-1.0032788032786886,b
湖南兴湘资本【常德柳叶湖鑫湘产业基金】,湖南兴湘资本管理有限公司【常德柳叶湖鑫湘产业投资基金企业（有限合伙）】,湖南兴湘新兴产业投资基金管理,湖南兴湘新兴产业投资基金管理有限公司,湖南兴湘资本,湖南兴湘资本管理有限公司,常德柳叶湖鑫湘产业基金,常德柳叶湖鑫湘产业投资基金企业（有限合伙）,华光源海,华光源海国际物流集团股份有限公司,物流仓储，物流服务，货运物流，仓储服务,物流|配送及仓储,中国|湖南省|长沙市,新三板定增,成熟期,2019-12-23,RMB,10.00,10.00,1.43,3.85,新三板定增,--,259.74,37.04,--,交通运输、仓储和邮政业|仓储业|其他仓储,交通运输、仓储业,北京证券交易所，全国中小企业股份转让系统(新三板),2019.xls,0,2019,湖南省,交通运输、仓储和邮政业,仓储业,0.5244799180327869,1.4668290327868854,-3.74587812295082,-1.0032788032786886,b
君联资本【君联文体二期】,君联资本管理股份有限公司【苏州君骏德股权投资合伙企业（有限合伙）】,君联资本,君联资本管理股份有限公司,--,--,君联文体二期,苏州君骏德股权投资合伙企业（有限合伙）,燕文物流,北京燕文物流股份有限公司,企业服务，物流，跨境电商，物流服务，物流仓储,物流|配送及仓储,中国|北京市|朝阳区,成长资本,成熟期,2019-08-22,RMB,--,--,--,1.22,C,--,--,--,--,交通运输、仓储和邮政业|仓储业|其他仓储,交通运输、仓储业,--,2019.xls,0,2019,北京市,交通运输、仓储和邮政业,仓储业,0.5244799180327869,1.4668290327868854,-3.74587812295082,-1.0032788032786886,b
京合都投资【京合都（东莞）基金】（领投）,京合都（东莞）股权投资管理有限公司【京合都（东莞）股权投资基金合伙企业（有限合伙）】（领投）,京合都投资,京合都（东莞）股权投资管理有限公司,--,--,京合都（东莞）基金,京合都（东莞）股权投资基金合伙企业（有限合伙）,都市物流,广东都市物流科技有限公司,物流，第三方物流，物流仓储,物流|配送及仓储,中国|广东省|东莞市,创业投资,扩张期,2019-06-21,RMB,5.00,5.00,0.73,10.00,A+,--,--,--,--,交通运输、仓储和邮政业|仓储业|其他仓储,交通运输、仓储业,--,2019.xls,0,2019,广东省,交通运输、仓储和邮政业,仓储业,0.5244799180327869,1.4668290327868854,-3.74587812295082,-1.0032788032786886,b
基石资本【基石智能制造产业基金】（领投）,基石资产管理股份有限公司【马鞍山基石智能制造产业基金合伙企业（有限合伙）】（领投）,马鞍山幸福基石投资,马鞍山幸福基石投资管理有限公司,基石资本,基石资产管理股份有限公司,基石智能制造产业基金,马鞍山基石智能制造产业基金合伙企业（有限合伙）,则一,上海则一供应链管理有限公司,工具软件，物流，物流服务，物流仓储,物流|配送及仓储,中国|上海市|青浦区,成长资本,扩张期,2020-11-20,RMB,220.00,220.00,33.60,--,C,张道涛,--,--,--,交通运输、仓储和邮政业|仓储业|其他仓储,交通运输、仓储业,--,2020.xls,0,2020,上海市,交通运输、仓储和邮政业,仓储业,0.5244799180327869,1.4668290327868854,-3.74587812295082,-1.0032788032786886,b
贵鑫瑞和创投【贵州绿色产业扶贫基金】,贵州省贵鑫瑞和创业投资管理有限责任公司【贵州绿色产业扶贫投资基金（有限合伙）】,贵鑫瑞和创投,贵州省贵鑫瑞和创业投资管理有限责任公司,--,--,贵州绿色产业扶贫基金,贵州绿色产业扶贫投资基金（有限合伙）,贵农物流,贵阳农产品物流发展有限公司,金融，农业，投资，铁，农产品，物流仓储,物流|配送及仓储,中国|贵州省|贵阳市|修文县,创业投资,初创期,2019-11-29,RMB,--,--,--,--,A,--,--,--,--,交通运输、仓储和邮政业|仓储业|其他仓储,交通运输、仓储业,--,2019.xls,1,2019,贵州省,交通运输、仓储和邮政业,仓储业,0.5244799180327869,1.4668290327868854,-3.74587812295082,-1.0032788032786886,b
贵阳创投【贵阳市工业和信息化产业发展引导基金】,贵阳市创业投资有限公司【贵阳市工业和信息化产业发展引导基金有限公司】,贵阳创投,贵阳市创业投资有限公司,--,--,贵阳市工业和信息化产业发展引导基金,贵阳市工业和信息化产业发展引导基金有限公司,丰茂企业,贵州丰茂东投物流有限公司,物流，材料，物流服务，货运物流，道路运输,物流|配送及仓储,中国|贵州省|贵阳市,创业投资,种子期,2019-05-21,RMB,--,--,--,11.24,A,--,--,--,--,交通运输、仓储和邮政业|仓储业|其他仓储,交通运输、仓储业,--,2019.xls,1,2019,贵州省,交通运输、仓储和邮政业,仓储业,0.5244799180327869,1.4668290327868854,-3.74587812295082,-1.0032788032786886,b
杭州国有资本投资【杭州创投引导基金】,杭州市国有资本投资运营有限公司【杭州市创业投资引导基金】,杭高投,杭州市高科技投资有限公司,杭州市科创集团,杭州市科创集团有限公司,杭州创投引导基金,杭州市创业投资引导基金,Coralglobal,杭州姆珉网络科技有限公司,电子商务，物流，企业服务，跨境电商,物流|配送及仓储,中国|浙江省|杭州市|西湖区,--,初创期,2018-10-01,RMB,3.00(e),3.00(e),0.44(e),--,Pre-A,--,--,--,--,交通运输、仓储和邮政业|仓储业|其他仓储,交通运输、仓储业,--,2018.xls,1,2018,浙江省,交通运输、仓储和邮政业,仓储业,0.5244799180327869,1.4668290327868854,-3.74587812295082,-1.0032788032786886,b
钟鼎资本【钟鼎陇屿创业投资】,钟鼎（上海）创业投资管理有限公司【苏州钟鼎陇屿创业投资中心（有限合伙）】,上海鼎迎,上海鼎迎投资管理中心（有限合伙）,钟鼎资本,钟鼎（上海）创业投资管理有限公司,钟鼎陇屿创业投资,苏州钟鼎陇屿创业投资中心（有限合伙）,海晨股份,江苏海晨物流股份有限公司,生产制造，物流，物流服务，物流仓储,物流|配送及仓储,中国|江苏省|苏州市,创业投资,扩张期,2017-12-28,RMB,10.00,10.00,1.53,1.48,D,--,675.02,103.20,--,交通运输、仓储和邮政业|仓储业|其他仓储,交通运输、仓储业,深圳证券交易所创业板,2017.xls,0,2017,江苏省,交通运输、仓储和邮政业,仓储业,0.5244799180327869,1.4668290327868854,-3.74587812295082,-1.0032788032786886,b
天壹资本【宁波旭日新竹基金】,天壹紫腾资产管理（宁波）有限公司【宁波旭日新竹投资合伙企业（有限合伙）】,天壹资本,天壹紫腾资产管理（宁波）有限公司,--,--,宁波旭日新竹基金,宁波旭日新竹投资合伙企业（有限合伙）,壹米滴答,壹米滴答供应链集团有限公司,物流，物流服务，物流仓储,物流|配送及仓储,中国|上海市|青浦区,成长资本,扩张期,2020-02-18,RMB,--,--,--,0.50,D+,--,"5,993.48",858.73,--,交通运输、仓储和邮政业|仓储业|其他仓储,交通运输、仓储业,--,2020.xls,0,2020,上海市,交通运输、仓储和邮政业,仓储业,0.5244799180327869,1.4668290327868854,-3.74587812295082,-1.0032788032786886,b
前海方舟【前海母基金】,前海方舟资产管理有限公司【前海股权投资基金（有限合伙）】,前海方舟,前海方舟资产管理有限公司,--,--,前海母基金,前海股权投资基金（有限合伙）,商桥物流,上海商桥供应链服务有限公司,物流，企业服务，物流仓储,物流|配送及仓储,中国|上海市,--,初创期,2017-09-29,RMB,17.50,17.50,2.57,--,A,沈豪杰,--,--,--,交通运输、仓储和邮政业|仓储业|其他仓储,交通运输、仓储业,--,2017.xls,0,2017,上海市,交通运输、仓储和邮政业,仓储业,0.5244799180327869,1.4668290327868854,-3.74587812295082,-1.0032788032786886,b
58产业基金【五八海河基金】（领投）,天津神奇汇股权投资管理有限公司【天津五八海河互联网产业基金合伙企业（有限合伙）】（领投）,58产业基金,天津神奇汇股权投资管理有限公司,--,--,五八海河基金,天津五八海河互联网产业基金合伙企业（有限合伙）,UU跑腿,郑州时空隧道信息技术有限公司,消费生活，工具软件，物流，生活服务，跑腿代办,物流|配送及仓储,中国|河南省|郑州市|金水区,成长资本,扩张期,2021-10-27,RMB,--,--,--,3.00,B+,李纳,"1,333.00",208.25,--,交通运输、仓储和邮政业|仓储业|其他仓储,交通运输、仓储业,--,2021.xls,0,2021,河南省,交通运输、仓储和邮政业,仓储业,0.5244799180327869,1.4668290327868854,-3.74587812295082,-1.0032788032786886,b
恒健控股【广东省农业供给侧结构性改革基金】,广东恒健投资控股有限公司【广东省农业供给侧结构性改革基金合伙企业（有限合伙）】,广东省农业供给侧结构性改革基金,广东省农业供给侧结构性改革基金管理有限公司,恒健控股,广东恒健投资控股有限公司,广东省农业供给侧结构性改革基金,广东省农业供给侧结构性改革基金合伙企业（有限合伙）,绿湖股份,广东绿湖园艺股份有限公司,农业，化工，城市绿化，农业生产，林业,农/林/牧/渔|林业,中国|广东省|惠州市,新三板定增,成熟期,2019-01-11,RMB,30.00,30.00,4.42,--,新三板定增,--,--,--,--,农、林、牧、渔业|林业,农、林、牧、渔业|林业,全国中小企业股份转让系统(新三板),2019.xls,1,2019,广东省,农、林、牧、渔业,林业,0.5289733863636363,4.091559318181818,-3.6826155340909095,-1.521865090909091,b
力合天使创投【力合天使股权投资】,深圳力合天使创业投资管理有限公司【深圳力合天使股权投资基金合伙企业（有限合伙）】,力合天使创投,深圳力合天使创业投资管理有限公司,--,--,力合天使股权投资,深圳力合天使股权投资基金合伙企业（有限合伙）,万信达,深圳市万信达生态环境股份有限公司,节能环保，金融,农/林/牧/渔|林业,中国|广东省|深圳市,--,成熟期,2012-12-20,RMB,6.20,6.20,0.99,2.06,A,--,301.50,47.96,--,农、林、牧、渔业|林业,农、林、牧、渔业|林业,全国中小企业股份转让系统(新三板),2000-2012.xls,0,2012,广东省,农、林、牧、渔业,林业,0.5289733863636363,4.091559318181818,-3.6826155340909095,-1.521865090909091,b
誉华投资【安徽省创投资本基金】,安徽誉华投资管理有限公司【安徽省创投资本基金有限公司】,誉华投资,安徽誉华投资管理有限公司,--,--,安徽省创投资本基金,安徽省创投资本基金有限公司,龙华竹业,安徽龙华竹业有限公司,农业，生产制造，林业，现代农业,农/林/牧/渔|林业,中国|安徽省|六安市|霍山县,--,成熟期,2011-09-08,RMB,14.48,14.48,2.26,2.26,C,李波,608.80,95.17,--,农、林、牧、渔业|林业,农、林、牧、渔业|林业,--,2000-2012.xls,0,2011,安徽省,农、林、牧、渔业,林业,0.5289733863636363,4.091559318181818,-3.6826155340909095,-1.521865090909091,b
东湖资本【经开环保基金】,武汉东湖国隆股权投资基金管理有限公司【武汉经开环保创业投资基金合伙企业（有限合伙）】,东湖长瑞,武汉东湖长瑞投资管理有限公司,东湖资本,武汉东湖国隆股权投资基金管理有限公司,经开环保基金,武汉经开环保创业投资基金合伙企业（有限合伙）,九森林业,湖北九森林业股份有限公司,农业，林业，种植加工,农/林/牧/渔|林业,中国|湖北省|武汉市|洪山区,--,成熟期,2014-10-15,RMB,15.00,15.00,2.44,7.68,A,--,195.31,31.81,--,农、林、牧、渔业|林业,农、林、牧、渔业|林业,全国中小企业股份转让系统(新三板),2013-2014.xls,0,2014,湖北省,农、林、牧、渔业,林业,0.5289733863636363,4.091559318181818,-3.6826155340909095,-1.521865090909091,b
安诚资本【创晟投资】,安徽安诚资本有限公司【安徽创晟投资有限公司】,亳州创新创投,亳州市创新创业投资有限公司,安诚资本,安徽安诚资本有限公司,创晟投资,安徽创晟投资有限公司,泓森高科,安徽泓森高科林业股份有限公司,农业，林业，农业生产，种植加工，农业物流网,农/林/牧/渔|林业,中国|安徽省|亳州市|涡阳县,创业投资,扩张期,2016-12-13,RMB,--,--,--,--,A,--,--,--,--,农、林、牧、渔业|林业,农、林、牧、渔业|林业,--,2016.xls,1,2016,安徽省,农、林、牧、渔业,林业,0.5289733863636363,4.091559318181818,-3.6826155340909095,-1.521865090909091,b
江苏厚积【谷丰创投】,江苏厚积投资管理有限公司【江苏谷丰创业投资有限公司】,江苏厚积,江苏厚积投资管理有限公司,--,--,谷丰创投,江苏谷丰创业投资有限公司,祝庄园艺,常州市祝庄园艺有限公司,农业，农业生产，种植加工,农/林/牧/渔|林业,中国|江苏省|常州市,创业投资,扩张期,2017-04-21,--,--,--,--,14.49,A,--,--,--,--,农、林、牧、渔业|林业,农、林、牧、渔业|林业,--,2017.xls,1,2017,江苏省,农、林、牧、渔业,林业,0.5289733863636363,4.091559318181818,-3.6826155340909095,-1.521865090909091,b
清控银杏【清控银杏南通创业投资基金】,清控银杏创业投资管理（北京）有限公司【清控银杏南通创业投资基金合伙企业（有限合伙）】,清控银杏,清控银杏创业投资管理（北京）有限公司,--,--,清控银杏南通创业投资基金,清控银杏南通创业投资基金合伙企业（有限合伙）,埃克索医疗,北京埃克索医疗科技发展有限公司,医疗健康，医疗器械,生物技术/医疗健康|医疗设备,中国|北京市|大兴区,创业投资,初创期,2021-10-28,RMB,--,--,--,10.02,天使轮,雷霖,199.60,31.21,--,制造业|专用设备制造业|医疗仪器设备及器械制造,制造业|机械、设备、仪表|专用设备制造业|医疗器械制造业,--,2021.xls,0,2021,北京市,制造业,专用设备制造业,0.555951778280543,1.6901078827010092,-3.7171919899060217,-0.9943238872258964,b
力合科创集团【力合新能源创投】,力合科创集团有限公司【深圳力合新能源创业投资基金有限公司】,力合科创,深圳市力合科创基金管理有限公司,力合创投,深圳市力合创业投资有限公司,力合新能源创投,深圳力合新能源创业投资基金有限公司,想实电子,湖州想实电子股份有限公司,电子元件，智能电表，电子信息产业，智慧交通，光电,半导体及电子设备|半导体|IC测试与封装,中国|浙江省|湖州市|德清县,创业投资,扩张期,2016-04-27,RMB,6.00,6.00,0.88,6.00,A,冯杰,100.00,15.40,--,制造业|专用设备制造业|电子和电工机械专用设备制造|电子工业专用设备制造,制造业|机械、设备、仪表|专用设备制造业|其他专用设备制造业,全国中小企业股份转让系统(新三板),2016.xls,0,2016,浙江省,制造业,专用设备制造业,0.555951778280543,1.6901078827010092,-3.7171919899060217,-0.9943238872258964,b
乔杰投资【乔禾银来】,南通乔杰投资管理有限公司【南通乔禾银来创业投资中心（有限合伙）】,乔杰投资,南通乔杰投资管理有限公司,--,--,乔禾银来,南通乔禾银来创业投资中心（有限合伙）,飞朔生物,厦门飞朔生物技术有限公司,医疗健康，医疗设备，体外诊断，生产制造，医疗服务，医疗器械，智能中医检测，医疗分析仪器，分子诊断，咨询服务,生物技术/医疗健康|医疗设备,中国|福建省|福州市,--,种子期,2016-03-29,--,--,--,--,--,A,--,--,--,--,制造业|专用设备制造业|医疗仪器设备及器械制造,制造业|机械、设备、仪表|专用设备制造业|医疗器械制造业,--,2016.xls,1,2016,福建省,制造业,专用设备制造业,0.555951778280543,1.6901078827010092,-3.7171919899060217,-0.9943238872258964,b
元生创投【元生创投三期人民币基金】（领投）,苏州工业园区元生创业投资管理有限公司【苏州工业园区新建元三期创业投资企业（有限合伙）】（领投）,元生私募基金,苏州元生私募基金管理合伙企业（有限合伙）,元生创投,苏州工业园区元生创业投资管理有限公司,元生创投三期人民币基金,苏州工业园区新建元三期创业投资企业（有限合伙）,伊鸿健康,湖南伊鸿健康科技有限公司,医疗健康，互联网医疗，生产制造，工具软件，移动互联网，大数据技术,生物技术/医疗健康|医疗设备,中国|湖南省|长沙市,创业投资,扩张期,2021-10-28,RMB,--,--,--,4.97,B+,林艺,701.52,110.14,--,制造业|专用设备制造业|医疗仪器设备及器械制造,制造业|机械、设备、仪表|专用设备制造业|医疗器械制造业,--,2021.xls,0,2021,湖南省,制造业,专用设备制造业,0.555951778280543,1.6901078827010092,-3.7171919899060217,-0.9943238872258964,b
诚信创投【广州信诚基金】,广州诚信创业投资有限公司【广州信诚股权投资基金合伙企业（有限合伙）】,诚信创投,广州诚信创业投资有限公司,--,--,广州信诚基金,广州信诚股权投资基金合伙企业（有限合伙）,科莱瑞迪,广州科莱瑞迪医疗器材股份有限公司,医疗健康，生产制造，材料,生物技术/医疗健康|医疗设备,中国|广东省|广州市,成长资本,成熟期,2020-01-17,RMB,9.00,9.00,1.42,1.64,老股权转让,--,550.20,79.88,--,制造业|专用设备制造业|医疗仪器设备及器械制造,制造业|机械、设备、仪表|专用设备制造业|医疗器械制造业,全国中小企业股份转让系统(新三板),2020.xls,0,2020,广东省,制造业,专用设备制造业,0.555951778280543,1.6901078827010092,-3.7171919899060217,-0.9943238872258964,b
华颖投资【华颖智慧物联基金】,海南华颖私募基金管理有限公司【安徽华颖智慧物联基金合伙企业（有限合伙）】,华颖投资,海南华颖私募基金管理有限公司,--,--,华颖智慧物联基金,安徽华颖智慧物联基金合伙企业（有限合伙）,闪量科技,深圳闪量科技有限公司,医疗健康，体外诊断，分子诊断，基因芯片,生物技术/医疗健康|医疗设备,中国|广东省|深圳市,天使投资,扩张期,2020-10-12,RMB,2.04,2.04,0.30,5.59,天使轮,--,36.52,5.39,--,制造业|专用设备制造业|医疗仪器设备及器械制造,制造业|机械、设备、仪表|专用设备制造业|医疗器械制造业,--,2020.xls,0,2020,广东省,制造业,专用设备制造业,0.555951778280543,1.6901078827010092,-3.7171919899060217,-0.9943238872258964,b
前海方舟【前海母基金】,前海方舟资产管理有限公司【前海股权投资基金（有限合伙）】,前海方舟,前海方舟资产管理有限公司,--,--,前海母基金,前海股权投资基金（有限合伙）,优德医疗,河南优德医疗设备股份有限公司,医疗健康，医疗设备，生产制造，医疗器械，机器人，康复训练,生物技术/医疗健康|医疗设备,中国|河南省|开封市,创业投资,成熟期,2020-01-19,RMB,1.96,1.96,0.28,--,B,靳海涛,--,--,--,制造业|专用设备制造业|医疗仪器设备及器械制造,制造业|机械、设备、仪表|专用设备制造业|医疗器械制造业,全国中小企业股份转让系统(新三板),2020.xls,0,2020,河南省,制造业,专用设备制造业,0.555951778280543,1.6901078827010092,-3.7171919899060217,-0.9943238872258964,b
海邦投资【海邦生物医疗基金一期】,海邦投资【杭州海邦药谷从正创业投资合伙企业（有限合伙）】,浙江海邦投资,浙江海邦投资管理有限公司,--,--,海邦生物医疗基金一期,杭州海邦药谷从正创业投资合伙企业（有限合伙）,德康医疗,浙江德康医疗器械有限公司,医疗健康，医疗设备，生产制造，医疗器械，高能耗材,生物技术/医疗健康|医疗设备,中国|浙江省|嘉兴市,天使投资,扩张期,2016-04-07,RMB,--,--,--,9.09,天使轮,--,--,--,--,制造业|专用设备制造业|医疗仪器设备及器械制造,制造业|机械、设备、仪表|专用设备制造业|医疗器械制造业,--,2016.xls,0,2016,浙江省,制造业,专用设备制造业,0.555951778280543,1.6901078827010092,-3.7171919899060217,-0.9943238872258964,b
大一资本【大一基金】,深圳前海大一投资基金管理有限公司【深圳市大一创业投资基金合伙企业（有限合伙）】,大一资本,深圳前海大一投资基金管理有限公司,--,--,大一基金,深圳市大一创业投资基金合伙企业（有限合伙）,健瑞宝,江苏健瑞宝医疗科技股份有限公司,医疗健康，医疗设备，生产制造，医疗器械,生物技术/医疗健康|医疗设备,中国|江苏省|常州市,创业投资,扩张期,2017-02-21,RMB,--,--,--,--,B,--,--,--,--,制造业|专用设备制造业|医疗仪器设备及器械制造,制造业|机械、设备、仪表|专用设备制造业|医疗器械制造业,全国中小企业股份转让系统(新三板),2017.xls,0,2017,江苏省,制造业,专用设备制造业,0.555951778280543,1.6901078827010092,-3.7171919899060217,-0.9943238872258964,b
元生创投【元生深圳天使基金】,苏州工业园区元生创业投资管理有限公司【深圳市元生天使创业投资合伙企业（有限合伙）】,深圳元浩投资,深圳元浩股权投资管理合伙企业（有限合伙）,元生创投,苏州工业园区元生创业投资管理有限公司,元生深圳天使基金,深圳市元生天使创业投资合伙企业（有限合伙）,柳叶刀机器人,深圳柳叶刀机器人有限公司,医疗健康，机器人，医疗设备，医用机器人,生物技术/医疗健康|医疗设备,中国|广东省|深圳市|宝安区,天使投资,种子期,2020-11-03,RMB,6.45,6.45,0.96,7.95,天使轮,--,97.00,14.47,--,制造业|专用设备制造业|医疗仪器设备及器械制造,制造业|机械、设备、仪表|专用设备制造业|医疗器械制造业,--,2020.xls,0,2020,广东省,制造业,专用设备制造业,0.555951778280543,1.6901078827010092,-3.7171919899060217,-0.9943238872258964,b
苏州相誉鑫投资【相城区双创双新基金】,苏州相誉鑫投资管理有限公司【苏州市相城区双创双新投资企业（有限合伙）】,苏州相誉鑫投资,苏州相誉鑫投资管理有限公司,--,--,相城区双创双新基金,苏州市相城区双创双新投资企业（有限合伙）,科阳半导体,苏州科阳半导体有限公司,电子元件，电子信息产业，光电，封装测试，芯片设计，芯片研发,半导体及电子设备|半导体|IC测试与封装,中国|江苏省|苏州市,创业投资,扩张期,2017-02-20,RMB,--,--,--,--,B,--,--,--,--,制造业|专用设备制造业|电子和电工机械专用设备制造|电子工业专用设备制造,制造业|机械、设备、仪表|专用设备制造业|其他专用设备制造业,--,2017.xls,1,2017,江苏省,制造业,专用设备制造业,0.555951778280543,1.6901078827010092,-3.7171919899060217,-0.9943238872258964,b
元生创投【新建元二期创业基金】,苏州工业园区元生创业投资管理有限公司【苏州工业园区新建元二期创业投资企业（有限合伙）】,元生私募基金,苏州元生私募基金管理合伙企业（有限合伙）,元生创投,苏州工业园区元生创业投资管理有限公司,新建元二期创业基金,苏州工业园区新建元二期创业投资企业（有限合伙）,帝迈生物,深圳市帝迈生物技术有限公司,医疗健康，医疗设备，体外诊断，生产制造，医疗器械，检验诊断器械,生物技术/医疗健康|医疗设备,中国|广东省|深圳市,--,扩张期,2017-01-18,RMB,55.00,55.00,8.63,--,B,陈杰,--,--,--,制造业|专用设备制造业|医疗仪器设备及器械制造,制造业|机械、设备、仪表|专用设备制造业|医疗器械制造业,--,2017.xls,0,2017,广东省,制造业,专用设备制造业,0.555951778280543,1.6901078827010092,-3.7171919899060217,-0.9943238872258964,b
九派创投【湖北九派创业基金】,武汉九派投资管理有限公司【湖北九派创业投资有限公司】,九派创投,武汉九派投资管理有限公司,--,--,湖北九派创业基金,湖北九派创业投资有限公司,互创联合,武汉互创联合科技有限公司,医疗健康，医疗设备,生物技术/医疗健康|医疗设备,中国|湖北省|武汉市|硚口区,--,初创期,2017-01-13,--,--,--,--,--,A,--,--,--,--,制造业|专用设备制造业|医疗仪器设备及器械制造,制造业|机械、设备、仪表|专用设备制造业|医疗器械制造业,--,2017.xls,0,2017,湖北省,制造业,专用设备制造业,0.555951778280543,1.6901078827010092,-3.7171919899060217,-0.9943238872258964,b
分享投资【深圳市享融创业基金】,深圳市分享成长投资管理有限公司【深圳市享融创业投资合伙企业（有限合伙）】,分享投资,深圳市分享成长投资管理有限公司,--,--,深圳市享融创业基金,深圳市享融创业投资合伙企业（有限合伙）,安迅医疗,深圳市安迅医疗器械科技有限公司,医疗健康，医疗器械,生物技术/医疗健康|医疗设备,中国|广东省|深圳市,天使投资,初创期,2021-09-24,RMB,--,--,--,3.22,天使轮,白文涛,76.41,11.83,--,制造业|专用设备制造业|医疗仪器设备及器械制造,制造业|机械、设备、仪表|专用设备制造业|医疗器械制造业,--,2021.xls,0,2021,广东省,制造业,专用设备制造业,0.555951778280543,1.6901078827010092,-3.7171919899060217,-0.9943238872258964,b
水木创投【水木领航基金】（领投）,北京水木国鼎投资管理有限公司【北京水木领航创业投资中心（有限合伙）】（领投）,水木华鼎,北京水木华鼎创业投资管理有限公司,水木创投,北京水木国鼎投资管理有限公司,水木领航基金,北京水木领航创业投资中心（有限合伙）,曦健科技,北京曦健科技有限公司,医疗健康，医疗器械，仪器设备,生物技术/医疗健康|医疗设备,中国|北京市|大兴区,天使投资,种子期,2021-10-21,RMB,--,--,--,18.33,天使轮,吴勇,30.00,4.70,--,制造业|专用设备制造业|医疗仪器设备及器械制造,制造业|机械、设备、仪表|专用设备制造业|医疗器械制造业,--,2021.xls,0,2021,北京市,制造业,专用设备制造业,0.555951778280543,1.6901078827010092,-3.7171919899060217,-0.9943238872258964,b
拉萨鸿新资管【当涂鸿新】,拉萨鸿新资产管理有限公司【当涂鸿新文化产业基金（有限合伙）】,拉萨鸿新资管,拉萨鸿新资产管理有限公司,--,--,当涂鸿新,当涂鸿新文化产业基金（有限合伙）,瑞步康医疗科技,苏州瑞步康医疗科技有限公司,医疗器械，医疗健康，咨询服务，医用机器人，自动化,生物技术/医疗健康|医疗设备,中国|江苏省|苏州市,--,种子期,2016-05-19,RMB,--,--,--,--,--,--,--,--,--,制造业|专用设备制造业|医疗仪器设备及器械制造,制造业|机械、设备、仪表|专用设备制造业|医疗器械制造业,--,2016.xls,1,2016,江苏省,制造业,专用设备制造业,0.555951778280543,1.6901078827010092,-3.7171919899060217,-0.9943238872258964,b
余杭国投【余杭区产业发展引导基金】,杭州余杭国有资本投资运营集团有限公司【杭州余杭产业基金有限公司】,余杭国投,杭州余杭国有资本投资运营集团有限公司,--,--,余杭区产业发展引导基金,杭州余杭产业基金有限公司,法博激光,杭州法博激光科技有限公司,医疗健康，医疗设备，生产制造,生物技术/医疗健康|医疗设备,中国|浙江省|杭州市,创业投资,扩张期,2016-11-23,RMB,--,--,--,12.25,老股权转让,--,--,--,--,制造业|专用设备制造业|医疗仪器设备及器械制造,制造业|机械、设备、仪表|专用设备制造业|医疗器械制造业,--,2016.xls,0,2016,浙江省,制造业,专用设备制造业,0.555951778280543,1.6901078827010092,-3.7171919899060217,-0.9943238872258964,b
创东方投资【创东方富饶投资基金】,深圳市创东方投资有限公司【深圳市创东方富饶股权投资基金合伙企业（有限合伙）】,创东方投资,深圳市创东方投资有限公司,--,--,创东方富饶投资基金,深圳市创东方富饶股权投资基金合伙企业（有限合伙）,美好医疗,深圳市美好创亿医疗科技股份有限公司,医疗健康，医疗器械,生物技术/医疗健康|医疗设备,中国|广东省|深圳市|龙岗区,成长资本,扩张期,2019-12-18,RMB,33.60,33.60,4.67,1.37,Pre-IPO,--,"2,454.31",350.77,--,制造业|专用设备制造业|医疗仪器设备及器械制造,制造业|机械、设备、仪表|专用设备制造业|医疗器械制造业,深圳证券交易所创业板,2019.xls,0,2019,广东省,制造业,专用设备制造业,0.555951778280543,1.6901078827010092,-3.7171919899060217,-0.9943238872258964,b
金浦投资【上海金浦并购基金】,金浦产业投资基金管理有限公司【上海金浦国调并购股权投资基金合伙企业（有限合伙）】,上海金浦创新投资,上海金浦创新股权投资管理有限公司,金浦投资,金浦产业投资基金管理有限公司,上海金浦并购基金,上海金浦国调并购股权投资基金合伙企业（有限合伙）,天益医疗,宁波天益医疗器械股份有限公司,医疗健康，生产制造，医用耗材，护理设备，医疗器械，材料，高分子材料,生物技术/医疗健康|医疗设备,中国|浙江省|宁波市,成长资本,成熟期,2019-12-19,RMB,50.00,50.00,7.84,5.00,A,--,"1,000.00",142.81,--,制造业|专用设备制造业|医疗仪器设备及器械制造,制造业|机械、设备、仪表|专用设备制造业|医疗器械制造业,深圳证券交易所创业板,2019.xls,0,2019,浙江省,制造业,专用设备制造业,0.555951778280543,1.6901078827010092,-3.7171919899060217,-0.9943238872258964,b
济南产发基金【济南产投资基金】,济南产业发展基金管理有限公司【济南产业发展投资基金合伙企业（有限合伙）】,济南产发基金,济南产业发展基金管理有限公司,--,--,济南产投资基金,济南产业发展投资基金合伙企业（有限合伙）,赛克赛斯,赛克赛斯生物科技股份有限公司,材料，生物材料，医疗器械,生物技术/医疗健康|医疗设备,中国|山东省|济南市|历下区,成长资本,成熟期,2021-10-11,RMB,1.40,1.40,0.22,40.00,Pre-IPO,孟新,--,--,--,制造业|专用设备制造业|医疗仪器设备及器械制造,制造业|机械、设备、仪表|专用设备制造业|医疗器械制造业,--,2021.xls,0,2021,山东省,制造业,专用设备制造业,0.555951778280543,1.6901078827010092,-3.7171919899060217,-0.9943238872258964,b
远毅资本【远毅一期人民币基金】,宁波远毅投资管理有限公司【苏州远毅智源股权投资合伙企业（有限合伙）】,苏州松毅创投,苏州松毅创业投资管理有限公司,远毅资本,宁波远毅投资管理有限公司,远毅一期人民币基金,苏州远毅智源股权投资合伙企业（有限合伙）,魅丽纬叶,上海魅丽纬叶医疗科技有限公司,医疗健康，医疗器械,生物技术/医疗健康|医疗设备,中国|上海市|徐汇区,天使投资,扩张期,2016-11-24,RMB,--,--,--,--,天使轮,--,--,--,--,制造业|专用设备制造业|医疗仪器设备及器械制造,制造业|机械、设备、仪表|专用设备制造业|医疗器械制造业,--,2016.xls,0,2016,上海市,制造业,专用设备制造业,0.555951778280543,1.6901078827010092,-3.7171919899060217,-0.9943238872258964,b
长江产业投资集团【湖北高富信创业基金】,长江产业投资集团有限公司【湖北高富信创业投资有限公司】,高成创业,武汉高成创业投资管理有限公司,湖北高投集团,湖北省高新产业投资集团有限公司,湖北高富信创业基金,湖北高富信创业投资有限公司,迪艾斯科技,武汉迪艾斯科技有限公司,企业服务，金融,生物技术/医疗健康|医疗设备,中国|湖北省|武汉市|江汉区,--,扩张期,2016-10-11,RMB,5.00,5.00,0.75,--,B,周爱清,--,--,--,制造业|专用设备制造业|医疗仪器设备及器械制造,制造业|机械、设备、仪表|专用设备制造业|医疗器械制造业,--,2016.xls,0,2016,湖北省,制造业,专用设备制造业,0.555951778280543,1.6901078827010092,-3.7171919899060217,-0.9943238872258964,b
北极光创投【北极光人民币基金四期】,北极光创投【苏州极创欣源创业投资合伙企业（有限合伙）】,同源创业,苏州同源创业投资管理有限公司,北极光创投,北极光创投,北极光人民币基金四期,苏州极创欣源创业投资合伙企业（有限合伙）,博思得电气,苏州博思得电气有限公司,医疗健康，生产制造，船舶零部件制造，医疗器械，企业服务，电源,生物技术/医疗健康|医疗设备,中国|江苏省|苏州市,成长资本,扩张期,2021-10-13,RMB,--,--,--,1.57,A,--,--,--,--,制造业|专用设备制造业|医疗仪器设备及器械制造,制造业|机械、设备、仪表|专用设备制造业|医疗器械制造业,--,2021.xls,0,2021,江苏省,制造业,专用设备制造业,0.555951778280543,1.6901078827010092,-3.7171919899060217,-0.9943238872258964,b
水木创投【水木扬帆基金】,北京水木国鼎投资管理有限公司【北京水木扬帆创业投资中心（有限合伙）】,水木创投,北京水木国鼎投资管理有限公司,--,--,水木扬帆基金,北京水木扬帆创业投资中心（有限合伙）,清影华康,北京清影华康科技有限公司,医疗健康，医疗影像，脑疾病,生物技术/医疗健康|医疗设备,中国|北京市|海淀区,--,种子期,2016-09-06,--,--,--,--,15.00,天使轮,--,--,--,--,制造业|专用设备制造业|医疗仪器设备及器械制造,制造业|机械、设备、仪表|专用设备制造业|医疗器械制造业,--,2016.xls,0,2016,北京市,制造业,专用设备制造业,0.555951778280543,1.6901078827010092,-3.7171919899060217,-0.9943238872258964,b
深创投【广东红土基金】,深圳市创新投资集团有限公司【广东红土创业投资有限公司】,广东红土创投,广东红土创业投资管理有限公司,深创投,深圳市创新投资集团有限公司,广东红土基金,广东红土创业投资有限公司,迈瑞医疗,深圳迈瑞生物医疗电子股份有限公司,医疗健康，医疗器械,生物技术/医疗健康|医疗设备,中国|广东省|深圳市,--,成熟期,2016-12-01,RMB,39.49,39.49,5.74,0.09,C,--,"51,324.28","7,453.10",--,制造业|专用设备制造业|医疗仪器设备及器械制造,制造业|机械、设备、仪表|专用设备制造业|医疗器械制造业,纽约证券交易所，深圳证券交易所创业板，纽约证券交易所,2016.xls,0,2016,广东省,制造业,专用设备制造业,0.555951778280543,1.6901078827010092,-3.7171919899060217,-0.9943238872258964,b
深创投【广东红土基金】,深圳市创新投资集团有限公司【广东红土创业投资有限公司】,广东红土创投,广东红土创业投资管理有限公司,深创投,深圳市创新投资集团有限公司,广东红土基金,广东红土创业投资有限公司,普门科技,深圳普门科技股份有限公司,医疗健康，医疗设备，生产制造，医疗器械,生物技术/医疗健康|医疗设备,中国|广东省|深圳市,成长资本,扩张期,2016-12-01,RMB,10.00,10.00,1.46,0.50,A,倪泽望,"1,619.88",235.23,--,制造业|专用设备制造业|医疗仪器设备及器械制造,制造业|机械、设备、仪表|专用设备制造业|医疗器械制造业,上海证券交易所科创板,2016.xls,0,2016,广东省,制造业,专用设备制造业,0.555951778280543,1.6901078827010092,-3.7171919899060217,-0.9943238872258964,b
蓝湾资本【仙居蓝湾生命健康基金】,蓝湾科创资本集团【仙居蓝湾健康产业投资合伙企业（有限合伙）】,蓝湾创投,南通蓝湾创业投资管理有限公司,蓝湾资本,蓝湾科创资本集团,仙居蓝湾生命健康基金,仙居蓝湾健康产业投资合伙企业（有限合伙）,仙居行至,仙居行至科技有限公司,医疗器械,生物技术/医疗健康|医疗设备,中国|浙江省|台州市|仙居县,天使投资,种子期,2020-10-21,RMB,--,--,--,--,天使轮,--,--,--,--,制造业|专用设备制造业|医疗仪器设备及器械制造,制造业|机械、设备、仪表|专用设备制造业|医疗器械制造业,--,2020.xls,1,2020,浙江省,制造业,专用设备制造业,0.555951778280543,1.6901078827010092,-3.7171919899060217,-0.9943238872258964,b
长江产业投资集团【湖北高金生物科技创投基金】,长江产业投资集团有限公司【湖北高金生物科技创业投资基金合伙企业（有限合伙）】,湖北高金,湖北高金投资管理有限公司,湖北高投集团,湖北省高新产业投资集团有限公司,湖北高金生物科技创投基金,湖北高金生物科技创业投资基金合伙企业（有限合伙）,奇致激光,武汉奇致激光技术股份有限公司,医疗健康，医疗设备，生产制造，光电,生物技术/医疗健康|医疗设备,中国|湖北省|武汉市,新三板定增,成熟期,2016-12-15,RMB,34.50,34.50,5.00,5.00,新三板定增,周爱清,690.00,100.01,--,制造业|专用设备制造业|医疗仪器设备及器械制造,制造业|机械、设备、仪表|专用设备制造业|医疗器械制造业,全国中小企业股份转让系统(新三板),2016.xls,0,2016,湖北省,制造业,专用设备制造业,0.555951778280543,1.6901078827010092,-3.7171919899060217,-0.9943238872258964,b
赛富投资基金【厦门赛富股权投资基金】,赛富亚洲投资基金管理公司【厦门赛富股权投资合伙企业（有限合伙）】,赛富盛元,天津赛富盛元投资管理中心（有限合伙）,赛富投资基金,赛富亚洲投资基金管理公司,厦门赛富股权投资基金,厦门赛富股权投资合伙企业（有限合伙）,飞渡医疗,南京飞渡医疗器械有限公司,医疗健康，医疗设备，生产制造，医疗器械,生物技术/医疗健康|医疗设备,中国|北京市|朝阳区,--,成熟期,2016-05-09,RMB,70.00,70.00,10.77,20.00,B,--,350.00,53.86,--,制造业|专用设备制造业|医疗仪器设备及器械制造,制造业|机械、设备、仪表|专用设备制造业|医疗器械制造业,--,2016.xls,0,2016,北京市,制造业,专用设备制造业,0.555951778280543,1.6901078827010092,-3.7171919899060217,-0.9943238872258964,b
中亿投资【苏州工业园区中亿明源创业投资】,苏州工业园区中亿明源创业投资管理有限公司【苏州工业园区中亿明源创业投资中心（有限合伙）】,中亿投资,苏州工业园区中亿明源创业投资管理有限公司,--,--,苏州工业园区中亿明源创业投资,苏州工业园区中亿明源创业投资中心（有限合伙）,瑞奇外科,天津瑞奇外科器械股份有限公司,医疗健康，生产制造，医疗器械，手术器械,生物技术/医疗健康|医疗设备,中国|天津市|滨海新区,创业投资,扩张期,2016-12-19,RMB,5.00,5.00,0.72,--,B,--,--,--,--,制造业|专用设备制造业|医疗仪器设备及器械制造,制造业|机械、设备、仪表|专用设备制造业|医疗器械制造业,--,2016.xls,0,2016,天津市,制造业,专用设备制造业,0.555951778280543,1.6901078827010092,-3.7171919899060217,-0.9943238872258964,b
深创投【坪山区红土创新发展创投】,深圳市创新投资集团有限公司【深圳市坪山区红土创新发展创业投资有限公司】,深创投红土股权投资,深创投红土私募股权投资基金管理（深圳）有限公司,深创投,深圳市创新投资集团有限公司,坪山区红土创新发展创投,深圳市坪山区红土创新发展创业投资有限公司,亚辉龙,深圳市亚辉龙生物科技股份有限公司,医疗健康，医疗服务，医疗设备，体外诊断，医疗器械，诊断试剂，检验诊断器械，医疗分析仪器,生物技术/医疗健康|医疗设备,中国|广东省|深圳市,成长资本,扩张期,2016-12-23,RMB,10.00,10.00,1.39,0.40,A,倪泽望,"2,500.00",359.86,--,制造业|专用设备制造业|医疗仪器设备及器械制造,制造业|机械、设备、仪表|专用设备制造业|医疗器械制造业,上海证券交易所科创板,2016.xls,0,2016,广东省,制造业,专用设备制造业,0.555951778280543,1.6901078827010092,-3.7171919899060217,-0.9943238872258964,b
上汽投资【长三角产业升级股权投资基金】,上海汽车集团股权投资有限公司【上海长三角产业升级股权投资合伙企业（有限合伙）】,恒旭资本,上海上汽恒旭投资管理有限公司,上汽投资,上海汽车集团股权投资有限公司,长三角产业升级股权投资基金,上海长三角产业升级股权投资合伙企业（有限合伙）,纳米维景,北京纳米维景科技有限公司,医疗健康，医疗影像，3D成像，医疗器械，综合性软件，通用类企业服务,生物技术/医疗健康|医疗设备,中国|北京市|海淀区,成长资本,扩张期,2021-10-21,RMB,--,--,--,1.12,C,陆永涛,--,--,--,制造业|专用设备制造业|医疗仪器设备及器械制造,制造业|机械、设备、仪表|专用设备制造业|医疗器械制造业,--,2021.xls,1,2021,北京市,制造业,专用设备制造业,0.555951778280543,1.6901078827010092,-3.7171919899060217,-0.9943238872258964,b
金石投资【金石翊康】,金石投资有限公司【金石翊康股权投资（杭州）合伙企业（有限合伙）】,金石沣汭,金石沣汭投资管理（杭州）有限公司,金石投资,金石投资有限公司,金石翊康,金石翊康股权投资（杭州）合伙企业（有限合伙）,华大智造,深圳华大智造科技股份有限公司,医疗健康，医疗影像，体外诊断，基因测序仪，测序辅助平台,生物技术/医疗健康|医疗设备,中国|广东省|深圳市|盐田区,成长资本,扩张期,2020-01-09,RMB,33.62,33.62,4.72,0.20,A,--,"16,915.30","2,433.96",--,制造业|专用设备制造业|医疗仪器设备及器械制造,制造业|机械、设备、仪表|专用设备制造业|医疗器械制造业,上海证券交易所科创板,2020.xls,0,2020,广东省,制造业,专用设备制造业,0.555951778280543,1.6901078827010092,-3.7171919899060217,-0.9943238872258964,b
两江资本【两江新区战略性新兴产业基金】,重庆两江股权投资基金管理有限公司【重庆两江新区战略性新兴产业股权投资基金合伙企业（有限合伙）】,两江资本,重庆两江股权投资基金管理有限公司,--,--,两江新区战略性新兴产业基金,重庆两江新区战略性新兴产业股权投资基金合伙企业（有限合伙）,博奥新景,重庆博奥新景医学科技有限公司,自动化，诊断试剂,生物技术/医疗健康|医疗设备,中国|重庆市,天使投资,种子期,2016-12-31,RMB,--,--,--,31.70,种子轮,--,--,--,--,制造业|专用设备制造业|医疗仪器设备及器械制造,制造业|机械、设备、仪表|专用设备制造业|医疗器械制造业,--,2016.xls,1,2016,重庆市,制造业,专用设备制造业,0.555951778280543,1.6901078827010092,-3.7171919899060217,-0.9943238872258964,b
中信医疗基金【青岛中信医疗产业基金】,中信医疗健康股权投资私募基金管理（北京）有限公司【青岛信鸿创业投资合伙企业（有限合伙）】,中信医疗基金,中信医疗健康股权投资私募基金管理（北京）有限公司,--,--,青岛中信医疗产业基金,青岛信鸿创业投资合伙企业（有限合伙）,益超医疗,上海益超医疗器械有限公司,医疗健康，医疗设备，生产制造，医疗器械，手术器械，微创器械,生物技术/医疗健康|医疗设备,中国|上海市|浦东新区,创业投资,扩张期,2020-10-19,RMB,10.00,10.00,1.55,5.33,A,--,187.62,27.86,--,制造业|专用设备制造业|医疗仪器设备及器械制造,制造业|机械、设备、仪表|专用设备制造业|医疗器械制造业,--,2020.xls,0,2020,上海市,制造业,专用设备制造业,0.555951778280543,1.6901078827010092,-3.7171919899060217,-0.9943238872258964,b
涌铧投资【涌诚医药产业基金】,上海涌铧投资管理有限公司【连云港涌诚股权投资合伙企业（有限合伙）】,涌铧投资,上海涌铧投资管理有限公司,--,--,涌诚医药产业基金,连云港涌诚股权投资合伙企业（有限合伙）,东方生物,浙江东方基因生物制品股份有限公司,医疗健康，医疗服务，生产制造，诊断试剂，体外诊断,生物技术/医疗健康|医疗设备,中国|浙江省|湖州市,--,成熟期,2016-06-24,USD,1.55,10.18,1.55,--,其他,--,--,--,--,制造业|专用设备制造业|医疗仪器设备及器械制造,制造业|机械、设备、仪表|专用设备制造业|医疗器械制造业,上海证券交易所科创板,2016.xls,1,2016,浙江省,制造业,专用设备制造业,0.555951778280543,1.6901078827010092,-3.7171919899060217,-0.9943238872258964,b
元生创投【新建元二期创业基金】,苏州工业园区元生创业投资管理有限公司【苏州工业园区新建元二期创业投资企业（有限合伙）】,元生私募基金,苏州元生私募基金管理合伙企业（有限合伙）,元生创投,苏州工业园区元生创业投资管理有限公司,新建元二期创业基金,苏州工业园区新建元二期创业投资企业（有限合伙）,华脉泰科,北京华脉泰科医疗器械股份有限公司,医疗健康，医疗设备，生产制造，心血管，高能耗材,生物技术/医疗健康|医疗设备,中国|北京市|大兴区,--,扩张期,2017-01-04,RMB,--,--,--,3.82,B,--,--,--,--,制造业|专用设备制造业|医疗仪器设备及器械制造,制造业|机械、设备、仪表|专用设备制造业|医疗器械制造业,--,2017.xls,0,2017,北京市,制造业,专用设备制造业,0.555951778280543,1.6901078827010092,-3.7171919899060217,-0.9943238872258964,b
普华资本【绍兴普华震元创业投资】（领投）,浙江普华天勤股权投资管理有限公司【绍兴普华震元创业投资合伙企业（有限合伙）】（领投）,普华资本,浙江普华天勤股权投资管理有限公司,--,--,绍兴普华震元创业投资,绍兴普华震元创业投资合伙企业（有限合伙）,云芯,成都云芯医联科技有限公司,医疗健康，物联网，医疗检测，数字医疗，基因芯片，芯片研发,生物技术/医疗健康|医疗设备,中国|四川省|成都市|金牛区,创业投资,初创期,2021-10-23,RMB,--,--,--,2.00,A,周密,166.67,26.03,--,制造业|专用设备制造业|医疗仪器设备及器械制造,制造业|机械、设备、仪表|专用设备制造业|医疗器械制造业,--,2021.xls,0,2021,四川省,制造业,专用设备制造业,0.555951778280543,1.6901078827010092,-3.7171919899060217,-0.9943238872258964,b
前海方舟【前海母基金】,前海方舟资产管理有限公司【前海股权投资基金（有限合伙）】,前海方舟,前海方舟资产管理有限公司,--,--,前海母基金,前海股权投资基金（有限合伙）,视达佳,天津视达佳科技有限公司,医疗健康，生产制造，塑形，理疗仪器,生物技术/医疗健康|医疗设备,中国|天津市|武清区,创业投资,扩张期,2020-01-09,RMB,1.34,1.34,0.19,--,Pre-A,靳海涛,--,--,--,制造业|专用设备制造业|医疗仪器设备及器械制造,制造业|机械、设备、仪表|专用设备制造业|医疗器械制造业,--,2020.xls,0,2020,天津市,制造业,专用设备制造业,0.555951778280543,1.6901078827010092,-3.7171919899060217,-0.9943238872258964,b
分享投资【分享精准医疗基金】,深圳市分享成长投资管理有限公司【深圳市分享精准医疗投资合伙企业（有限合伙）】,分享投资,深圳市分享成长投资管理有限公司,--,--,分享精准医疗基金,深圳市分享精准医疗投资合伙企业（有限合伙）,家鸿口腔,深圳市家鸿口腔医疗股份有限公司,医疗健康，生产制造，医疗器械，专科医疗，技术研发,生物技术/医疗健康|医疗设备,中国|广东省|深圳市,新三板定增,成熟期,2017-01-05,RMB,19.11,19.11,2.95,1.66,新三板定增,--,"1,148.53",165.68,--,制造业|专用设备制造业|医疗仪器设备及器械制造,制造业|机械、设备、仪表|专用设备制造业|医疗器械制造业,全国中小企业股份转让系统(新三板),2017.xls,0,2017,广东省,制造业,专用设备制造业,0.555951778280543,1.6901078827010092,-3.7171919899060217,-0.9943238872258964,b
普华资本【绍兴普华震元创业投资】,浙江普华天勤股权投资管理有限公司【绍兴普华震元创业投资合伙企业（有限合伙）】,普华资本,浙江普华天勤股权投资管理有限公司,--,--,绍兴普华震元创业投资,绍兴普华震元创业投资合伙企业（有限合伙）,普世利华科技,广州普世利华科技有限公司,分子诊断,生物技术/医疗健康|医疗设备,中国|广东省|广州市,成长资本,扩张期,2021-10-25,RMB,--,--,--,6.90,A,曹国熊,434.80,68.02,--,制造业|专用设备制造业|医疗仪器设备及器械制造,制造业|机械、设备、仪表|专用设备制造业|医疗器械制造业,--,2021.xls,0,2021,广东省,制造业,专用设备制造业,0.555951778280543,1.6901078827010092,-3.7171919899060217,-0.9943238872258964,b
中金资本【安阳战新产业基金】,中金资本运营有限公司【安阳战新产业投资基金（有限合伙）】,中金汇融,河南中金汇融私募基金管理有限公司,中金资本,中金资本运营有限公司,安阳战新产业基金,安阳战新产业投资基金（有限合伙）,湃生生物,北京湃生生物科技有限公司,医疗健康，医疗器械，医美整形,生物技术/医疗健康|医疗设备,中国|北京市|昌平区,--,扩张期,2020-10-15,--,--,--,--,--,A,--,--,--,--,制造业|专用设备制造业|医疗仪器设备及器械制造,制造业|机械、设备、仪表|专用设备制造业|医疗器械制造业,--,2020.xls,1,2020,北京市,制造业,专用设备制造业,0.555951778280543,1.6901078827010092,-3.7171919899060217,-0.9943238872258964,b
国投创合【合创同运中以创投基金】,国投创合基金管理有限公司【苏州合创同运中以创业投资合伙企业（有限合伙）】,国投创合（杭州）创业投资,国投创合（杭州）创业投资管理有限公司,国投创合,国投创合基金管理有限公司,合创同运中以创投基金,苏州合创同运中以创业投资合伙企业（有限合伙）,汇禾医疗,上海汇禾医疗科技股份有限公司,医疗健康，医疗设备，医疗器械,生物技术/医疗健康|医疗设备,中国|上海市|松江区,成长资本,初创期,2020-11-01,RMB,--,--,--,5.88,A,--,328.41,49.71,--,制造业|专用设备制造业|医疗仪器设备及器械制造,制造业|机械、设备、仪表|专用设备制造业|医疗器械制造业,--,2020.xls,0,2020,上海市,制造业,专用设备制造业,0.555951778280543,1.6901078827010092,-3.7171919899060217,-0.9943238872258964,b
国科嘉和【国科嘉和人民币成长三期基金】（领投）,国科嘉和（北京）投资管理有限公司【北京国科鼎智股权投资中心（有限合伙）】（领投）,国科嘉和,国科嘉和（北京）投资管理有限公司,--,--,国科嘉和人民币成长三期基金,北京国科鼎智股权投资中心（有限合伙）,赛宁生物,浙江赛宁生物科技有限公司,医疗健康，医疗器械,生物技术/医疗健康|医疗设备,中国|浙江省|台州市|仙居县,成长资本,扩张期,2021-10-14,RMB,--,--,--,8.57,A,陈洪武,--,--,--,制造业|专用设备制造业|医疗仪器设备及器械制造,制造业|机械、设备、仪表|专用设备制造业|医疗器械制造业,--,2021.xls,0,2021,浙江省,制造业,专用设备制造业,0.555951778280543,1.6901078827010092,-3.7171919899060217,-0.9943238872258964,b
点石创坚【点石点创医疗器械基金】,重庆点石创坚股权投资基金管理有限公司【重庆点石点创医疗器械股权投资基金合伙企业（有限合伙）】,点石创坚,重庆点石创坚股权投资基金管理有限公司,--,--,点石点创医疗器械基金,重庆点石点创医疗器械股权投资基金合伙企业（有限合伙）,沈德医疗,上海沈德无创时代医疗科技有限公司,医疗健康，医疗设备，医疗器械,生物技术/医疗健康|医疗设备,中国|上海市|徐汇区,成长资本,扩张期,2021-01-28,RMB,18.52,18.52,2.87,6.80,B,张明龙,272.33,42.11,--,制造业|专用设备制造业|医疗仪器设备及器械制造,制造业|机械、设备、仪表|专用设备制造业|医疗器械制造业,--,2021.xls,0,2021,上海市,制造业,专用设备制造业,0.555951778280543,1.6901078827010092,-3.7171919899060217,-0.9943238872258964,b
元生创投【元生创投三期人民币基金】,苏州工业园区元生创业投资管理有限公司【苏州工业园区新建元三期创业投资企业（有限合伙）】,元生私募基金,苏州元生私募基金管理合伙企业（有限合伙）,元生创投,苏州工业园区元生创业投资管理有限公司,元生创投三期人民币基金,苏州工业园区新建元三期创业投资企业（有限合伙）,逗点生物,深圳逗点生物技术有限公司,医疗健康，生产制造,生物技术/医疗健康|医疗设备,中国|广东省|深圳市,成长资本,成熟期,2021-10-29,RMB,20.00,20.00,2.78,0.50,A,林艺,"4,000.00",625.40,--,制造业|专用设备制造业|医疗仪器设备及器械制造,制造业|机械、设备、仪表|专用设备制造业|医疗器械制造业,--,2021.xls,0,2021,广东省,制造业,专用设备制造业,0.555951778280543,1.6901078827010092,-3.7171919899060217,-0.9943238872258964,b
蓝湾资本【仙居蓝湾生命健康基金】,蓝湾科创资本集团【仙居蓝湾健康产业投资合伙企业（有限合伙）】,蓝湾创投,南通蓝湾创业投资管理有限公司,蓝湾资本,蓝湾科创资本集团,仙居蓝湾生命健康基金,仙居蓝湾健康产业投资合伙企业（有限合伙）,一影医疗,江苏一影医疗设备有限公司,医疗健康，医疗设备，医用机器人，成像设备,生物技术/医疗健康|医疗设备,中国|江苏省|南通市,创业投资,初创期,2020-08-01,RMB,3.50,3.50,0.52,--,A,--,--,--,--,制造业|专用设备制造业|医疗仪器设备及器械制造,制造业|机械、设备、仪表|专用设备制造业|医疗器械制造业,--,2020.xls,1,2020,江苏省,制造业,专用设备制造业,0.555951778280543,1.6901078827010092,-3.7171919899060217,-0.9943238872258964,b
高特佳投资【合肥高特佳创投（高特佳融辉和高特佳永辉）】,深圳市高特佳投资集团有限公司【合肥高特佳创业投资有限责任公司】,高特佳投资,深圳市高特佳投资集团有限公司,--,--,合肥高特佳创投（高特佳融辉和高特佳永辉）,合肥高特佳创业投资有限责任公司,贝斯达,深圳市贝斯达医疗股份有限公司,医疗健康，医疗影像，医疗器械，企业服务，医药,生物技术/医疗健康|医疗设备,中国|广东省|深圳市,--,成熟期,2011-05-20,RMB,25.52,25.52,3.93,4.00,A,--,638.00,98.18,--,制造业|专用设备制造业|医疗仪器设备及器械制造,制造业|机械、设备、仪表|专用设备制造业|医疗器械制造业,全国中小企业股份转让系统(新三板),2000-2012.xls,0,2011,广东省,制造业,专用设备制造业,0.555951778280543,1.6901078827010092,-3.7171919899060217,-0.9943238872258964,b
常春藤资本【常春藤股权投资基金】,上海常春藤投资有限公司【常春藤（常州）股权投资基金合伙企业（有限合伙）】,常春藤资本,上海常春藤投资有限公司,--,--,常春藤股权投资基金,常春藤（常州）股权投资基金合伙企业（有限合伙）,东软智睿,沈阳东软智睿放疗技术有限公司,医疗健康，医疗服务，医疗设备，医疗器械,生物技术/医疗健康|医疗设备,中国|辽宁省|沈阳市,成长资本,初创期,2020-06-01,RMB,30.00,30.00,4.21,9.60,A,施麒,303.67,42.58,--,制造业|专用设备制造业|医疗仪器设备及器械制造,制造业|机械、设备、仪表|专用设备制造业|医疗器械制造业,--,2020.xls,0,2020,辽宁省,制造业,专用设备制造业,0.555951778280543,1.6901078827010092,-3.7171919899060217,-0.9943238872258964,b
深创投【红土生物创投】,深圳市创新投资集团有限公司【深圳市红土生物创业投资有限公司】,深创投红土股权投资,深创投红土私募股权投资基金管理（深圳）有限公司,深创投,深圳市创新投资集团有限公司,红土生物创投,深圳市红土生物创业投资有限公司,微点生物,深圳微点生物技术股份有限公司,医疗健康，体外诊断，生产制造，基因芯片，生物芯片,生物技术/医疗健康|医疗设备,中国|广东省|深圳市,--,扩张期,2011-10-21,RMB,20.00,20.00,3.14,5.27,D,--,379.51,59.64,--,制造业|专用设备制造业|医疗仪器设备及器械制造,制造业|机械、设备、仪表|专用设备制造业|医疗器械制造业,全国中小企业股份转让系统(新三板),2000-2012.xls,0,2011,广东省,制造业,专用设备制造业,0.555951778280543,1.6901078827010092,-3.7171919899060217,-0.9943238872258964,b
倚锋创投【杭州向康倚锋创业投资】（领投）,深圳市倚锋创业投资有限公司【杭州向康倚锋创业投资合伙企业（有限合伙）】（领投）,倚锋资本,深圳市倚锋投资管理企业（有限合伙）,倚锋创投,深圳市倚锋创业投资有限公司,杭州向康倚锋创业投资,杭州向康倚锋创业投资合伙企业（有限合伙）,华迈医疗,杭州华迈医疗科技有限公司,医疗健康，医疗服务，生物材料，医疗器械,生物技术/医疗健康|医疗设备,中国|浙江省|杭州市|滨江区,创业投资,扩张期,2021-12-15,RMB,--,--,--,4.55,A,朱晋桥,659.55,103.55,--,制造业|专用设备制造业|医疗仪器设备及器械制造,制造业|机械、设备、仪表|专用设备制造业|医疗器械制造业,--,2021.xls,0,2021,浙江省,制造业,专用设备制造业,0.555951778280543,1.6901078827010092,-3.7171919899060217,-0.9943238872258964,b
博远资本【博远嘉昱创投基金】（领投）,博远资本【成都博远嘉昱创业投资合伙企业（有限合伙）】（领投）,博睿瑜业股权投资,博睿瑜业（上海）股权投资管理有限公司,博远资本,博远资本,博远嘉昱创投基金,成都博远嘉昱创业投资合伙企业（有限合伙）,逸思医疗,上海逸思医疗科技股份有限公司,医疗健康，医疗设备，医疗器械,生物技术/医疗健康|医疗设备,中国|上海市|浦东新区,成长资本,扩张期,2020-05-29,RMB,--,--,--,2.72,B,陈鹏辉,--,--,--,制造业|专用设备制造业|医疗仪器设备及器械制造,制造业|机械、设备、仪表|专用设备制造业|医疗器械制造业,--,2020.xls,0,2020,上海市,制造业,专用设备制造业,0.555951778280543,1.6901078827010092,-3.7171919899060217,-0.9943238872258964,b
张江科创【上海张科禾润生物医药创业投资】,上海张江科技创业投资有限公司【上海张科禾润生物医药创业投资合伙企业（有限合伙）】,张江科创,上海张江科技创业投资有限公司,--,--,上海张科禾润生物医药创业投资,上海张科禾润生物医药创业投资合伙企业（有限合伙）,奔曜科技,上海奔曜科技有限公司,医疗健康，机器人，自动化,生物技术/医疗健康|医疗设备,中国|上海市|浦东新区,创业投资,种子期,2021-12-13,RMB,5.00,5.00,0.70,--,Pre-A,--,380.02,59.20,--,制造业|专用设备制造业|医疗仪器设备及器械制造,制造业|机械、设备、仪表|专用设备制造业|医疗器械制造业,--,2021.xls,0,2021,上海市,制造业,专用设备制造业,0.555951778280543,1.6901078827010092,-3.7171919899060217,-0.9943238872258964,b
基石资本【领汇基石基金】,基石资产管理股份有限公司【深圳市领汇基石股权投资基金合伙企业（有限合伙）】,深圳领信基石投资,深圳市领信基石股权投资基金管理合伙企业（有限合伙）,基石资本,基石资产管理股份有限公司,领汇基石基金,深圳市领汇基石股权投资基金合伙企业（有限合伙）,麦科田,深圳麦科田生物医疗技术股份有限公司,医疗健康，医疗服务，医疗机构，通用类企业服务，生物医疗，体外诊断,生物技术/医疗健康|医疗设备,中国|广东省|深圳市,创业投资,扩张期,2020-08-11,RMB,--,--,--,--,B+,--,--,--,--,制造业|专用设备制造业|医疗仪器设备及器械制造,制造业|机械、设备、仪表|专用设备制造业|医疗器械制造业,--,2020.xls,0,2020,广东省,制造业,专用设备制造业,0.555951778280543,1.6901078827010092,-3.7171919899060217,-0.9943238872258964,b
普华资本【绍兴普华震元创业投资】（领投）,浙江普华天勤股权投资管理有限公司【绍兴普华震元创业投资合伙企业（有限合伙）】（领投）,普华资本,浙江普华天勤股权投资管理有限公司,--,--,绍兴普华震元创业投资,绍兴普华震元创业投资合伙企业（有限合伙）,华匠医学机器人,杭州华匠医学机器人有限公司,智能硬件,生物技术/医疗健康|医疗设备,中国|浙江省|杭州市|西湖区,成长资本,初创期,2021-12-16,RMB,--,--,--,4.88,A,沈琴华,409.84,65.04,--,制造业|专用设备制造业|医疗仪器设备及器械制造,制造业|机械、设备、仪表|专用设备制造业|医疗器械制造业,--,2021.xls,0,2021,浙江省,制造业,专用设备制造业,0.555951778280543,1.6901078827010092,-3.7171919899060217,-0.9943238872258964,b
深创投【红土医疗基金】,深圳市创新投资集团有限公司【深圳红土医疗健康产业股权投资基金合伙企业（有限合伙）】,深创投红土股权投资,深创投红土私募股权投资基金管理（深圳）有限公司,深创投,深圳市创新投资集团有限公司,红土医疗基金,深圳红土医疗健康产业股权投资基金合伙企业（有限合伙）,康盛医疗,山东康盛医疗器械股份有限公司,医疗健康，医疗设备，生产制造，医疗器械，材料,生物技术/医疗健康|医疗设备,中国|山东省|泰安市,创业投资,扩张期,2020-05-19,RMB,31.98,31.98,4.50,5.71,A,--,--,--,--,制造业|专用设备制造业|医疗仪器设备及器械制造,制造业|机械、设备、仪表|专用设备制造业|医疗器械制造业,--,2020.xls,0,2020,山东省,制造业,专用设备制造业,0.555951778280543,1.6901078827010092,-3.7171919899060217,-0.9943238872258964,b
毅达资本【江苏中小企业发展基金】,江苏毅达股权投资基金管理有限公司【江苏中小企业发展基金（有限合伙）】,毅达资本,江苏毅达股权投资基金管理有限公司,--,--,江苏中小企业发展基金,江苏中小企业发展基金（有限合伙）,速迈医疗,苏州速迈医学科技股份有限公司,医疗健康，医疗设备，生产制造，光学,生物技术/医疗健康|医疗设备,中国|江苏省|苏州市,创业投资,成熟期,2020-05-14,RMB,--,--,--,4.74,天使轮,--,380.00,53.62,--,制造业|专用设备制造业|医疗仪器设备及器械制造,制造业|机械、设备、仪表|专用设备制造业|医疗器械制造业,--,2020.xls,0,2020,江苏省,制造业,专用设备制造业,0.555951778280543,1.6901078827010092,-3.7171919899060217,-0.9943238872258964,b
余杭国投【余杭区产业发展引导基金】,杭州余杭国有资本投资运营集团有限公司【杭州余杭产业基金有限公司】,余杭国投,杭州余杭国有资本投资运营集团有限公司,--,--,余杭区产业发展引导基金,杭州余杭产业基金有限公司,程天科技,杭州程天科技发展有限公司,医疗健康，机器人，人工智能,生物技术/医疗健康|医疗设备,中国|浙江省|杭州市|余杭区,创业投资,扩张期,2020-05-14,RMB,--,--,--,1.35,其他,--,--,--,--,制造业|专用设备制造业|医疗仪器设备及器械制造,制造业|机械、设备、仪表|专用设备制造业|医疗器械制造业,--,2020.xls,0,2020,浙江省,制造业,专用设备制造业,0.555951778280543,1.6901078827010092,-3.7171919899060217,-0.9943238872258964,b
倚锋创投【深圳市倚锋九期创业基金】,深圳市倚锋创业投资有限公司【深圳市倚锋九期创业投资中心（有限合伙）】,倚锋资本,深圳市倚锋投资管理企业（有限合伙）,倚锋创投,深圳市倚锋创业投资有限公司,深圳市倚锋九期创业基金,深圳市倚锋九期创业投资中心（有限合伙）,核心医疗,深圳核心医疗科技股份有限公司,医疗健康，医疗器械,生物技术/医疗健康|医疗设备,中国|广东省|深圳市|南山区,创业投资,扩张期,2020-08-20,RMB,--,--,--,--,A,朱晋桥,--,--,--,制造业|专用设备制造业|医疗仪器设备及器械制造,制造业|机械、设备、仪表|专用设备制造业|医疗器械制造业,--,2020.xls,0,2020,广东省,制造业,专用设备制造业,0.555951778280543,1.6901078827010092,-3.7171919899060217,-0.9943238872258964,b
安龙基金【安龙基金二期】（领投）,北京安龙创业投资基金（有限合伙）【北京龙脉得创业投资基金（有限合伙）】（领投）,安龙基金,北京安龙创业投资基金（有限合伙）,--,--,安龙基金二期,北京龙脉得创业投资基金（有限合伙）,安钛克医疗,上海安钛克医疗科技有限公司,医疗健康，医疗设备，生产制造,生物技术/医疗健康|医疗设备,中国|上海市|浦东新区,创业投资,初创期,2020-05-12,RMB,20.00,20.00,2.83,10.00,B,吴跃鹏,200.00,28.26,--,制造业|专用设备制造业|医疗仪器设备及器械制造,制造业|机械、设备、仪表|专用设备制造业|医疗器械制造业,--,2020.xls,0,2020,上海市,制造业,专用设备制造业,0.555951778280543,1.6901078827010092,-3.7171919899060217,-0.9943238872258964,b
广发信德【广州广发信德健康创业投资基金】,广发信德投资管理有限公司【广州广发信德健康创业投资基金合伙企业（有限合伙）】,广发信德,广发信德投资管理有限公司,--,--,广州广发信德健康创业投资基金,广州广发信德健康创业投资基金合伙企业（有限合伙）,斯马特,成都斯马特科技有限公司,生产制造，诊断试剂，医疗健康，检验诊断器械，医疗器械，体外诊断，水处理设备，就业创业，POCT,生物技术/医疗健康|医疗设备,中国|四川省|成都市,创业投资,扩张期,2021-12-07,RMB,--,--,--,4.44,B,谢永元,--,--,--,制造业|专用设备制造业|医疗仪器设备及器械制造,制造业|机械、设备、仪表|专用设备制造业|医疗器械制造业,--,2021.xls,0,2021,四川省,制造业,专用设备制造业,0.555951778280543,1.6901078827010092,-3.7171919899060217,-0.9943238872258964,b
惠华基金【国家军民融合产业投资基金】,惠华基金管理有限公司【国家军民融合产业投资基金有限责任公司】,惠华基金,惠华基金管理有限公司,--,--,国家军民融合产业投资基金,国家军民融合产业投资基金有限责任公司,华强科技,湖北华强科技股份有限公司,生产制造，医药，防护装备，防护用品，橡塑制品,生物技术/医疗健康|医疗设备,中国|湖北省|宜昌市|西陵区,成长资本,成熟期,2021-12-06,RMB,99.50,99.50,13.74,0.82,基石投资,--,"12,100.74","1,899.59",60.14,制造业|专用设备制造业|医疗仪器设备及器械制造,制造业|机械、设备、仪表|专用设备制造业|医疗器械制造业,上海证券交易所科创板,2021.xls,1,2021,湖北省,制造业,专用设备制造业,0.555951778280543,1.6901078827010092,-3.7171919899060217,-0.9943238872258964,b
投控东海【深投控南科大天使基金】,深圳市投控东海投资有限公司【深圳市投控南科天使创业投资合伙企业（有限合伙）】,投控东海,深圳市投控东海投资有限公司,--,--,深投控南科大天使基金,深圳市投控南科天使创业投资合伙企业（有限合伙）,上泰生物,深圳上泰生物工程有限公司,医疗健康，体外诊断，诊断试剂，医疗服务，医疗器械，人工智能，仪器仪表，健康管理，精准医疗,生物技术/医疗健康|医疗设备,中国|广东省|深圳市|宝安区,创业投资,初创期,2020-08-24,RMB,--,--,--,3.13,A,--,--,--,--,制造业|专用设备制造业|医疗仪器设备及器械制造,制造业|机械、设备、仪表|专用设备制造业|医疗器械制造业,--,2020.xls,0,2020,广东省,制造业,专用设备制造业,0.555951778280543,1.6901078827010092,-3.7171919899060217,-0.9943238872258964,b
中卫基金【中卫基金】,上海中卫创业投资管理有限公司【上海中卫创业投资中心（有限合伙）】,中卫基金,上海中卫创业投资管理有限公司,--,--,中卫基金,上海中卫创业投资中心（有限合伙）,康众医疗,江苏康众数字医疗科技股份有限公司,生产制造，医疗设备,生物技术/医疗健康|医疗设备,中国|江苏省|苏州市|吴中区,创业投资,扩张期,2013-06-25,RMB,37.51,37.51,5.83,19.09,A,--,196.48,31.79,--,制造业|专用设备制造业|医疗仪器设备及器械制造,制造业|机械、设备、仪表|专用设备制造业|医疗器械制造业,上海证券交易所科创板,2013-2014.xls,0,2013,江苏省,制造业,专用设备制造业,0.555951778280543,1.6901078827010092,-3.7171919899060217,-0.9943238872258964,b
同创伟业【深圳市同创中科前海科控天使创业投资】,深圳同创伟业资产管理股份有限公司【深圳市同创中科前海科控天使创业投资合伙企业（有限合伙）】,同创锦绣,深圳同创锦绣资产管理有限公司,同创伟业,深圳同创伟业资产管理股份有限公司,深圳市同创中科前海科控天使创业投资,深圳市同创中科前海科控天使创业投资合伙企业（有限合伙）,领创医谷,北京领创医谷科技发展有限责任公司,医疗健康，医疗器械,生物技术/医疗健康|医疗设备,中国|北京市|丰台区,创业投资,扩张期,2020-08-13,RMB,--,--,--,--,天使轮,郑伟鹤,--,--,--,制造业|专用设备制造业|医疗仪器设备及器械制造,制造业|机械、设备、仪表|专用设备制造业|医疗器械制造业,--,2020.xls,0,2020,北京市,制造业,专用设备制造业,0.555951778280543,1.6901078827010092,-3.7171919899060217,-0.9943238872258964,b
创新工场【北京创新工场投资】,创新工场【北京创新工场投资中心（有限合伙）】,北京互联创新工场,北京互联创新工场投资管理有限公司,--,--,北京创新工场投资,北京创新工场投资中心（有限合伙）,糖护科技,北京糖护科技有限公司,医疗健康，糖尿病，移动互联网,生物技术/医疗健康|医疗设备,中国|北京市,--,种子期,2013-09-11,RMB,1.80,1.80,0.29,12.00,A,--,15.00,2.43,--,制造业|专用设备制造业|医疗仪器设备及器械制造,制造业|机械、设备、仪表|专用设备制造业|医疗器械制造业,--,2013-2014.xls,0,2013,北京市,制造业,专用设备制造业,0.555951778280543,1.6901078827010092,-3.7171919899060217,-0.9943238872258964,b
华犇创投【重庆华犇创投基金】,重庆华犇创业投资管理有限公司【重庆华犇电子信息创业投资中心（有限合伙）】,华犇创投,重庆华犇创业投资管理有限公司,--,--,重庆华犇创投基金,重庆华犇电子信息创业投资中心（有限合伙）,西山科技,重庆西山科技股份有限公司,医疗健康，医疗设备，生产制造，医疗器械，手术器械,生物技术/医疗健康|医疗设备,中国|重庆市|渝北区,创业投资,成熟期,2011-03-29,RMB,10.00,10.00,1.39,8.00,A,--,125.00,19.05,--,制造业|专用设备制造业|医疗仪器设备及器械制造,制造业|机械、设备、仪表|专用设备制造业|医疗器械制造业,上海证券交易所科创板，全国中小企业股份转让系统(新三板),2000-2012.xls,0,2011,重庆市,制造业,专用设备制造业,0.555951778280543,1.6901078827010092,-3.7171919899060217,-0.9943238872258964,b
创谷资本【中安旅游大健康产业基金】,安徽创谷股权投资基金管理有限公司【安徽省中安旅游大健康产业基金合伙企业（有限合伙）】,中安健康,安徽中安健康投资管理有限公司,创谷资本,安徽创谷股权投资基金管理有限公司,中安旅游大健康产业基金,安徽省中安旅游大健康产业基金合伙企业（有限合伙）,惠邦生物,安徽惠邦生物工程有限公司,医疗健康，医疗设备，体外诊断，生产制造，诊断试剂，医疗服务，医疗器械，精准医疗,生物技术/医疗健康|医疗设备,中国|安徽省|合肥市|蜀山区,创业投资,扩张期,2021-12-20,RMB,--,--,--,3.23,B+,刘路,--,--,--,制造业|专用设备制造业|医疗仪器设备及器械制造,制造业|机械、设备、仪表|专用设备制造业|医疗器械制造业,--,2021.xls,0,2021,安徽省,制造业,专用设备制造业,0.555951778280543,1.6901078827010092,-3.7171919899060217,-0.9943238872258964,b
锡创投【无锡市金程创投基金】,无锡市创新投资集团有限公司【无锡市金程创业投资有限公司】,无锡金投资本,无锡金投资本私募基金管理有限公司,锡创投,无锡市创新投资集团有限公司,无锡市金程创投基金,无锡市金程创业投资有限公司,红光股份,无锡红光微电子股份有限公司,电子元件，生产制造，封装测试，光电，芯片设计，垂直硬件，企业服务，放大三极管，开关三极管，SAT，复合三极管,半导体及电子设备|半导体|IC测试与封装,中国|江苏省|无锡市,--,种子期,2001-12-10,RMB,--,--,--,2.11,天使轮,--,--,--,--,制造业|专用设备制造业|电子和电工机械专用设备制造|电子工业专用设备制造,制造业|机械、设备、仪表|专用设备制造业|其他专用设备制造业,全国中小企业股份转让系统(新三板),2000-2012.xls,1,2001,江苏省,制造业,专用设备制造业,0.555951778280543,1.6901078827010092,-3.7171919899060217,-0.9943238872258964,b
青海开信投资【青海省中小企业发展基金】,青海开信私募投资基金管理有限公司【青海省中小企业发展基金（有限合伙）】,青海开信投资,青海开信私募投资基金管理有限公司,--,--,青海省中小企业发展基金,青海省中小企业发展基金（有限合伙）,普爱医疗,南京普爱医疗设备股份有限公司,医疗健康，医疗设备，生产制造，医疗器械，医疗影像,生物技术/医疗健康|医疗设备,中国|江苏省|南京市|江宁区,天使投资,种子期,2003-04-30,RMB,--,--,--,2.31,种子轮,--,--,--,--,制造业|专用设备制造业|医疗仪器设备及器械制造,制造业|机械、设备、仪表|专用设备制造业|医疗器械制造业,--,2000-2012.xls,1,2003,江苏省,制造业,专用设备制造业,0.555951778280543,1.6901078827010092,-3.7171919899060217,-0.9943238872258964,b
国科投资【国科瑞华三期】（领投）,中国科技产业投资管理有限公司【深圳市国科瑞华三期股权投资基金合伙企业（有限合伙）】（领投）,国科投资,中国科技产业投资管理有限公司,--,--,国科瑞华三期,深圳市国科瑞华三期股权投资基金合伙企业（有限合伙）,江苏科化,江苏中科科化新材料股份有限公司,新材料，企业服务，材料，贸易服务，芯片设计，微电子，光电,半导体及电子设备|半导体|IC测试与封装,中国|江苏省|泰州市|海陵区,成长资本,成熟期,2021-12-30,RMB,--,--,--,9.25,A,孙华,"1,070.81",165.77,--,制造业|专用设备制造业|电子和电工机械专用设备制造|电子工业专用设备制造,制造业|机械、设备、仪表|专用设备制造业|其他专用设备制造业,--,2021.xls,0,2021,江苏省,制造业,专用设备制造业,0.555951778280543,1.6901078827010092,-3.7171919899060217,-0.9943238872258964,b
泽泓子悦投资【杭州泽悦子宁创业投资】,宁波泽泓子悦投资管理有限公司【杭州泽悦子宁创业投资合伙企业（有限合伙）】,泽泓子悦投资,宁波泽泓子悦投资管理有限公司,--,--,杭州泽悦子宁创业投资,杭州泽悦子宁创业投资合伙企业（有限合伙）,恩盛医疗,上海恩盛医疗科技有限公司,医疗健康，医疗器械，高能耗材,生物技术/医疗健康|医疗设备,中国|上海市|奉贤区,成长资本,扩张期,2021-12-30,RMB,--,--,--,4.80,A,--,508.39,79.84,--,制造业|专用设备制造业|医疗仪器设备及器械制造,制造业|机械、设备、仪表|专用设备制造业|医疗器械制造业,--,2021.xls,0,2021,上海市,制造业,专用设备制造业,0.555951778280543,1.6901078827010092,-3.7171919899060217,-0.9943238872258964,b
博远资本【博远二期人民币基金】（领投）,博远资本【南京博睿嘉泰二期股权投资合伙企业（有限合伙）】（领投）,博睿瑜业股权投资,博睿瑜业（上海）股权投资管理有限公司,博远资本,博远资本,博远二期人民币基金,南京博睿嘉泰二期股权投资合伙企业（有限合伙）,神络医疗,杭州神络医疗科技有限公司,医疗健康，医疗器械,生物技术/医疗健康|医疗设备,中国|浙江省|杭州市|余杭区,创业投资,扩张期,2021-12-29,RMB,--,--,--,2.74,A,陈鹏辉,--,--,--,制造业|专用设备制造业|医疗仪器设备及器械制造,制造业|机械、设备、仪表|专用设备制造业|医疗器械制造业,--,2021.xls,0,2021,浙江省,制造业,专用设备制造业,0.555951778280543,1.6901078827010092,-3.7171919899060217,-0.9943238872258964,b
海达投资【正达创投基金】,天津海达创业投资管理有限公司【广州正达创业投资合伙企业（有限合伙）】,海达投资,天津海达创业投资管理有限公司,--,--,正达创投基金,广州正达创业投资合伙企业（有限合伙）,瑞通生物,广州瑞通生物科技有限公司,医疗健康，3D打印，医疗服务，生产制造，生物材料，专科医疗,生物技术/医疗健康|医疗设备,中国|广东省|广州市,创业投资,成熟期,2020-07-09,RMB,2.48,2.48,0.35,4.13,B+,陈巧,194.96,27.77,--,制造业|专用设备制造业|医疗仪器设备及器械制造,制造业|机械、设备、仪表|专用设备制造业|医疗器械制造业,--,2020.xls,0,2020,广东省,制造业,专用设备制造业,0.555951778280543,1.6901078827010092,-3.7171919899060217,-0.9943238872258964,b
合肥产投资本创投【合肥市产业投促创投基金一期】,合肥产投资本创业投资管理有限公司【合肥市产业投促创业投资基金一期合伙企业（有限合伙）】,合肥产投资本创投,合肥产投资本创业投资管理有限公司,--,--,合肥市产业投促创投基金一期,合肥市产业投促创业投资基金一期合伙企业（有限合伙）,锐世数字,合肥锐世数字科技有限公司,医疗健康，医疗影像,生物技术/医疗健康|医疗设备,中国|安徽省|合肥市,成长资本,扩张期,2021-12-28,RMB,--,--,--,1.75,A,李中亚,"1,428.57",212.38,--,制造业|专用设备制造业|医疗仪器设备及器械制造,制造业|机械、设备、仪表|专用设备制造业|医疗器械制造业,--,2021.xls,1,2021,安徽省,制造业,专用设备制造业,0.555951778280543,1.6901078827010092,-3.7171919899060217,-0.9943238872258964,b
凯辉基金【凯辉人民币成长基金一期】,凯辉私募股权投资基金【苏州凯辉成长投资基金合伙企业（有限合伙）】,湖北凯辉基金,湖北凯辉股权投资管理有限公司,凯辉基金,凯辉私募股权投资基金,凯辉人民币成长基金一期,苏州凯辉成长投资基金合伙企业（有限合伙）,港通医疗,四川港通医疗设备集团股份有限公司,医疗健康，医疗设备，生产制造，通用类企业服务,生物技术/医疗健康|医疗设备,中国|四川省|成都市,成长资本,成熟期,2020-06-30,RMB,47.06,47.06,6.58,4.98,老股权转让,--,945.00,133.46,--,制造业|专用设备制造业|医疗仪器设备及器械制造,制造业|机械、设备、仪表|专用设备制造业|医疗器械制造业,深圳证券交易所创业板,2020.xls,0,2020,四川省,制造业,专用设备制造业,0.555951778280543,1.6901078827010092,-3.7171919899060217,-0.9943238872258964,b
浙商创投【杭州启真未来创新基金】（领投）,浙商创投股份有限公司【杭州启真未来创新股权投资合伙企业（有限合伙）】（领投）,浙商创投,浙商创投股份有限公司,--,--,杭州启真未来创新基金,杭州启真未来创新股权投资合伙企业（有限合伙）,普罗亭,浙江普罗亭健康科技有限公司,医疗健康，生产制造，创新型保险，医药，企业服务,生物技术/医疗健康|医疗设备,中国|浙江省|杭州市|余杭区,天使投资,扩张期,2020-07-31,RMB,7.14,7.14,1.02,4.35,Pre-A,游向东,164.20,23.49,--,制造业|专用设备制造业|医疗仪器设备及器械制造,制造业|机械、设备、仪表|专用设备制造业|医疗器械制造业,--,2020.xls,0,2020,浙江省,制造业,专用设备制造业,0.555951778280543,1.6901078827010092,-3.7171919899060217,-0.9943238872258964,b
紫金科创【南京市新兴产业发展基金】,南京紫金科技创业投资有限公司【南京市产业发展基金有限公司】,南京紫金创投,南京紫金创投基金管理有限责任公司,紫金科创,南京紫金科技创业投资有限公司,南京市新兴产业发展基金,南京市产业发展基金有限公司,迪格诺斯,南京仁迈生物科技有限公司,医药，医疗设备，体外诊断，生产制造，医疗器械，诊断仪器，诊断试剂，医疗服务，医疗健康，分子诊断,生物技术/医疗健康|医疗设备,中国|江苏省|南京市,创业投资,扩张期,2020-07-20,RMB,--,--,--,1.67,A,--,--,--,--,制造业|专用设备制造业|医疗仪器设备及器械制造,制造业|机械、设备、仪表|专用设备制造业|医疗器械制造业,--,2020.xls,1,2020,江苏省,制造业,专用设备制造业,0.555951778280543,1.6901078827010092,-3.7171919899060217,-0.9943238872258964,b
深创投【福州市红土创业投资基金】,深圳市创新投资集团有限公司【福州市红土创业投资合伙企业（有限合伙）】,深创投红土股权投资,深创投红土私募股权投资基金管理（深圳）有限公司,深创投,深圳市创新投资集团有限公司,福州市红土创业投资基金,福州市红土创业投资合伙企业（有限合伙）,海沁医疗,武汉市海沁医疗科技有限公司,医疗服务，医疗健康，医疗器械,生物技术/医疗健康|医疗设备,中国|湖北省|武汉市,创业投资,扩张期,2021-12-24,RMB,--,--,--,2.50,A,倪泽望,400.00,60.30,--,制造业|专用设备制造业|医疗仪器设备及器械制造,制造业|机械、设备、仪表|专用设备制造业|医疗器械制造业,--,2021.xls,0,2021,湖北省,制造业,专用设备制造业,0.555951778280543,1.6901078827010092,-3.7171919899060217,-0.9943238872258964,b
国投创合【合创同运中以创投基金】（领投）,国投创合基金管理有限公司【苏州合创同运中以创业投资合伙企业（有限合伙）】（领投）,国投创合（杭州）创业投资,国投创合（杭州）创业投资管理有限公司,国投创合,国投创合基金管理有限公司,合创同运中以创投基金,苏州合创同运中以创业投资合伙企业（有限合伙）,深圳佰特微医疗,深圳佰特微医疗科技有限公司,医疗设备，医疗健康，医疗器械,生物技术/医疗健康|医疗设备,中国|广东省|深圳市|南山区,创业投资,种子期,2021-12-24,RMB,--,--,--,12.50,Pre-A,--,240.00,37.68,--,制造业|专用设备制造业|医疗仪器设备及器械制造,制造业|机械、设备、仪表|专用设备制造业|医疗器械制造业,--,2021.xls,0,2021,广东省,制造业,专用设备制造业,0.555951778280543,1.6901078827010092,-3.7171919899060217,-0.9943238872258964,b
雅惠投资【雅惠Ⅳ期】（领投）,北京雅惠资产管理有限公司【北京雅惠锦霖创业投资合伙企业（有限合伙）】（领投）,雅惠投资,北京雅惠资产管理有限公司,--,--,雅惠Ⅳ期,北京雅惠锦霖创业投资合伙企业（有限合伙）,心岭迈德,苏州心岭迈德医疗科技有限公司,医疗健康，医疗器械,生物技术/医疗健康|医疗设备,中国|江苏省|苏州市|吴中区,成长资本,初创期,2021-12-24,RMB,--,--,--,6.17,A,刘嘉运,--,--,--,制造业|专用设备制造业|医疗仪器设备及器械制造,制造业|机械、设备、仪表|专用设备制造业|医疗器械制造业,--,2021.xls,0,2021,江苏省,制造业,专用设备制造业,0.555951778280543,1.6901078827010092,-3.7171919899060217,-0.9943238872258964,b
协立投资【创熠劦律创投基金】,南京协立投资管理有限公司【南京创熠劦律创业投资合伙企业（有限合伙）】,苏州协立股权投资,苏州协立股权投资管理中心（有限合伙）,协立投资,南京协立投资管理有限公司,创熠劦律创投基金,南京创熠劦律创业投资合伙企业（有限合伙）,朗合医疗,常州朗合医疗器械有限公司,医疗健康，医疗设备，技术研发，医疗器械，机器人,生物技术/医疗健康|医疗设备,中国|江苏省|常州市|武进区,创业投资,扩张期,2020-07-21,RMB,--,--,--,--,A,--,--,--,--,制造业|专用设备制造业|医疗仪器设备及器械制造,制造业|机械、设备、仪表|专用设备制造业|医疗器械制造业,--,2020.xls,0,2020,江苏省,制造业,专用设备制造业,0.555951778280543,1.6901078827010092,-3.7171919899060217,-0.9943238872258964,b
浙江和度投资【泰安市清泰创新引领投资】,浙江中流私募基金管理有限公司【泰安市清泰创新引领投资合伙企业（有限合伙）】,浙江和度投资,浙江中流私募基金管理有限公司,--,--,泰安市清泰创新引领投资,泰安市清泰创新引领投资合伙企业（有限合伙）,泰安大陆医疗器械,泰安大陆医疗器械有限公司,医疗健康，医疗器械,生物技术/医疗健康|医疗设备,中国|山东省|泰安市|岱岳区,--,种子期,2010-10-15,RMB,--,--,--,15.00,其他,--,--,--,--,制造业|专用设备制造业|医疗仪器设备及器械制造,制造业|机械、设备、仪表|专用设备制造业|医疗器械制造业,--,2000-2012.xls,1,2010,山东省,制造业,专用设备制造业,0.555951778280543,1.6901078827010092,-3.7171919899060217,-0.9943238872258964,b
深创投【浙江红土创投】,深圳市创新投资集团有限公司【浙江红土创业投资有限公司】,红土创投,浙江红土创业投资管理有限公司,深创投,深圳市创新投资集团有限公司,浙江红土创投,浙江红土创业投资有限公司,丰汇医学,上海丰汇医学科技股份有限公司,医疗健康，医药，生产制造，化工,生物技术/医疗健康|医疗设备,中国|上海市,--,成熟期,2010-11-17,RMB,6.00,6.00,0.90,8.57,A,--,70.01,10.53,--,制造业|专用设备制造业|医疗仪器设备及器械制造,制造业|机械、设备、仪表|专用设备制造业|医疗器械制造业,全国中小企业股份转让系统(新三板),2000-2012.xls,0,2010,上海市,制造业,专用设备制造业,0.555951778280543,1.6901078827010092,-3.7171919899060217,-0.9943238872258964,b
深创投【深圳市人才创新创业一号基金】,深圳市创新投资集团有限公司【深圳市人才创新创业一号股权投资基金（有限合伙）】,广东红土创投,广东红土创业投资管理有限公司,深创投,深圳市创新投资集团有限公司,深圳市人才创新创业一号基金,深圳市人才创新创业一号股权投资基金（有限合伙）,明悦医疗,上海明悦医疗科技有限公司,医疗健康，医疗服务，医疗设备，生产制造，辅助生育，医疗器械,生物技术/医疗健康|医疗设备,中国|上海市|浦东新区,成长资本,初创期,2020-07-30,RMB,--,--,--,2.33,A,倪泽望,931.90,136.32,--,制造业|专用设备制造业|医疗仪器设备及器械制造,制造业|机械、设备、仪表|专用设备制造业|医疗器械制造业,--,2020.xls,0,2020,上海市,制造业,专用设备制造业,0.555951778280543,1.6901078827010092,-3.7171919899060217,-0.9943238872258964,b
天堂硅谷【天堂硅谷合胜创业】,天堂硅谷资产管理集团有限公司【浙江天堂硅谷合胜创业投资有限公司】,天堂硅谷,天堂硅谷资产管理集团有限公司,--,--,天堂硅谷合胜创业,浙江天堂硅谷合胜创业投资有限公司,济民医疗,济民健康管理股份有限公司,医疗健康，医药，生产制造，药品生产,生物技术/医疗健康|医疗设备,中国|浙江省|台州市,--,成熟期,2011-02-15,RMB,19.58,19.58,2.97,1.88,A,--,"1,041.13",157.92,--,制造业|专用设备制造业|医疗仪器设备及器械制造,制造业|机械、设备、仪表|专用设备制造业|医疗器械制造业,上海证券交易所主板,2000-2012.xls,0,2011,浙江省,制造业,专用设备制造业,0.555951778280543,1.6901078827010092,-3.7171919899060217,-0.9943238872258964,b
华睿投资【华睿医疗基金】,浙江华睿控股有限公司【浙江华睿医疗创业投资有限公司】,华睿投资,浙江富华睿银投资管理有限公司,华睿投资,浙江华睿控股有限公司,华睿医疗基金,浙江华睿医疗创业投资有限公司,共远科技,杭州共远科技有限公司,医疗健康，医疗设备，生产制造，机器人，家用机器人,生物技术/医疗健康|医疗设备,中国|浙江省,--,种子期,2009-02-19,RMB,--,--,--,--,天使轮,--,--,--,--,制造业|专用设备制造业|医疗仪器设备及器械制造,制造业|机械、设备、仪表|专用设备制造业|医疗器械制造业,--,2000-2012.xls,0,2009,浙江省,制造业,专用设备制造业,0.555951778280543,1.6901078827010092,-3.7171919899060217,-0.9943238872258964,b
国投创合【国投创合国家新兴产业引导基金】,国投创合基金管理有限公司【国投创合国家新兴产业创业投资引导基金（有限合伙）】,国投创合,国投创合基金管理有限公司,--,--,国投创合国家新兴产业引导基金,国投创合国家新兴产业创业投资引导基金（有限合伙）,心玮医疗,上海心玮医疗科技股份有限公司,医疗健康，医疗服务，医疗设备，医疗器械,生物技术/医疗健康|医疗设备,中国|上海市|浦东新区,成长资本,扩张期,2020-05-06,RMB,--,--,--,--,其他,--,887.70,125.79,--,制造业|专用设备制造业|医疗仪器设备及器械制造,制造业|机械、设备、仪表|专用设备制造业|医疗器械制造业,香港证券交易所主板,2020.xls,1,2020,上海市,制造业,专用设备制造业,0.555951778280543,1.6901078827010092,-3.7171919899060217,-0.9943238872258964,b
越秀产业基金【越秀华章产业基金】（领投）,广州越秀产业投资基金管理股份有限公司【广州越秀华章产业投资基金合伙企业（有限合伙）】（领投）,越秀产业基金,广州越秀产业投资基金管理股份有限公司,--,--,越秀华章产业基金,广州越秀华章产业投资基金合伙企业（有限合伙）,华鸿科技,天津华鸿科技股份有限公司,医疗健康，医疗设备，生产制造，医疗器械,生物技术/医疗健康|医疗设备,中国|天津市|滨海新区,成长资本,扩张期,2020-05-01,RMB,20.00,20.00,3.10,3.64,Pre-IPO,--,"7,812.50","1,101.16",--,制造业|专用设备制造业|医疗仪器设备及器械制造,制造业|机械、设备、仪表|专用设备制造业|医疗器械制造业,全国中小企业股份转让系统(新三板),2020.xls,0,2020,天津市,制造业,专用设备制造业,0.555951778280543,1.6901078827010092,-3.7171919899060217,-0.9943238872258964,b
深创投【东莞红土基金】,深圳市创新投资集团有限公司【东莞红土创业投资有限公司】,红土创业,东莞红土创业投资管理有限公司,深创投,深圳市创新投资集团有限公司,东莞红土基金,东莞红土创业投资有限公司,气派科技,气派科技股份有限公司,电子元件，光电，封装测试，芯片设计,半导体及电子设备|半导体|IC测试与封装,中国|广东省|东莞市,成长资本,扩张期,2013-12-24,RMB,10.34,10.34,1.43,1.78,A,张华,580.67,94.89,--,制造业|专用设备制造业|电子和电工机械专用设备制造|电子工业专用设备制造,制造业|机械、设备、仪表|专用设备制造业|其他专用设备制造业,上海证券交易所科创板,2013-2014.xls,0,2013,广东省,制造业,专用设备制造业,0.555951778280543,1.6901078827010092,-3.7171919899060217,-0.9943238872258964,b
合肥创新投【合肥市天使投资基金】,合肥市创新科技风险投资有限公司【合肥市天使投资基金有限公司】,合肥创新投,合肥市创新科技风险投资有限公司,--,--,合肥市天使投资基金,合肥市天使投资基金有限公司,悦芯科技,悦芯科技股份有限公司,电子元件，生产制造，光电，测试服务，封装测试，芯片设计,半导体及电子设备|半导体|IC测试与封装,中国|安徽省|合肥市,创业投资,扩张期,2020-04-03,RMB,1.54,1.54,0.22,2.00,A+,--,307.69,43.34,--,制造业|专用设备制造业|电子和电工机械专用设备制造|电子工业专用设备制造,制造业|机械、设备、仪表|专用设备制造业|其他专用设备制造业,--,2020.xls,1,2020,安徽省,制造业,专用设备制造业,0.555951778280543,1.6901078827010092,-3.7171919899060217,-0.9943238872258964,b
成都融汇大通投资【四川天河生物医药产业创业投资基金】,成都融汇大通股权投资基金管理有限公司【四川天河生物医药产业创业投资基金合伙企业（有限合伙）】,成都融汇大通投资,成都融汇大通股权投资基金管理有限公司,--,--,四川天河生物医药产业创业投资基金,四川天河生物医药产业创业投资基金合伙企业（有限合伙）,思瑞多医疗,成都思瑞多医疗科技有限公司,医疗健康，信息系统集成，信息技术，软件和信息技术，软件技术，互联网，互联网技术，医疗器械，软件开发,生物技术/医疗健康|医疗设备,中国|四川省|成都市|武侯区,创业投资,初创期,2020-09-16,RMB,--,--,--,15.00,A,--,--,--,--,制造业|专用设备制造业|医疗仪器设备及器械制造,制造业|机械、设备、仪表|专用设备制造业|医疗器械制造业,--,2020.xls,1,2020,四川省,制造业,专用设备制造业,0.555951778280543,1.6901078827010092,-3.7171919899060217,-0.9943238872258964,b
三正健康投资【叁正顺心投资】,三正健康投资管理（香港）有限公司【南京建邺叁正顺心股权投资合伙企业（有限合伙）】,三正厚德投资,南京建邺三正厚德投资管理有限公司,三正健康投资,三正健康投资管理（香港）有限公司,叁正顺心投资,南京建邺叁正顺心股权投资合伙企业（有限合伙）,精锋医疗,深圳市精锋医疗科技股份有限公司,医疗健康，智能硬件，人工智能，机器人，医疗服务，医疗设备，医用机器人，医疗器械,生物技术/医疗健康|医疗设备,中国|广东省|深圳市,创业投资,初创期,2020-04-01,RMB,1.70,1.70,0.24,1.83,A+,--,624.72,88.17,--,制造业|专用设备制造业|医疗仪器设备及器械制造,制造业|机械、设备、仪表|专用设备制造业|医疗器械制造业,--,2020.xls,0,2020,广东省,制造业,专用设备制造业,0.555951778280543,1.6901078827010092,-3.7171919899060217,-0.9943238872258964,b
长江资本【湖北新能源创投】,长江成长资本投资有限公司【湖北新能源创业投资基金有限公司】,湖北新能源投资,湖北新能源投资管理有限公司,长江资本,长江成长资本投资有限公司,湖北新能源创投,湖北新能源创业投资基金有限公司,四星玻璃,沧州四星玻璃股份有限公司,生产制造，玻璃，材料,生物技术/医疗健康|医疗设备,中国|河北省|沧州市,--,扩张期,2015-07-10,RMB,11.64,11.64,1.90,2.26,D,--,513.89,84.04,--,制造业|专用设备制造业|医疗仪器设备及器械制造,制造业|机械、设备、仪表|专用设备制造业|医疗器械制造业,全国中小企业股份转让系统(新三板),2015.xls,0,2015,河北省,制造业,专用设备制造业,0.555951778280543,1.6901078827010092,-3.7171919899060217,-0.9943238872258964,b
华登国际【华芯远景直投基金】,华登国际【义乌华芯远景创业投资中心（有限合伙）】,华芯原创青岛投资,华芯原创（青岛）投资管理有限公司,华登国际,华登国际,华芯远景直投基金,义乌华芯远景创业投资中心（有限合伙）,亿道信息,深圳市亿道信息股份有限公司,企业服务，智能家居，垂直硬件，数码设备，文体行业，智能设备生产商,半导体及电子设备|电子设备|电子工业专用设备制造,中国|广东省|深圳市,成长资本,成熟期,2020-09-17,RMB,39.00,39.00,5.69,4.06,A,--,960.00,141.54,--,制造业|专用设备制造业|电子和电工机械专用设备制造|电子工业专用设备制造,制造业|机械、设备、仪表|专用设备制造业|其他专用设备制造业,深圳证券交易所主板，全国中小企业股份转让系统(新三板),2020.xls,0,2020,广东省,制造业,专用设备制造业,0.555951778280543,1.6901078827010092,-3.7171919899060217,-0.9943238872258964,b
元生创投【元生创投三期人民币基金】,苏州工业园区元生创业投资管理有限公司【苏州工业园区新建元三期创业投资企业（有限合伙）】,元生私募基金,苏州元生私募基金管理合伙企业（有限合伙）,元生创投,苏州工业园区元生创业投资管理有限公司,元生创投三期人民币基金,苏州工业园区新建元三期创业投资企业（有限合伙）,博恩锐尔,江西博恩锐尔生物科技有限公司,医疗健康，生物材料，医疗器械，材料,生物技术/医疗健康|医疗设备,中国|江西省|南昌市,创业投资,初创期,2020-03-25,RMB,24.60,24.60,3.46,10.48,B,--,234.73,33.06,--,制造业|专用设备制造业|医疗仪器设备及器械制造,制造业|机械、设备、仪表|专用设备制造业|医疗器械制造业,--,2020.xls,0,2020,江西省,制造业,专用设备制造业,0.555951778280543,1.6901078827010092,-3.7171919899060217,-0.9943238872258964,b
元生创投【元生创投三期人民币基金】（领投）,苏州工业园区元生创业投资管理有限公司【苏州工业园区新建元三期创业投资企业（有限合伙）】（领投）,元生私募基金,苏州元生私募基金管理合伙企业（有限合伙）,元生创投,苏州工业园区元生创业投资管理有限公司,元生创投三期人民币基金,苏州工业园区新建元三期创业投资企业（有限合伙）,英途康,苏州英途康医疗科技有限公司,--,生物技术/医疗健康|医疗设备,中国|江苏省|苏州市,创业投资,扩张期,2020-03-25,RMB,--,--,--,4.75,C,--,--,--,--,制造业|专用设备制造业|医疗仪器设备及器械制造,制造业|机械、设备、仪表|专用设备制造业|医疗器械制造业,--,2020.xls,0,2020,江苏省,制造业,专用设备制造业,0.555951778280543,1.6901078827010092,-3.7171919899060217,-0.9943238872258964,b
博远资本【博远嘉昱创投基金】,博远资本【成都博远嘉昱创业投资合伙企业（有限合伙）】,博睿瑜业股权投资,博睿瑜业（上海）股权投资管理有限公司,博远资本,博远资本,博远嘉昱创投基金,成都博远嘉昱创业投资合伙企业（有限合伙）,瀚辰光翼,成都瀚辰光翼科技有限责任公司,医疗健康，医疗服务，医疗设备，体外诊断，农业，分子诊断，基因检测耗材,生物技术/医疗健康|医疗设备,中国|四川省|成都市,创业投资,扩张期,2020-03-24,RMB,--,--,--,9.03,A+,陈鹏辉,--,--,--,制造业|专用设备制造业|医疗仪器设备及器械制造,制造业|机械、设备、仪表|专用设备制造业|医疗器械制造业,--,2020.xls,0,2020,四川省,制造业,专用设备制造业,0.555951778280543,1.6901078827010092,-3.7171919899060217,-0.9943238872258964,b
辰德资本【辰德资本四期人民币基金】,上海甲辰投资有限公司【上海辰均德股权投资合伙企业（有限合伙）】,辰德资本,上海甲辰投资有限公司,--,--,辰德资本四期人民币基金,上海辰均德股权投资合伙企业（有限合伙）,云旎医疗,珠海云旎医疗科技有限公司,医疗器械,生物技术/医疗健康|医疗设备,中国|广东省|珠海市|香洲区,创业投资,种子期,2021-11-17,RMB,--,--,--,10.63,Pre-A,谈庆,103.48,16.19,--,制造业|专用设备制造业|医疗仪器设备及器械制造,制造业|机械、设备、仪表|专用设备制造业|医疗器械制造业,--,2021.xls,0,2021,广东省,制造业,专用设备制造业,0.555951778280543,1.6901078827010092,-3.7171919899060217,-0.9943238872258964,b
千骥资本【上海千骥星鹤创业投资】,上海千骥创业投资管理有限公司【上海千骥星鹤创业投资中心（有限合伙）】,千骥星鹤,上海千骥星鹤创业投资管理有限公司,千骥资本,上海千骥创业投资管理有限公司,上海千骥星鹤创业投资,上海千骥星鹤创业投资中心（有限合伙）,茵络医疗,苏州茵络医疗器械有限公司,医疗健康，医疗设备，生产制造，医疗器械,生物技术/医疗健康|医疗设备,中国|江苏省|苏州市,--,初创期,2015-09-09,RMB,--,--,--,--,A,--,--,--,--,制造业|专用设备制造业|医疗仪器设备及器械制造,制造业|机械、设备、仪表|专用设备制造业|医疗器械制造业,--,2015.xls,0,2015,江苏省,制造业,专用设备制造业,0.555951778280543,1.6901078827010092,-3.7171919899060217,-0.9943238872258964,b
毅达资本【江苏中小企业发展基金】,江苏毅达股权投资基金管理有限公司【江苏中小企业发展基金（有限合伙）】,毅达资本,江苏毅达股权投资基金管理有限公司,--,--,江苏中小企业发展基金,江苏中小企业发展基金（有限合伙）,华声医疗,深圳华声医疗技术股份有限公司,医疗健康，医疗设备，生产制造，医疗服务，高血压医疗服务，AI医疗,生物技术/医疗健康|医疗设备,中国|广东省|深圳市,新三板定增,扩张期,2020-03-03,RMB,13.33,13.33,1.91,1.67,新三板定增,--,800.00,114.60,--,制造业|专用设备制造业|医疗仪器设备及器械制造,制造业|机械、设备、仪表|专用设备制造业|医疗器械制造业,全国中小企业股份转让系统(新三板),2020.xls,0,2020,广东省,制造业,专用设备制造业,0.555951778280543,1.6901078827010092,-3.7171919899060217,-0.9943238872258964,b
广州勤安【安健信医疗健康基金】,广州勤安投资管理有限公司【广州安健信医疗健康产业股权投资基金（有限合伙）】,广州勤安,广州勤安投资管理有限公司,--,--,安健信医疗健康基金,广州安健信医疗健康产业股权投资基金（有限合伙）,英诺特,北京英诺特生物技术股份有限公司,医疗健康，医疗服务，体外诊断，生产制造，检验诊断器械,生物技术/医疗健康|医疗设备,中国|北京市|丰台区,创业投资,扩张期,2015-11-30,RMB,6.00(e),6.00(e),0.89(e),6.25,A,--,95.95,15.01,--,制造业|专用设备制造业|医疗仪器设备及器械制造,制造业|机械、设备、仪表|专用设备制造业|医疗器械制造业,上海证券交易所科创板,2015.xls,0,2015,北京市,制造业,专用设备制造业,0.555951778280543,1.6901078827010092,-3.7171919899060217,-0.9943238872258964,b
倚锋创投【深圳市倚锋九期创业基金】（领投）,深圳市倚锋创业投资有限公司【深圳市倚锋九期创业投资中心（有限合伙）】（领投）,倚锋资本,深圳市倚锋投资管理企业（有限合伙）,倚锋创投,深圳市倚锋创业投资有限公司,深圳市倚锋九期创业基金,深圳市倚锋九期创业投资中心（有限合伙）,英美达,深圳英美达医疗技术有限公司,医疗健康，医疗设备，医疗影像，医疗器械,生物技术/医疗健康|医疗设备,中国|广东省|深圳市,成长资本,扩张期,2020-02-20,RMB,1.95,1.95,0.30,4.78,B+,彭小小,40.79,5.83,--,制造业|专用设备制造业|医疗仪器设备及器械制造,制造业|机械、设备、仪表|专用设备制造业|医疗器械制造业,--,2020.xls,0,2020,广东省,制造业,专用设备制造业,0.555951778280543,1.6901078827010092,-3.7171919899060217,-0.9943238872258964,b
远毅资本【远毅一期人民币基金】,宁波远毅投资管理有限公司【苏州远毅智源股权投资合伙企业（有限合伙）】,苏州松毅创投,苏州松毅创业投资管理有限公司,远毅资本,宁波远毅投资管理有限公司,远毅一期人民币基金,苏州远毅智源股权投资合伙企业（有限合伙）,唯迈医疗,北京唯迈医疗设备有限公司,医疗健康，医疗设备，医疗影像，生产制造，医疗器械,生物技术/医疗健康|医疗设备,中国|北京市|大兴区,创业投资,初创期,2016-02-22,RMB,--,--,--,--,A,--,--,--,--,制造业|专用设备制造业|医疗仪器设备及器械制造,制造业|机械、设备、仪表|专用设备制造业|医疗器械制造业,--,2016.xls,0,2016,北京市,制造业,专用设备制造业,0.555951778280543,1.6901078827010092,-3.7171919899060217,-0.9943238872258964,b
翰颐资本【珠海翰颐股权投资基金】（领投）,珠海诚泽投资管理有限公司【珠海翰颐股权投资基金合伙企业（有限合伙）】（领投）,翰颐资本,珠海诚泽投资管理有限公司,--,--,珠海翰颐股权投资基金,珠海翰颐股权投资基金合伙企业（有限合伙）,欧太医疗,上海欧太医疗器械有限公司,医疗健康，生产制造，手术器械，医疗器械，光学,生物技术/医疗健康|医疗设备,中国|上海市|徐汇区,创业投资,成熟期,2021-11-03,RMB,6.08,6.08,0.95,6.30,A,周颖华,96.43,15.05,--,制造业|专用设备制造业|医疗仪器设备及器械制造,制造业|机械、设备、仪表|专用设备制造业|医疗器械制造业,--,2021.xls,0,2021,上海市,制造业,专用设备制造业,0.555951778280543,1.6901078827010092,-3.7171919899060217,-0.9943238872258964,b
乔杰投资【乔禾银来】,南通乔杰投资管理有限公司【南通乔禾银来创业投资中心（有限合伙）】,乔杰投资,南通乔杰投资管理有限公司,--,--,乔禾银来,南通乔禾银来创业投资中心（有限合伙）,上惠好,北京上惠好医疗器械有限公司,医疗健康，医疗设备，生产制造，医疗器械,生物技术/医疗健康|医疗设备,中国|北京市,创业投资,扩张期,2016-02-23,RMB,--,--,--,4.19,A,--,--,--,--,制造业|专用设备制造业|医疗仪器设备及器械制造,制造业|机械、设备、仪表|专用设备制造业|医疗器械制造业,--,2016.xls,1,2016,北京市,制造业,专用设备制造业,0.555951778280543,1.6901078827010092,-3.7171919899060217,-0.9943238872258964,b
前海方舟【前海母基金】,前海方舟资产管理有限公司【前海股权投资基金（有限合伙）】,前海方舟,前海方舟资产管理有限公司,--,--,前海母基金,前海股权投资基金（有限合伙）,柯渡医学,上海柯渡医学科技股份有限公司,医疗健康，医疗设备，医疗器械,生物技术/医疗健康|医疗设备,中国|上海市|普陀区,成长资本,成熟期,2020-02-03,RMB,--,--,--,--,C+,靳海涛,--,--,--,制造业|专用设备制造业|医疗仪器设备及器械制造,制造业|机械、设备、仪表|专用设备制造业|医疗器械制造业,--,2020.xls,0,2020,上海市,制造业,专用设备制造业,0.555951778280543,1.6901078827010092,-3.7171919899060217,-0.9943238872258964,b
讯飞创投【讯飞海河（天津）人工智能创业投资基金】,合肥科讯创业投资管理合伙企业（有限合伙）【讯飞海河（天津）人工智能创业投资基金合伙企业（有限合伙）】,讯飞创投,合肥科讯创业投资管理合伙企业（有限合伙）,--,--,讯飞海河（天津）人工智能创业投资基金,讯飞海河（天津）人工智能创业投资基金合伙企业（有限合伙）,讯飞医疗,讯飞医疗科技股份有限公司,医疗健康，自然语言处理，医疗服务，移动医疗，语音智能，人工智能,生物技术/医疗健康|医疗设备,中国|安徽省|合肥市,创业投资,扩张期,2021-10-30,RMB,--,--,--,0.71,A,--,"7,042.25","1,101.95",--,制造业|专用设备制造业|医疗仪器设备及器械制造,制造业|机械、设备、仪表|专用设备制造业|医疗器械制造业,--,2021.xls,0,2021,安徽省,制造业,专用设备制造业,0.555951778280543,1.6901078827010092,-3.7171919899060217,-0.9943238872258964,b
辰德资本【辰德资本人民币三期基金】,上海甲辰投资有限公司【苏州辰知德投资合伙企业（有限合伙）】,辰德资本,上海甲辰投资有限公司,--,--,辰德资本人民币三期基金,苏州辰知德投资合伙企业（有限合伙）,微密医疗,上海微密医疗科技有限公司,医疗健康，医疗设备，医疗器械,生物技术/医疗健康|医疗设备,中国|上海市|浦东新区,创业投资,扩张期,2020-03-06,RMB,20.00,20.00,2.88,18.18,Pre-A,--,110.01,15.85,--,制造业|专用设备制造业|医疗仪器设备及器械制造,制造业|机械、设备、仪表|专用设备制造业|医疗器械制造业,--,2020.xls,0,2020,上海市,制造业,专用设备制造业,0.555951778280543,1.6901078827010092,-3.7171919899060217,-0.9943238872258964,b
达晨财智【达晨创丰基金】,达晨财智【深圳市达晨创丰股权投资企业（有限合伙）】,达晨财智,深圳市达晨财智创业投资管理有限公司,--,--,达晨创丰基金,深圳市达晨创丰股权投资企业（有限合伙）,朗呈医疗,广东朗呈医疗器械科技有限公司,医疗健康，医疗设备，生产制造，医疗器械,生物技术/医疗健康|医疗设备,中国|广东省|东莞市,--,初创期,2015-04-18,RMB,10.00,10.00,1.63,8.33,天使轮,--,120.05,19.59,--,制造业|专用设备制造业|医疗仪器设备及器械制造,制造业|机械、设备、仪表|专用设备制造业|医疗器械制造业,--,2015.xls,0,2015,广东省,制造业,专用设备制造业,0.555951778280543,1.6901078827010092,-3.7171919899060217,-0.9943238872258964,b
乔杰投资【乔禾银来】,南通乔杰投资管理有限公司【南通乔禾银来创业投资中心（有限合伙）】,乔杰投资,南通乔杰投资管理有限公司,--,--,乔禾银来,南通乔禾银来创业投资中心（有限合伙）,朗开医疗,苏州朗开医疗技术有限公司,医疗健康，医疗设备，生产制造，医疗器械,生物技术/医疗健康|医疗设备,中国|江苏省|苏州市|吴江区,创业投资,初创期,2015-04-02,RMB,--,--,--,--,A,--,--,--,--,制造业|专用设备制造业|医疗仪器设备及器械制造,制造业|机械、设备、仪表|专用设备制造业|医疗器械制造业,--,2015.xls,1,2015,江苏省,制造业,专用设备制造业,0.555951778280543,1.6901078827010092,-3.7171919899060217,-0.9943238872258964,b
深创投【深圳市红土天使股权投资基金】,深圳市创新投资集团有限公司【深圳市红土天使股权投资基金合伙企业（有限合伙）】,深创投红土股权投资,深创投红土私募股权投资基金管理（深圳）有限公司,深创投,深圳市创新投资集团有限公司,深圳市红土天使股权投资基金,深圳市红土天使股权投资基金合伙企业（有限合伙）,大洲医学,深圳大洲医学科技有限公司,医疗健康，3D打印，新材料，材料，高能耗材,生物技术/医疗健康|医疗设备,中国|广东省|深圳市,天使投资,种子期,2020-04-22,RMB,--,--,--,5.00,天使轮,倪泽望,70.00,9.87,--,制造业|专用设备制造业|医疗仪器设备及器械制造,制造业|机械、设备、仪表|专用设备制造业|医疗器械制造业,--,2020.xls,0,2020,广东省,制造业,专用设备制造业,0.555951778280543,1.6901078827010092,-3.7171919899060217,-0.9943238872258964,b
中科创星【陕西西科天使基金】,中科创星【陕西西科天使企业管理合伙企业（有限合伙）】,关天西咸,西安关天西咸投资管理有限公司,中科创星,中科创星科技投资有限公司,陕西西科天使基金,陕西西科天使企业管理合伙企业（有限合伙）,中科微光,深圳市中科微光医疗器械技术有限公司,医疗健康，医疗设备，医疗影像，光学，医疗器械,生物技术/医疗健康|医疗设备,中国|广东省|深圳市,--,初创期,2014-02-01,RMB,--,--,--,--,天使轮,--,--,--,--,制造业|专用设备制造业|医疗仪器设备及器械制造,制造业|机械、设备、仪表|专用设备制造业|医疗器械制造业,--,2013-2014.xls,1,2014,广东省,制造业,专用设备制造业,0.555951778280543,1.6901078827010092,-3.7171919899060217,-0.9943238872258964,b
北软天使【北京北软天使科技基金】,北京北软汇智投资管理有限公司【北京北软天使科技投资中心（有限合伙）】,北软天使,北京北软汇智投资管理有限公司,--,--,北京北软天使科技基金,北京北软天使科技投资中心（有限合伙）,睿仁医疗,北京睿仁医疗科技有限公司,医疗健康，医疗器械，可穿戴设备,生物技术/医疗健康|医疗设备,中国|北京市,--,扩张期,2014-02-10,RMB,1.90,1.90,0.31,--,A,--,--,--,--,制造业|专用设备制造业|医疗仪器设备及器械制造,制造业|机械、设备、仪表|专用设备制造业|医疗器械制造业,--,2013-2014.xls,0,2014,北京市,制造业,专用设备制造业,0.555951778280543,1.6901078827010092,-3.7171919899060217,-0.9943238872258964,b
丹麓资本【广州丹麓创业投资基金】,广州丹麓股权投资管理有限公司【广州丹麓创业投资基金合伙企业（有限合伙）】,丹麓资本,广州丹麓股权投资管理有限公司,--,--,广州丹麓创业投资基金,广州丹麓创业投资基金合伙企业（有限合伙）,至善医疗,常州至善医疗科技有限公司,医疗健康，医疗设备，医疗器械，糖尿病,生物技术/医疗健康|医疗设备,中国|江苏省|常州市|武进区,成长资本,初创期,2020-05-01,RMB,--,--,--,2.26,A,陆勤超,182.30,25.83,--,制造业|专用设备制造业|医疗仪器设备及器械制造,制造业|机械、设备、仪表|专用设备制造业|医疗器械制造业,--,2020.xls,0,2020,江苏省,制造业,专用设备制造业,0.555951778280543,1.6901078827010092,-3.7171919899060217,-0.9943238872258964,b
越秀产业基金【广州新兴产业投资基金】,广州越秀产业投资基金管理股份有限公司【广州越秀新兴产业创业投资合伙企业（有限合伙）】,越秀产业基金,广州越秀产业投资基金管理股份有限公司,--,--,广州新兴产业投资基金,广州越秀新兴产业创业投资合伙企业（有限合伙）,奥咨达,广州奥咨达医疗器械技术股份有限公司,医疗健康，医疗设备，医疗器械，医药研发外包CRO，数据服务,生物技术/医疗健康|医疗设备,中国|广东省|广州市,--,成熟期,2014-04-01,RMB,5.56,5.56,0.90,6.39,A,--,86.94,14.13,--,制造业|专用设备制造业|医疗仪器设备及器械制造,制造业|机械、设备、仪表|专用设备制造业|医疗器械制造业,全国中小企业股份转让系统(新三板),2013-2014.xls,0,2014,广东省,制造业,专用设备制造业,0.555951778280543,1.6901078827010092,-3.7171919899060217,-0.9943238872258964,b
国兴投资【厦门软件信息产业创投】,国兴（厦门）投资管理有限公司【厦门市软件信息产业创业投资有限公司】,恒一创投,厦门恒一创业投资管理有限公司,国兴投资,国兴（厦门）投资管理有限公司,厦门软件信息产业创投,厦门市软件信息产业创业投资有限公司,致善生物,厦门致善生物科技股份有限公司,医疗健康，体外诊断，生产制造，诊断试剂，分子诊断，基因检测试剂盒,生物技术/医疗健康|医疗设备,中国|福建省|厦门市,天使投资,扩张期,2014-04-17,--,--,--,--,--,天使轮,--,--,--,--,制造业|专用设备制造业|医疗仪器设备及器械制造,制造业|机械、设备、仪表|专用设备制造业|医疗器械制造业,全国中小企业股份转让系统(新三板),2013-2014.xls,1,2014,福建省,制造业,专用设备制造业,0.555951778280543,1.6901078827010092,-3.7171919899060217,-0.9943238872258964,b
幂方健康基金【苏州一元幂方天使创业投资】（领投）,上海幂方资产管理有限公司【苏州一元幂方天使创业投资合伙企业（有限合伙）】（领投）,幂方健康基金,上海幂方资产管理有限公司,--,--,苏州一元幂方天使创业投资,苏州一元幂方天使创业投资合伙企业（有限合伙）,艾科脉,苏州艾科脉医疗技术有限公司,医疗健康，医疗器械，电生理类设备,生物技术/医疗健康|医疗设备,中国|江苏省|苏州市|吴中区,创业投资,初创期,2021-11-30,RMB,--,--,--,--,Pre-A,喻晶,--,--,--,制造业|专用设备制造业|医疗仪器设备及器械制造,制造业|机械、设备、仪表|专用设备制造业|医疗器械制造业,--,2021.xls,0,2021,江苏省,制造业,专用设备制造业,0.555951778280543,1.6901078827010092,-3.7171919899060217,-0.9943238872258964,b
首发展创投【北京首发展天玑创投基金】,北京首都科技发展集团投资管理有限公司【北京首发展天玑创业投资中心（有限合伙）】,首发展创投,北京首都科技发展集团投资管理有限公司,--,--,北京首发展天玑创投基金,北京首发展天玑创业投资中心（有限合伙）,昆迈医疗,北京昆迈医疗科技有限公司,医疗设备,生物技术/医疗健康|医疗设备,中国|北京市|海淀区,天使投资,种子期,2020-04-30,RMB,--,--,--,10.00,天使轮,--,--,--,--,制造业|专用设备制造业|医疗仪器设备及器械制造,制造业|机械、设备、仪表|专用设备制造业|医疗器械制造业,--,2020.xls,0,2020,北京市,制造业,专用设备制造业,0.555951778280543,1.6901078827010092,-3.7171919899060217,-0.9943238872258964,b
经纬创投【经纬创达创投】,经纬创投（北京）投资管理顾问有限公司【经纬创达（杭州）创业投资合伙企业（有限合伙）】,经纬(杭州)投资管理有限公司,经纬（杭州）投资管理有限公司,经纬创投,经纬创投（北京）投资管理顾问有限公司,经纬创达创投,经纬创达（杭州）创业投资合伙企业（有限合伙）,波影医疗,苏州波影医疗技术有限公司,生产制造，医疗健康，医疗技术,生物技术/医疗健康|医疗设备,中国|江苏省|苏州市,--,初创期,2014-09-16,RMB,--,--,--,--,A,--,--,--,--,制造业|专用设备制造业|医疗仪器设备及器械制造,制造业|机械、设备、仪表|专用设备制造业|医疗器械制造业,--,2013-2014.xls,0,2014,江苏省,制造业,专用设备制造业,0.555951778280543,1.6901078827010092,-3.7171919899060217,-0.9943238872258964,b
天创资本【天创保鑫基金】,天津创业投资管理有限公司【天津天创保鑫创业投资合伙企业（有限合伙）】,天创资本,天津创业投资管理有限公司,--,--,天创保鑫基金,天津天创保鑫创业投资合伙企业（有限合伙）,正丽科技,天津正丽科技有限公司,医疗健康，生产制造，医疗器械,生物技术/医疗健康|医疗设备,中国|天津市|滨海新区,--,种子期,2014-11-14,RMB,10.00(e),10.00(e),1.63(e),--,天使轮,洪雷,--,--,--,制造业|专用设备制造业|医疗仪器设备及器械制造,制造业|机械、设备、仪表|专用设备制造业|医疗器械制造业,--,2013-2014.xls,0,2014,天津市,制造业,专用设备制造业,0.555951778280543,1.6901078827010092,-3.7171919899060217,-0.9943238872258964,b
银杏华清投资基金【启迪东湖】,银杏华清投资基金管理（北京）有限公司【武汉启迪东湖创业投资有限公司】,东湖启诚,武汉东湖启诚投资管理有限公司,--,--,启迪东湖,武汉启迪东湖创业投资有限公司,致众科技,武汉致众科技股份有限公司,医疗健康，医药，医疗器械，咨询服务，企业服务,生物技术/医疗健康|医疗设备,中国|湖北省|武汉市,--,扩张期,2014-11-26,RMB,--,--,--,14.00,A,--,--,--,--,制造业|专用设备制造业|医疗仪器设备及器械制造,制造业|机械、设备、仪表|专用设备制造业|医疗器械制造业,全国中小企业股份转让系统(新三板),2013-2014.xls,0,2014,湖北省,制造业,专用设备制造业,0.555951778280543,1.6901078827010092,-3.7171919899060217,-0.9943238872258964,b
道彤投资【道彤淳辉】,道彤投资【苏州道彤淳辉创业投资合伙企业（有限合伙）】,苏州道彤淳辉创投,苏州道彤淳辉创业投资管理有限公司,--,--,道彤淳辉,苏州道彤淳辉创业投资合伙企业（有限合伙）,方润医疗,上海方润医疗科技股份有限公司,医疗健康，医疗设备，生产制造，医疗器械，临床医学，电子信息产业,生物技术/医疗健康|医疗设备,中国|上海市|浦东新区,成长资本,成熟期,2020-09-03,RMB,--,--,--,--,B,孙琦,--,--,--,制造业|专用设备制造业|医疗仪器设备及器械制造,制造业|机械、设备、仪表|专用设备制造业|医疗器械制造业,--,2020.xls,0,2020,上海市,制造业,专用设备制造业,0.555951778280543,1.6901078827010092,-3.7171919899060217,-0.9943238872258964,b
光谷人才投资【武汉光谷人才创业投资】,武汉光谷人才私募投资管理有限公司【武汉光谷人才创业投资合伙企业（有限合伙）】,光谷人才投资,武汉光谷人才私募投资管理有限公司,--,--,武汉光谷人才创业投资,武汉光谷人才创业投资合伙企业（有限合伙）,唯柯医疗,武汉唯柯医疗科技有限公司,医疗健康，医疗服务，医疗器械,生物技术/医疗健康|医疗设备,中国|湖北省|武汉市,创业投资,初创期,2020-04-23,RMB,--,--,--,--,Pre-A,--,--,--,--,制造业|专用设备制造业|医疗仪器设备及器械制造,制造业|机械、设备、仪表|专用设备制造业|医疗器械制造业,--,2020.xls,0,2020,湖北省,制造业,专用设备制造业,0.555951778280543,1.6901078827010092,-3.7171919899060217,-0.9943238872258964,b
山蓝资本【苏州盛涛医疗基金】（领投）,上海山蓝私募基金管理有限公司【苏州盛涛医疗投资合伙企业（有限合伙）】（领投）,山蓝资本,上海山蓝私募基金管理有限公司,--,--,苏州盛涛医疗基金,苏州盛涛医疗投资合伙企业（有限合伙）,龙慧医疗,上海龙慧医疗科技有限公司,医疗健康，医疗设备，机器人,生物技术/医疗健康|医疗设备,中国|上海市|浦东新区,成长资本,扩张期,2021-11-26,RMB,28.68,28.68,4.00,4.36,B,聂洪鑫,657.71,102.87,--,制造业|专用设备制造业|医疗仪器设备及器械制造,制造业|机械、设备、仪表|专用设备制造业|医疗器械制造业,--,2021.xls,0,2021,上海市,制造业,专用设备制造业,0.555951778280543,1.6901078827010092,-3.7171919899060217,-0.9943238872258964,b
水木创投【水木领航基金】（领投）,北京水木国鼎投资管理有限公司【北京水木领航创业投资中心（有限合伙）】（领投）,水木华鼎,北京水木华鼎创业投资管理有限公司,水木创投,北京水木国鼎投资管理有限公司,水木领航基金,北京水木领航创业投资中心（有限合伙）,青元开物,北京青元开物技术有限公司,软件工具,生物技术/医疗健康|医疗设备,中国|北京市|大兴区,创业投资,种子期,2021-11-26,RMB,--,--,--,11.00,天使轮,吴勇,100.00,15.71,--,制造业|专用设备制造业|医疗仪器设备及器械制造,制造业|机械、设备、仪表|专用设备制造业|医疗器械制造业,--,2021.xls,0,2021,北京市,制造业,专用设备制造业,0.555951778280543,1.6901078827010092,-3.7171919899060217,-0.9943238872258964,b
国科投资【国科瑞华三期】,中国科技产业投资管理有限公司【深圳市国科瑞华三期股权投资基金合伙企业（有限合伙）】,国科投资,中国科技产业投资管理有限公司,--,--,国科瑞华三期,深圳市国科瑞华三期股权投资基金合伙企业（有限合伙）,远创达科技,苏州远创达科技有限公司,电子元件，生产制造，光电，LED器件，材料，专用设备，模具，封装测试，晶体，芯片设计，仪器仪表，电子信息产业，半导体元件，芯片封装测试,半导体及电子设备|半导体|IC测试与封装,中国|江苏省|苏州市,成长资本,成熟期,2020-04-22,RMB,15.00,15.00,2.12,3.81,D,--,--,--,--,制造业|专用设备制造业|电子和电工机械专用设备制造|电子工业专用设备制造,制造业|机械、设备、仪表|专用设备制造业|其他专用设备制造业,--,2020.xls,0,2020,江苏省,制造业,专用设备制造业,0.555951778280543,1.6901078827010092,-3.7171919899060217,-0.9943238872258964,b
华泰紫金投资【南京华泰国信医疗投资】（领投）,华泰紫金投资有限责任公司【南京华泰国信医疗投资合伙企业（有限合伙）】（领投）,华泰紫金投资,华泰紫金投资有限责任公司,--,--,南京华泰国信医疗投资,南京华泰国信医疗投资合伙企业（有限合伙）,鑫君特,深圳市鑫君特智能医疗器械有限公司,医疗健康，机器人，生产制造，医用机器人，手术器械,生物技术/医疗健康|医疗设备,中国|广东省|深圳市,成长资本,扩张期,2021-11-25,RMB,--,--,--,2.67,B,张泉源,--,--,--,制造业|专用设备制造业|医疗仪器设备及器械制造,制造业|机械、设备、仪表|专用设备制造业|医疗器械制造业,--,2021.xls,0,2021,广东省,制造业,专用设备制造业,0.555951778280543,1.6901078827010092,-3.7171919899060217,-0.9943238872258964,b
天峰资本【天峰人民币基金二期】,北京天峰汇泉投资管理有限公司【北京天峰扬帆股权投资合伙企业（有限合伙）】,北京天峰德晖投资,北京天峰德晖投资管理有限公司,天峰资本,北京天峰汇泉投资管理有限公司,天峰人民币基金二期,北京天峰扬帆股权投资合伙企业（有限合伙）,迈微医疗,深圳迈微医疗科技有限公司,医疗健康，医疗器械,生物技术/医疗健康|医疗设备,中国|广东省|深圳市|宝安区,天使投资,种子期,2021-11-23,RMB,--,--,--,13.04,天使轮,--,--,--,--,制造业|专用设备制造业|医疗仪器设备及器械制造,制造业|机械、设备、仪表|专用设备制造业|医疗器械制造业,--,2021.xls,0,2021,广东省,制造业,专用设备制造业,0.555951778280543,1.6901078827010092,-3.7171919899060217,-0.9943238872258964,b
中信建投资本【南京润信协同中小企业发展基金】,中信建投资本管理有限公司【南京润信协同中小企业发展基金合伙企业（有限合伙）】,中信建投资本,中信建投资本管理有限公司,--,--,南京润信协同中小企业发展基金,南京润信协同中小企业发展基金合伙企业（有限合伙）,美德莱医疗,扬州美德莱医疗用品股份有限公司,--,生物技术/医疗健康|医疗设备,中国|江苏省|扬州市|邗江区,创业投资,成熟期,2021-11-23,RMB,--,--,--,--,A,徐涛,--,--,--,制造业|专用设备制造业|医疗仪器设备及器械制造,制造业|机械、设备、仪表|专用设备制造业|医疗器械制造业,--,2021.xls,0,2021,江苏省,制造业,专用设备制造业,0.555951778280543,1.6901078827010092,-3.7171919899060217,-0.9943238872258964,b
蓝湾资本【仙居蓝湾生命健康基金】,蓝湾科创资本集团【仙居蓝湾健康产业投资合伙企业（有限合伙）】,蓝湾创投,南通蓝湾创业投资管理有限公司,蓝湾资本,蓝湾科创资本集团,仙居蓝湾生命健康基金,仙居蓝湾健康产业投资合伙企业（有限合伙）,桐轩医疗,浙江桐轩医疗科技有限公司,医疗器械,生物技术/医疗健康|医疗设备,中国|浙江省|台州市|仙居县,天使投资,种子期,2020-09-09,RMB,--,--,--,--,天使轮,--,--,--,--,制造业|专用设备制造业|医疗仪器设备及器械制造,制造业|机械、设备、仪表|专用设备制造业|医疗器械制造业,--,2020.xls,1,2020,浙江省,制造业,专用设备制造业,0.555951778280543,1.6901078827010092,-3.7171919899060217,-0.9943238872258964,b
毅达资本【江苏高投毅达健康成果创新创业贰号基金】,江苏毅达股权投资基金管理有限公司【江苏高投毅达健康成果创新创业贰号基金合伙企业（有限合伙）】,南京毅达投资,南京毅达股权投资管理企业（有限合伙）,毅达资本,江苏毅达股权投资基金管理有限公司,江苏高投毅达健康成果创新创业贰号基金,江苏高投毅达健康成果创新创业贰号基金合伙企业（有限合伙）,英赛斯,苏州英赛斯智能科技有限公司,企业服务，生产制造,生物技术/医疗健康|医疗设备,中国|江苏省|苏州市,成长资本,扩张期,2021-10-29,USD,--,--,--,--,A,应文禄,--,--,--,制造业|专用设备制造业|医疗仪器设备及器械制造,制造业|机械、设备、仪表|专用设备制造业|医疗器械制造业,--,2021.xls,0,2021,江苏省,制造业,专用设备制造业,0.555951778280543,1.6901078827010092,-3.7171919899060217,-0.9943238872258964,b
中科科创【广东中科白云新兴创业基金】,广东中科科创创业投资管理有限责任公司【广东中科白云新兴产业创业投资基金有限公司】,中科科创,广东中科科创创业投资管理有限责任公司,--,--,广东中科白云新兴创业基金,广东中科白云新兴产业创业投资基金有限公司,雷迈科技,深圳市雷迈科技有限公司,医疗健康，电子元件，生产制造，定位系统,生物技术/医疗健康|医疗设备,中国|广东省|深圳市,创业投资,扩张期,2015-05-25,RMB,--,--,--,--,A+,--,--,--,--,制造业|专用设备制造业|医疗仪器设备及器械制造,制造业|机械、设备、仪表|专用设备制造业|医疗器械制造业,--,2015.xls,1,2015,广东省,制造业,专用设备制造业,0.555951778280543,1.6901078827010092,-3.7171919899060217,-0.9943238872258964,b
光谷人才投资【光谷人才创新基金】,武汉光谷人才私募投资管理有限公司【武汉光谷人才创新投资合伙企业（有限合伙）】,光谷人才投资,武汉光谷人才私募投资管理有限公司,--,--,光谷人才创新基金,武汉光谷人才创新投资合伙企业（有限合伙）,贝尔生物,北京贝尔生物工程股份有限公司,医疗健康，医疗设备，体外诊断，诊断试剂,生物技术/医疗健康|医疗设备,中国|北京市|大兴区,--,成熟期,2017-06-26,RMB,--,--,--,--,A,--,--,--,--,制造业|专用设备制造业|医疗仪器设备及器械制造,制造业|机械、设备、仪表|专用设备制造业|医疗器械制造业,--,2017.xls,0,2017,北京市,制造业,专用设备制造业,0.555951778280543,1.6901078827010092,-3.7171919899060217,-0.9943238872258964,b
一村资本【一村同盛基金】（领投）,一村资本有限公司【深圳一村同盛股权投资基金合伙企业（有限合伙）】（领投）,同威资本,深圳一村淞灵私募创业投资基金管理有限公司,一村资本,一村资本有限公司,一村同盛基金,深圳一村同盛股权投资基金合伙企业（有限合伙）,明泰电子,四川明泰微电子科技股份有限公司,电子元件，生产制造，封装测试，光电，芯片设计，电子信息产业,半导体及电子设备|半导体|IC测试与封装,中国|四川省|遂宁市|船山区,成长资本,成熟期,2020-11-13,RMB,50.00,50.00,7.55,10.87,A,刘晶,--,--,--,制造业|专用设备制造业|电子和电工机械专用设备制造|电子工业专用设备制造,制造业|机械、设备、仪表|专用设备制造业|其他专用设备制造业,--,2020.xls,0,2020,四川省,制造业,专用设备制造业,0.555951778280543,1.6901078827010092,-3.7171919899060217,-0.9943238872258964,b
招银国际资本【招银现代产业一期基金】,招银国际资本管理（深圳）有限公司【江苏招银现代产业股权投资基金一期（有限合伙）】,江苏招银,江苏招银产业基金管理有限公司,招银国际资本,招银国际资本管理（深圳）有限公司,招银现代产业一期基金,江苏招银现代产业股权投资基金一期（有限合伙）,启明医疗,杭州启明医疗器械股份有限公司,医疗健康，医疗设备，生产制造，医疗器械,生物技术/医疗健康|医疗设备,中国|浙江省|杭州市,成长资本,扩张期,2019-05-15,RMB,121.95,121.95,17.84,--,E,--,--,--,--,制造业|专用设备制造业|医疗仪器设备及器械制造,制造业|机械、设备、仪表|专用设备制造业|医疗器械制造业,香港证券交易所主板,2019.xls,0,2019,浙江省,制造业,专用设备制造业,0.555951778280543,1.6901078827010092,-3.7171919899060217,-0.9943238872258964,b
中科院创投【中科院科技成果转化母基金】,中科院创业投资管理有限公司【中科院科技成果转化创业投资基金（武汉）合伙企业（有限合伙）】,中科院创投,中科院创业投资管理有限公司,--,--,中科院科技成果转化母基金,中科院科技成果转化创业投资基金（武汉）合伙企业（有限合伙）,图格医疗,南京图格医疗科技有限公司,医疗健康，医疗服务，医疗设备，医疗器械,生物技术/医疗健康|医疗设备,中国|江苏省|南京市,--,种子期,2018-05-23,RMB,--,--,--,--,天使轮,--,--,--,--,制造业|专用设备制造业|医疗仪器设备及器械制造,制造业|机械、设备、仪表|专用设备制造业|医疗器械制造业,--,2018.xls,0,2018,江苏省,制造业,专用设备制造业,0.555951778280543,1.6901078827010092,-3.7171919899060217,-0.9943238872258964,b
蓝湾资本【仙居蓝湾生命健康基金】,蓝湾科创资本集团【仙居蓝湾健康产业投资合伙企业（有限合伙）】,蓝湾创投,南通蓝湾创业投资管理有限公司,蓝湾资本,蓝湾科创资本集团,仙居蓝湾生命健康基金,仙居蓝湾健康产业投资合伙企业（有限合伙）,戴圣思,浙江戴圣思医疗科技有限公司,医疗器械,生物技术/医疗健康|医疗设备,中国|浙江省|台州市|仙居县,天使投资,种子期,2021-04-23,RMB,--,--,--,--,天使轮,--,--,--,--,制造业|专用设备制造业|医疗仪器设备及器械制造,制造业|机械、设备、仪表|专用设备制造业|医疗器械制造业,--,2021.xls,1,2021,浙江省,制造业,专用设备制造业,0.555951778280543,1.6901078827010092,-3.7171919899060217,-0.9943238872258964,b
力合基金【力合天使创业基金】,深圳市力合科创创业投资有限公司【深圳市力合天使创业投资合伙企业（有限合伙）】,力合基金,深圳市力合科创创业投资有限公司,--,--,力合天使创业基金,深圳市力合天使创业投资合伙企业（有限合伙）,拜尔洛克,深圳拜尔洛克生物技术有限公司,医疗健康，医疗设备，再生医学，电子元件，生产制造，医疗器械,生物技术/医疗健康|医疗设备,中国|广东省|深圳市,天使投资,初创期,2019-05-01,RMB,--,--,--,12.25,天使轮,冯杰,--,--,--,制造业|专用设备制造业|医疗仪器设备及器械制造,制造业|机械、设备、仪表|专用设备制造业|医疗器械制造业,--,2019.xls,0,2019,广东省,制造业,专用设备制造业,0.555951778280543,1.6901078827010092,-3.7171919899060217,-0.9943238872258964,b
锡创投【无锡市金程创投基金】,无锡市创新投资集团有限公司【无锡市金程创业投资有限公司】,无锡金投资本,无锡金投资本私募基金管理有限公司,锡创投,无锡市创新投资集团有限公司,无锡市金程创投基金,无锡市金程创业投资有限公司,无锡大诚高新材料,无锡大诚高新材料科技有限公司,新材料，材料，技术研发，医疗器械，医疗分析仪器,生物技术/医疗健康|医疗设备,中国|江苏省|无锡市,--,种子期,2020-12-31,RMB,--,--,--,5.00,A,--,--,--,--,制造业|专用设备制造业|医疗仪器设备及器械制造,制造业|机械、设备、仪表|专用设备制造业|医疗器械制造业,--,2020.xls,1,2020,江苏省,制造业,专用设备制造业,0.555951778280543,1.6901078827010092,-3.7171919899060217,-0.9943238872258964,b
元禾控股【原点正则壹号创投基金】,苏州元禾控股股份有限公司【苏州工业园区原点正则壹号创业投资企业（有限合伙）】,元禾原点,苏州工业园区元禾原点创业投资管理有限公司,元禾控股,苏州元禾控股股份有限公司,原点正则壹号创投基金,苏州工业园区原点正则壹号创业投资企业（有限合伙）,天愈康复医疗,哈尔滨天愈康复医疗机器人有限公司,医疗健康，机器人，医疗设备，生产制造，医用机器人,生物技术/医疗健康|医疗设备,中国|黑龙江省|哈尔滨市,--,扩张期,2018-06-19,--,--,--,--,--,B,--,--,--,--,制造业|专用设备制造业|医疗仪器设备及器械制造,制造业|机械、设备、仪表|专用设备制造业|医疗器械制造业,--,2018.xls,0,2018,黑龙江省,制造业,专用设备制造业,0.555951778280543,1.6901078827010092,-3.7171919899060217,-0.9943238872258964,b
燕创资本【宁波燕创姚商阳明创业投资】（领投）,燕创资本【宁波燕创姚商阳明创业投资合伙企业（有限合伙）】（领投）,姚商燕创,宁波姚商燕创私募基金管理有限公司,燕创资本,燕创资本,宁波燕创姚商阳明创业投资,宁波燕创姚商阳明创业投资合伙企业（有限合伙）,景昱医疗,苏州景昱医疗器械有限公司,医疗健康，医疗设备，生产制造，医疗器械，高能耗材,生物技术/医疗健康|医疗设备,中国|江苏省|苏州市,成长资本,扩张期,2021-04-21,RMB,29.68,29.68,4.59,1.11,D,刘增,"2,673.80",411.06,--,制造业|专用设备制造业|医疗仪器设备及器械制造,制造业|机械、设备、仪表|专用设备制造业|医疗器械制造业,--,2021.xls,0,2021,江苏省,制造业,专用设备制造业,0.555951778280543,1.6901078827010092,-3.7171919899060217,-0.9943238872258964,b
清控银杏【清控银杏南通创业投资基金】,清控银杏创业投资管理（北京）有限公司【清控银杏南通创业投资基金合伙企业（有限合伙）】,清控银杏,清控银杏创业投资管理（北京）有限公司,--,--,清控银杏南通创业投资基金,清控银杏南通创业投资基金合伙企业（有限合伙）,术客高鑫,苏州术客高鑫科技有限公司,消费生活，医疗健康,生物技术/医疗健康|医疗设备,中国|北京市|大兴区,成长资本,种子期,2018-06-25,RMB,--,--,--,20.37,A,吕大龙,--,--,--,制造业|专用设备制造业|医疗仪器设备及器械制造,制造业|机械、设备、仪表|专用设备制造业|医疗器械制造业,--,2018.xls,0,2018,北京市,制造业,专用设备制造业,0.555951778280543,1.6901078827010092,-3.7171919899060217,-0.9943238872258964,b
余杭国投【余杭区产业发展引导基金】,杭州余杭国有资本投资运营集团有限公司【杭州余杭产业基金有限公司】,余杭国投,杭州余杭国有资本投资运营集团有限公司,--,--,余杭区产业发展引导基金,杭州余杭产业基金有限公司,德适生物,杭州德适生物科技有限公司,医疗健康，医疗设备，体外诊断，生产制造，医疗器械，健康咨询，辅助生育,生物技术/医疗健康|医疗设备,中国|浙江省|杭州市,创业投资,初创期,2019-04-12,RMB,--,--,--,6.98,A+,--,--,--,--,制造业|专用设备制造业|医疗仪器设备及器械制造,制造业|机械、设备、仪表|专用设备制造业|医疗器械制造业,--,2019.xls,0,2019,浙江省,制造业,专用设备制造业,0.555951778280543,1.6901078827010092,-3.7171919899060217,-0.9943238872258964,b
盈睿资本【佛山市碧睿万木股权投资】,广州市盈睿资本管理有限公司【佛山市碧睿万木股权投资合伙企业（有限合伙）】,盈睿资本,广州市盈睿资本管理有限公司,--,--,佛山市碧睿万木股权投资,佛山市碧睿万木股权投资合伙企业（有限合伙）,迈迪顶峰,北京迈迪顶峰医疗科技股份有限公司,医疗健康，医疗设备，生产制造，医疗器械，心血管,生物技术/医疗健康|医疗设备,中国|北京市|顺义区,成长资本,成熟期,2020-12-31,RMB,--,--,--,--,C,--,--,--,--,制造业|专用设备制造业|医疗仪器设备及器械制造,制造业|机械、设备、仪表|专用设备制造业|医疗器械制造业,--,2020.xls,0,2020,北京市,制造业,专用设备制造业,0.555951778280543,1.6901078827010092,-3.7171919899060217,-0.9943238872258964,b
元禾控股【原点正则贰号创投基金】,苏州元禾控股股份有限公司【苏州工业园区原点正则贰号创业投资企业（有限合伙）】,元禾原点,苏州工业园区元禾原点创业投资管理有限公司,元禾控股,苏州元禾控股股份有限公司,原点正则贰号创投基金,苏州工业园区原点正则贰号创业投资企业（有限合伙）,瑞派医疗,广州瑞派医疗器械有限责任公司,医疗健康，医疗设备，生产制造,生物技术/医疗健康|医疗设备,中国|广东省|广州市|海珠区,天使投资,扩张期,2019-04-11,RMB,--,--,--,--,Pre-A,--,--,--,--,制造业|专用设备制造业|医疗仪器设备及器械制造,制造业|机械、设备、仪表|专用设备制造业|医疗器械制造业,--,2019.xls,0,2019,广东省,制造业,专用设备制造业,0.555951778280543,1.6901078827010092,-3.7171919899060217,-0.9943238872258964,b
国宏嘉信资本【国宏嘉信深港澳青年天使基金】（领投）,国宏嘉信（深圳）股权投资管理有限公司【国宏嘉信（深圳）天使创业投资企业（有限合伙）】（领投）,国宏嘉信资本,国宏嘉信（深圳）股权投资管理有限公司,--,--,国宏嘉信深港澳青年天使基金,国宏嘉信（深圳）天使创业投资企业（有限合伙）,影诺医疗,厦门影诺医疗科技有限公司,医疗健康，大数据，人工智能，医疗服务，医疗影像，AI医疗,生物技术/医疗健康|医疗设备,中国|福建省|厦门市,创业投资,扩张期,2021-01-04,RMB,--,--,--,5.09,Pre-A,冼汉迪,--,--,--,制造业|专用设备制造业|医疗仪器设备及器械制造,制造业|机械、设备、仪表|专用设备制造业|医疗器械制造业,--,2021.xls,0,2021,福建省,制造业,专用设备制造业,0.555951778280543,1.6901078827010092,-3.7171919899060217,-0.9943238872258964,b
基石资本【深圳市领创基石股权投资基金】,基石资产管理股份有限公司【深圳市领创基石股权投资基金合伙企业（有限合伙）】,深圳领信基石投资,深圳市领信基石股权投资基金管理合伙企业（有限合伙）,基石资本,基石资产管理股份有限公司,深圳市领创基石股权投资基金,深圳市领创基石股权投资基金合伙企业（有限合伙）,奇诺动力,深圳市奇诺动力科技有限公司,机器人，医用机器人,生物技术/医疗健康|医疗设备,中国|广东省|深圳市|南山区,成长资本,扩张期,2021-04-16,RMB,--,--,--,4.76,A,--,429.85,65.84,--,制造业|专用设备制造业|医疗仪器设备及器械制造,制造业|机械、设备、仪表|专用设备制造业|医疗器械制造业,--,2021.xls,0,2021,广东省,制造业,专用设备制造业,0.555951778280543,1.6901078827010092,-3.7171919899060217,-0.9943238872258964,b
国投创新【先进制造产业投资基金】,国投创新投资管理有限公司【先进制造产业投资基金（有限合伙）】,国投创新,国投创新投资管理有限公司,--,--,先进制造产业投资基金,先进制造产业投资基金（有限合伙）,天智航,北京天智航医疗科技股份有限公司,医疗健康，机器人,生物技术/医疗健康|医疗设备,中国|北京市|海淀区,新三板定增,扩张期,2018-07-18,RMB,200.02,200.02,29.49,8.00,新三板定增,--,"2,500.24",374.17,--,制造业|专用设备制造业|医疗仪器设备及器械制造,制造业|机械、设备、仪表|专用设备制造业|医疗器械制造业,上海证券交易所科创板，全国中小企业股份转让系统(新三板),2018.xls,1,2018,北京市,制造业,专用设备制造业,0.555951778280543,1.6901078827010092,-3.7171919899060217,-0.9943238872258964,b
国中资本【深圳国中中小企业发展私募股权投资基金】,国中资本【深圳国中中小企业发展私募股权投资基金合伙企业（有限合伙）】,国中创投,深圳国中创业投资管理有限公司,--,--,深圳国中中小企业发展私募股权投资基金,深圳国中中小企业发展私募股权投资基金合伙企业（有限合伙）,超维景生物,北京超维景生物科技有限公司,垂直硬件，医疗器械,生物技术/医疗健康|医疗设备,中国|北京市|海淀区,创业投资,初创期,2019-04-09,RMB,--,--,--,6.67,A,--,--,--,--,制造业|专用设备制造业|医疗仪器设备及器械制造,制造业|机械、设备、仪表|专用设备制造业|医疗器械制造业,--,2019.xls,0,2019,北京市,制造业,专用设备制造业,0.555951778280543,1.6901078827010092,-3.7171919899060217,-0.9943238872258964,b
国科投资【国科瑞华三期】（领投）,中国科技产业投资管理有限公司【深圳市国科瑞华三期股权投资基金合伙企业（有限合伙）】（领投）,国科投资,中国科技产业投资管理有限公司,--,--,国科瑞华三期,深圳市国科瑞华三期股权投资基金合伙企业（有限合伙）,瑞思普利,深圳瑞思普利生物制药股份有限公司,医疗健康，生产制造，医药,生物技术/医疗健康|医疗设备,中国|广东省|深圳市|宝安区,成长资本,初创期,2021-01-06,RMB,--,--,--,--,B,殷雷,--,--,--,制造业|专用设备制造业|医疗仪器设备及器械制造,制造业|机械、设备、仪表|专用设备制造业|医疗器械制造业,--,2021.xls,0,2021,广东省,制造业,专用设备制造业,0.555951778280543,1.6901078827010092,-3.7171919899060217,-0.9943238872258964,b
通和毓承【苏州通和毓承基金】,通和毓承【苏州通和毓承投资合伙企业（有限合伙）】,崇凯创业,崇凯创业投资咨询（上海）有限公司,通和毓承,通和毓承,苏州通和毓承基金,苏州通和毓承投资合伙企业（有限合伙）,智光科技,宁波智光机电科技有限公司,医疗健康，生产制造，医疗器械,生物技术/医疗健康|医疗设备,中国|浙江省|宁波市|鄞州区,--,扩张期,2018-08-06,USD,--,--,--,--,Pre-A,--,--,--,--,制造业|专用设备制造业|医疗仪器设备及器械制造,制造业|机械、设备、仪表|专用设备制造业|医疗器械制造业,--,2018.xls,0,2018,浙江省,制造业,专用设备制造业,0.555951778280543,1.6901078827010092,-3.7171919899060217,-0.9943238872258964,b
银河投资【吉林省银河生物产业创业投资基金】,中国银河投资管理有限公司【吉林省银河生物产业创业投资基金合伙企业（有限合伙）】,银河吉星创投,北京银河吉星创业投资有限责任公司,银河投资,中国银河投资管理有限公司,吉林省银河生物产业创业投资基金,吉林省银河生物产业创业投资基金合伙企业（有限合伙）,迈达医疗,吉林省迈达医疗器械股份有限公司,医疗健康，医疗设备，生产制造，医疗服务，医疗器械，血液透析,生物技术/医疗健康|医疗设备,中国|吉林省|长春市,新三板定增,成熟期,2018-08-09,RMB,30.00,30.00,4.39,15.40,新三板定增,--,194.86,28.52,--,制造业|专用设备制造业|医疗仪器设备及器械制造,制造业|机械、设备、仪表|专用设备制造业|医疗器械制造业,全国中小企业股份转让系统(新三板),2018.xls,0,2018,吉林省,制造业,专用设备制造业,0.555951778280543,1.6901078827010092,-3.7171919899060217,-0.9943238872258964,b
清控科创【科创嘉德】,清控科创控股股份有限公司【太原科创嘉德创业投资中心（有限合伙）】,太原清控科创投资,太原清控科创投资基金管理有限公司,清控科创,清控科创控股股份有限公司,科创嘉德,太原科创嘉德创业投资中心（有限合伙）,圣点科技,圣点世纪科技股份有限公司,计算机视觉，企业服务，生物识别,生物技术/医疗健康|医疗设备,中国|山西省|太原市,新三板定增,扩张期,2018-08-10,RMB,20.00,20.00,2.93,3.53,新三板定增,--,566.43,82.91,--,制造业|专用设备制造业|医疗仪器设备及器械制造,制造业|机械、设备、仪表|专用设备制造业|医疗器械制造业,全国中小企业股份转让系统(新三板),2018.xls,1,2018,山西省,制造业,专用设备制造业,0.555951778280543,1.6901078827010092,-3.7171919899060217,-0.9943238872258964,b
诚通基金【中国国有企业结构调整基金】,诚通基金管理有限公司【中国国有企业结构调整基金股份有限公司】,诚通基金,诚通基金管理有限公司,--,--,中国国有企业结构调整基金,中国国有企业结构调整基金股份有限公司,捷佳伟创,深圳市捷佳伟创新能源装备股份有限公司,生产制造，晶体，光电设备，太阳能，自动化，光伏电池,半导体及电子设备|电子设备|电子工业专用设备制造,中国|广东省|深圳市,上市定增,成熟期,2021-04-27,RMB,300.00,300.00,44.63,0.91,上市定增,--,"32,825.63","5,056.01",64.14,制造业|专用设备制造业|电子和电工机械专用设备制造|电子工业专用设备制造,制造业|机械、设备、仪表|专用设备制造业|其他专用设备制造业,深圳证券交易所创业板，全国中小企业股份转让系统(新三板),2021.xls,1,2021,广东省,制造业,专用设备制造业,0.555951778280543,1.6901078827010092,-3.7171919899060217,-0.9943238872258964,b
华芯投资【国家集成电路产业投资基金】,华芯投资管理有限责任公司【国家集成电路产业投资基金股份有限公司】,华芯投资,华芯投资管理有限责任公司,--,--,国家集成电路产业投资基金,国家集成电路产业投资基金股份有限公司,通富微电,通富微电子股份有限公司,电子元件，生产制造，芯片设计，综合性软件，闪存，可穿戴设备，微电子，投资，晶圆制造，MEMS，电子信息产业，铅，汽车交通，封装测试,半导体及电子设备|半导体|IC测试与封装,中国|江苏省|南通市,--,成熟期,2018-05-09,RMB,567.08,567.08,89.06,6.03,A,--,"10,612.85","1,666.75",53.83,制造业|专用设备制造业|电子和电工机械专用设备制造|电子工业专用设备制造,制造业|机械、设备、仪表|专用设备制造业|其他专用设备制造业,深圳证券交易所主板,2018.xls,1,2018,江苏省,制造业,专用设备制造业,0.555951778280543,1.6901078827010092,-3.7171919899060217,-0.9943238872258964,b
晨道投资【长江晨道基金】,宁波梅山保税港区晨道投资合伙企业（有限合伙）【长江晨道（湖北）新能源产业投资合伙企业（有限合伙）】,晨道投资,宁波梅山保税港区晨道投资合伙企业（有限合伙）,--,--,长江晨道基金,长江晨道（湖北）新能源产业投资合伙企业（有限合伙）,天华超净,苏州天华新能源科技股份有限公司,生产制造，垂直硬件，3C电商，纺织生产,生物技术/医疗健康|医疗设备,中国|江苏省|苏州市,上市定增,成熟期,2021-04-27,RMB,130.00,130.00,20.02,0.90,上市定增,--,"14,385.84","2,215.80",49.52,制造业|专用设备制造业|医疗仪器设备及器械制造,制造业|机械、设备、仪表|专用设备制造业|医疗器械制造业,深圳证券交易所创业板,2021.xls,0,2021,江苏省,制造业,专用设备制造业,0.555951778280543,1.6901078827010092,-3.7171919899060217,-0.9943238872258964,b
中科院创投【中科院科技成果转化母基金】,中科院创业投资管理有限公司【中科院科技成果转化创业投资基金（武汉）合伙企业（有限合伙）】,中科院创投,中科院创业投资管理有限公司,--,--,中科院科技成果转化母基金,中科院科技成果转化创业投资基金（武汉）合伙企业（有限合伙）,通灵仿生,安徽通灵仿生科技有限公司,医疗健康，医疗设备，医疗器械,生物技术/医疗健康|医疗设备,中国|安徽省|合肥市,天使投资,初创期,2018-05-07,RMB,--,--,--,12.00,天使轮,--,75.00,11.81,--,制造业|专用设备制造业|医疗仪器设备及器械制造,制造业|机械、设备、仪表|专用设备制造业|医疗器械制造业,--,2018.xls,0,2018,安徽省,制造业,专用设备制造业,0.555951778280543,1.6901078827010092,-3.7171919899060217,-0.9943238872258964,b
上汽投资【长三角产业升级股权投资基金】,上海汽车集团股权投资有限公司【上海长三角产业升级股权投资合伙企业（有限合伙）】,恒旭资本,上海上汽恒旭投资管理有限公司,上汽投资,上海汽车集团股权投资有限公司,长三角产业升级股权投资基金,上海长三角产业升级股权投资合伙企业（有限合伙）,微知卓,上海微知卓生物科技有限公司,医疗健康，医药，再生医学，生产制造，生物医疗，细胞治疗，医疗器械，生物药,生物技术/医疗健康|医疗设备,中国|上海市|嘉定区,成长资本,扩张期,2020-11-11,RMB,--,--,--,--,C+,--,--,--,--,制造业|专用设备制造业|医疗仪器设备及器械制造,制造业|机械、设备、仪表|专用设备制造业|医疗器械制造业,--,2020.xls,1,2020,上海市,制造业,专用设备制造业,0.555951778280543,1.6901078827010092,-3.7171919899060217,-0.9943238872258964,b
杭州启征投资【水木泽华创投】,杭州启征投资管理合伙企业（有限合伙）【杭州水木泽华创业投资合伙企业（有限合伙）】,杭州启征投资,杭州启征投资管理合伙企业（有限合伙）,--,--,水木泽华创投,杭州水木泽华创业投资合伙企业（有限合伙）,杜比医疗,浙江杜比医疗科技有限公司,医疗健康，医疗设备，生产制造，医疗服务，医疗器械，体外诊断,生物技术/医疗健康|医疗设备,中国|浙江省|杭州市,--,种子期,2018-03-09,RMB,--,--,--,--,A,--,--,--,--,制造业|专用设备制造业|医疗仪器设备及器械制造,制造业|机械、设备、仪表|专用设备制造业|医疗器械制造业,--,2018.xls,0,2018,浙江省,制造业,专用设备制造业,0.555951778280543,1.6901078827010092,-3.7171919899060217,-0.9943238872258964,b
蓝湾资本【仙居蓝湾生命健康基金】,蓝湾科创资本集团【仙居蓝湾健康产业投资合伙企业（有限合伙）】,蓝湾创投,南通蓝湾创业投资管理有限公司,蓝湾资本,蓝湾科创资本集团,仙居蓝湾生命健康基金,仙居蓝湾健康产业投资合伙企业（有限合伙）,象立医疗,浙江象立医疗科技有限公司,医疗设备，技术研发，健康管理,生物技术/医疗健康|医疗设备,中国|浙江省|台州市|仙居县,创业投资,扩张期,2021-05-25,RMB,--,--,--,11.11,A,--,--,--,--,制造业|专用设备制造业|医疗仪器设备及器械制造,制造业|机械、设备、仪表|专用设备制造业|医疗器械制造业,--,2021.xls,1,2021,浙江省,制造业,专用设备制造业,0.555951778280543,1.6901078827010092,-3.7171919899060217,-0.9943238872258964,b
海邦投资【海邦羿谷创投】,海邦投资【杭州海邦羿谷创业投资合伙企业（有限合伙）】,浙江海邦投资,浙江海邦投资管理有限公司,--,--,海邦羿谷创投,杭州海邦羿谷创业投资合伙企业（有限合伙）,归创通桥,归创通桥医疗科技股份有限公司,医疗健康，医疗设备，生产制造，医疗器械,生物技术/医疗健康|医疗设备,中国|浙江省|杭州市,创业投资,扩张期,2018-03-12,RMB,11.75,11.75,1.85,2.50,其他,--,470.17,74.10,--,制造业|专用设备制造业|医疗仪器设备及器械制造,制造业|机械、设备、仪表|专用设备制造业|医疗器械制造业,香港证券交易所主板,2018.xls,0,2018,浙江省,制造业,专用设备制造业,0.555951778280543,1.6901078827010092,-3.7171919899060217,-0.9943238872258964,b
金雨茂物【金溧创投基金】,金雨茂物投资管理股份有限公司【南京金溧创业投资合伙企业（有限合伙）】,西藏金缘,西藏金缘投资管理有限公司,金雨茂物,金雨茂物投资管理股份有限公司,金溧创投基金,南京金溧创业投资合伙企业（有限合伙）,先声诊断,江苏先声医学诊断有限公司,医疗健康，医疗设备，体外诊断，生产制造，医疗器械，精准医疗，文化会展业务，光电设备，危险化学品，自动化设备，仪器仪表，仪器设备，化工，生物技术，AI医疗,生物技术/医疗健康|医疗设备,中国|江苏省|南京市,成长资本,扩张期,2021-05-21,RMB,--,--,--,--,B,许颙良,--,--,--,制造业|专用设备制造业|医疗仪器设备及器械制造,制造业|机械、设备、仪表|专用设备制造业|医疗器械制造业,--,2021.xls,1,2021,江苏省,制造业,专用设备制造业,0.555951778280543,1.6901078827010092,-3.7171919899060217,-0.9943238872258964,b
达晨财智【达晨创联基金】,达晨财智【深圳市达晨创联股权投资基金合伙企业（有限合伙）】,达晨财智,深圳市达晨财智创业投资管理有限公司,--,--,达晨创联基金,深圳市达晨创联股权投资基金合伙企业（有限合伙）,德品医疗,苏州德品医疗科技股份有限公司,医疗健康，医疗服务，生产制造，医疗器械，医疗信息化，企业服务，AI医疗，医疗护理,生物技术/医疗健康|医疗设备,中国|江苏省|苏州市,新三板定增,扩张期,2018-03-12,RMB,30.01,30.01,4.73,14.57,新三板定增,--,205.96,32.46,--,制造业|专用设备制造业|医疗仪器设备及器械制造,制造业|机械、设备、仪表|专用设备制造业|医疗器械制造业,全国中小企业股份转让系统(新三板),2018.xls,0,2018,江苏省,制造业,专用设备制造业,0.555951778280543,1.6901078827010092,-3.7171919899060217,-0.9943238872258964,b
余杭国投【余杭区产业发展引导基金】,杭州余杭国有资本投资运营集团有限公司【杭州余杭产业基金有限公司】,余杭国投,杭州余杭国有资本投资运营集团有限公司,--,--,余杭区产业发展引导基金,杭州余杭产业基金有限公司,归领医疗,杭州归领医疗器械有限公司,医疗健康，医疗器械,生物技术/医疗健康|医疗设备,中国|浙江省|杭州市|余杭区,创业投资,扩张期,2021-05-21,RMB,0.25,0.25,0.04,0.67,A,--,113.26,17.61,--,制造业|专用设备制造业|医疗仪器设备及器械制造,制造业|机械、设备、仪表|专用设备制造业|医疗器械制造业,--,2021.xls,0,2021,浙江省,制造业,专用设备制造业,0.555951778280543,1.6901078827010092,-3.7171919899060217,-0.9943238872258964,b
元生创投【新建元二期创业基金】,苏州工业园区元生创业投资管理有限公司【苏州工业园区新建元二期创业投资企业（有限合伙）】,元生私募基金,苏州元生私募基金管理合伙企业（有限合伙）,元生创投,苏州工业园区元生创业投资管理有限公司,新建元二期创业基金,苏州工业园区新建元二期创业投资企业（有限合伙）,胜杰康,宁波胜杰康生物科技有限公司,医疗健康，医疗器械，手术器械，微创器械,生物技术/医疗健康|医疗设备,中国|浙江省|宁波市,--,扩张期,2018-03-26,RMB,20.00,20.00,2.96,--,A,--,--,--,--,制造业|专用设备制造业|医疗仪器设备及器械制造,制造业|机械、设备、仪表|专用设备制造业|医疗器械制造业,--,2018.xls,0,2018,浙江省,制造业,专用设备制造业,0.555951778280543,1.6901078827010092,-3.7171919899060217,-0.9943238872258964,b
启明创投【启明创投五期人民币基金】,启明维创创业投资管理（上海）有限公司【苏州工业园区启明融科股权投资合伙企业（有限合伙）】,苏州启元股权投资,苏州启元股权投资管理合伙企业（有限合伙）,启明创投,启明维创创业投资管理（上海）有限公司,启明创投五期人民币基金,苏州工业园区启明融科股权投资合伙企业（有限合伙）,蕾明视康,无锡蕾明视康科技有限公司,医疗健康，生产制造，医疗器械,生物技术/医疗健康|医疗设备,中国|江苏省|无锡市|滨湖区,--,扩张期,2018-03-27,RMB,--,--,--,--,A,--,--,--,--,制造业|专用设备制造业|医疗仪器设备及器械制造,制造业|机械、设备、仪表|专用设备制造业|医疗器械制造业,--,2018.xls,0,2018,江苏省,制造业,专用设备制造业,0.555951778280543,1.6901078827010092,-3.7171919899060217,-0.9943238872258964,b
君联资本【君联医疗人民币三期】,君联资本管理股份有限公司【北京君联惠康股权投资合伙企业（有限合伙）】,君联资本,君联资本管理股份有限公司,--,--,君联医疗人民币三期,北京君联惠康股权投资合伙企业（有限合伙）,乐纯生物,上海乐纯生物技术股份有限公司,医疗健康，医药，生产制造，生物制药，医疗器械，核酸药,生物技术/医疗健康|医疗设备,中国|上海市|松江区,成长资本,扩张期,2021-04-02,RMB,--,--,--,7.50,B,洪坦,"1,103.75",168.13,--,制造业|专用设备制造业|医疗仪器设备及器械制造,制造业|机械、设备、仪表|专用设备制造业|医疗器械制造业,--,2021.xls,0,2021,上海市,制造业,专用设备制造业,0.555951778280543,1.6901078827010092,-3.7171919899060217,-0.9943238872258964,b
仙瞳资本【江苏疌泉仙瞳生物医疗创业基金】,深圳仙瞳资本管理有限公司【江苏疌泉仙瞳生物医疗创业投资合伙企业（有限合伙）】,苏州仙瞳创投,苏州仙瞳创业投资管理中心（有限合伙）,仙瞳资本,深圳仙瞳资本管理有限公司,江苏疌泉仙瞳生物医疗创业基金,江苏疌泉仙瞳生物医疗创业投资合伙企业（有限合伙）,垠艺生物,辽宁垠艺生物科技股份有限公司,医疗健康，医疗设备，生产制造，心血管，生物医疗，医疗器械,生物技术/医疗健康|医疗设备,中国|辽宁省|大连市,新三板定增,成熟期,2018-03-28,RMB,40.00,40.00,6.37,6.35,新三板定增,--,629.92,100.28,--,制造业|专用设备制造业|医疗仪器设备及器械制造,制造业|机械、设备、仪表|专用设备制造业|医疗器械制造业,全国中小企业股份转让系统(新三板),2018.xls,0,2018,辽宁省,制造业,专用设备制造业,0.555951778280543,1.6901078827010092,-3.7171919899060217,-0.9943238872258964,b
博远资本【博远嘉昱创投基金】,博远资本【成都博远嘉昱创业投资合伙企业（有限合伙）】,博睿瑜业股权投资,博睿瑜业（上海）股权投资管理有限公司,博远资本,博远资本,博远嘉昱创投基金,成都博远嘉昱创业投资合伙企业（有限合伙）,纽脉医疗,上海纽脉医疗科技股份有限公司,医疗健康，医疗服务，医疗设备，医疗器械,生物技术/医疗健康|医疗设备,中国|上海市|浦东新区,--,扩张期,2018-04-03,RMB,--,--,--,--,A,--,--,--,--,制造业|专用设备制造业|医疗仪器设备及器械制造,制造业|机械、设备、仪表|专用设备制造业|医疗器械制造业,--,2018.xls,0,2018,上海市,制造业,专用设备制造业,0.555951778280543,1.6901078827010092,-3.7171919899060217,-0.9943238872258964,b
国投创合【合创同运中以创投基金】,国投创合基金管理有限公司【苏州合创同运中以创业投资合伙企业（有限合伙）】,国投创合（杭州）创业投资,国投创合（杭州）创业投资管理有限公司,国投创合,国投创合基金管理有限公司,合创同运中以创投基金,苏州合创同运中以创业投资合伙企业（有限合伙）,臻亿医疗,江苏臻亿医疗科技有限公司,医疗健康，医疗器械,生物技术/医疗健康|医疗设备,中国|江苏省|南通市|如东县,成长资本,初创期,2021-05-11,RMB,--,--,--,2.19,A,--,--,--,--,制造业|专用设备制造业|医疗仪器设备及器械制造,制造业|机械、设备、仪表|专用设备制造业|医疗器械制造业,--,2021.xls,0,2021,江苏省,制造业,专用设备制造业,0.555951778280543,1.6901078827010092,-3.7171919899060217,-0.9943238872258964,b
弘晖基金【弘晖资本人民币基金II期】,江苏弘晖股权投资管理有限公司【宁波弘晖股权投资合伙企业（有限合伙）】,上海合弘景晖投资,上海合弘景晖股权投资管理有限公司,弘晖基金,江苏弘晖股权投资管理有限公司,弘晖资本人民币基金II期,宁波弘晖股权投资合伙企业（有限合伙）,昆亚医疗,上海昆亚医疗器械股份有限公司,医疗健康，医疗设备，托管,生物技术/医疗健康|医疗设备,中国|上海市|金山区,新三板定增,扩张期,2018-04-10,RMB,7.50,7.50,1.19,2.44,新三板定增,--,307.35,48.70,--,制造业|专用设备制造业|医疗仪器设备及器械制造,制造业|机械、设备、仪表|专用设备制造业|医疗器械制造业,全国中小企业股份转让系统(新三板),2018.xls,0,2018,上海市,制造业,专用设备制造业,0.555951778280543,1.6901078827010092,-3.7171919899060217,-0.9943238872258964,b
国投创业【国投高新创投基金】,国投创业投资管理有限公司【国投高新（深圳）创业投资基金（有限合伙）】,国投创业,国投创业投资管理有限公司,--,--,国投高新创投基金,国投高新（深圳）创业投资基金（有限合伙）,玖谊源粒子,四川玖谊源粒子科技有限公司,医疗健康，医疗器械,生物技术/医疗健康|医疗设备,中国|四川省|绵阳市|涪城区,--,初创期,2019-06-04,--,--,--,--,25.00,A,--,--,--,--,制造业|专用设备制造业|医疗仪器设备及器械制造,制造业|机械、设备、仪表|专用设备制造业|医疗器械制造业,--,2019.xls,1,2019,四川省,制造业,专用设备制造业,0.555951778280543,1.6901078827010092,-3.7171919899060217,-0.9943238872258964,b
敦鸿资产【芒果文创基金】,上海敦鸿资产管理有限公司【芒果文创（上海）股权投资基金合伙企业（有限合伙）】,易泽资本,易泽资本管理有限公司,敦鸿资产,上海敦鸿资产管理有限公司,芒果文创基金,芒果文创（上海）股权投资基金合伙企业（有限合伙）,真迈生物,深圳市真迈生物科技有限公司,医疗健康，体外诊断，基因测序仪，基因测序,生物技术/医疗健康|医疗设备,中国|广东省|深圳市,--,扩张期,2018-04-19,RMB,10.46,10.46,1.67,--,A,--,--,--,--,制造业|专用设备制造业|医疗仪器设备及器械制造,制造业|机械、设备、仪表|专用设备制造业|医疗器械制造业,--,2018.xls,0,2018,广东省,制造业,专用设备制造业,0.555951778280543,1.6901078827010092,-3.7171919899060217,-0.9943238872258964,b
滨海新区【天津虹桥天使投资】,天津滨海新区财富投资管理有限公司【天津虹桥天使投资有限公司】,汇鑫创富,天津汇鑫创富股权投资基金管理有限公司,滨海新区,天津滨海新区财富投资管理有限公司,天津虹桥天使投资,天津虹桥天使投资有限公司,天津诺迈科技,天津诺迈科技有限公司,医疗健康，医疗服务，体外诊断，生物药，医疗器械，检验诊断器械,生物技术/医疗健康|医疗设备,中国|天津市|东丽区,--,种子期,2018-04-26,RMB,--,--,--,13.52,天使轮,--,--,--,--,制造业|专用设备制造业|医疗仪器设备及器械制造,制造业|机械、设备、仪表|专用设备制造业|医疗器械制造业,--,2018.xls,1,2018,天津市,制造业,专用设备制造业,0.555951778280543,1.6901078827010092,-3.7171919899060217,-0.9943238872258964,b
北极光创投【北极光人民币基金四期】（领投）,北极光创投【苏州极创欣源创业投资合伙企业（有限合伙）】（领投）,同源创业,苏州同源创业投资管理有限公司,北极光创投,北极光创投,北极光人民币基金四期,苏州极创欣源创业投资合伙企业（有限合伙）,诺令生物,南京诺令生物科技有限公司,医疗健康，医疗器械,生物技术/医疗健康|医疗设备,中国|江苏省|南京市|浦口区,创业投资,初创期,2020-12-29,RMB,8.33,8.33,1.29,17.86,A,--,46.66,7.15,--,制造业|专用设备制造业|医疗仪器设备及器械制造,制造业|机械、设备、仪表|专用设备制造业|医疗器械制造业,--,2020.xls,0,2020,江苏省,制造业,专用设备制造业,0.555951778280543,1.6901078827010092,-3.7171919899060217,-0.9943238872258964,b
启明创投【启明创投五期人民币基金】,启明维创创业投资管理（上海）有限公司【苏州工业园区启明融科股权投资合伙企业（有限合伙）】,苏州启元股权投资,苏州启元股权投资管理合伙企业（有限合伙）,启明创投,启明维创创业投资管理（上海）有限公司,启明创投五期人民币基金,苏州工业园区启明融科股权投资合伙企业（有限合伙）,天深医疗,深圳天深医疗器械有限公司,医疗健康，医疗设备，体外诊断，生产制造，诊断试剂，医疗分析仪器，医疗服务，自动化，医疗器械,生物技术/医疗健康|医疗设备,中国|广东省|深圳市,--,扩张期,2018-05-01,RMB,40.00,40.00,6.31,--,A,--,--,--,--,制造业|专用设备制造业|医疗仪器设备及器械制造,制造业|机械、设备、仪表|专用设备制造业|医疗器械制造业,--,2018.xls,0,2018,广东省,制造业,专用设备制造业,0.555951778280543,1.6901078827010092,-3.7171919899060217,-0.9943238872258964,b
同创伟业【深圳市同创中科前海科控天使创业投资】,深圳同创伟业资产管理股份有限公司【深圳市同创中科前海科控天使创业投资合伙企业（有限合伙）】,同创锦绣,深圳同创锦绣资产管理有限公司,同创伟业,深圳同创伟业资产管理股份有限公司,深圳市同创中科前海科控天使创业投资,深圳市同创中科前海科控天使创业投资合伙企业（有限合伙）,腾复医疗,深圳腾复医疗科技有限公司,医疗健康，医疗设备，生产制造，医疗器械，手术器械,生物技术/医疗健康|医疗设备,中国|广东省|深圳市,成长资本,种子期,2021-04-29,RMB,--,--,--,1.67,Pre-A,郑伟鹤,299.94,45.77,--,制造业|专用设备制造业|医疗仪器设备及器械制造,制造业|机械、设备、仪表|专用设备制造业|医疗器械制造业,--,2021.xls,0,2021,广东省,制造业,专用设备制造业,0.555951778280543,1.6901078827010092,-3.7171919899060217,-0.9943238872258964,b
珠海高科创投【珠海高新天使创业投资】,珠海高科金投创业投资管理有限公司【珠海高新天使创业投资有限公司】,珠海高科创投,珠海高科金投创业投资管理有限公司,--,--,珠海高新天使创业投资,珠海高新天使创业投资有限公司,脉搏医疗,广东脉搏医疗科技有限公司,医疗健康，医疗设备，生产制造，医疗器械，心血管，高端医疗，高能耗材,生物技术/医疗健康|医疗设备,中国|广东省|珠海市,--,扩张期,2018-03-31,RMB,5.00,5.00,0.80,--,天使轮,--,--,--,--,制造业|专用设备制造业|医疗仪器设备及器械制造,制造业|机械、设备、仪表|专用设备制造业|医疗器械制造业,--,2018.xls,1,2018,广东省,制造业,专用设备制造业,0.555951778280543,1.6901078827010092,-3.7171919899060217,-0.9943238872258964,b
吉林养老基金【吉林省养老服务产业基金】,吉林省养老服务产业基金管理有限公司【吉林省养老服务产业基金合伙企业（有限合伙）】,吉林养老基金,吉林省养老服务产业基金管理有限公司,--,--,吉林省养老服务产业基金,吉林省养老服务产业基金合伙企业（有限合伙）,卡尤迪生物,北京卡尤迪生物科技股份有限公司,医疗健康，医疗服务，医疗设备，体外诊断，分子诊断,生物技术/医疗健康|医疗设备,中国|北京市|海淀区,创业投资,扩张期,2019-03-26,RMB,--,--,--,2.27,C,--,--,--,--,制造业|专用设备制造业|医疗仪器设备及器械制造,制造业|机械、设备、仪表|专用设备制造业|医疗器械制造业,--,2019.xls,1,2019,北京市,制造业,专用设备制造业,0.555951778280543,1.6901078827010092,-3.7171919899060217,-0.9943238872258964,b
东方富海【南山东方富海中小微创投基金】,深圳市东方富海投资管理股份有限公司【深圳南山东方富海中小微创业投资基金合伙企业（有限合伙）】,深圳东方富海创投,深圳市东方富海创业投资管理有限公司,东方富海,深圳市东方富海投资管理股份有限公司,南山东方富海中小微创投基金,深圳南山东方富海中小微创业投资基金合伙企业（有限合伙）,传世生物,深圳传世生物医疗有限公司,生物医疗,生物技术/医疗健康|医疗设备,中国|广东省|深圳市,--,初创期,2018-08-15,RMB,10.00,10.00,1.40,5.95,A,--,--,--,--,制造业|专用设备制造业|医疗仪器设备及器械制造,制造业|机械、设备、仪表|专用设备制造业|医疗器械制造业,--,2018.xls,0,2018,广东省,制造业,专用设备制造业,0.555951778280543,1.6901078827010092,-3.7171919899060217,-0.9943238872258964,b
锡创投【无锡金投领航投资】,无锡市创新投资集团有限公司【无锡金投领航产业升级并购投资企业（有限合伙）】,无锡金投资本,无锡金投资本私募基金管理有限公司,锡创投,无锡市创新投资集团有限公司,无锡金投领航投资,无锡金投领航产业升级并购投资企业（有限合伙）,长电科技,江苏长电科技股份有限公司,电子元件，生产制造，封装测试，芯片封装测试，光电,半导体及电子设备|半导体|IC测试与封装,中国|江苏省|江阴市,上市定增,成熟期,2018-08-30,RMB,500.00,500.00,72.62,2.10,上市定增,--,"23,867.07","3,466.23",--,制造业|专用设备制造业|电子和电工机械专用设备制造|电子工业专用设备制造,制造业|机械、设备、仪表|专用设备制造业|其他专用设备制造业,上海证券交易所主板,2018.xls,0,2018,江苏省,制造业,专用设备制造业,0.555951778280543,1.6901078827010092,-3.7171919899060217,-0.9943238872258964,b
国投创合【创合精选创投基金】（领投）,国投创合基金管理有限公司【杭州创合精选创业投资合伙企业（有限合伙）】（领投）,国投创合（杭州）创业投资,国投创合（杭州）创业投资管理有限公司,国投创合,国投创合基金管理有限公司,创合精选创投基金,杭州创合精选创业投资合伙企业（有限合伙）,无双医疗,苏州无双医疗设备有限公司,--,生物技术/医疗健康|医疗设备,中国|江苏省|苏州市,成长资本,扩张期,2021-03-01,RMB,--,--,--,--,B,--,--,--,--,制造业|专用设备制造业|医疗仪器设备及器械制造,制造业|机械、设备、仪表|专用设备制造业|医疗器械制造业,--,2021.xls,0,2021,江苏省,制造业,专用设备制造业,0.555951778280543,1.6901078827010092,-3.7171919899060217,-0.9943238872258964,b
毅达资本【安徽专精特新基金】,江苏毅达股权投资基金管理有限公司【黄山高新毅达新安江专精特新创业投资基金（有限合伙）】,安徽毅达汇承投资,安徽毅达汇承股权投资管理企业（有限合伙）,毅达资本,江苏毅达股权投资基金管理有限公司,安徽专精特新基金,黄山高新毅达新安江专精特新创业投资基金（有限合伙）,好博医疗,苏州好博医疗器械股份有限公司,医疗健康，医疗服务，医疗设备，生产制造，医疗护理,生物技术/医疗健康|医疗设备,中国|江苏省|苏州市|太仓市,创业投资,成熟期,2021-02-26,RMB,--,--,--,3.80,A,史云中,789.47,122.36,--,制造业|专用设备制造业|医疗仪器设备及器械制造,制造业|机械、设备、仪表|专用设备制造业|医疗器械制造业,--,2021.xls,0,2021,江苏省,制造业,专用设备制造业,0.555951778280543,1.6901078827010092,-3.7171919899060217,-0.9943238872258964,b
启明创投【启明创投五期人民币基金】,启明维创创业投资管理（上海）有限公司【苏州工业园区启明融科股权投资合伙企业（有限合伙）】,苏州启元股权投资,苏州启元股权投资管理合伙企业（有限合伙）,启明创投,启明维创创业投资管理（上海）有限公司,启明创投五期人民币基金,苏州工业园区启明融科股权投资合伙企业（有限合伙）,惠泰医疗,深圳惠泰医疗器械股份有限公司,医疗健康，医疗设备，生产制造，医疗器械，高能耗材，电生理类设备,生物技术/医疗健康|医疗设备,中国|广东省|深圳市|南山区,成长资本,成熟期,2018-11-27,RMB,27.45,27.45,3.95,1.83,其他,--,"1,499.83",215.92,--,制造业|专用设备制造业|医疗仪器设备及器械制造,制造业|机械、设备、仪表|专用设备制造业|医疗器械制造业,上海证券交易所科创板,2018.xls,0,2018,广东省,制造业,专用设备制造业,0.555951778280543,1.6901078827010092,-3.7171919899060217,-0.9943238872258964,b
邦明资本【扬州龙川产业转型升级基金】,上海邦明投资管理股份有限公司【扬州龙川产业转型升级投资中心（有限合伙）】,邦明资本,上海邦明投资管理股份有限公司,--,--,扬州龙川产业转型升级基金,扬州龙川产业转型升级投资中心（有限合伙）,玄宇医疗,上海玄宇医疗器械有限公司,医疗健康，医疗器械,生物技术/医疗健康|医疗设备,中国|上海市|浦东新区,天使投资,种子期,2021-02-26,RMB,--,--,--,--,天使轮,--,--,--,--,制造业|专用设备制造业|医疗仪器设备及器械制造,制造业|机械、设备、仪表|专用设备制造业|医疗器械制造业,--,2021.xls,0,2021,上海市,制造业,专用设备制造业,0.555951778280543,1.6901078827010092,-3.7171919899060217,-0.9943238872258964,b
辰德资本【辰德资本人民币三期基金】,上海甲辰投资有限公司【苏州辰知德投资合伙企业（有限合伙）】,辰德资本,上海甲辰投资有限公司,--,--,辰德资本人民币三期基金,苏州辰知德投资合伙企业（有限合伙）,健世科技,宁波健世科技股份有限公司,医疗健康，医疗器械,生物技术/医疗健康|医疗设备,中国|浙江省|宁波市,创业投资,扩张期,2018-12-06,RMB,25.00,25.00,3.57,5.51,A,--,454.13,66.20,--,制造业|专用设备制造业|医疗仪器设备及器械制造,制造业|机械、设备、仪表|专用设备制造业|医疗器械制造业,香港证券交易所主板,2018.xls,0,2018,浙江省,制造业,专用设备制造业,0.555951778280543,1.6901078827010092,-3.7171919899060217,-0.9943238872258964,b
邦盛资本【江苏省体育基金】,南京邦盛投资管理有限公司【江苏省体育产业投资基金（有限合伙）】,江苏沿海资本,江苏沿海创新资本管理有限公司,邦盛资本,南京邦盛投资管理有限公司,江苏省体育基金,江苏省体育产业投资基金（有限合伙）,麦澜德,南京麦澜德医疗科技股份有限公司,医疗健康，医疗设备，生产制造，软件系统定制化开发，数据管理软件开发，移动医疗,生物技术/医疗健康|医疗设备,中国|江苏省|南京市,成长资本,扩张期,2018-12-07,RMB,30.00,30.00,4.45,3.53,A,--,850.34,123.84,--,制造业|专用设备制造业|医疗仪器设备及器械制造,制造业|机械、设备、仪表|专用设备制造业|医疗器械制造业,上海证券交易所科创板,2018.xls,0,2018,江苏省,制造业,专用设备制造业,0.555951778280543,1.6901078827010092,-3.7171919899060217,-0.9943238872258964,b
凯泰资本【杭州凯泰宏德创业投资】,杭州凯泰资本管理有限公司【杭州凯泰宏德创业投资合伙企业（有限合伙）】,凯泰资本,杭州凯泰资本管理有限公司,--,--,杭州凯泰宏德创业投资,杭州凯泰宏德创业投资合伙企业（有限合伙）,锐讯生物,苏州锐讯生物科技有限公司,医疗健康，医疗设备，体外诊断，生产制造，医疗器械,生物技术/医疗健康|医疗设备,中国|江苏省|苏州市,创业投资,扩张期,2021-02-23,RMB,--,--,--,2.44,B,张泰豪,80.00,12.39,--,制造业|专用设备制造业|医疗仪器设备及器械制造,制造业|机械、设备、仪表|专用设备制造业|医疗器械制造业,--,2021.xls,0,2021,江苏省,制造业,专用设备制造业,0.555951778280543,1.6901078827010092,-3.7171919899060217,-0.9943238872258964,b
夏尔巴投资【夏尔巴一期人民币基金】,珠海夏尔巴股权投资管理有限公司【珠海夏尔巴一期股权投资合伙企业（有限合伙）】,夏尔巴投资,珠海夏尔巴股权投资管理有限公司,夏尔巴投资,珠海夏尔巴股权投资管理有限公司,夏尔巴一期人民币基金,珠海夏尔巴一期股权投资合伙企业（有限合伙）,麦默真空,麦默真空技术无锡有限公司,医疗健康，医疗设备,生物技术/医疗健康|医疗设备,中国|江苏省|无锡市|惠山区,天使投资,初创期,2018-12-07,RMB,--,--,--,--,Pre-A,--,--,--,--,制造业|专用设备制造业|医疗仪器设备及器械制造,制造业|机械、设备、仪表|专用设备制造业|医疗器械制造业,--,2018.xls,0,2018,江苏省,制造业,专用设备制造业,0.555951778280543,1.6901078827010092,-3.7171919899060217,-0.9943238872258964,b
鲁信创投【华信润城生物医药基金】,鲁信创业投资集团股份有限公司【云南华信润城生物医药产业创业投资基金合伙企业（有限合伙）】,华信润城投资,云南华信润城股权投资基金管理有限公司,鲁信创投,鲁信创业投资集团股份有限公司,华信润城生物医药基金,云南华信润城生物医药产业创业投资基金合伙企业（有限合伙）,硅基仿生,深圳硅基仿生科技股份有限公司,电子元件，生产制造，医疗大数据，AI医疗，医疗器械，人工智能，3C电商，芯片设计,生物技术/医疗健康|医疗设备,中国|广东省|深圳市|宝安区,创业投资,扩张期,2021-02-22,RMB,--,--,--,--,C+,--,--,--,--,制造业|专用设备制造业|医疗仪器设备及器械制造,制造业|机械、设备、仪表|专用设备制造业|医疗器械制造业,--,2021.xls,0,2021,广东省,制造业,专用设备制造业,0.555951778280543,1.6901078827010092,-3.7171919899060217,-0.9943238872258964,b
物明投资【物明福田健康产业基金】,深圳物明投资管理有限公司【深圳市物明福田健康产业投资合伙企业（有限合伙）】,物明投资,深圳物明投资管理有限公司,--,--,物明福田健康产业基金,深圳市物明福田健康产业投资合伙企业（有限合伙）,先健心康,深圳市先健心康医疗电子有限公司,医疗健康，企业服务，医疗设备，医疗器械，高能耗材，心血管,生物技术/医疗健康|医疗设备,中国|广东省|深圳市,创业投资,扩张期,2021-03-01,RMB,--,--,--,--,天使轮,张宗友,--,--,--,制造业|专用设备制造业|医疗仪器设备及器械制造,制造业|机械、设备、仪表|专用设备制造业|医疗器械制造业,--,2021.xls,0,2021,广东省,制造业,专用设备制造业,0.555951778280543,1.6901078827010092,-3.7171919899060217,-0.9943238872258964,b
安徽投资集团【三重一创产业发展基金】,安徽省投资集团控股有限公司【安徽省三重一创产业发展基金有限公司】,安徽省高新投,安徽省高新技术产业投资有限公司,安徽投资集团,安徽省投资集团控股有限公司,三重一创产业发展基金,安徽省三重一创产业发展基金有限公司,硕金医疗,安徽硕金医疗设备有限公司,医疗设备,生物技术/医疗健康|医疗设备,中国|安徽省|合肥市,创业投资,扩张期,2021-01-21,RMB,--,--,--,4.17,天使轮,--,480.00,74.03,--,制造业|专用设备制造业|医疗仪器设备及器械制造,制造业|机械、设备、仪表|专用设备制造业|医疗器械制造业,--,2021.xls,1,2021,安徽省,制造业,专用设备制造业,0.555951778280543,1.6901078827010092,-3.7171919899060217,-0.9943238872258964,b
川创投【四川省创新创业投资引导基金】,四川创新发展投资管理有限公司【四川省创新创业股权投资基金合伙企业（有限合伙）】,川创投,四川创新发展投资管理有限公司,--,--,四川省创新创业投资引导基金,四川省创新创业股权投资基金合伙企业（有限合伙）,思多科,成都思多科医疗科技有限公司,医疗健康，医疗服务，医疗设备，医疗器械,生物技术/医疗健康|医疗设备,中国|四川省|成都市,创业投资,初创期,2019-01-29,RMB,3.50,3.50,0.52,2.61,A,--,--,--,--,制造业|专用设备制造业|医疗仪器设备及器械制造,制造业|机械、设备、仪表|专用设备制造业|医疗器械制造业,--,2019.xls,1,2019,四川省,制造业,专用设备制造业,0.555951778280543,1.6901078827010092,-3.7171919899060217,-0.9943238872258964,b
清源投资【常州清源创新创业基金】,深圳清源投资管理股份有限公司【常州清源创新创业投资合伙企业（有限合伙）】,常州清源创新投资,常州清源创新投资管理合伙企业（有限合伙）,清源投资,深圳清源投资管理股份有限公司,常州清源创新创业基金,常州清源创新创业投资合伙企业（有限合伙）,慧创医疗,丹阳慧创医疗设备有限公司,医疗健康，医疗设备，脑疾病,生物技术/医疗健康|医疗设备,中国|北京市|海淀区,创业投资,初创期,2018-12-30,RMB,--,--,--,--,Pre-A,--,--,--,--,制造业|专用设备制造业|医疗仪器设备及器械制造,制造业|机械、设备、仪表|专用设备制造业|医疗器械制造业,--,2018.xls,0,2018,北京市,制造业,专用设备制造业,0.555951778280543,1.6901078827010092,-3.7171919899060217,-0.9943238872258964,b
众信资产【四川省知识产权运营基金】,四川众信资产管理有限公司【四川省知识产权运营股权投资基金合伙企业（有限合伙）】,众信资产,四川众信资产管理有限公司,--,--,四川省知识产权运营基金,四川省知识产权运营股权投资基金合伙企业（有限合伙）,美益达医疗,成都美益达医疗科技有限公司,医疗健康，医疗器械，材料,生物技术/医疗健康|医疗设备,中国|四川省|成都市,创业投资,扩张期,2019-01-02,RMB,--,--,--,--,A,--,--,--,--,制造业|专用设备制造业|医疗仪器设备及器械制造,制造业|机械、设备、仪表|专用设备制造业|医疗器械制造业,--,2019.xls,1,2019,四川省,制造业,专用设备制造业,0.555951778280543,1.6901078827010092,-3.7171919899060217,-0.9943238872258964,b
北极光创投【北极光人民币基金四期】,北极光创投【苏州极创欣源创业投资合伙企业（有限合伙）】,同源创业,苏州同源创业投资管理有限公司,北极光创投,北极光创投,北极光人民币基金四期,苏州极创欣源创业投资合伙企业（有限合伙）,博视科技,南京博视医疗科技有限公司,生产制造，医疗器械,生物技术/医疗健康|医疗设备,中国|江苏省|南京市|雨花台区,创业投资,扩张期,2021-02-05,RMB,--,--,--,1.72,A,于芳,203.49,31.45,--,制造业|专用设备制造业|医疗仪器设备及器械制造,制造业|机械、设备、仪表|专用设备制造业|医疗器械制造业,--,2021.xls,0,2021,江苏省,制造业,专用设备制造业,0.555951778280543,1.6901078827010092,-3.7171919899060217,-0.9943238872258964,b
金城资本【兰州科技产业基金】,金城资本管理有限公司【兰州科技产业发展投资基金（有限合伙）】,金城资本,金城资本管理有限公司,--,--,兰州科技产业基金,兰州科技产业发展投资基金（有限合伙）,西脉记忆,兰州西脉记忆合金股份有限公司,医疗健康，医疗设备，生产制造，医疗器械，记忆培训,生物技术/医疗健康|医疗设备,中国|甘肃省|兰州市,--,成熟期,2019-01-21,RMB,--,--,--,--,A,--,--,--,--,制造业|专用设备制造业|医疗仪器设备及器械制造,制造业|机械、设备、仪表|专用设备制造业|医疗器械制造业,--,2019.xls,1,2019,甘肃省,制造业,专用设备制造业,0.555951778280543,1.6901078827010092,-3.7171919899060217,-0.9943238872258964,b
雅惠投资【雅惠Ⅳ期】,北京雅惠资产管理有限公司【北京雅惠锦霖创业投资合伙企业（有限合伙）】,雅惠投资,北京雅惠资产管理有限公司,--,--,雅惠Ⅳ期,北京雅惠锦霖创业投资合伙企业（有限合伙）,罗森博特,北京罗森博特科技有限公司,医疗健康，机器人，医用机器人,生物技术/医疗健康|医疗设备,中国|北京市|海淀区,创业投资,扩张期,2021-02-05,RMB,--,--,--,2.69,A,--,275.76,42.61,--,制造业|专用设备制造业|医疗仪器设备及器械制造,制造业|机械、设备、仪表|专用设备制造业|医疗器械制造业,--,2021.xls,0,2021,北京市,制造业,专用设备制造业,0.555951778280543,1.6901078827010092,-3.7171919899060217,-0.9943238872258964,b
元禾控股【原点医疗叁号】（领投）,苏州元禾控股股份有限公司【苏州工业园区元禾原点叁号医疗健康产业投资合伙企业（有限合伙）】（领投）,元禾原点,苏州工业园区元禾原点创业投资管理有限公司,元禾控股,苏州元禾控股股份有限公司,原点医疗叁号,苏州工业园区元禾原点叁号医疗健康产业投资合伙企业（有限合伙）,维伟思,苏州维伟思医疗科技有限公司,医疗健康，医疗设备，法律服务,生物技术/医疗健康|医疗设备,中国|江苏省|苏州市,成长资本,初创期,2021-02-04,RMB,--,--,--,--,A+,费建江,--,--,--,制造业|专用设备制造业|医疗仪器设备及器械制造,制造业|机械、设备、仪表|专用设备制造业|医疗器械制造业,--,2021.xls,0,2021,江苏省,制造业,专用设备制造业,0.555951778280543,1.6901078827010092,-3.7171919899060217,-0.9943238872258964,b
凯泰资本【创熠凯泰创投基金】,杭州凯泰资本管理有限公司【南京创熠凯泰创业投资合伙企业（有限合伙）】,凯泰资本,杭州凯泰资本管理有限公司,--,--,创熠凯泰创投基金,南京创熠凯泰创业投资合伙企业（有限合伙）,圣德医疗,南京圣德医疗科技有限公司,医疗健康，医疗器械，心血管,生物技术/医疗健康|医疗设备,中国|江苏省|南京市|浦口区,天使投资,初创期,2021-02-04,RMB,--,--,--,3.87,天使轮,--,--,--,--,制造业|专用设备制造业|医疗仪器设备及器械制造,制造业|机械、设备、仪表|专用设备制造业|医疗器械制造业,--,2021.xls,0,2021,江苏省,制造业,专用设备制造业,0.555951778280543,1.6901078827010092,-3.7171919899060217,-0.9943238872258964,b
经纬创投【杭州经天纬地投资】,经纬创投（北京）投资管理顾问有限公司【杭州经天纬地投资合伙企业（有限合伙）】,上海旌卓,上海旌卓投资管理有限公司,经纬创投,经纬创投（北京）投资管理顾问有限公司,杭州经天纬地投资,杭州经天纬地投资合伙企业（有限合伙）,睿心医疗,深圳睿心智能医疗科技有限公司,医疗健康，人工智能，云计算，心血管，医疗器械,生物技术/医疗健康|医疗设备,中国|广东省|深圳市|南山区,创业投资,初创期,2019-01-15,RMB,17.50,17.50,2.59,16.67,A,--,59.99,8.88,--,制造业|专用设备制造业|医疗仪器设备及器械制造,制造业|机械、设备、仪表|专用设备制造业|医疗器械制造业,--,2019.xls,0,2019,广东省,制造业,专用设备制造业,0.555951778280543,1.6901078827010092,-3.7171919899060217,-0.9943238872258964,b
纪源资本【纪源资本人民币二期基金】（领投）,纪源资本【苏州纪源皓月创业投资合伙企业（有限合伙）】（领投）,宁波纪源投资,上海纪源私募基金管理有限公司,纪源资本,纪源资本,纪源资本人民币二期基金,苏州纪源皓月创业投资合伙企业（有限合伙）,深至科技,上海深至信息科技有限公司,医疗健康，人工智能，医疗服务,生物技术/医疗健康|医疗设备,中国|上海市|闵行区,成长资本,初创期,2021-01-22,RMB,--,--,--,--,B,吴陈尧,--,--,--,制造业|专用设备制造业|医疗仪器设备及器械制造,制造业|机械、设备、仪表|专用设备制造业|医疗器械制造业,--,2021.xls,0,2021,上海市,制造业,专用设备制造业,0.555951778280543,1.6901078827010092,-3.7171919899060217,-0.9943238872258964,b
呼家楼基金【山东工研院基金】,呼家楼投资基金管理（北京）有限公司【山东工研院股权投资基金合伙企业（有限合伙）】,济南胜悦投资,济南胜悦投资管理有限公司,呼家楼基金,呼家楼投资基金管理（北京）有限公司,山东工研院基金,山东工研院股权投资基金合伙企业（有限合伙）,蓓明医疗,山东蓓明医疗科技有限公司,医疗健康，医疗设备，医疗器械，医疗服务,生物技术/医疗健康|医疗设备,中国|山东省|济南市,--,种子期,2018-03-07,RMB,6.00,6.00,0.95,--,天使轮,--,--,--,--,制造业|专用设备制造业|医疗仪器设备及器械制造,制造业|机械、设备、仪表|专用设备制造业|医疗器械制造业,--,2018.xls,0,2018,山东省,制造业,专用设备制造业,0.555951778280543,1.6901078827010092,-3.7171919899060217,-0.9943238872258964,b
夏尔巴投资【夏尔巴一期人民币基金】,珠海夏尔巴股权投资管理有限公司【珠海夏尔巴一期股权投资合伙企业（有限合伙）】,夏尔巴投资,珠海夏尔巴股权投资管理有限公司,夏尔巴投资,珠海夏尔巴股权投资管理有限公司,夏尔巴一期人民币基金,珠海夏尔巴一期股权投资合伙企业（有限合伙）,北芯生命科技,深圳北芯生命科技股份有限公司,医疗健康，医疗设备，生产制造，医疗器械，高能耗材，心血管,生物技术/医疗健康|医疗设备,中国|广东省|深圳市|宝安区,--,初创期,2018-11-14,RMB,50.00,50.00,7.26,--,B,--,--,--,--,制造业|专用设备制造业|医疗仪器设备及器械制造,制造业|机械、设备、仪表|专用设备制造业|医疗器械制造业,--,2018.xls,0,2018,广东省,制造业,专用设备制造业,0.555951778280543,1.6901078827010092,-3.7171919899060217,-0.9943238872258964,b
架桥资本【深圳南山架桥卓越智能装备投资】,深圳市架桥资本管理股份有限公司【深圳南山架桥卓越智能装备投资合伙企业（有限合伙）】,架桥富凯,深圳市架桥富凯私募创业投资基金管理有限公司,架桥资本,深圳市架桥资本管理股份有限公司,深圳南山架桥卓越智能装备投资,深圳南山架桥卓越智能装备投资合伙企业（有限合伙）,瑞沃德,深圳市瑞沃德生命科技有限公司,企业服务，医疗健康,生物技术/医疗健康|医疗设备,中国|广东省|深圳市|南山区,创业投资,成熟期,2021-03-05,RMB,--,--,--,3.78,B+,李威,529.10,81.52,--,制造业|专用设备制造业|医疗仪器设备及器械制造,制造业|机械、设备、仪表|专用设备制造业|医疗器械制造业,--,2021.xls,0,2021,广东省,制造业,专用设备制造业,0.555951778280543,1.6901078827010092,-3.7171919899060217,-0.9943238872258964,b
点石创坚【点石点创医疗器械基金】,重庆点石创坚股权投资基金管理有限公司【重庆点石点创医疗器械股权投资基金合伙企业（有限合伙）】,点石创坚,重庆点石创坚股权投资基金管理有限公司,--,--,点石点创医疗器械基金,重庆点石点创医疗器械股权投资基金合伙企业（有限合伙）,华得森生物,杭州华得森生物技术有限公司,医疗健康，医疗设备，体外诊断，分子诊断,生物技术/医疗健康|医疗设备,中国|浙江省|杭州市|滨江区,--,扩张期,2018-09-11,RMB,25.00,25.00,3.63,--,A,--,--,--,--,制造业|专用设备制造业|医疗仪器设备及器械制造,制造业|机械、设备、仪表|专用设备制造业|医疗器械制造业,--,2018.xls,0,2018,浙江省,制造业,专用设备制造业,0.555951778280543,1.6901078827010092,-3.7171919899060217,-0.9943238872258964,b
国投创合【创合精选创投基金】,国投创合基金管理有限公司【杭州创合精选创业投资合伙企业（有限合伙）】,国投创合（杭州）创业投资,国投创合（杭州）创业投资管理有限公司,国投创合,国投创合基金管理有限公司,创合精选创投基金,杭州创合精选创业投资合伙企业（有限合伙）,捍宇医疗,上海捍宇医疗科技股份有限公司,医疗健康，医疗设备，医疗器械,生物技术/医疗健康|医疗设备,中国|上海市|宝山区,--,初创期,2018-09-13,RMB,--,--,--,--,B,--,--,--,--,制造业|专用设备制造业|医疗仪器设备及器械制造,制造业|机械、设备、仪表|专用设备制造业|医疗器械制造业,--,2018.xls,0,2018,上海市,制造业,专用设备制造业,0.555951778280543,1.6901078827010092,-3.7171919899060217,-0.9943238872258964,b
蓝湾资本【仙居蓝湾生命健康基金】,蓝湾科创资本集团【仙居蓝湾健康产业投资合伙企业（有限合伙）】,蓝湾创投,南通蓝湾创业投资管理有限公司,蓝湾资本,蓝湾科创资本集团,仙居蓝湾生命健康基金,仙居蓝湾健康产业投资合伙企业（有限合伙）,首沃医疗,浙江首沃医疗科技有限公司,医疗健康，医疗器械,生物技术/医疗健康|医疗设备,中国|浙江省|台州市|仙居县,天使投资,种子期,2021-03-24,RMB,--,--,--,--,天使轮,--,--,--,--,制造业|专用设备制造业|医疗仪器设备及器械制造,制造业|机械、设备、仪表|专用设备制造业|医疗器械制造业,--,2021.xls,1,2021,浙江省,制造业,专用设备制造业,0.555951778280543,1.6901078827010092,-3.7171919899060217,-0.9943238872258964,b
追远创投【追远创投基金】,北京追远创业投资有限公司【福州追远创业投资合伙企业（有限合伙）】,追远创投,北京追远创业投资有限公司,--,--,追远创投基金,福州追远创业投资合伙企业（有限合伙）,大族三维,深圳市大族三维科技有限公司,生产制造，垂直硬件，金融,生物技术/医疗健康|医疗设备,中国|广东省|深圳市,--,扩张期,2018-09-21,RMB,--,--,--,--,A,--,--,--,--,制造业|专用设备制造业|医疗仪器设备及器械制造,制造业|机械、设备、仪表|专用设备制造业|医疗器械制造业,--,2018.xls,0,2018,广东省,制造业,专用设备制造业,0.555951778280543,1.6901078827010092,-3.7171919899060217,-0.9943238872258964,b
点石创坚【点石点创医疗器械基金】,重庆点石创坚股权投资基金管理有限公司【重庆点石点创医疗器械股权投资基金合伙企业（有限合伙）】,点石创坚,重庆点石创坚股权投资基金管理有限公司,--,--,点石点创医疗器械基金,重庆点石点创医疗器械股权投资基金合伙企业（有限合伙）,凯实生物,嘉兴凯实生物科技股份有限公司,医疗设备，体外诊断，生产制造，自动化，仪器设备，生物技术,生物技术/医疗健康|医疗设备,中国|浙江省|嘉兴市,成长资本,扩张期,2019-03-13,RMB,15.24,15.24,2.41,3.11,老股权转让,--,490.00,73.01,--,制造业|专用设备制造业|医疗仪器设备及器械制造,制造业|机械、设备、仪表|专用设备制造业|医疗器械制造业,--,2019.xls,0,2019,浙江省,制造业,专用设备制造业,0.555951778280543,1.6901078827010092,-3.7171919899060217,-0.9943238872258964,b
险峰K2VC【险峰旗云】,险峰K2VC【杭州险峰旗云投资合伙企业（有限合伙）】,险峰长晴,西藏险峰长晴创业投资管理有限公司,险峰长青,北京险峰长青投资咨询有限公司,险峰旗云,杭州险峰旗云投资合伙企业（有限合伙）,岚轩生物,南京岚煜生物科技有限公司,医疗健康，医疗设备，体外诊断，生产制造，诊断试剂,生物技术/医疗健康|医疗设备,中国|江苏省|南京市|江宁区,创业投资,初创期,2018-09-28,RMB,50.00,50.00,7.27,--,B,--,--,--,--,制造业|专用设备制造业|医疗仪器设备及器械制造,制造业|机械、设备、仪表|专用设备制造业|医疗器械制造业,--,2018.xls,0,2018,江苏省,制造业,专用设备制造业,0.555951778280543,1.6901078827010092,-3.7171919899060217,-0.9943238872258964,b
济峰资本【福州济峰】,嘉兴济峰股权投资管理有限公司【福州济峰股权投资合伙企业（有限合伙）】,济峰基金,萍乡济峰私募基金管理合伙企业（有限合伙）,济峰资本,嘉兴济峰股权投资管理有限公司,福州济峰,福州济峰股权投资合伙企业（有限合伙）,翔宇医疗,河南翔宇医疗设备股份有限公司,医疗健康，生产制造，康复训练，医疗器械，医疗设备,生物技术/医疗健康|医疗设备,中国|河南省|安阳市|内黄县,成长资本,成熟期,2018-09-29,RMB,16.58,16.58,2.41,0.75,A,--,"2,220.52",322.79,--,制造业|专用设备制造业|医疗仪器设备及器械制造,制造业|机械、设备、仪表|专用设备制造业|医疗器械制造业,上海证券交易所科创板,2018.xls,0,2018,河南省,制造业,专用设备制造业,0.555951778280543,1.6901078827010092,-3.7171919899060217,-0.9943238872258964,b
粤科金融集团【广州市粤科知识产权运营基金】,广东省粤科金融集团有限公司【广州市粤科知识产权运营投资中心（有限合伙）】,粤科母基金,广东省粤科母基金投资管理有限公司,粤科金融集团,广东省粤科金融集团有限公司,广州市粤科知识产权运营基金,广州市粤科知识产权运营投资中心（有限合伙）,迈普医学,广州迈普再生医学科技股份有限公司,医疗健康，医疗设备，生产制造，医疗器械，再生医学,生物技术/医疗健康|医疗设备,中国|广东省|广州市|黄埔区,成长资本,成熟期,2018-09-30,RMB,28.00,28.00,4.07,1.51,B+,--,"1,851.85",269.20,--,制造业|专用设备制造业|医疗仪器设备及器械制造,制造业|机械、设备、仪表|专用设备制造业|医疗器械制造业,深圳证券交易所创业板,2018.xls,1,2018,广东省,制造业,专用设备制造业,0.555951778280543,1.6901078827010092,-3.7171919899060217,-0.9943238872258964,b
西安曲江金融【曲江文化】,西安曲江金融投资管理有限公司【西安曲江文化创意产业引导基金合伙企业（有限合伙）】,西安曲江金融,西安曲江金融投资管理有限公司,--,--,曲江文化,西安曲江文化创意产业引导基金合伙企业（有限合伙）,蓝极医疗,西安蓝极医疗电子科技有限公司,医疗健康，医疗服务，生产制造，医疗器械,生物技术/医疗健康|医疗设备,中国|陕西省|西安市,--,扩张期,2021-03-18,RMB,--,--,--,3.53,A,--,--,--,--,制造业|专用设备制造业|医疗仪器设备及器械制造,制造业|机械、设备、仪表|专用设备制造业|医疗器械制造业,--,2021.xls,1,2021,陕西省,制造业,专用设备制造业,0.555951778280543,1.6901078827010092,-3.7171919899060217,-0.9943238872258964,b
元禾控股【原点正则贰号创投基金】,苏州元禾控股股份有限公司【苏州工业园区原点正则贰号创业投资企业（有限合伙）】,元禾原点,苏州工业园区元禾原点创业投资管理有限公司,元禾控股,苏州元禾控股股份有限公司,原点正则贰号创投基金,苏州工业园区原点正则贰号创业投资企业（有限合伙）,中天医疗,苏州中天医疗器械科技有限公司,医疗健康，医疗设备，生产制造，医疗器械，治疗器械，高能耗材,生物技术/医疗健康|医疗设备,中国|江苏省|苏州市,--,种子期,2018-11-09,RMB,--,--,--,--,A,--,--,--,--,制造业|专用设备制造业|医疗仪器设备及器械制造,制造业|机械、设备、仪表|专用设备制造业|医疗器械制造业,--,2018.xls,0,2018,江苏省,制造业,专用设备制造业,0.555951778280543,1.6901078827010092,-3.7171919899060217,-0.9943238872258964,b
天峰资本【天峰人民币基金二期】,北京天峰汇泉投资管理有限公司【北京天峰扬帆股权投资合伙企业（有限合伙）】,北京天峰德晖投资,北京天峰德晖投资管理有限公司,天峰资本,北京天峰汇泉投资管理有限公司,天峰人民币基金二期,北京天峰扬帆股权投资合伙企业（有限合伙）,术锐技术,北京术锐机器人股份有限公司,医疗健康，人工智能，机器人，生产制造，医用机器人,生物技术/医疗健康|医疗设备,中国|北京市|海淀区,成长资本,扩张期,2021-01-14,RMB,35.00,35.00,5.42,--,B,--,--,--,--,制造业|专用设备制造业|医疗仪器设备及器械制造,制造业|机械、设备、仪表|专用设备制造业|医疗器械制造业,--,2021.xls,0,2021,北京市,制造业,专用设备制造业,0.555951778280543,1.6901078827010092,-3.7171919899060217,-0.9943238872258964,b
上海国盛资本【国改基金】,上海国盛资本管理有限公司【上海国企改革发展股权投资基金合伙企业（有限合伙）】,上海国盛资本,上海国盛资本管理有限公司,--,--,国改基金,上海国企改革发展股权投资基金合伙企业（有限合伙）,晶方科技,苏州晶方半导体科技股份有限公司,电子元件，光电，金融，创业投资,半导体及电子设备|半导体|IC测试与封装,中国|江苏省|苏州市,上市定增,成熟期,2021-01-14,RMB,80.00,80.00,12.25,0.41,上市定增,周道洪,"19,637.40","3,039.61",51.46,制造业|专用设备制造业|电子和电工机械专用设备制造|电子工业专用设备制造,制造业|机械、设备、仪表|专用设备制造业|其他专用设备制造业,上海证券交易所主板,2021.xls,1,2021,江苏省,制造业,专用设备制造业,0.555951778280543,1.6901078827010092,-3.7171919899060217,-0.9943238872258964,b
国发创投【苏州市姑苏人才基金】,苏州国发创业投资控股有限公司【苏州市姑苏人才创业投资企业（有限合伙）】,国发股权基金,苏州国发股权投资基金管理有限公司,国发创投,苏州国发创业投资控股有限公司,苏州市姑苏人才基金,苏州市姑苏人才创业投资企业（有限合伙）,盖睿医疗,江苏盖睿健康科技有限公司,医疗健康，物联网，互联网医疗，移动医疗,生物技术/医疗健康|医疗设备,中国|江苏省|苏州市|吴中区,创业投资,扩张期,2021-03-12,RMB,--,--,--,37.50,A+,--,--,--,--,制造业|专用设备制造业|医疗仪器设备及器械制造,制造业|机械、设备、仪表|专用设备制造业|医疗器械制造业,--,2021.xls,1,2021,江苏省,制造业,专用设备制造业,0.555951778280543,1.6901078827010092,-3.7171919899060217,-0.9943238872258964,b
济峰资本【福州济峰】,嘉兴济峰股权投资管理有限公司【福州济峰股权投资合伙企业（有限合伙）】,济峰基金,萍乡济峰私募基金管理合伙企业（有限合伙）,济峰资本,嘉兴济峰股权投资管理有限公司,福州济峰,福州济峰股权投资合伙企业（有限合伙）,百多安,山东百多安医疗器械股份有限公司,医疗健康，医疗设备，生产制造，医疗器械，医用耗材,生物技术/医疗健康|医疗设备,中国|山东省|德州市|齐河县,成长资本,成熟期,2018-10-11,RMB,--,--,--,0.56,老股权转让,--,--,--,--,制造业|专用设备制造业|医疗仪器设备及器械制造,制造业|机械、设备、仪表|专用设备制造业|医疗器械制造业,--,2018.xls,0,2018,山东省,制造业,专用设备制造业,0.555951778280543,1.6901078827010092,-3.7171919899060217,-0.9943238872258964,b
投控东海【深投控南科大天使基金】,深圳市投控东海投资有限公司【深圳市投控南科天使创业投资合伙企业（有限合伙）】,投控东海,深圳市投控东海投资有限公司,--,--,深投控南科大天使基金,深圳市投控南科天使创业投资合伙企业（有限合伙）,优孕管家,深圳市在田翊方科技有限公司,消费生活，医疗健康，医疗器械，孕育管理,生物技术/医疗健康|医疗设备,中国|广东省|深圳市,创业投资,初创期,2019-03-01,RMB,--,--,--,--,A,--,--,--,--,制造业|专用设备制造业|医疗仪器设备及器械制造,制造业|机械、设备、仪表|专用设备制造业|医疗器械制造业,--,2019.xls,0,2019,广东省,制造业,专用设备制造业,0.555951778280543,1.6901078827010092,-3.7171919899060217,-0.9943238872258964,b
辰德资本【辰德资本人民币三期基金】,上海甲辰投资有限公司【苏州辰知德投资合伙企业（有限合伙）】,辰德资本,上海甲辰投资有限公司,--,--,辰德资本人民币三期基金,苏州辰知德投资合伙企业（有限合伙）,佳量医疗,杭州佳量医疗科技有限公司,医疗健康，医疗器械，医疗设备，脑科学,生物技术/医疗健康|医疗设备,中国|浙江省|杭州市|余杭区,成长资本,种子期,2021-03-09,RMB,--,--,--,--,A,--,500.00,76.43,--,制造业|专用设备制造业|医疗仪器设备及器械制造,制造业|机械、设备、仪表|专用设备制造业|医疗器械制造业,--,2021.xls,0,2021,浙江省,制造业,专用设备制造业,0.555951778280543,1.6901078827010092,-3.7171919899060217,-0.9943238872258964,b
国新基金【国新央企运营投资基金】,中国国新基金管理有限公司【国新央企运营（广州）投资基金（有限合伙）】,国新央企运营投资基金管理（广州）,国新央企运营投资基金管理（广州）有限公司,国新基金,中国国新基金管理有限公司,国新央企运营投资基金,国新央企运营（广州）投资基金（有限合伙）,DPM,北京数字精准医疗科技有限公司,医疗健康，机器人，医疗设备，光学，医疗信息化,生物技术/医疗健康|医疗设备,中国|北京市|密云区,创业投资,初创期,2018-10-22,RMB,--,--,--,--,A+,--,--,--,--,制造业|专用设备制造业|医疗仪器设备及器械制造,制造业|机械、设备、仪表|专用设备制造业|医疗器械制造业,--,2018.xls,1,2018,北京市,制造业,专用设备制造业,0.555951778280543,1.6901078827010092,-3.7171919899060217,-0.9943238872258964,b
金浦投资【上海金浦并购基金】,金浦产业投资基金管理有限公司【上海金浦国调并购股权投资基金合伙企业（有限合伙）】,上海金浦创新投资,上海金浦创新股权投资管理有限公司,金浦投资,金浦产业投资基金管理有限公司,上海金浦并购基金,上海金浦国调并购股权投资基金合伙企业（有限合伙）,奥普生物,上海奥普生物医药股份有限公司,医疗健康，大数据，医药，医疗设备，企业大数据技术,生物技术/医疗健康|医疗设备,中国|上海市|浦东新区,成长资本,成熟期,2019-03-01,RMB,20.00,20.00,2.99,2.08,B,--,--,--,--,制造业|专用设备制造业|医疗仪器设备及器械制造,制造业|机械、设备、仪表|专用设备制造业|医疗器械制造业,全国中小企业股份转让系统(新三板),2019.xls,0,2019,上海市,制造业,专用设备制造业,0.555951778280543,1.6901078827010092,-3.7171919899060217,-0.9943238872258964,b
前海方舟【前海母基金】,前海方舟资产管理有限公司【前海股权投资基金（有限合伙）】,前海方舟,前海方舟资产管理有限公司,--,--,前海母基金,前海股权投资基金（有限合伙）,沃比医疗,上海沃比医疗科技有限公司,医疗健康，医疗服务，医疗设备，生产制造，医疗器械，脑疾病,生物技术/医疗健康|医疗设备,中国|上海市|浦东新区,--,初创期,2018-11-03,RMB,--,--,--,--,B,--,--,--,--,制造业|专用设备制造业|医疗仪器设备及器械制造,制造业|机械、设备、仪表|专用设备制造业|医疗器械制造业,--,2018.xls,0,2018,上海市,制造业,专用设备制造业,0.555951778280543,1.6901078827010092,-3.7171919899060217,-0.9943238872258964,b
余杭国投【余杭区产业发展引导基金】,杭州余杭国有资本投资运营集团有限公司【杭州余杭产业基金有限公司】,余杭国投,杭州余杭国有资本投资运营集团有限公司,--,--,余杭区产业发展引导基金,杭州余杭产业基金有限公司,脉联医疗,浙江脉联医疗设备有限公司,医疗健康，医疗设备，医疗器械，可穿戴设备,生物技术/医疗健康|医疗设备,中国|浙江省|杭州市|余杭区,创业投资,初创期,2019-02-28,RMB,--,--,--,--,A,--,--,--,--,制造业|专用设备制造业|医疗仪器设备及器械制造,制造业|机械、设备、仪表|专用设备制造业|医疗器械制造业,--,2019.xls,0,2019,浙江省,制造业,专用设备制造业,0.555951778280543,1.6901078827010092,-3.7171919899060217,-0.9943238872258964,b
和达投资【和达生物医药创业基金】,杭州和达投资管理有限公司【杭州和达生物医药创业投资合伙企业（有限合伙）】,和达投资,杭州和达投资管理有限公司,--,--,和达生物医药创业基金,杭州和达生物医药创业投资合伙企业（有限合伙）,术创机器人,杭州术创机器人有限公司,医疗健康，机器人，医用机器人，医疗技术,生物技术/医疗健康|医疗设备,中国|浙江省|杭州市,--,初创期,2018-10-08,RMB,--,--,--,--,B,--,--,--,--,制造业|专用设备制造业|医疗仪器设备及器械制造,制造业|机械、设备、仪表|专用设备制造业|医疗器械制造业,--,2018.xls,0,2018,浙江省,制造业,专用设备制造业,0.555951778280543,1.6901078827010092,-3.7171919899060217,-0.9943238872258964,b
博远资本【博远二期人民币基金】,博远资本【南京博睿嘉泰二期股权投资合伙企业（有限合伙）】,博睿瑜业股权投资,博睿瑜业（上海）股权投资管理有限公司,博远资本,博远资本,博远二期人民币基金,南京博睿嘉泰二期股权投资合伙企业（有限合伙）,菲特兰医疗,珠海菲特兰医疗科技有限公司,医疗器械，医药，光学，营销策划，医疗健康，材料，技术研发，智能设备生产商，新材料，仪器仪表，综合性软件，智能硬件，药品生产，可穿戴设备,生物技术/医疗健康|医疗设备,中国|广东省|珠海市|香洲区,成长资本,种子期,2021-05-28,RMB,--,--,--,3.58,A,陈鹏辉,796.38,124.71,--,制造业|专用设备制造业|医疗仪器设备及器械制造,制造业|机械、设备、仪表|专用设备制造业|医疗器械制造业,--,2021.xls,0,2021,广东省,制造业,专用设备制造业,0.555951778280543,1.6901078827010092,-3.7171919899060217,-0.9943238872258964,b
顺为资本【顺赢投资基金】（领投）,北京顺为创业投资有限公司【武汉顺赢股权投资合伙企业（有限合伙）】（领投）,拉萨顺为资本投资,拉萨经济技术开发区顺为资本投资咨询有限公司,顺为资本,北京顺为创业投资有限公司,顺赢投资基金,武汉顺赢股权投资合伙企业（有限合伙）,维客昕微,成都维客昕微电子有限公司,医疗健康，3D传感器，MEMS惯性传感器，传感器芯片，广电传感器，直读传感器，芯片研发,生物技术/医疗健康|医疗设备,中国|四川省|成都市,天使投资,扩张期,2021-05-26,RMB,3.50,3.50,0.55,--,天使轮,--,--,--,--,制造业|专用设备制造业|医疗仪器设备及器械制造,制造业|机械、设备、仪表|专用设备制造业|医疗器械制造业,--,2021.xls,0,2021,四川省,制造业,专用设备制造业,0.555951778280543,1.6901078827010092,-3.7171919899060217,-0.9943238872258964,b
元生创投【新建元二期创业基金】,苏州工业园区元生创业投资管理有限公司【苏州工业园区新建元二期创业投资企业（有限合伙）】,元生私募基金,苏州元生私募基金管理合伙企业（有限合伙）,元生创投,苏州工业园区元生创业投资管理有限公司,新建元二期创业基金,苏州工业园区新建元二期创业投资企业（有限合伙）,博迈医疗,广东博迈医疗科技股份有限公司,医疗健康，医疗服务，医疗设备，生产制造，医疗器械，高能耗材,生物技术/医疗健康|医疗设备,中国|广东省|东莞市,--,扩张期,2017-09-07,RMB,37.71,37.71,5.92,--,C,--,--,--,--,制造业|专用设备制造业|医疗仪器设备及器械制造,制造业|机械、设备、仪表|专用设备制造业|医疗器械制造业,--,2017.xls,0,2017,广东省,制造业,专用设备制造业,0.555951778280543,1.6901078827010092,-3.7171919899060217,-0.9943238872258964,b
国投创合【国投创合国家新兴产业引导基金】,国投创合基金管理有限公司【国投创合国家新兴产业创业投资引导基金（有限合伙）】,国投创合,国投创合基金管理有限公司,--,--,国投创合国家新兴产业引导基金,国投创合国家新兴产业创业投资引导基金（有限合伙）,新博医疗,新博医疗技术有限公司,医疗健康，医疗设备，医疗影像，生产制造,生物技术/医疗健康|医疗设备,中国|北京市|大兴区,--,扩张期,2017-07-18,RMB,12.00(e),12.00(e),1.77(e),--,A,--,--,--,--,制造业|专用设备制造业|医疗仪器设备及器械制造,制造业|机械、设备、仪表|专用设备制造业|医疗器械制造业,--,2017.xls,1,2017,北京市,制造业,专用设备制造业,0.555951778280543,1.6901078827010092,-3.7171919899060217,-0.9943238872258964,b
基石资本【杭州先锋基石基金】,基石资产管理股份有限公司【杭州先锋基石股权投资合伙企业（有限合伙）】,扬航基石投资,杭州扬航基石私募基金管理合伙企业（有限合伙）,基石资本,基石资产管理股份有限公司,杭州先锋基石基金,杭州先锋基石股权投资合伙企业（有限合伙）,赛诺医疗,赛诺医疗科学技术股份有限公司,医疗健康，医疗设备，生产制造，医疗器械,生物技术/医疗健康|医疗设备,中国|天津市|滨海新区,成长资本,扩张期,2017-07-22,RMB,7.15,7.15,1.06,--,G,--,--,--,--,制造业|专用设备制造业|医疗仪器设备及器械制造,制造业|机械、设备、仪表|专用设备制造业|医疗器械制造业,上海证券交易所科创板,2017.xls,0,2017,天津市,制造业,专用设备制造业,0.555951778280543,1.6901078827010092,-3.7171919899060217,-0.9943238872258964,b
天士力资本【渤溢新天基金】,天士力资本控股（北京）有限公司【重庆渤溢新天股权投资基金合伙企业（有限合伙）】,渤溢投资,重庆渤溢股权投资基金管理有限公司,天士力资本,天士力资本控股（北京）有限公司,渤溢新天基金,重庆渤溢新天股权投资基金合伙企业（有限合伙）,健麾信息,上海健麾信息技术股份有限公司,医药，医疗设备，自动化，移动医疗，医疗健康，通用类企业服务，信息技术，物流仓储,生物技术/医疗健康|医疗设备,中国|上海市|松江区,并购投资,扩张期,2017-07-25,RMB,32.00,32.00,4.89,2.21,其他,--,"1,449.29",214.76,--,制造业|专用设备制造业|医疗仪器设备及器械制造,制造业|机械、设备、仪表|专用设备制造业|医疗器械制造业,上海证券交易所主板,2017.xls,0,2017,上海市,制造业,专用设备制造业,0.555951778280543,1.6901078827010092,-3.7171919899060217,-0.9943238872258964,b
澳银资本【澳银天使创投基金】,深圳澳银资本管理有限公司【深圳澳银天使创业投资企业（有限合伙）】,澳银资本,深圳澳银资本管理有限公司,--,--,澳银天使创投基金,深圳澳银天使创业投资企业（有限合伙）,世格赛思,深圳市世格赛思医疗科技有限公司,医疗健康，医疗设备，生产制造，医疗器械，微创器械,生物技术/医疗健康|医疗设备,中国|广东省|深圳市|宝安区,天使投资,初创期,2019-10-17,RMB,--,--,--,--,天使轮,--,--,--,--,制造业|专用设备制造业|医疗仪器设备及器械制造,制造业|机械、设备、仪表|专用设备制造业|医疗器械制造业,--,2019.xls,0,2019,广东省,制造业,专用设备制造业,0.555951778280543,1.6901078827010092,-3.7171919899060217,-0.9943238872258964,b
金城资本【兰州科技产业基金】,金城资本管理有限公司【兰州科技产业发展投资基金（有限合伙）】,金城资本,金城资本管理有限公司,--,--,兰州科技产业基金,兰州科技产业发展投资基金（有限合伙）,兰飞医疗器械,兰州兰飞医疗器械有限公司,医疗健康，医疗设备，生产制造，医疗器械，仪器仪表,生物技术/医疗健康|医疗设备,中国|甘肃省|兰州市,--,成熟期,2019-10-17,RMB,--,--,--,--,A,--,--,--,--,制造业|专用设备制造业|医疗仪器设备及器械制造,制造业|机械、设备、仪表|专用设备制造业|医疗器械制造业,--,2019.xls,1,2019,甘肃省,制造业,专用设备制造业,0.555951778280543,1.6901078827010092,-3.7171919899060217,-0.9943238872258964,b
金阖资本【苏州金阖二期股权投资】,广州金垣坤通股权投资管理有限公司【苏州金阖二期股权投资合伙企业（有限合伙）】,金阖资本,广州金垣坤通股权投资管理有限公司,--,--,苏州金阖二期股权投资,苏州金阖二期股权投资合伙企业（有限合伙）,三联生物,江苏三联生物工程股份有限公司,医疗健康，医疗设备，体外诊断，生产制造，诊断仪器，芯片销售,生物技术/医疗健康|医疗设备,中国|江苏省|无锡市,成长资本,成熟期,2020-11-25,RMB,--,--,--,4.64,Pre-IPO,--,--,--,--,制造业|专用设备制造业|医疗仪器设备及器械制造,制造业|机械、设备、仪表|专用设备制造业|医疗器械制造业,--,2020.xls,0,2020,江苏省,制造业,专用设备制造业,0.555951778280543,1.6901078827010092,-3.7171919899060217,-0.9943238872258964,b
青岛华商汇通资本【科高创投基金】,青岛华商汇通资本管理有限公司【青岛市市北区科高创投投资中心（有限合伙）】,青岛华商汇通资本,青岛华商汇通资本管理有限公司,--,--,科高创投基金,青岛市市北区科高创投投资中心（有限合伙）,浦利医疗,青岛浦利医疗技术有限公司,医疗器械,生物技术/医疗健康|医疗设备,中国|山东省|青岛市,创业投资,初创期,2017-08-07,--,--,--,--,--,A,--,--,--,--,制造业|专用设备制造业|医疗仪器设备及器械制造,制造业|机械、设备、仪表|专用设备制造业|医疗器械制造业,--,2017.xls,1,2017,山东省,制造业,专用设备制造业,0.555951778280543,1.6901078827010092,-3.7171919899060217,-0.9943238872258964,b
合肥创新投【合肥市天使投资基金】,合肥市创新科技风险投资有限公司【合肥市天使投资基金有限公司】,合肥创新投,合肥市创新科技风险投资有限公司,--,--,合肥市天使投资基金,合肥市天使投资基金有限公司,中纳仪器,合肥中纳医学仪器有限公司,医疗健康，医疗设备，生产制造，医疗器械,生物技术/医疗健康|医疗设备,中国|安徽省|合肥市,创业投资,初创期,2019-10-15,RMB,--,--,--,10.00,A,--,--,--,--,制造业|专用设备制造业|医疗仪器设备及器械制造,制造业|机械、设备、仪表|专用设备制造业|医疗器械制造业,--,2019.xls,1,2019,安徽省,制造业,专用设备制造业,0.555951778280543,1.6901078827010092,-3.7171919899060217,-0.9943238872258964,b
国发创投【苏州市姑苏人才基金】,苏州国发创业投资控股有限公司【苏州市姑苏人才创业投资企业（有限合伙）】,国发股权基金,苏州国发股权投资基金管理有限公司,国发创投,苏州国发创业投资控股有限公司,苏州市姑苏人才基金,苏州市姑苏人才创业投资企业（有限合伙）,慧维智能,苏州慧维智能医疗科技有限公司,医疗健康，人工智能，AI医疗，边缘计算，医疗远程诊断，医疗服务，健康管理,生物技术/医疗健康|医疗设备,中国|江苏省|苏州市|昆山市,天使投资,初创期,2021-08-03,RMB,--,--,--,--,Pre-A,--,125.00,19.35,--,制造业|专用设备制造业|医疗仪器设备及器械制造,制造业|机械、设备、仪表|专用设备制造业|医疗器械制造业,--,2021.xls,1,2021,江苏省,制造业,专用设备制造业,0.555951778280543,1.6901078827010092,-3.7171919899060217,-0.9943238872258964,b
博行资本【苏州博行笃实创业投资】,北京启沃博观投资管理合伙企业（有限合伙）【苏州博行笃实创业投资合伙企业（有限合伙）】,博行资本,北京启沃博观投资管理合伙企业（有限合伙）,--,--,苏州博行笃实创业投资,苏州博行笃实创业投资合伙企业（有限合伙）,博动医学,上海博动医疗科技股份有限公司,医疗健康，医疗设备，医疗影像，医疗器械，心血管,生物技术/医疗健康|医疗设备,中国|上海市|徐汇区,成长资本,扩张期,2021-08-02,USD,3.00,19.38,3.00,0.21,C,李振明,--,--,--,制造业|专用设备制造业|医疗仪器设备及器械制造,制造业|机械、设备、仪表|专用设备制造业|医疗器械制造业,--,2021.xls,0,2021,上海市,制造业,专用设备制造业,0.555951778280543,1.6901078827010092,-3.7171919899060217,-0.9943238872258964,b
毅达资本【江苏高投毅达健康成果创新创业贰号基金】,江苏毅达股权投资基金管理有限公司【江苏高投毅达健康成果创新创业贰号基金合伙企业（有限合伙）】,南京毅达投资,南京毅达股权投资管理企业（有限合伙）,毅达资本,江苏毅达股权投资基金管理有限公司,江苏高投毅达健康成果创新创业贰号基金,江苏高投毅达健康成果创新创业贰号基金合伙企业（有限合伙）,马斯汀,杭州锐健医疗股份有限公司,医疗健康，医疗器械，治疗器械,生物技术/医疗健康|医疗设备,中国|浙江省|杭州市,成长资本,成熟期,2021-08-02,RMB,--,--,--,1.23,B,薛轶,"1,902.27",294.46,--,制造业|专用设备制造业|医疗仪器设备及器械制造,制造业|机械、设备、仪表|专用设备制造业|医疗器械制造业,全国中小企业股份转让系统(新三板),2021.xls,0,2021,浙江省,制造业,专用设备制造业,0.555951778280543,1.6901078827010092,-3.7171919899060217,-0.9943238872258964,b
联想创投【联想长江科技产业基金】,联想创投集团【湖北省联想长江科技产业基金合伙企业（有限合伙）】,联想创新天津投资,联想创新（天津）投资管理有限公司,联想创投,联想创投集团,联想长江科技产业基金,湖北省联想长江科技产业基金合伙企业（有限合伙）,臻泰智能,西安臻泰智能科技有限公司,医疗健康，VR·AR，人工智能，AI医疗，脑机接口，智能硬件，交互技术，VR技术,生物技术/医疗健康|医疗设备,中国|陕西省|西安市,天使投资,初创期,2019-09-24,RMB,5.00,5.00,0.71,15.00,天使轮,--,33.33,4.71,--,制造业|专用设备制造业|医疗仪器设备及器械制造,制造业|机械、设备、仪表|专用设备制造业|医疗器械制造业,--,2019.xls,0,2019,陕西省,制造业,专用设备制造业,0.555951778280543,1.6901078827010092,-3.7171919899060217,-0.9943238872258964,b
中科易尚【中科芯韵基金】,江苏中科易尚投资管理有限公司【徐州中科芯韵半导体产业投资基金（有限合伙）】,中科易尚,江苏中科易尚投资管理有限公司,--,--,中科芯韵基金,徐州中科芯韵半导体产业投资基金（有限合伙）,中科智芯,江苏中科智芯集成科技有限公司,芯片设计,半导体及电子设备|半导体|IC测试与封装,中国|江苏省|徐州市,创业投资,初创期,2019-08-29,RMB,--,--,--,33.33,Pre-A,--,--,--,--,制造业|专用设备制造业|电子和电工机械专用设备制造|电子工业专用设备制造,制造业|机械、设备、仪表|专用设备制造业|其他专用设备制造业,--,2019.xls,0,2019,江苏省,制造业,专用设备制造业,0.555951778280543,1.6901078827010092,-3.7171919899060217,-0.9943238872258964,b
招银国际资本【重庆市招赢朗曜成长二期股权投资基金】（领投）,招银国际资本管理（深圳）有限公司【重庆市招赢朗曜成长二期股权投资基金合伙企业（有限合伙）】（领投）,招银国际资本,招银国际资本管理（深圳）有限公司,--,--,重庆市招赢朗曜成长二期股权投资基金,重庆市招赢朗曜成长二期股权投资基金合伙企业（有限合伙）,金仪盛世,浙江金仪盛世生物工程有限公司,生产制造，生物制药，医药，医疗健康，药品生产，生物药,生物技术/医疗健康|医疗设备,中国|浙江省|湖州市,成长资本,扩张期,2021-07-26,RMB,--,--,--,9.05,B,--,--,--,--,制造业|专用设备制造业|医疗仪器设备及器械制造,制造业|机械、设备、仪表|专用设备制造业|医疗器械制造业,--,2021.xls,0,2021,浙江省,制造业,专用设备制造业,0.555951778280543,1.6901078827010092,-3.7171919899060217,-0.9943238872258964,b
金雨茂物【金溧创投基金】,金雨茂物投资管理股份有限公司【南京金溧创业投资合伙企业（有限合伙）】,西藏金缘,西藏金缘投资管理有限公司,金雨茂物,金雨茂物投资管理股份有限公司,金溧创投基金,南京金溧创业投资合伙企业（有限合伙）,火点医疗,上海火点医疗器械有限公司,医疗健康，医疗设备，医疗器械,生物技术/医疗健康|医疗设备,中国|上海市|长宁区,创业投资,初创期,2020-12-01,RMB,8.00,8.00,1.22,3.55,A,许颙良,--,--,--,制造业|专用设备制造业|医疗仪器设备及器械制造,制造业|机械、设备、仪表|专用设备制造业|医疗器械制造业,--,2020.xls,1,2020,上海市,制造业,专用设备制造业,0.555951778280543,1.6901078827010092,-3.7171919899060217,-0.9943238872258964,b
轻舟资本【苏州轻舟园丰信远创业投资】,北京轻舟互动投资管理合伙企业（普通合伙）【苏州轻舟园丰信远创业投资合伙企业（有限合伙）】,轻舟资本,北京轻舟互动投资管理合伙企业（普通合伙）,--,--,苏州轻舟园丰信远创业投资,苏州轻舟园丰信远创业投资合伙企业（有限合伙）,润迈德医疗,苏州润迈德医疗科技有限公司,医疗器械，医用机器人，智能医疗设备,生物技术/医疗健康|医疗设备,中国|江苏省|苏州市,天使投资,扩张期,2020-12-01,RMB,4.88,4.88,0.69,1.51,Pre-A,刘康健,172.07,26.16,--,制造业|专用设备制造业|医疗仪器设备及器械制造,制造业|机械、设备、仪表|专用设备制造业|医疗器械制造业,香港证券交易所主板,2020.xls,0,2020,江苏省,制造业,专用设备制造业,0.555951778280543,1.6901078827010092,-3.7171919899060217,-0.9943238872258964,b
优势资本【安庆化工新材料基金】,优势资本【安庆化工新材料股权投资基金（有限合伙）】,天津市优势创业投资,天津市优势创业投资管理有限公司,--,--,安庆化工新材料基金,安庆化工新材料股权投资基金（有限合伙）,创孚医疗,安徽创孚医疗科技有限公司,医疗健康，医疗设备，生产制造，医疗器械,生物技术/医疗健康|医疗设备,中国|安徽省,创业投资,种子期,2018-02-28,--,--,--,--,6.66,A,--,--,--,--,制造业|专用设备制造业|医疗仪器设备及器械制造,制造业|机械、设备、仪表|专用设备制造业|医疗器械制造业,--,2018.xls,1,2018,安徽省,制造业,专用设备制造业,0.555951778280543,1.6901078827010092,-3.7171919899060217,-0.9943238872258964,b
国投创新【先进制造产业投资基金】（领投）,国投创新投资管理有限公司【先进制造产业投资基金（有限合伙）】（领投）,国投创新,国投创新投资管理有限公司,--,--,先进制造产业投资基金,先进制造产业投资基金（有限合伙）,联影医疗,上海联影医疗科技股份有限公司,医疗健康，医疗设备，互联网医疗，医疗影像，生产制造，医疗信息化，医疗器械,生物技术/医疗健康|医疗设备,中国|上海市|嘉定区,成长资本,扩张期,2017-09-20,RMB,425.00,425.00,59.78,1.28,A,--,"28,509.52","4,341.33",--,制造业|专用设备制造业|医疗仪器设备及器械制造,制造业|机械、设备、仪表|专用设备制造业|医疗器械制造业,上海证券交易所科创板,2017.xls,1,2017,上海市,制造业,专用设备制造业,0.555951778280543,1.6901078827010092,-3.7171919899060217,-0.9943238872258964,b
成都融汇大通投资【四川天河生物医药产业创业投资基金】,成都融汇大通股权投资基金管理有限公司【四川天河生物医药产业创业投资基金合伙企业（有限合伙）】,成都融汇大通投资,成都融汇大通股权投资基金管理有限公司,--,--,四川天河生物医药产业创业投资基金,四川天河生物医药产业创业投资基金合伙企业（有限合伙）,君诚康正生物科技,成都君诚康正生物科技有限公司,医疗健康，医药，生物技术，专营零售，药品生产，医疗器械,生物技术/医疗健康|医疗设备,中国|四川省|成都市|龙泉驿区,--,种子期,2021-07-21,RMB,--,--,--,--,天使轮,--,--,--,--,制造业|专用设备制造业|医疗仪器设备及器械制造,制造业|机械、设备、仪表|专用设备制造业|医疗器械制造业,--,2021.xls,1,2021,四川省,制造业,专用设备制造业,0.555951778280543,1.6901078827010092,-3.7171919899060217,-0.9943238872258964,b
启迪之星创投【深圳启榕天使创业投资】,启迪之星（北京）投资管理有限公司【深圳启榕天使创业投资企业（有限合伙）】,深圳市启榕创业投资,深圳市启榕创业投资有限公司,启迪之星创投,启迪之星（北京）投资管理有限公司,深圳启榕天使创业投资,深圳启榕天使创业投资企业（有限合伙）,梅奥心磁,绍兴梅奥心磁医疗科技有限公司,医疗健康，机器人，医疗设备，医疗器械,生物技术/医疗健康|医疗设备,中国|浙江省|绍兴市,天使投资,扩张期,2021-08-09,RMB,5.00,5.00,0.77,2.69,Pre-A,--,--,--,--,制造业|专用设备制造业|医疗仪器设备及器械制造,制造业|机械、设备、仪表|专用设备制造业|医疗器械制造业,--,2021.xls,0,2021,浙江省,制造业,专用设备制造业,0.555951778280543,1.6901078827010092,-3.7171919899060217,-0.9943238872258964,b
前海方舟【前海母基金】,前海方舟资产管理有限公司【前海股权投资基金（有限合伙）】,前海方舟,前海方舟资产管理有限公司,--,--,前海母基金,前海股权投资基金（有限合伙）,百心安,上海百心安生物技术股份有限公司,医疗健康，医药，医疗器械，心血管,生物技术/医疗健康|医疗设备,中国|上海市|浦东新区,创业投资,扩张期,2019-10-28,RMB,8.00,8.00,1.12,1.89,A,--,455.94,64.45,--,制造业|专用设备制造业|医疗仪器设备及器械制造,制造业|机械、设备、仪表|专用设备制造业|医疗器械制造业,香港证券交易所主板,2019.xls,0,2019,上海市,制造业,专用设备制造业,0.555951778280543,1.6901078827010092,-3.7171919899060217,-0.9943238872258964,b
贵阳创投【贵阳工投生物医药产业创投基金】,贵阳市创业投资有限公司【贵阳工投生物医药产业创业投资有限公司】,筑银资本,贵州筑银资本管理有限公司,贵阳创投,贵阳市创业投资有限公司,贵阳工投生物医药产业创投基金,贵阳工投生物医药产业创业投资有限公司,宝润科技,深圳市宝润科技有限公司,医疗健康，医疗设备，医疗影像，生产制造，移动医疗，医疗器械，技术研发,生物技术/医疗健康|医疗设备,中国|广东省|深圳市,--,扩张期,2017-07-04,--,--,--,--,--,天使轮,--,--,--,--,制造业|专用设备制造业|医疗仪器设备及器械制造,制造业|机械、设备、仪表|专用设备制造业|医疗器械制造业,--,2017.xls,1,2017,广东省,制造业,专用设备制造业,0.555951778280543,1.6901078827010092,-3.7171919899060217,-0.9943238872258964,b
上汽投资【长三角产业升级股权投资基金】（领投）,上海汽车集团股权投资有限公司【上海长三角产业升级股权投资合伙企业（有限合伙）】（领投）,恒旭资本,上海上汽恒旭投资管理有限公司,上汽投资,上海汽车集团股权投资有限公司,长三角产业升级股权投资基金,上海长三角产业升级股权投资合伙企业（有限合伙）,励楷科技,上海励楷科技有限公司,医疗健康，医疗器械，脑疾病,生物技术/医疗健康|医疗设备,中国|上海市|闵行区,成长资本,初创期,2021-08-12,RMB,--,--,--,--,B,陆永涛,--,--,--,制造业|专用设备制造业|医疗仪器设备及器械制造,制造业|机械、设备、仪表|专用设备制造业|医疗器械制造业,--,2021.xls,1,2021,上海市,制造业,专用设备制造业,0.555951778280543,1.6901078827010092,-3.7171919899060217,-0.9943238872258964,b
一村资本【一村同盛基金】,一村资本有限公司【深圳一村同盛股权投资基金合伙企业（有限合伙）】,同威资本,深圳一村淞灵私募创业投资基金管理有限公司,一村资本,一村资本有限公司,一村同盛基金,深圳一村同盛股权投资基金合伙企业（有限合伙）,推想科技,推想医疗科技股份有限公司,医疗健康，人工智能，医疗服务，互联网医疗，医疗影像，医疗远程诊断，AI医疗,生物技术/医疗健康|医疗设备,中国|北京市|海淀区,成长资本,扩张期,2020-11-13,RMB,--,--,--,--,D,刘晶,--,--,--,制造业|专用设备制造业|医疗仪器设备及器械制造,制造业|机械、设备、仪表|专用设备制造业|医疗器械制造业,--,2020.xls,0,2020,北京市,制造业,专用设备制造业,0.555951778280543,1.6901078827010092,-3.7171919899060217,-0.9943238872258964,b
合肥创新投【合肥市天使投资基金】,合肥市创新科技风险投资有限公司【合肥市天使投资基金有限公司】,合肥创新投,合肥市创新科技风险投资有限公司,--,--,合肥市天使投资基金,合肥市天使投资基金有限公司,奥比斯科技,合肥奥比斯科技有限公司,医疗健康，人工智能，互联网，远程医疗，医疗器械,生物技术/医疗健康|医疗设备,中国|安徽省|合肥市,天使投资,初创期,2019-11-12,RMB,--,--,--,8.57,天使轮,--,--,--,--,制造业|专用设备制造业|医疗仪器设备及器械制造,制造业|机械、设备、仪表|专用设备制造业|医疗器械制造业,--,2019.xls,1,2019,安徽省,制造业,专用设备制造业,0.555951778280543,1.6901078827010092,-3.7171919899060217,-0.9943238872258964,b
硅港资本【硅港人民币基金一期】（领投）,上海硅港私募基金管理有限公司【苏州硅星创业投资合伙企业（有限合伙）】（领投）,硅港资本,上海硅港私募基金管理有限公司,--,--,硅港人民币基金一期,苏州硅星创业投资合伙企业（有限合伙）,质子科技,杭州质子科技有限公司,医疗健康，可穿戴设备，大数据，互联网医疗，智能家居，移动医疗，互联网，健康管理,生物技术/医疗健康|医疗设备,中国|浙江省|杭州市,创业投资,扩张期,2021-09-10,RMB,15.00,15.00,2.32,4.73,A,石磊,316.88,49.08,--,制造业|专用设备制造业|医疗仪器设备及器械制造,制造业|机械、设备、仪表|专用设备制造业|医疗器械制造业,--,2021.xls,0,2021,浙江省,制造业,专用设备制造业,0.555951778280543,1.6901078827010092,-3.7171919899060217,-0.9943238872258964,b
仙瞳资本【江苏疌泉仙瞳生物医疗创业基金】,深圳仙瞳资本管理有限公司【江苏疌泉仙瞳生物医疗创业投资合伙企业（有限合伙）】,苏州仙瞳创投,苏州仙瞳创业投资管理中心（有限合伙）,仙瞳资本,深圳仙瞳资本管理有限公司,江苏疌泉仙瞳生物医疗创业基金,江苏疌泉仙瞳生物医疗创业投资合伙企业（有限合伙）,汇智赢华,苏州汇智赢华医疗科技有限公司,医疗健康，大数据，临床医学，材料，数据分析,生物技术/医疗健康|医疗设备,中国|江苏省|苏州市|虎丘区,--,种子期,2017-03-20,RMB,--,--,--,0.06,A,--,--,--,--,制造业|专用设备制造业|医疗仪器设备及器械制造,制造业|机械、设备、仪表|专用设备制造业|医疗器械制造业,--,2017.xls,0,2017,江苏省,制造业,专用设备制造业,0.555951778280543,1.6901078827010092,-3.7171919899060217,-0.9943238872258964,b
同创博润创投【陕西高端装备高技术创业投资基金】,西安同创博润创业投资管理中心（有限合伙企业）【陕西高端装备高技术创业投资基金（有限合伙）】,同创博润创投,西安同创博润创业投资管理中心（有限合伙企业）,--,--,陕西高端装备高技术创业投资基金,陕西高端装备高技术创业投资基金（有限合伙）,点云生物,西安点云生物科技有限公司,医疗健康，3D打印，医疗器械,生物技术/医疗健康|医疗设备,中国|陕西省|西安市|碑林区,天使投资,初创期,2017-04-05,RMB,--,--,--,3.75,天使轮,--,--,--,--,制造业|专用设备制造业|医疗仪器设备及器械制造,制造业|机械、设备、仪表|专用设备制造业|医疗器械制造业,--,2017.xls,1,2017,陕西省,制造业,专用设备制造业,0.555951778280543,1.6901078827010092,-3.7171919899060217,-0.9943238872258964,b
锡创投【无锡金投领航投资】,无锡市创新投资集团有限公司【无锡金投领航产业升级并购投资企业（有限合伙）】,无锡金投资本,无锡金投资本私募基金管理有限公司,锡创投,无锡市创新投资集团有限公司,无锡金投领航投资,无锡金投领航产业升级并购投资企业（有限合伙）,新洁能,无锡新洁能股份有限公司,电子元件，光电，芯片设计,半导体及电子设备|半导体|IC测试与封装,中国|江苏省|无锡市,并购投资,扩张期,2017-04-05,RMB,36.84,36.84,5.40,0.12,其他,--,"29,585.35","4,485.35",--,制造业|专用设备制造业|电子和电工机械专用设备制造|电子工业专用设备制造,制造业|机械、设备、仪表|专用设备制造业|其他专用设备制造业,上海证券交易所主板，全国中小企业股份转让系统(新三板),2017.xls,0,2017,江苏省,制造业,专用设备制造业,0.555951778280543,1.6901078827010092,-3.7171919899060217,-0.9943238872258964,b
北极光创投【北极光人民币基金III期】,北极光创投【苏州极创金源创业投资合伙企业（有限合伙）】,同源创业,苏州同源创业投资管理有限公司,北极光创投,北极光创投,北极光人民币基金III期,苏州极创金源创业投资合伙企业（有限合伙）,圣哲医疗,上海圣哲医疗科技有限公司,医疗健康，医疗设备，医疗器械,生物技术/医疗健康|医疗设备,中国|上海市|浦东新区,天使投资,初创期,2019-11-11,RMB,--,--,--,12.87,Pre-A,--,46.21,6.61,--,制造业|专用设备制造业|医疗仪器设备及器械制造,制造业|机械、设备、仪表|专用设备制造业|医疗器械制造业,--,2019.xls,0,2019,上海市,制造业,专用设备制造业,0.555951778280543,1.6901078827010092,-3.7171919899060217,-0.9943238872258964,b
元生创投【新建元二期创业基金】,苏州工业园区元生创业投资管理有限公司【苏州工业园区新建元二期创业投资企业（有限合伙）】,元生私募基金,苏州元生私募基金管理合伙企业（有限合伙）,元生创投,苏州工业园区元生创业投资管理有限公司,新建元二期创业基金,苏州工业园区新建元二期创业投资企业（有限合伙）,凯立特医疗,浙江凯立特医疗器械有限公司,医疗健康，医疗设备，生产制造，生物传感器，ADAS系统，HIS系统,生物技术/医疗健康|医疗设备,中国|浙江省|湖州市,--,扩张期,2017-04-14,RMB,--,--,--,--,B,王晟,--,--,--,制造业|专用设备制造业|医疗仪器设备及器械制造,制造业|机械、设备、仪表|专用设备制造业|医疗器械制造业,--,2017.xls,0,2017,浙江省,制造业,专用设备制造业,0.555951778280543,1.6901078827010092,-3.7171919899060217,-0.9943238872258964,b
雅惠投资【雅惠II期基金】,北京雅惠资产管理有限公司【宁波梅山保税港区雅惠鑫润创业投资合伙企业（有限合伙）】,雅惠投资,北京雅惠资产管理有限公司,--,--,雅惠II期基金,宁波梅山保税港区雅惠鑫润创业投资合伙企业（有限合伙）,汇创宜,汇创宜泰州医疗科技有限公司,医疗健康，诊断试剂，体外诊断,生物技术/医疗健康|医疗设备,中国|江苏省|泰州市,创业投资,扩张期,2017-05-15,RMB,6.80,6.80,1.03,16.19,A+,--,42.00,6.09,--,制造业|专用设备制造业|医疗仪器设备及器械制造,制造业|机械、设备、仪表|专用设备制造业|医疗器械制造业,--,2017.xls,0,2017,江苏省,制造业,专用设备制造业,0.555951778280543,1.6901078827010092,-3.7171919899060217,-0.9943238872258964,b
清控银杏【清控银杏南通创业投资基金】,清控银杏创业投资管理（北京）有限公司【清控银杏南通创业投资基金合伙企业（有限合伙）】,清控银杏,清控银杏创业投资管理（北京）有限公司,--,--,清控银杏南通创业投资基金,清控银杏南通创业投资基金合伙企业（有限合伙）,奥精医疗,奥精医疗科技股份有限公司,医疗健康，医疗设备，生产制造，材料，医疗器械，再生医学,生物技术/医疗健康|医疗设备,中国|北京市|海淀区,创业投资,成熟期,2017-09-26,RMB,30.00,30.00,4.21,3.33,D,--,"1,010.03",152.86,--,制造业|专用设备制造业|医疗仪器设备及器械制造,制造业|机械、设备、仪表|专用设备制造业|医疗器械制造业,上海证券交易所科创板,2017.xls,0,2017,北京市,制造业,专用设备制造业,0.555951778280543,1.6901078827010092,-3.7171919899060217,-0.9943238872258964,b
中信建投资本【深圳润信新观象战略新兴产业私募股权投资基金】,中信建投资本管理有限公司【深圳润信新观象战略新兴产业私募股权投资基金合伙企业（有限合伙）】,润信新观象基金,深圳市润信新观象股权投资基金管理有限公司,中信建投资本,中信建投资本管理有限公司,深圳润信新观象战略新兴产业私募股权投资基金,深圳润信新观象战略新兴产业私募股权投资基金合伙企业（有限合伙）,普博科技,深圳市普博医疗科技股份有限公司,医疗健康，医疗设备，生产制造，医疗器械,生物技术/医疗健康|医疗设备,中国|广东省|深圳市|宝安区,成长资本,成熟期,2020-11-20,RMB,--,--,--,1.72,B,--,--,--,--,制造业|专用设备制造业|医疗仪器设备及器械制造,制造业|机械、设备、仪表|专用设备制造业|医疗器械制造业,--,2020.xls,0,2020,广东省,制造业,专用设备制造业,0.555951778280543,1.6901078827010092,-3.7171919899060217,-0.9943238872258964,b
深创投【红土星河创业基金】,深圳市创新投资集团有限公司【深圳市红土星河创业投资合伙企业（有限合伙）】,红土星河创投,深圳市红土星河创业投资管理有限公司,深创投,深圳市创新投资集团有限公司,红土星河创业基金,深圳市红土星河创业投资合伙企业（有限合伙）,可思美,深圳可思美科技有限公司,医疗健康，智能硬件，医疗设备，消费电子，生产制造，垂直硬件,生物技术/医疗健康|医疗设备,中国|广东省|深圳市,--,扩张期,2017-06-05,RMB,10.00,10.00,1.53,--,B,王建,--,--,--,制造业|专用设备制造业|医疗仪器设备及器械制造,制造业|机械、设备、仪表|专用设备制造业|医疗器械制造业,--,2017.xls,0,2017,广东省,制造业,专用设备制造业,0.555951778280543,1.6901078827010092,-3.7171919899060217,-0.9943238872258964,b
深创投【深圳市人才创新创业一号基金】,深圳市创新投资集团有限公司【深圳市人才创新创业一号股权投资基金（有限合伙）】,广东红土创投,广东红土创业投资管理有限公司,深创投,深圳市创新投资集团有限公司,深圳市人才创新创业一号基金,深圳市人才创新创业一号股权投资基金（有限合伙）,安科,深圳安科高技术股份有限公司,医疗健康，医疗影像，生产制造，电子设备，智能医疗设备,生物技术/医疗健康|医疗设备,中国|广东省|深圳市,成长资本,成熟期,2020-11-20,RMB,--,--,--,--,B,张键,--,--,--,制造业|专用设备制造业|医疗仪器设备及器械制造,制造业|机械、设备、仪表|专用设备制造业|医疗器械制造业,--,2020.xls,0,2020,广东省,制造业,专用设备制造业,0.555951778280543,1.6901078827010092,-3.7171919899060217,-0.9943238872258964,b
北极光创投【北极光人民币基金四期】,北极光创投【苏州极创欣源创业投资合伙企业（有限合伙）】,同源创业,苏州同源创业投资管理有限公司,北极光创投,北极光创投,北极光人民币基金四期,苏州极创欣源创业投资合伙企业（有限合伙）,佰福激光,南京佰福激光技术有限公司,医疗健康，微电子，技术研发，医美整形，光电设备，光电,生物技术/医疗健康|医疗设备,中国|江苏省|南京市|栖霞区,天使投资,种子期,2021-08-16,RMB,--,--,--,15.00,Pre-A,--,120.00,18.52,--,制造业|专用设备制造业|医疗仪器设备及器械制造,制造业|机械、设备、仪表|专用设备制造业|医疗器械制造业,--,2021.xls,0,2021,江苏省,制造业,专用设备制造业,0.555951778280543,1.6901078827010092,-3.7171919899060217,-0.9943238872258964,b
澳银资本【澳银天使创投基金】,深圳澳银资本管理有限公司【深圳澳银天使创业投资企业（有限合伙）】,澳银资本,深圳澳银资本管理有限公司,--,--,澳银天使创投基金,深圳澳银天使创业投资企业（有限合伙）,沃德生命,深圳沃德生命科技有限公司,体外诊断，医疗健康，检验诊断器械，医疗器械,生物技术/医疗健康|医疗设备,中国|广东省|深圳市,创业投资,初创期,2019-01-15,RMB,20.00,20.00,2.96,--,天使轮,--,--,--,--,制造业|专用设备制造业|医疗仪器设备及器械制造,制造业|机械、设备、仪表|专用设备制造业|医疗器械制造业,--,2019.xls,0,2019,广东省,制造业,专用设备制造业,0.555951778280543,1.6901078827010092,-3.7171919899060217,-0.9943238872258964,b
夏尔巴投资【夏尔巴二期人民币基金】,珠海夏尔巴股权投资管理有限公司【苏州夏尔巴二期股权投资合伙企业（有限合伙）】,夏尔巴投资,珠海夏尔巴股权投资管理有限公司,夏尔巴投资,珠海夏尔巴股权投资管理有限公司,夏尔巴二期人民币基金,苏州夏尔巴二期股权投资合伙企业（有限合伙）,申基生物,江苏申基生物科技有限公司,医疗健康，医疗服务，体外诊断，医疗器械，检验诊断器械，分子诊断，诊断试剂,生物技术/医疗健康|医疗设备,中国|江苏省|南京市|栖霞区,成长资本,扩张期,2021-08-16,RMB,--,--,--,1.42,A+,--,705.13,110.37,--,制造业|专用设备制造业|医疗仪器设备及器械制造,制造业|机械、设备、仪表|专用设备制造业|医疗器械制造业,--,2021.xls,0,2021,江苏省,制造业,专用设备制造业,0.555951778280543,1.6901078827010092,-3.7171919899060217,-0.9943238872258964,b
一创投资【鲲鹏一创杉杉新能源产业基金】,第一创业投资管理有限公司【深圳市鲲鹏一创战略新兴产业股权投资基金合伙企业（有限合伙）】,鲲鹏一创投资,深圳市鲲鹏一创私募股权投资管理有限公司,一创投资,第一创业投资管理有限公司,鲲鹏一创杉杉新能源产业基金,深圳市鲲鹏一创战略新兴产业股权投资基金合伙企业（有限合伙）,海斯凯尔,无锡海斯凯尔医学技术有限公司,医疗健康，医疗器械,生物技术/医疗健康|医疗设备,中国|江苏省|无锡市,成长资本,成熟期,2021-08-14,RMB,19.59,19.59,3.02,2.27,B+,罗再宏,862.81,133.15,--,制造业|专用设备制造业|医疗仪器设备及器械制造,制造业|机械、设备、仪表|专用设备制造业|医疗器械制造业,--,2021.xls,0,2021,江苏省,制造业,专用设备制造业,0.555951778280543,1.6901078827010092,-3.7171919899060217,-0.9943238872258964,b
涌铧投资【涌诚医药产业基金】,上海涌铧投资管理有限公司【连云港涌诚股权投资合伙企业（有限合伙）】,涌铧投资,上海涌铧投资管理有限公司,--,--,涌诚医药产业基金,连云港涌诚股权投资合伙企业（有限合伙）,派尔特,北京派尔特医疗科技股份有限公司,医疗健康，医疗设备，生产制造，手术器械,生物技术/医疗健康|医疗设备,中国|北京市|昌平区,新三板定增,成熟期,2017-07-03,RMB,22.51,22.51,3.31,1.73,新三板定增,--,"1,300.13",191.28,--,制造业|专用设备制造业|医疗仪器设备及器械制造,制造业|机械、设备、仪表|专用设备制造业|医疗器械制造业,全国中小企业股份转让系统(新三板),2017.xls,1,2017,北京市,制造业,专用设备制造业,0.555951778280543,1.6901078827010092,-3.7171919899060217,-0.9943238872258964,b
鼎嘉创投【上海张江创投】,上海鼎嘉创业投资管理有限公司【上海张江创业投资有限公司】,鼎嘉创投,上海鼎嘉创业投资管理有限公司,--,--,上海张江创投,上海张江创业投资有限公司,海泰新光,青岛海泰新光科技股份有限公司,医疗健康，光学，生物识别，医疗器械,生物技术/医疗健康|医疗设备,中国|山东省|青岛市,成长资本,成熟期,2019-10-30,RMB,15.65,15.65,2.42,2.00,其他,--,792.73,112.26,--,制造业|专用设备制造业|医疗仪器设备及器械制造,制造业|机械、设备、仪表|专用设备制造业|医疗器械制造业,上海证券交易所科创板，全国中小企业股份转让系统(新三板),2019.xls,0,2019,山东省,制造业,专用设备制造业,0.555951778280543,1.6901078827010092,-3.7171919899060217,-0.9943238872258964,b
中芯聚源【聚源聚芯集成电路基金】,中芯聚源股权投资管理（上海）有限公司【上海聚源聚芯集成电路产业股权投资基金中心（有限合伙）】,中芯聚源,中芯聚源股权投资管理（上海）有限公司,--,--,聚源聚芯集成电路基金,上海聚源聚芯集成电路产业股权投资基金中心（有限合伙）,利扬芯片,广东利扬芯片测试股份有限公司,电子元件，光电，电子信息产业，代工厂，芯片设计,半导体及电子设备|半导体|IC测试与封装,中国|广东省|东莞市,新三板定增,扩张期,2017-07-04,RMB,15.00,15.00,2.29,1.76,新三板定增,孙玉望,852.44,125.56,--,制造业|专用设备制造业|电子和电工机械专用设备制造|电子工业专用设备制造,制造业|机械、设备、仪表|专用设备制造业|其他专用设备制造业,上海证券交易所科创板，全国中小企业股份转让系统(新三板),2017.xls,0,2017,广东省,制造业,专用设备制造业,0.555951778280543,1.6901078827010092,-3.7171919899060217,-0.9943238872258964,b
辰德资本【辰德资本人民币三期基金】,上海甲辰投资有限公司【苏州辰知德投资合伙企业（有限合伙）】,辰德资本,上海甲辰投资有限公司,--,--,辰德资本人民币三期基金,苏州辰知德投资合伙企业（有限合伙）,奕瑞科技,上海奕瑞光电子科技股份有限公司,医疗健康，医药，医疗影像，生产制造，生物药，医学影像设备元器件,生物技术/医疗健康|医疗设备,中国|上海市|浦东新区,并购投资,扩张期,2017-05-26,RMB,23.33,23.33,3.44,1.94,其他,--,"1,127.52",164.15,--,制造业|专用设备制造业|医疗仪器设备及器械制造,制造业|机械、设备、仪表|专用设备制造业|医疗器械制造业,上海证券交易所科创板,2017.xls,0,2017,上海市,制造业,专用设备制造业,0.555951778280543,1.6901078827010092,-3.7171919899060217,-0.9943238872258964,b
毅达资本【常州高投毅达创业投资】,江苏毅达股权投资基金管理有限公司【常州高投毅达创业投资合伙企业（有限合伙）】,南京毅达投资,南京毅达股权投资管理企业（有限合伙）,毅达资本,江苏毅达股权投资基金管理有限公司,常州高投毅达创业投资,常州高投毅达创业投资合伙企业（有限合伙）,赛乐医疗,常州赛乐医疗技术有限公司,医疗健康，医疗器械,生物技术/医疗健康|医疗设备,中国|江苏省|常州市|新北区,成长资本,扩张期,2021-07-19,RMB,--,--,--,2.13,A,--,"1,232.60",190.51,--,制造业|专用设备制造业|医疗仪器设备及器械制造,制造业|机械、设备、仪表|专用设备制造业|医疗器械制造业,--,2021.xls,0,2021,江苏省,制造业,专用设备制造业,0.555951778280543,1.6901078827010092,-3.7171919899060217,-0.9943238872258964,b
青岛中晟汇银投资【淄博中晟健投医疗投资基金】,青岛中晟汇银投资管理有限公司【淄博中晟健投股权投资基金合伙企业（有限合伙）】,青岛中晟汇银投资,青岛中晟汇银投资管理有限公司,--,--,淄博中晟健投医疗投资基金,淄博中晟健投股权投资基金合伙企业（有限合伙）,新华普阳生物,山东新华普阳生物技术有限公司,医疗健康，医疗服务，体外诊断，医疗器械，诊断试剂，生物技术,生物技术/医疗健康|医疗设备,中国|山东省|淄博市|张店区,创业投资,初创期,2020-07-02,--,--,--,--,--,A,--,--,--,--,制造业|专用设备制造业|医疗仪器设备及器械制造,制造业|机械、设备、仪表|专用设备制造业|医疗器械制造业,--,2020.xls,1,2020,山东省,制造业,专用设备制造业,0.555951778280543,1.6901078827010092,-3.7171919899060217,-0.9943238872258964,b
国投创新【先进制造产业投资基金二期】（领投）,国投创新投资管理有限公司【先进制造产业投资基金二期（有限合伙）】（领投）,国投招商,国投招商投资管理有限公司,国投创新,国投创新投资管理有限公司,先进制造产业投资基金二期,先进制造产业投资基金二期（有限合伙）,欧普曼迪,广东欧谱曼迪科技股份有限公司,医疗健康，医疗影像，医疗器械,生物技术/医疗健康|医疗设备,中国|广东省|佛山市,成长资本,扩张期,2021-07-15,RMB,--,--,--,--,D,--,--,--,--,制造业|专用设备制造业|医疗仪器设备及器械制造,制造业|机械、设备、仪表|专用设备制造业|医疗器械制造业,--,2021.xls,1,2021,广东省,制造业,专用设备制造业,0.555951778280543,1.6901078827010092,-3.7171919899060217,-0.9943238872258964,b
安芯投资【福建安芯产业基金】,福建省安芯投资管理有限责任公司【福建省安芯产业投资基金合伙企业（有限合伙）】,安芯投资,福建省安芯投资管理有限责任公司,--,--,福建安芯产业基金,福建省安芯产业投资基金合伙企业（有限合伙）,泰治,江苏泰治科技股份有限公司,电子元件，生产制造，智能制造，自动化设备，自动化，光电,半导体及电子设备|半导体|IC测试与封装,中国|江苏省|南京市|雨花台区,成长资本,初创期,2019-07-09,RMB,--,--,--,--,A,--,--,--,--,制造业|专用设备制造业|电子和电工机械专用设备制造|电子工业专用设备制造,制造业|机械、设备、仪表|专用设备制造业|其他专用设备制造业,--,2019.xls,0,2019,江苏省,制造业,专用设备制造业,0.555951778280543,1.6901078827010092,-3.7171919899060217,-0.9943238872258964,b
元生创投【新建元二期创业基金】,苏州工业园区元生创业投资管理有限公司【苏州工业园区新建元二期创业投资企业（有限合伙）】,元生私募基金,苏州元生私募基金管理合伙企业（有限合伙）,元生创投,苏州工业园区元生创业投资管理有限公司,新建元二期创业基金,苏州工业园区新建元二期创业投资企业（有限合伙）,瑞维特医疗,杭州瑞维特医疗科技有限公司,医疗器械,生物技术/医疗健康|医疗设备,中国|浙江省|杭州市,--,初创期,2018-01-04,RMB,20.00,20.00,3.14,18.18,A,--,110.01,16.91,--,制造业|专用设备制造业|医疗仪器设备及器械制造,制造业|机械、设备、仪表|专用设备制造业|医疗器械制造业,--,2018.xls,0,2018,浙江省,制造业,专用设备制造业,0.555951778280543,1.6901078827010092,-3.7171919899060217,-0.9943238872258964,b
澳银资本【澳银天使创投基金】,深圳澳银资本管理有限公司【深圳澳银天使创业投资企业（有限合伙）】,澳银资本,深圳澳银资本管理有限公司,--,--,澳银天使创投基金,深圳澳银天使创业投资企业（有限合伙）,博盛医疗,深圳市博盛医疗科技有限公司,医疗健康，医疗器械,生物技术/医疗健康|医疗设备,中国|广东省|深圳市,创业投资,扩张期,2021-06-16,RMB,--,--,--,5.00,Pre-A,熊钢,100.00,15.61,--,制造业|专用设备制造业|医疗仪器设备及器械制造,制造业|机械、设备、仪表|专用设备制造业|医疗器械制造业,--,2021.xls,0,2021,广东省,制造业,专用设备制造业,0.555951778280543,1.6901078827010092,-3.7171919899060217,-0.9943238872258964,b
珠海高科创投【珠海高新天使创业投资】,珠海高科金投创业投资管理有限公司【珠海高新天使创业投资有限公司】,珠海高科创投,珠海高科金投创业投资管理有限公司,--,--,珠海高新天使创业投资,珠海高新天使创业投资有限公司,朗泰生物,珠海朗泰生物科技有限公司,危险化学品，生物技术，仪器仪表，医疗器械，生物材料,生物技术/医疗健康|医疗设备,中国|广东省|珠海市|香洲区,创业投资,初创期,2021-06-16,RMB,--,--,--,2.60,A,--,--,--,--,制造业|专用设备制造业|医疗仪器设备及器械制造,制造业|机械、设备、仪表|专用设备制造业|医疗器械制造业,--,2021.xls,1,2021,广东省,制造业,专用设备制造业,0.555951778280543,1.6901078827010092,-3.7171919899060217,-0.9943238872258964,b
前海方舟【中原前海母基金】,前海方舟资产管理有限公司【中原前海股权投资基金（有限合伙）】,前海方舟,前海方舟资产管理有限公司,--,--,中原前海母基金,中原前海股权投资基金（有限合伙）,九诺医疗,南通九诺医疗科技有限公司,医疗健康，医疗器械,生物技术/医疗健康|医疗设备,中国|江苏省|南通市,成长资本,扩张期,2021-06-16,RMB,--,--,--,2.02,C,--,--,--,--,制造业|专用设备制造业|医疗仪器设备及器械制造,制造业|机械、设备、仪表|专用设备制造业|医疗器械制造业,--,2021.xls,0,2021,江苏省,制造业,专用设备制造业,0.555951778280543,1.6901078827010092,-3.7171919899060217,-0.9943238872258964,b
余杭国投【余杭区产业发展引导基金】,杭州余杭国有资本投资运营集团有限公司【杭州余杭产业基金有限公司】,余杭国投,杭州余杭国有资本投资运营集团有限公司,--,--,余杭区产业发展引导基金,杭州余杭产业基金有限公司,微策生物,杭州微策生物技术股份有限公司,医疗健康，医药，生产制造，医疗器械，医疗检测,生物技术/医疗健康|医疗设备,中国|浙江省|杭州市,创业投资,扩张期,2018-01-19,RMB,--,--,--,--,A+,--,--,--,--,制造业|专用设备制造业|医疗仪器设备及器械制造,制造业|机械、设备、仪表|专用设备制造业|医疗器械制造业,--,2018.xls,0,2018,浙江省,制造业,专用设备制造业,0.555951778280543,1.6901078827010092,-3.7171919899060217,-0.9943238872258964,b
达晨财智【达晨创联基金】,达晨财智【深圳市达晨创联股权投资基金合伙企业（有限合伙）】,达晨财智,深圳市达晨财智创业投资管理有限公司,--,--,达晨创联基金,深圳市达晨创联股权投资基金合伙企业（有限合伙）,雷德生物,广州市雷德生物科技有限公司,医疗健康，医疗服务，医疗设备，体外诊断，诊断试剂，医疗器械，用药指导,生物技术/医疗健康|医疗设备,中国|广东省|广州市,--,扩张期,2018-01-19,RMB,--,--,--,5.00,A,--,200.00,31.17,--,制造业|专用设备制造业|医疗仪器设备及器械制造,制造业|机械、设备、仪表|专用设备制造业|医疗器械制造业,--,2018.xls,0,2018,广东省,制造业,专用设备制造业,0.555951778280543,1.6901078827010092,-3.7171919899060217,-0.9943238872258964,b
夏尔巴投资【夏尔巴二期人民币基金】,珠海夏尔巴股权投资管理有限公司【苏州夏尔巴二期股权投资合伙企业（有限合伙）】,夏尔巴投资,珠海夏尔巴股权投资管理有限公司,夏尔巴投资,珠海夏尔巴股权投资管理有限公司,夏尔巴二期人民币基金,苏州夏尔巴二期股权投资合伙企业（有限合伙）,鲲为科技,深圳鲲为科技有限公司,医疗健康，医疗器械,生物技术/医疗健康|医疗设备,中国|广东省|深圳市,成长资本,初创期,2021-06-15,RMB,--,--,--,3.33,A,--,"1,500.00",234.12,--,制造业|专用设备制造业|医疗仪器设备及器械制造,制造业|机械、设备、仪表|专用设备制造业|医疗器械制造业,--,2021.xls,0,2021,广东省,制造业,专用设备制造业,0.555951778280543,1.6901078827010092,-3.7171919899060217,-0.9943238872258964,b
丹麓资本【广州丹麓创业投资基金】,广州丹麓股权投资管理有限公司【广州丹麓创业投资基金合伙企业（有限合伙）】,丹麓资本,广州丹麓股权投资管理有限公司,--,--,广州丹麓创业投资基金,广州丹麓创业投资基金合伙企业（有限合伙）,可孚医疗,可孚医疗科技股份有限公司,智能硬件，医疗器械，医疗健康，健康管理，中医理疗，医疗护理,生物技术/医疗健康|医疗设备,中国|湖南省|长沙市,成长资本,扩张期,2019-07-16,RMB,60.00,60.00,9.39,3.90,Pre-IPO,--,"1,539.13",224.11,--,制造业|专用设备制造业|医疗仪器设备及器械制造,制造业|机械、设备、仪表|专用设备制造业|医疗器械制造业,深圳证券交易所创业板,2019.xls,0,2019,湖南省,制造业,专用设备制造业,0.555951778280543,1.6901078827010092,-3.7171919899060217,-0.9943238872258964,b
创新工场【北京创新工场投资】,创新工场【北京创新工场投资中心（有限合伙）】,北京互联创新工场,北京互联创新工场投资管理有限公司,--,--,北京创新工场投资,北京创新工场投资中心（有限合伙）,睿康生物,上海睿康生物科技有限公司,医疗健康，仪器设备，诊断试剂，体外诊断，诊断仪器，医疗服务，医疗器械，医疗分析仪器，检验诊断器械,生物技术/医疗健康|医疗设备,中国|上海市|闵行区,成长资本,扩张期,2021-06-11,RMB,--,--,--,--,A,石成蹊,--,--,--,制造业|专用设备制造业|医疗仪器设备及器械制造,制造业|机械、设备、仪表|专用设备制造业|医疗器械制造业,--,2021.xls,0,2021,上海市,制造业,专用设备制造业,0.555951778280543,1.6901078827010092,-3.7171919899060217,-0.9943238872258964,b
国投创业【国投高新创投基金】,国投创业投资管理有限公司【国投高新（深圳）创业投资基金（有限合伙）】,国投创业,国投创业投资管理有限公司,--,--,国投高新创投基金,国投高新（深圳）创业投资基金（有限合伙）,阿酷育,苏州阿酷育医疗科技有限公司,医疗健康，医疗器械,生物技术/医疗健康|医疗设备,中国|江苏省|苏州市|吴中区,创业投资,种子期,2019-07-02,--,--,--,--,20.00,A,--,--,--,--,制造业|专用设备制造业|医疗仪器设备及器械制造,制造业|机械、设备、仪表|专用设备制造业|医疗器械制造业,--,2019.xls,1,2019,江苏省,制造业,专用设备制造业,0.555951778280543,1.6901078827010092,-3.7171919899060217,-0.9943238872258964,b
合肥创新投【合肥市天使投资基金】,合肥市创新科技风险投资有限公司【合肥市天使投资基金有限公司】,合肥创新投,合肥市创新科技风险投资有限公司,--,--,合肥市天使投资基金,合肥市天使投资基金有限公司,达米医疗,合肥达米医疗科技有限公司,医疗健康，医疗器械,生物技术/医疗健康|医疗设备,中国|安徽省|合肥市,创业投资,扩张期,2018-01-29,RMB,--,--,--,13.33,A,--,--,--,--,制造业|专用设备制造业|医疗仪器设备及器械制造,制造业|机械、设备、仪表|专用设备制造业|医疗器械制造业,--,2018.xls,1,2018,安徽省,制造业,专用设备制造业,0.555951778280543,1.6901078827010092,-3.7171919899060217,-0.9943238872258964,b
国投创合【创合精选创投基金】,国投创合基金管理有限公司【杭州创合精选创业投资合伙企业（有限合伙）】,国投创合（杭州）创业投资,国投创合（杭州）创业投资管理有限公司,国投创合,国投创合基金管理有限公司,创合精选创投基金,杭州创合精选创业投资合伙企业（有限合伙）,澳华内镜,上海澳华内镜股份有限公司,医疗健康，生产制造，医疗器械,生物技术/医疗健康|医疗设备,中国|上海市|闵行区,创业投资,成熟期,2019-06-29,RMB,43.09,43.09,6.74,2.75,E,--,"1,555.56",226.27,--,制造业|专用设备制造业|医疗仪器设备及器械制造,制造业|机械、设备、仪表|专用设备制造业|医疗器械制造业,上海证券交易所科创板,2019.xls,0,2019,上海市,制造业,专用设备制造业,0.555951778280543,1.6901078827010092,-3.7171919899060217,-0.9943238872258964,b
辰德资本【辰德资本四期人民币基金】,上海甲辰投资有限公司【上海辰均德股权投资合伙企业（有限合伙）】,辰德资本,上海甲辰投资有限公司,--,--,辰德资本四期人民币基金,上海辰均德股权投资合伙企业（有限合伙）,宜乐芯,成都宜乐芯生物科技有限公司,技术研发，医疗器械,生物技术/医疗健康|医疗设备,中国|四川省|成都市|温江区,创业投资,初创期,2021-06-01,RMB,15.00,15.00,2.36,15.63,天使轮,--,95.97,15.10,--,制造业|专用设备制造业|医疗仪器设备及器械制造,制造业|机械、设备、仪表|专用设备制造业|医疗器械制造业,--,2021.xls,0,2021,四川省,制造业,专用设备制造业,0.555951778280543,1.6901078827010092,-3.7171919899060217,-0.9943238872258964,b
峰瑞资本【重庆峰瑞卓越一期股权基金】,上海自友投资管理有限公司【重庆峰瑞卓越一期股权投资基金合伙企业（有限合伙）】,峰瑞卓越,重庆峰瑞卓越股权投资基金管理有限公司,峰瑞资本,上海自友投资管理有限公司,重庆峰瑞卓越一期股权基金,重庆峰瑞卓越一期股权投资基金合伙企业（有限合伙）,乐奥医疗,常州乐奥医疗科技股份有限公司,医疗健康，医疗设备，生产制造，医疗器械，治疗器械,生物技术/医疗健康|医疗设备,中国|江苏省|常州市,新三板定增,扩张期,2018-02-02,RMB,20.00,20.00,3.18,--,新三板定增,--,--,--,--,制造业|专用设备制造业|医疗仪器设备及器械制造,制造业|机械、设备、仪表|专用设备制造业|医疗器械制造业,全国中小企业股份转让系统(新三板),2018.xls,0,2018,江苏省,制造业,专用设备制造业,0.555951778280543,1.6901078827010092,-3.7171919899060217,-0.9943238872258964,b
杏泽资本【杏泽三禾基金】（领投）,上海杏泽投资管理有限公司【上海杏泽三禾创业投资合伙企业（有限合伙）】（领投）,杏泽资本,上海杏泽投资管理有限公司,--,--,杏泽三禾基金,上海杏泽三禾创业投资合伙企业（有限合伙）,瑞朗泰科,北京瑞朗泰科医疗器械有限公司,医疗健康，生产制造，手术器械，医疗器械,生物技术/医疗健康|医疗设备,中国|北京市|通州区,成长资本,扩张期,2020-12-22,RMB,--,--,--,--,A,强静,530.00,80.91,--,制造业|专用设备制造业|医疗仪器设备及器械制造,制造业|机械、设备、仪表|专用设备制造业|医疗器械制造业,--,2020.xls,0,2020,北京市,制造业,专用设备制造业,0.555951778280543,1.6901078827010092,-3.7171919899060217,-0.9943238872258964,b
元生创投【新建元二期创业基金】,苏州工业园区元生创业投资管理有限公司【苏州工业园区新建元二期创业投资企业（有限合伙）】,元生私募基金,苏州元生私募基金管理合伙企业（有限合伙）,元生创投,苏州工业园区元生创业投资管理有限公司,新建元二期创业基金,苏州工业园区新建元二期创业投资企业（有限合伙）,尚沃医疗,无锡市尚沃医疗电子股份有限公司,医疗健康，医疗服务，互联网医疗，生产制造，分子诊断，医疗器械,生物技术/医疗健康|医疗设备,中国|江苏省|无锡市,成长资本,成熟期,2019-06-25,RMB,28.50,28.50,4.41,5.00,其他,--,570.00,83.21,--,制造业|专用设备制造业|医疗仪器设备及器械制造,制造业|机械、设备、仪表|专用设备制造业|医疗器械制造业,全国中小企业股份转让系统(新三板),2019.xls,0,2019,江苏省,制造业,专用设备制造业,0.555951778280543,1.6901078827010092,-3.7171919899060217,-0.9943238872258964,b
分享投资【分享精准医疗基金】,深圳市分享成长投资管理有限公司【深圳市分享精准医疗投资合伙企业（有限合伙）】,分享投资,深圳市分享成长投资管理有限公司,--,--,分享精准医疗基金,深圳市分享精准医疗投资合伙企业（有限合伙）,同心医疗,苏州同心医疗科技股份有限公司,医疗健康，医疗设备，医疗器械,生物技术/医疗健康|医疗设备,中国|江苏省|苏州市|虎丘区,--,扩张期,2018-02-26,RMB,20.00,20.00,3.16,--,A,--,--,--,--,制造业|专用设备制造业|医疗仪器设备及器械制造,制造业|机械、设备、仪表|专用设备制造业|医疗器械制造业,--,2018.xls,0,2018,江苏省,制造业,专用设备制造业,0.555951778280543,1.6901078827010092,-3.7171919899060217,-0.9943238872258964,b
上汽投资【苏州隽永股权投资】（领投）,上海汽车集团股权投资有限公司【苏州隽永股权投资合伙企业（有限合伙）】（领投）,恒旭资本,上海上汽恒旭投资管理有限公司,上汽投资,上海汽车集团股权投资有限公司,苏州隽永股权投资,苏州隽永股权投资合伙企业（有限合伙）,迪凯尔医疗,苏州迪凯尔医疗科技有限公司,医疗健康，数码设备，机器人,生物技术/医疗健康|医疗设备,中国|江苏省|苏州市,成长资本,成熟期,2021-06-10,RMB,--,--,--,--,C,陆永涛,--,--,--,制造业|专用设备制造业|医疗仪器设备及器械制造,制造业|机械、设备、仪表|专用设备制造业|医疗器械制造业,--,2021.xls,0,2021,江苏省,制造业,专用设备制造业,0.555951778280543,1.6901078827010092,-3.7171919899060217,-0.9943238872258964,b
证鸿基金【北京市协同毅新投资】,证鸿基金管理（深圳）有限公司【北京市协同毅新投资合伙企业（有限合伙）】,证鸿基金,证鸿基金管理（深圳）有限公司,--,--,北京市协同毅新投资,北京市协同毅新投资合伙企业（有限合伙）,恒宇医疗,天津恒宇医疗科技有限公司,医疗健康，医疗器械，高能耗材,生物技术/医疗健康|医疗设备,中国|天津市|东丽区,创业投资,初创期,2017-12-31,RMB,--,--,--,--,A,--,--,--,--,制造业|专用设备制造业|医疗仪器设备及器械制造,制造业|机械、设备、仪表|专用设备制造业|医疗器械制造业,--,2017.xls,0,2017,天津市,制造业,专用设备制造业,0.555951778280543,1.6901078827010092,-3.7171919899060217,-0.9943238872258964,b
济峰资本【福州济峰】,嘉兴济峰股权投资管理有限公司【福州济峰股权投资合伙企业（有限合伙）】,济峰基金,萍乡济峰私募基金管理合伙企业（有限合伙）,济峰资本,嘉兴济峰股权投资管理有限公司,福州济峰,福州济峰股权投资合伙企业（有限合伙）,百康芯,北京百康芯生物科技有限公司,医疗健康，工具软件，自动化,生物技术/医疗健康|医疗设备,中国|北京市|海淀区,--,扩张期,2018-01-17,RMB,--,--,--,--,A+,--,--,--,--,制造业|专用设备制造业|医疗仪器设备及器械制造,制造业|机械、设备、仪表|专用设备制造业|医疗器械制造业,--,2018.xls,0,2018,北京市,制造业,专用设备制造业,0.555951778280543,1.6901078827010092,-3.7171919899060217,-0.9943238872258964,b
深创投【红土科力创投】,深圳市创新投资集团有限公司【黑龙江红土科力创业投资有限公司】,深创投红土股权投资,深创投红土私募股权投资基金管理（深圳）有限公司,深创投,深圳市创新投资集团有限公司,红土科力创投,黑龙江红土科力创业投资有限公司,思哲睿,哈尔滨思哲睿智能医疗设备股份有限公司,机器人，医疗设备，医用机器人，手术器械,生物技术/医疗健康|医疗设备,中国|黑龙江省|哈尔滨市,成长资本,扩张期,2017-11-23,RMB,--,--,--,2.85,A,--,"3,504.70",530.85,--,制造业|专用设备制造业|医疗仪器设备及器械制造,制造业|机械、设备、仪表|专用设备制造业|医疗器械制造业,--,2017.xls,0,2017,黑龙江省,制造业,专用设备制造业,0.555951778280543,1.6901078827010092,-3.7171919899060217,-0.9943238872258964,b
毅达资本【江苏中小企业发展基金】,江苏毅达股权投资基金管理有限公司【江苏中小企业发展基金（有限合伙）】,毅达资本,江苏毅达股权投资基金管理有限公司,--,--,江苏中小企业发展基金,江苏中小企业发展基金（有限合伙）,耐思生物,无锡耐思生命科技股份有限公司,医疗健康，企业服务，生物技术，医疗器械，医用一次性用品,生物技术/医疗健康|医疗设备,中国|江苏省|无锡市,创业投资,成熟期,2020-12-08,RMB,--,--,--,--,天使轮,--,--,--,--,制造业|专用设备制造业|医疗仪器设备及器械制造,制造业|机械、设备、仪表|专用设备制造业|医疗器械制造业,--,2020.xls,0,2020,江苏省,制造业,专用设备制造业,0.555951778280543,1.6901078827010092,-3.7171919899060217,-0.9943238872258964,b
华盖资本【华盖二期基金】,华盖资本有限责任公司【华盖信诚医疗健康投资成都合伙企业（有限合伙）】,华盖医疗投资,华盖医疗投资管理（北京）有限公司,华盖资本,华盖资本有限责任公司,华盖二期基金,华盖信诚医疗健康投资成都合伙企业（有限合伙）,朗润医疗,苏州朗润医疗系统有限公司,医疗健康，医疗设备，医疗影像，生产制造，医疗器械,生物技术/医疗健康|医疗设备,中国|江苏省|苏州市,--,扩张期,2017-10-17,RMB,131.00,131.00,19.88,0.16,C+,--,--,--,--,制造业|专用设备制造业|医疗仪器设备及器械制造,制造业|机械、设备、仪表|专用设备制造业|医疗器械制造业,--,2017.xls,0,2017,江苏省,制造业,专用设备制造业,0.555951778280543,1.6901078827010092,-3.7171919899060217,-0.9943238872258964,b
蓝湾资本【仙居蓝湾生命健康基金】,蓝湾科创资本集团【仙居蓝湾健康产业投资合伙企业（有限合伙）】,蓝湾创投,南通蓝湾创业投资管理有限公司,蓝湾资本,蓝湾科创资本集团,仙居蓝湾生命健康基金,仙居蓝湾健康产业投资合伙企业（有限合伙）,千域智能,浙江千域智能科技有限公司,物联网，医用机器人，机器人，智能健康管理，智能医疗设备,生物技术/医疗健康|医疗设备,中国|浙江省|台州市|仙居县,创业投资,种子期,2021-07-12,RMB,--,--,--,--,A,--,--,--,--,制造业|专用设备制造业|医疗仪器设备及器械制造,制造业|机械、设备、仪表|专用设备制造业|医疗器械制造业,--,2021.xls,1,2021,浙江省,制造业,专用设备制造业,0.555951778280543,1.6901078827010092,-3.7171919899060217,-0.9943238872258964,b
礼来亚洲基金【礼来亚洲四期人民币基金】（领投）,礼来亚洲风险投资基金【苏州礼康股权投资中心（有限合伙）】（领投）,礼颐投资,上海礼颐投资管理合伙企业（有限合伙）,礼来亚洲基金,礼来亚洲风险投资基金,礼来亚洲四期人民币基金,苏州礼康股权投资中心（有限合伙）,颐坤生物,苏州颐坤生物科技有限公司,医疗健康，医药，医疗服务，医疗设备，体外诊断，生产制造,生物技术/医疗健康|医疗设备,中国|江苏省|苏州市|吴中区,成长资本,初创期,2020-12-16,RMB,140.00,140.00,21.40,--,A,--,--,--,--,制造业|专用设备制造业|医疗仪器设备及器械制造,制造业|机械、设备、仪表|专用设备制造业|医疗器械制造业,--,2020.xls,0,2020,江苏省,制造业,专用设备制造业,0.555951778280543,1.6901078827010092,-3.7171919899060217,-0.9943238872258964,b
天堂硅谷【东湖高新硅谷天堂】,天堂硅谷资产管理集团有限公司【武汉东湖高新硅谷天堂股权投资合伙企业（有限合伙）】,天津硅谷天堂,天津硅谷天堂股权投资基金管理有限公司,天堂硅谷,天堂硅谷资产管理集团有限公司,东湖高新硅谷天堂,武汉东湖高新硅谷天堂股权投资合伙企业（有限合伙）,景川诊断,武汉景川诊断技术股份有限公司,医疗健康，生产制造，诊断试剂，体外诊断，医疗设备，仪器仪表,生物技术/医疗健康|医疗设备,中国|湖北省|武汉市,新三板定增,成熟期,2019-08-13,RMB,9.69,9.69,1.38,8.82,新三板定增,黄艺,109.86,15.65,--,制造业|专用设备制造业|医疗仪器设备及器械制造,制造业|机械、设备、仪表|专用设备制造业|医疗器械制造业,全国中小企业股份转让系统(新三板),2019.xls,0,2019,湖北省,制造业,专用设备制造业,0.555951778280543,1.6901078827010092,-3.7171919899060217,-0.9943238872258964,b
松禾资本【松禾成长基金】,深圳市松禾资本管理有限公司【深圳市松禾成长股权投资合伙企业（有限合伙）】,深圳松禾成长,深圳市松禾成长基金管理有限公司,松禾资本,深圳市松禾资本管理有限公司,松禾成长基金,深圳市松禾成长股权投资合伙企业（有限合伙）,深圳市安保医疗科技股份有限公司,深圳市安保医疗科技股份有限公司,生产制造，医疗健康，安防服务，医疗设备，医疗器械,生物技术/医疗健康|医疗设备,中国|广东省|深圳市|南山区,创业投资,成熟期,2021-07-15,RMB,56.25,56.25,8.70,--,Pre-A,--,--,--,--,制造业|专用设备制造业|医疗仪器设备及器械制造|医疗、外科及兽医用器械制造,制造业|机械、设备、仪表|专用设备制造业|医疗器械制造业,--,2021.xls,0,2021,广东省,制造业,专用设备制造业,0.555951778280543,1.6901078827010092,-3.7171919899060217,-0.9943238872258964,b
同创博润创投【陕西高端装备高技术创业投资基金】,西安同创博润创业投资管理中心（有限合伙企业）【陕西高端装备高技术创业投资基金（有限合伙）】,同创博润创投,西安同创博润创业投资管理中心（有限合伙企业）,--,--,陕西高端装备高技术创业投资基金,陕西高端装备高技术创业投资基金（有限合伙）,大医集团,西安大医集团股份有限公司,医疗健康，医疗服务，医疗器械,生物技术/医疗健康|医疗设备,中国|陕西省|西安市,成长资本,扩张期,2019-08-20,RMB,--,--,--,0.92,A,--,"2,314.66",328.95,--,制造业|专用设备制造业|医疗仪器设备及器械制造,制造业|机械、设备、仪表|专用设备制造业|医疗器械制造业,--,2019.xls,1,2019,陕西省,制造业,专用设备制造业,0.555951778280543,1.6901078827010092,-3.7171919899060217,-0.9943238872258964,b
国投创合【国投创合国家新兴产业引导基金】,国投创合基金管理有限公司【国投创合国家新兴产业创业投资引导基金（有限合伙）】,国投创合,国投创合基金管理有限公司,--,--,国投创合国家新兴产业引导基金,国投创合国家新兴产业创业投资引导基金（有限合伙）,心通医疗,上海微创心通医疗科技有限公司,--,生物技术/医疗健康|医疗设备,中国|上海市|浦东新区,创业投资,初创期,2017-12-01,RMB,--,--,--,--,B+,--,--,--,--,制造业|专用设备制造业|医疗仪器设备及器械制造,制造业|机械、设备、仪表|专用设备制造业|医疗器械制造业,香港证券交易所主板,2017.xls,1,2017,上海市,制造业,专用设备制造业,0.555951778280543,1.6901078827010092,-3.7171919899060217,-0.9943238872258964,b
礼来亚洲基金【礼来亚洲四期人民币基金】,礼来亚洲风险投资基金【苏州礼康股权投资中心（有限合伙）】,礼颐投资,上海礼颐投资管理合伙企业（有限合伙）,礼来亚洲基金,礼来亚洲风险投资基金,礼来亚洲四期人民币基金,苏州礼康股权投资中心（有限合伙）,徕瑞医疗,苏州徕瑞医疗技术有限公司,医疗健康，医疗设备，医疗器械，医疗技术,生物技术/医疗健康|医疗设备,中国|江苏省|苏州市,天使投资,种子期,2019-08-16,RMB,--,--,--,--,天使轮,--,--,--,--,制造业|专用设备制造业|医疗仪器设备及器械制造,制造业|机械、设备、仪表|专用设备制造业|医疗器械制造业,--,2019.xls,0,2019,江苏省,制造业,专用设备制造业,0.555951778280543,1.6901078827010092,-3.7171919899060217,-0.9943238872258964,b
华颖投资【华颖智慧物联基金】,海南华颖私募基金管理有限公司【安徽华颖智慧物联基金合伙企业（有限合伙）】,华颖投资,海南华颖私募基金管理有限公司,--,--,华颖智慧物联基金,安徽华颖智慧物联基金合伙企业（有限合伙）,合肥启灏医疗,合肥启灏医疗科技有限公司,医疗健康，医疗设备，医疗器械,生物技术/医疗健康|医疗设备,中国|安徽省|合肥市,创业投资,种子期,2020-12-10,RMB,2.18,2.18,0.33,7.15,A,--,30.55,4.67,--,制造业|专用设备制造业|医疗仪器设备及器械制造,制造业|机械、设备、仪表|专用设备制造业|医疗器械制造业,--,2020.xls,0,2020,安徽省,制造业,专用设备制造业,0.555951778280543,1.6901078827010092,-3.7171919899060217,-0.9943238872258964,b
国投创新【先进制造产业投资基金】,国投创新投资管理有限公司【先进制造产业投资基金（有限合伙）】,国投创新,国投创新投资管理有限公司,--,--,先进制造产业投资基金,先进制造产业投资基金（有限合伙）,明峰医疗,明峰医疗系统股份有限公司,医疗健康，医疗设备，医疗影像，医疗服务，医疗器械，脑疾病,生物技术/医疗健康|医疗设备,中国|浙江省|绍兴市,--,扩张期,2017-12-08,RMB,--,--,--,--,B,--,--,--,--,制造业|专用设备制造业|医疗仪器设备及器械制造,制造业|机械、设备、仪表|专用设备制造业|医疗器械制造业,--,2017.xls,1,2017,浙江省,制造业,专用设备制造业,0.555951778280543,1.6901078827010092,-3.7171919899060217,-0.9943238872258964,b
济峰资本【济峰股权投资】,嘉兴济峰股权投资管理有限公司【苏州济峰股权投资合伙企业（有限合伙）】,济峰基金,萍乡济峰私募基金管理合伙企业（有限合伙）,济峰资本,嘉兴济峰股权投资管理有限公司,济峰股权投资,苏州济峰股权投资合伙企业（有限合伙）,博思美,苏州博思美医疗科技有限公司,医疗健康，医疗服务，生产制造，医疗器械，专科医疗,生物技术/医疗健康|医疗设备,中国|江苏省|苏州市|虎丘区,创业投资,初创期,2017-12-11,RMB,--,--,--,--,A,--,--,--,--,制造业|专用设备制造业|医疗仪器设备及器械制造,制造业|机械、设备、仪表|专用设备制造业|医疗器械制造业,--,2017.xls,0,2017,江苏省,制造业,专用设备制造业,0.555951778280543,1.6901078827010092,-3.7171919899060217,-0.9943238872258964,b
华盖资本【华盖二期基金】,华盖资本有限责任公司【华盖信诚医疗健康投资成都合伙企业（有限合伙）】,华盖医疗投资,华盖医疗投资管理（北京）有限公司,华盖资本,华盖资本有限责任公司,华盖二期基金,华盖信诚医疗健康投资成都合伙企业（有限合伙）,山外山,重庆山外山血液净化技术股份有限公司,医疗健康，医疗设备，医疗器械,生物技术/医疗健康|医疗设备,中国|重庆市|渝北区,新三板定增,成熟期,2017-12-14,RMB,100.00,100.00,14.76,14.84,新三板定增,--,673.83,102.04,--,制造业|专用设备制造业|医疗仪器设备及器械制造,制造业|机械、设备、仪表|专用设备制造业|医疗器械制造业,上海证券交易所科创板，全国中小企业股份转让系统(新三板),2017.xls,0,2017,重庆市,制造业,专用设备制造业,0.555951778280543,1.6901078827010092,-3.7171919899060217,-0.9943238872258964,b
国金鼎兴【湖州佐誉超群股权投资】,国金鼎兴投资有限公司【湖州佐誉超群股权投资合伙企业（有限合伙）】,国金鼎兴,国金鼎兴投资有限公司,--,--,湖州佐誉超群股权投资,湖州佐誉超群股权投资合伙企业（有限合伙）,超群无损,上海超群检测科技股份有限公司,生产制造,生物技术/医疗健康|医疗设备,中国|上海市|松江区,成长资本,成熟期,2020-12-13,RMB,--,--,--,4.08,A,陈为,980.39,151.95,--,制造业|专用设备制造业|医疗仪器设备及器械制造,制造业|机械、设备、仪表|专用设备制造业|医疗器械制造业,--,2020.xls,0,2020,上海市,制造业,专用设备制造业,0.555951778280543,1.6901078827010092,-3.7171919899060217,-0.9943238872258964,b
武汉睿创恒益投资【武汉同济现代医疗健康创业基金】,武汉睿创恒益投资管理有限公司【武汉同济现代医疗健康创业投资基金合伙企业（有限合伙）】,武汉睿创恒益投资,武汉睿创恒益投资管理有限公司,--,--,武汉同济现代医疗健康创业基金,武汉同济现代医疗健康创业投资基金合伙企业（有限合伙）,芝友医疗,武汉友芝友医疗科技股份有限公司,医疗健康，医疗服务，医疗设备，体外诊断，生产制造，分子诊断，医疗器械，诊断试剂,生物技术/医疗健康|医疗设备,中国|湖北省|武汉市,成长资本,扩张期,2020-12-15,RMB,25.00,25.00,3.87,--,B,--,--,--,--,制造业|专用设备制造业|医疗仪器设备及器械制造,制造业|机械、设备、仪表|专用设备制造业|医疗器械制造业,全国中小企业股份转让系统(新三板),2020.xls,0,2020,湖北省,制造业,专用设备制造业,0.555951778280543,1.6901078827010092,-3.7171919899060217,-0.9943238872258964,b
蓝谷高创投资【海洋产业投资基金】,青岛蓝谷高创投资管理有限公司【青岛海洋创新产业投资基金有限公司】,蓝谷高创投资,青岛蓝谷高创投资管理有限公司,--,--,海洋产业投资基金,青岛海洋创新产业投资基金有限公司,百洋股份,百洋产业投资集团股份有限公司,农业，生产制造，农业生产，教育，饲料,农/林/牧/渔|渔业,中国|广西|南宁市,并购投资,成熟期,2020-06-01,RMB,556.43,556.43,78.02,16.85,其他,--,"3,302.07",463.02,-11.67,农、林、牧、渔业|渔业,农、林、牧、渔业|渔业,深圳证券交易所主板,2020.xls,1,2020,广西,农、林、牧、渔业,渔业,0.5760065028901734,2.6758170867052025,-3.666134497109826,-0.9492231791907514,b
贵鑫瑞和创投【贵州省农业农村现代化发展基金】,贵州省贵鑫瑞和创业投资管理有限责任公司【贵州省农业农村现代化发展股权投资基金合伙企业（有限合伙）】,贵鑫瑞和创投,贵州省贵鑫瑞和创业投资管理有限责任公司,--,--,贵州省农业农村现代化发展基金,贵州省农业农村现代化发展股权投资基金合伙企业（有限合伙）,贵州渔业,贵州省生态渔业有限责任公司,旅游服务，汽车交通，农业，餐饮，技术研发，互联网,农/林/牧/渔|渔业,中国|贵州省|贵阳市,创业投资,初创期,2021-09-10,RMB,--,--,--,15.52,A,--,--,--,--,农、林、牧、渔业|渔业,农、林、牧、渔业|渔业,--,2021.xls,1,2021,贵州省,农、林、牧、渔业,渔业,0.5760065028901734,2.6758170867052025,-3.666134497109826,-0.9492231791907514,b
长江产业投资集团【潜江润泽高新技术产业公司基金】,长江产业投资集团有限公司【潜江润泽高新技术产业投资基金有限公司】,湖北高投集团,湖北省高新产业投资集团有限公司,长江产业投资集团,长江产业投资集团有限公司,潜江润泽高新技术产业公司基金,潜江润泽高新技术产业投资基金有限公司,柳伍水产,潜江市柳伍水产食品有限公司,农业，生产制造，消费生活，农业生产,农/林/牧/渔|渔业,中国|湖北省|潜江市,创业投资,扩张期,2019-08-13,--,--,--,--,4.55,B,--,--,--,--,农、林、牧、渔业|渔业,农、林、牧、渔业|渔业,--,2019.xls,1,2019,湖北省,农、林、牧、渔业,渔业,0.5760065028901734,2.6758170867052025,-3.666134497109826,-0.9492231791907514,b
清控科创【青岛科创投资中心】,青岛水木紫荆创业投资管理有限公司【青岛科创文华科技成果转化投资中心（有限合伙）】,清控科创,青岛水木紫荆创业投资管理有限公司,--,--,青岛科创投资中心,青岛科创文华科技成果转化投资中心（有限合伙）,海琛网箱,青岛海琛网箱科技有限公司,生产制造，渔业水产,农/林/牧/渔|渔业,中国|山东省|青岛市|平度市,创业投资,扩张期,2017-04-05,--,--,--,--,--,A,--,--,--,--,农、林、牧、渔业|渔业,农、林、牧、渔业|渔业,--,2017.xls,1,2017,山东省,农、林、牧、渔业,渔业,0.5760065028901734,2.6758170867052025,-3.666134497109826,-0.9492231791907514,b
恒健控股【广东省农业供给侧结构性改革基金】,广东恒健投资控股有限公司【广东省农业供给侧结构性改革基金合伙企业（有限合伙）】,广东省农业供给侧结构性改革基金,广东省农业供给侧结构性改革基金管理有限公司,恒健控股,广东恒健投资控股有限公司,广东省农业供给侧结构性改革基金,广东省农业供给侧结构性改革基金合伙企业（有限合伙）,国联水产,湛江国联水产开发股份有限公司,农业，饲料,农/林/牧/渔|渔业,中国|广东省|湛江市,上市定增,成熟期,2019-02-15,RMB,300.00,300.00,44.36,6.80,上市定增,--,"4,413.89",652.72,19.12,农、林、牧、渔业|渔业,农、林、牧、渔业|渔业,深圳证券交易所创业板,2019.xls,1,2019,广东省,农、林、牧、渔业,渔业,0.5760065028901734,2.6758170867052025,-3.666134497109826,-0.9492231791907514,b
襄禾资本【苏襄创投基金】（领投）,襄禾商务咨询（北京）有限公司【共青城苏襄创业投资合伙企业（有限合伙）】（领投）,襄源投资,宁波梅山保税港区襄源投资管理有限公司,襄禾资本,襄禾商务咨询（北京）有限公司,苏襄创投基金,共青城苏襄创业投资合伙企业（有限合伙）,荷特宝,上海荷特宝配餐服务有限公司,企业服务，生活服务，餐饮，美食外卖，通用类企业服务，消费生活,连锁及零售|餐饮,中国|上海市|浦东新区,创业投资,成熟期,2020-05-07,RMB,40.00,40.00,5.66,10.00,B,汤和松,376.97,53.33,--,住宿和餐饮业|餐饮业,社会服务业|餐饮业,--,2020.xls,0,2020,上海市,住宿和餐饮业,餐饮业,0.5892487872340426,2.0665661276595744,-3.753412234042553,-0.9343347234042554,b
贵阳御信【贵阳南明区大健康及特色食品产业引导基金】,贵阳御信私募基金管理有限公司【贵阳南明大健康及特色食品产业引导投资基金（有限合伙）】,贵阳御信,贵阳御信私募基金管理有限公司,--,--,贵阳南明区大健康及特色食品产业引导基金,贵阳南明大健康及特色食品产业引导投资基金（有限合伙）,易荣德尚,贵州易荣科技集团有限公司,物流服务，快捷配送,连锁及零售|餐饮,中国|贵州省|贵阳市|南明区,创业投资,初创期,2021-08-10,RMB,--,--,--,16.67,A,--,--,--,--,住宿和餐饮业|餐饮业,社会服务业|餐饮业,--,2021.xls,1,2021,贵州省,住宿和餐饮业,餐饮业,0.5892487872340426,2.0665661276595744,-3.753412234042553,-0.9343347234042554,b
华映资本【华映六期人民币基金】,华映资本管理有限公司【南京华映中小企业发展基金合伙企业（有限合伙）】,华映资本,华映资本管理有限公司,--,--,华映六期人民币基金,南京华映中小企业发展基金合伙企业（有限合伙）,和府捞面,江苏和府餐饮管理有限公司,消费生活，餐饮，餐饮品牌,连锁及零售|餐饮,中国|江苏省|南通市|如皋市,成长资本,扩张期,2021-07-08,RMB,--,--,--,3.00,E,--,"5,240.95",809.98,--,住宿和餐饮业|餐饮业,社会服务业|餐饮业,--,2021.xls,0,2021,江苏省,住宿和餐饮业,餐饮业,0.5892487872340426,2.0665661276595744,-3.753412234042553,-0.9343347234042554,b
广发信德【广州广发信德二期创业投资】,广发信德投资管理有限公司【广州广发信德二期创业投资合伙企业（有限合伙）】,广发信德,广发信德投资管理有限公司,--,--,广州广发信德二期创业投资,广州广发信德二期创业投资合伙企业（有限合伙）,丘大叔柠檬茶,广州山丘餐饮管理有限公司,消费生活，酒水饮料，茶叶品牌,连锁及零售|餐饮,中国|广东省|广州市,创业投资,扩张期,2021-08-31,RMB,24.00,24.00,3.71,--,Pre-A,--,--,--,--,住宿和餐饮业|餐饮业,社会服务业|餐饮业,--,2021.xls,0,2021,广东省,住宿和餐饮业,餐饮业,0.5892487872340426,2.0665661276595744,-3.753412234042553,-0.9343347234042554,b
国中资本【国中私募股权投资基金（西安）】,国中资本【国中私募股权投资基金（西安）合伙企业（有限合伙）】,国中常荣,深圳国中常荣资产管理有限公司,--,--,国中私募股权投资基金（西安）,国中私募股权投资基金（西安）合伙企业（有限合伙）,猫员外,深圳市猫员外餐饮管理有限公司,消费生活，餐饮品牌,连锁及零售|餐饮,中国|广东省|深圳市|南山区,成长资本,初创期,2021-08-24,RMB,100.00,100.00,15.39,11.33,A,--,882.61,135.85,--,住宿和餐饮业|餐饮业,社会服务业|餐饮业,--,2021.xls,0,2021,广东省,住宿和餐饮业,餐饮业,0.5892487872340426,2.0665661276595744,-3.753412234042553,-0.9343347234042554,b
星陀资本【咸宁星陀威盛】（领投）,北京星陀私募基金管理有限责任公司【咸宁星陀威盛股权投资管理合伙企业（有限合伙）】（领投）,星陀资本,北京星陀私募基金管理有限责任公司,--,--,咸宁星陀威盛,咸宁星陀威盛股权投资管理合伙企业（有限合伙）,懒熊火锅,山西懒熊火锅超市管理有限公司,消费生活，餐饮，便利店，高端食材,连锁及零售|餐饮,中国|山西省|太原市,成长资本,初创期,2021-02-24,RMB,25.00,25.00,3.84,5.56,A,刘泽辉,--,--,--,住宿和餐饮业|餐饮业,社会服务业|餐饮业,--,2021.xls,0,2021,山西省,住宿和餐饮业,餐饮业,0.5892487872340426,2.0665661276595744,-3.753412234042553,-0.9343347234042554,b
重庆农信投资【重庆市供销合作发展基金】,重庆市农信股权投资基金管理有限公司【重庆市供销合作发展股权投资基金有限公司】,重庆农信投资,重庆市农信股权投资基金管理有限公司,--,--,重庆市供销合作发展基金,重庆市供销合作发展股权投资基金有限公司,阿兴记,重庆阿兴记食品股份有限公司,消费生活，农业，生产制造，农产品，农业生产，餐饮，农副产品,连锁及零售|餐饮,中国|重庆市,新三板定增,成熟期,2019-07-03,RMB,25.00,25.00,3.65,25.00,新三板定增,--,100.00,14.60,--,住宿和餐饮业|餐饮业,社会服务业|餐饮业,全国中小企业股份转让系统(新三板),2019.xls,0,2019,重庆市,住宿和餐饮业,餐饮业,0.5892487872340426,2.0665661276595744,-3.753412234042553,-0.9343347234042554,b
汉能投资集团【北京汉新投资】,汉能投资咨询有限公司【北京汉新成长投资中心（有限合伙）】,汉新行胜,北京汉新行胜投资管理中心（有限合伙）,汉能投资集团,汉能投资咨询有限公司,北京汉新投资,北京汉新成长投资中心（有限合伙）,乐乐茶,上海茶田餐饮管理有限公司,消费生活，餐饮，茶叶品牌,连锁及零售|餐饮,中国|上海市|杨浦区,创业投资,初创期,2019-04-01,RMB,26.00,26.00,3.87,2.94,Pre-A,--,--,--,--,住宿和餐饮业|餐饮业,社会服务业|餐饮业,--,2019.xls,0,2019,上海市,住宿和餐饮业,餐饮业,0.5892487872340426,2.0665661276595744,-3.753412234042553,-0.9343347234042554,b
天图投资【天图东峰中小微企业基金】,深圳市天图投资管理股份有限公司【深圳市天图东峰中小微企业股权投资基金合伙企业（有限合伙）】,天图资本,深圳天图资本管理中心（有限合伙）,天图投资,深圳市天图投资管理股份有限公司,天图东峰中小微企业基金,深圳市天图东峰中小微企业股权投资基金合伙企业（有限合伙）,茶颜悦色,湖南茶悦文化产业发展集团有限公司,消费生活，奶茶,连锁及零售|餐饮,中国|湖南省|长沙市|天心区,天使投资,种子期,2018-01-31,RMB,--,--,--,--,天使轮,--,--,--,--,住宿和餐饮业|餐饮业,社会服务业|餐饮业,--,2018.xls,0,2018,湖南省,住宿和餐饮业,餐饮业,0.5892487872340426,2.0665661276595744,-3.753412234042553,-0.9343347234042554,b
普华资本【头头是道基金】,浙江普华天勤股权投资管理有限公司【浙江诸暨头头是道投资合伙企业（有限合伙）】,杭州大头投资,杭州大头投资管理有限公司,普华资本,浙江普华天勤股权投资管理有限公司,头头是道基金,浙江诸暨头头是道投资合伙企业（有限合伙）,蔻蔻椰,深圳市蔻蔻娜餐饮管理策划有限公司,消费生活，生活消费品，餐饮,连锁及零售|餐饮,中国|广东省|深圳市|南山区,天使投资,初创期,2021-11-17,RMB,--,--,--,10.00,Pre-A,沈琴华,350.00,54.74,--,住宿和餐饮业|餐饮业,社会服务业|餐饮业,--,2021.xls,0,2021,广东省,住宿和餐饮业,餐饮业,0.5892487872340426,2.0665661276595744,-3.753412234042553,-0.9343347234042554,b
达晨财智【达晨创丰基金】,达晨财智【深圳市达晨创丰股权投资企业（有限合伙）】,达晨财智,深圳市达晨财智创业投资管理有限公司,--,--,达晨创丰基金,深圳市达晨创丰股权投资企业（有限合伙）,洛阳佳嘉乐农产品开发股份,洛阳佳嘉乐农产品开发股份有限公司,农业,农/林/牧/渔|农业|农业加工,中国|河南省|洛阳市,--,扩张期,2015-04-30,RMB,39.90,39.90,6.52,3.63,D,--,"1,099.17",179.69,--,农、林、牧、渔业|农、林、牧、渔服务业|农业服务业|农产品初加工服务,农、林、牧、渔业|农、林、牧、渔服务业|农业服务业,--,2015.xls,0,2015,河南省,农、林、牧、渔业,农、林、牧、渔服务业,0.6220275399999999,3.38607936,-3.58594002,-0.94458688,b
